ISO-10303-21;
HEADER;
/* Generated by software containing ST-Developer
 * from STEP Tools, Inc. (www.steptools.com) 
 */

FILE_DESCRIPTION(
/* description */ (''),
/* implementation_level */ '2;1');

FILE_NAME(
/* name */ 'JC_CardContainer.step',
/* time_stamp */ '2025-09-03T17:01:05-05:00',
/* author */ (''),
/* organization */ (''),
/* preprocessor_version */ 'ST-DEVELOPER v20.1',
/* originating_system */ 'Autodesk Translation Framework v14.10.0.0',
/* authorisation */ '');

FILE_SCHEMA (('AUTOMOTIVE_DESIGN { 1 0 10303 214 3 1 1 }'));
ENDSEC;

DATA;
#10=MECHANICAL_DESIGN_GEOMETRIC_PRESENTATION_REPRESENTATION('',(#27,#28,
#29,#30,#31,#32,#33,#34,#35,#36,#37,#38,#39,#40,#41,#42,#43,#44,#45,#46,
#47,#48,#49,#50,#51),#19984);
#11=ITEM_DEFINED_TRANSFORMATION($,$,#11546,#12576);
#12=ITEM_DEFINED_TRANSFORMATION($,$,#11814,#12577);
#13=ITEM_DEFINED_TRANSFORMATION($,$,#12575,#12578);
#14=(
REPRESENTATION_RELATIONSHIP($,$,#20001,#20000)
REPRESENTATION_RELATIONSHIP_WITH_TRANSFORMATION(#11)
SHAPE_REPRESENTATION_RELATIONSHIP()
);
#15=(
REPRESENTATION_RELATIONSHIP($,$,#20002,#20000)
REPRESENTATION_RELATIONSHIP_WITH_TRANSFORMATION(#12)
SHAPE_REPRESENTATION_RELATIONSHIP()
);
#16=(
REPRESENTATION_RELATIONSHIP($,$,#20003,#20000)
REPRESENTATION_RELATIONSHIP_WITH_TRANSFORMATION(#13)
SHAPE_REPRESENTATION_RELATIONSHIP()
);
#17=CONTEXT_DEPENDENT_SHAPE_REPRESENTATION(#14,#19997);
#18=CONTEXT_DEPENDENT_SHAPE_REPRESENTATION(#15,#19998);
#19=CONTEXT_DEPENDENT_SHAPE_REPRESENTATION(#16,#19999);
#20=NEXT_ASSEMBLY_USAGE_OCCURRENCE('Tray:1','Tray:1','Tray:1',#20005,#20006,
'Tray:1');
#21=NEXT_ASSEMBLY_USAGE_OCCURRENCE('DoveTails:1','DoveTails:1',
'DoveTails:1',#20005,#20007,'DoveTails:1');
#22=NEXT_ASSEMBLY_USAGE_OCCURRENCE('PadLock_Receiver:1',
'PadLock_Receiver:1','PadLock_Receiver:1',#20005,#20008,
'PadLock_Receiver:1');
#23=SHAPE_REPRESENTATION_RELATIONSHIP('SRR','None',#20001,#25);
#24=SHAPE_REPRESENTATION_RELATIONSHIP('SRR','None',#20002,#26);
#25=ADVANCED_BREP_SHAPE_REPRESENTATION('',(#52,#53,#54,#55,#56),#19981);
#26=ADVANCED_BREP_SHAPE_REPRESENTATION('',(#57,#58,#59,#60,#61,#62,#63,
#64,#65,#66,#67,#68,#69,#70,#71,#72,#73,#74,#75,#76),#19982);
#27=STYLED_ITEM('',(#20024),#52);
#28=STYLED_ITEM('',(#20024),#53);
#29=STYLED_ITEM('',(#20024),#54);
#30=STYLED_ITEM('',(#20024),#55);
#31=STYLED_ITEM('',(#20024),#56);
#32=STYLED_ITEM('',(#20024),#57);
#33=STYLED_ITEM('',(#20024),#58);
#34=STYLED_ITEM('',(#20024),#59);
#35=STYLED_ITEM('',(#20024),#60);
#36=STYLED_ITEM('',(#20024),#61);
#37=STYLED_ITEM('',(#20024),#62);
#38=STYLED_ITEM('',(#20024),#63);
#39=STYLED_ITEM('',(#20024),#64);
#40=STYLED_ITEM('',(#20024),#65);
#41=STYLED_ITEM('',(#20024),#66);
#42=STYLED_ITEM('',(#20024),#67);
#43=STYLED_ITEM('',(#20024),#68);
#44=STYLED_ITEM('',(#20024),#69);
#45=STYLED_ITEM('',(#20024),#70);
#46=STYLED_ITEM('',(#20024),#71);
#47=STYLED_ITEM('',(#20024),#72);
#48=STYLED_ITEM('',(#20024),#73);
#49=STYLED_ITEM('',(#20024),#74);
#50=STYLED_ITEM('',(#20024),#75);
#51=STYLED_ITEM('',(#20024),#76);
#52=MANIFOLD_SOLID_BREP('C3R5',#11486);
#53=MANIFOLD_SOLID_BREP('Lock TopFrontLeft',#11487);
#54=MANIFOLD_SOLID_BREP('Lock TopFrontRight',#11488);
#55=MANIFOLD_SOLID_BREP('Lock TopBackLeft',#11489);
#56=MANIFOLD_SOLID_BREP('Lock TopBackRight',#11490);
#57=MANIFOLD_SOLID_BREP('Body1',#11491);
#58=MANIFOLD_SOLID_BREP('Body2',#11492);
#59=MANIFOLD_SOLID_BREP('Body3',#11493);
#60=MANIFOLD_SOLID_BREP('Body28',#11494);
#61=MANIFOLD_SOLID_BREP('Body82',#11495);
#62=MANIFOLD_SOLID_BREP('Body83',#11496);
#63=MANIFOLD_SOLID_BREP('Body84',#11497);
#64=MANIFOLD_SOLID_BREP('Body85',#11498);
#65=MANIFOLD_SOLID_BREP('Body86',#11499);
#66=MANIFOLD_SOLID_BREP('Body87',#11500);
#67=MANIFOLD_SOLID_BREP('Body88',#11501);
#68=MANIFOLD_SOLID_BREP('Body89',#11502);
#69=MANIFOLD_SOLID_BREP('Body90',#11503);
#70=MANIFOLD_SOLID_BREP('Body91',#11504);
#71=MANIFOLD_SOLID_BREP('Body92',#11505);
#72=MANIFOLD_SOLID_BREP('Body93',#11506);
#73=MANIFOLD_SOLID_BREP('Body94',#11507);
#74=MANIFOLD_SOLID_BREP('Body95',#11508);
#75=MANIFOLD_SOLID_BREP('Body96',#11509);
#76=MANIFOLD_SOLID_BREP('Body97',#11510);
#77=CONICAL_SURFACE('',#11581,3.5,0.785398163397451);
#78=CONICAL_SURFACE('',#11585,5.00000000000003,0.785398163397422);
#79=CONICAL_SURFACE('',#11587,3.5,0.785398163397451);
#80=CONICAL_SURFACE('',#11593,3.49999999999999,0.785398163397462);
#81=CONICAL_SURFACE('',#11597,3.49999999999998,0.785398163397469);
#82=CONICAL_SURFACE('',#11601,3.5,0.78539816339745);
#83=CONICAL_SURFACE('',#11605,3.5,0.78539816339745);
#84=CONICAL_SURFACE('',#11651,0.199999999999984,0.785398163397509);
#85=CONICAL_SURFACE('',#11654,0.199999999999984,0.785398163397331);
#86=CONICAL_SURFACE('',#11669,0.200000000000001,0.785398163397373);
#87=CONICAL_SURFACE('',#11672,0.200000000000001,0.785398163397551);
#88=(
BOUNDED_CURVE()
B_SPLINE_CURVE(2,(#16702,#16703,#16704),.UNSPECIFIED.,.F.,.F.)
B_SPLINE_CURVE_WITH_KNOTS((3,3),(3.19070712279515,3.25598103748391),
 .UNSPECIFIED.)
CURVE()
GEOMETRIC_REPRESENTATION_ITEM()
RATIONAL_B_SPLINE_CURVE((1.,1.,1.))
REPRESENTATION_ITEM('')
);
#89=(
BOUNDED_CURVE()
B_SPLINE_CURVE(2,(#16712,#16713,#16714),.UNSPECIFIED.,.F.,.F.)
B_SPLINE_CURVE_WITH_KNOTS((3,3),(0.,0.144607059584031),.UNSPECIFIED.)
CURVE()
GEOMETRIC_REPRESENTATION_ITEM()
RATIONAL_B_SPLINE_CURVE((1.,1.01132310604739,1.))
REPRESENTATION_ITEM('')
);
#90=(
BOUNDED_CURVE()
B_SPLINE_CURVE(2,(#16729,#16730,#16731),.UNSPECIFIED.,.F.,.F.)
B_SPLINE_CURVE_WITH_KNOTS((3,3),(3.19070712279515,3.25598103749336),
 .UNSPECIFIED.)
CURVE()
GEOMETRIC_REPRESENTATION_ITEM()
RATIONAL_B_SPLINE_CURVE((1.,1.,1.))
REPRESENTATION_ITEM('')
);
#91=(
BOUNDED_CURVE()
B_SPLINE_CURVE(2,(#16737,#16738,#16739),.UNSPECIFIED.,.F.,.F.)
B_SPLINE_CURVE_WITH_KNOTS((3,3),(0.,0.144607059584032),.UNSPECIFIED.)
CURVE()
GEOMETRIC_REPRESENTATION_ITEM()
RATIONAL_B_SPLINE_CURVE((1.,1.01132310603428,1.))
REPRESENTATION_ITEM('')
);
#92=FACE_BOUND('',#1765,.T.);
#93=FACE_BOUND('',#1772,.T.);
#94=FACE_BOUND('',#1773,.T.);
#95=FACE_BOUND('',#1875,.T.);
#96=FACE_BOUND('',#1888,.T.);
#97=CIRCLE('',#11552,5.5);
#98=CIRCLE('',#11557,2.24999999999999);
#99=CIRCLE('',#11570,2.25);
#100=CIRCLE('',#11582,3.);
#101=CIRCLE('',#11583,4.);
#102=CIRCLE('',#11586,4.50000000000006);
#103=CIRCLE('',#11588,4.);
#104=CIRCLE('',#11589,3.);
#105=CIRCLE('',#11591,2.5);
#106=CIRCLE('',#11594,2.99999999999998);
#107=CIRCLE('',#11595,4.);
#108=CIRCLE('',#11598,4.);
#109=CIRCLE('',#11599,2.99999999999996);
#110=CIRCLE('',#11602,4.);
#111=CIRCLE('',#11603,3.);
#112=CIRCLE('',#11606,4.);
#113=CIRCLE('',#11607,3.);
#114=CIRCLE('',#11652,0.199999999999984);
#115=CIRCLE('',#11655,0.199999999999984);
#116=CIRCLE('',#11658,4.);
#117=CIRCLE('',#11659,4.);
#118=CIRCLE('',#11660,4.);
#119=CIRCLE('',#11661,4.);
#120=CIRCLE('',#11670,0.200000000000001);
#121=CIRCLE('',#11673,0.200000000000001);
#122=CIRCLE('',#11708,4.);
#123=CIRCLE('',#11725,4.);
#124=CIRCLE('',#11748,4.);
#125=CIRCLE('',#11757,4.);
#126=CIRCLE('',#11817,0.200000000002056);
#127=CIRCLE('',#11818,0.200000000002056);
#128=CIRCLE('',#11821,0.200000000002492);
#129=CIRCLE('',#11822,0.200000000002492);
#130=CIRCLE('',#11825,0.200000000002681);
#131=CIRCLE('',#11826,0.200000000002681);
#132=CIRCLE('',#11831,0.100000000033998);
#133=CIRCLE('',#11832,0.100000000033998);
#134=CIRCLE('',#11835,0.300000000137467);
#135=CIRCLE('',#11836,0.300000000137467);
#136=CIRCLE('',#11839,0.300000000000126);
#137=CIRCLE('',#11840,0.300000000000126);
#138=CIRCLE('',#11843,0.100000000005652);
#139=CIRCLE('',#11844,0.100000000005652);
#140=CIRCLE('',#11849,0.200000000001932);
#141=CIRCLE('',#11850,0.200000000001932);
#142=CIRCLE('',#11855,0.200000000002056);
#143=CIRCLE('',#11856,0.200000000002056);
#144=CIRCLE('',#11859,0.200000000002492);
#145=CIRCLE('',#11860,0.200000000002492);
#146=CIRCLE('',#11863,0.200000000002681);
#147=CIRCLE('',#11864,0.200000000002681);
#148=CIRCLE('',#11869,0.100000000033998);
#149=CIRCLE('',#11870,0.100000000033998);
#150=CIRCLE('',#11873,0.300000000137467);
#151=CIRCLE('',#11874,0.300000000137467);
#152=CIRCLE('',#11877,0.300000000000126);
#153=CIRCLE('',#11878,0.300000000000126);
#154=CIRCLE('',#11881,0.100000000005652);
#155=CIRCLE('',#11882,0.100000000005652);
#156=CIRCLE('',#11887,0.200000000001932);
#157=CIRCLE('',#11888,0.200000000001932);
#158=CIRCLE('',#11893,0.200000000002056);
#159=CIRCLE('',#11894,0.200000000002056);
#160=CIRCLE('',#11897,0.200000000002492);
#161=CIRCLE('',#11898,0.200000000002492);
#162=CIRCLE('',#11901,0.200000000002681);
#163=CIRCLE('',#11902,0.200000000002681);
#164=CIRCLE('',#11907,0.100000000033998);
#165=CIRCLE('',#11908,0.100000000033998);
#166=CIRCLE('',#11911,0.300000000137467);
#167=CIRCLE('',#11912,0.300000000137467);
#168=CIRCLE('',#11915,0.300000000000126);
#169=CIRCLE('',#11916,0.300000000000126);
#170=CIRCLE('',#11919,0.100000000005652);
#171=CIRCLE('',#11920,0.100000000005652);
#172=CIRCLE('',#11925,0.200000000001932);
#173=CIRCLE('',#11926,0.200000000001932);
#174=CIRCLE('',#11931,0.200000000002056);
#175=CIRCLE('',#11932,0.200000000002056);
#176=CIRCLE('',#11935,0.200000000002492);
#177=CIRCLE('',#11936,0.200000000002492);
#178=CIRCLE('',#11939,0.200000000002681);
#179=CIRCLE('',#11940,0.200000000002681);
#180=CIRCLE('',#11945,0.100000000033998);
#181=CIRCLE('',#11946,0.100000000033998);
#182=CIRCLE('',#11949,0.300000000137467);
#183=CIRCLE('',#11950,0.300000000137467);
#184=CIRCLE('',#11953,0.300000000000126);
#185=CIRCLE('',#11954,0.300000000000126);
#186=CIRCLE('',#11957,0.100000000005652);
#187=CIRCLE('',#11958,0.100000000005652);
#188=CIRCLE('',#11963,0.200000000001932);
#189=CIRCLE('',#11964,0.200000000001932);
#190=CIRCLE('',#11969,0.500000000000025);
#191=CIRCLE('',#11970,0.500000000000025);
#192=CIRCLE('',#11973,0.499999999999999);
#193=CIRCLE('',#11974,0.499999999999999);
#194=CIRCLE('',#11977,0.499999999999999);
#195=CIRCLE('',#11978,0.499999999999999);
#196=CIRCLE('',#11983,0.400000000000083);
#197=CIRCLE('',#11984,0.400000000000083);
#198=CIRCLE('',#11987,0.600000000000284);
#199=CIRCLE('',#11988,0.600000000000284);
#200=CIRCLE('',#11991,0.600000000000236);
#201=CIRCLE('',#11992,0.600000000000236);
#202=CIRCLE('',#11995,0.400000000000138);
#203=CIRCLE('',#11996,0.400000000000138);
#204=CIRCLE('',#12001,0.500000000000007);
#205=CIRCLE('',#12002,0.500000000000007);
#206=CIRCLE('',#12007,0.500000000000025);
#207=CIRCLE('',#12008,0.500000000000025);
#208=CIRCLE('',#12011,0.499999999999999);
#209=CIRCLE('',#12012,0.499999999999999);
#210=CIRCLE('',#12015,0.499999999999999);
#211=CIRCLE('',#12016,0.499999999999999);
#212=CIRCLE('',#12021,0.400000000000083);
#213=CIRCLE('',#12022,0.400000000000083);
#214=CIRCLE('',#12025,0.600000000000284);
#215=CIRCLE('',#12026,0.600000000000284);
#216=CIRCLE('',#12029,0.600000000000236);
#217=CIRCLE('',#12030,0.600000000000236);
#218=CIRCLE('',#12033,0.400000000000138);
#219=CIRCLE('',#12034,0.400000000000138);
#220=CIRCLE('',#12039,0.500000000000007);
#221=CIRCLE('',#12040,0.500000000000007);
#222=CIRCLE('',#12045,0.500000000000025);
#223=CIRCLE('',#12046,0.500000000000025);
#224=CIRCLE('',#12049,0.499999999999999);
#225=CIRCLE('',#12050,0.499999999999999);
#226=CIRCLE('',#12053,0.499999999999999);
#227=CIRCLE('',#12054,0.499999999999999);
#228=CIRCLE('',#12059,0.400000000000083);
#229=CIRCLE('',#12060,0.400000000000083);
#230=CIRCLE('',#12063,0.600000000000284);
#231=CIRCLE('',#12064,0.600000000000284);
#232=CIRCLE('',#12067,0.600000000000236);
#233=CIRCLE('',#12068,0.600000000000236);
#234=CIRCLE('',#12071,0.400000000000138);
#235=CIRCLE('',#12072,0.400000000000138);
#236=CIRCLE('',#12077,0.500000000000007);
#237=CIRCLE('',#12078,0.500000000000007);
#238=CIRCLE('',#12083,0.500000000000025);
#239=CIRCLE('',#12084,0.500000000000025);
#240=CIRCLE('',#12087,0.499999999999999);
#241=CIRCLE('',#12088,0.499999999999999);
#242=CIRCLE('',#12091,0.499999999999999);
#243=CIRCLE('',#12092,0.499999999999999);
#244=CIRCLE('',#12097,0.400000000000083);
#245=CIRCLE('',#12098,0.400000000000083);
#246=CIRCLE('',#12101,0.600000000000284);
#247=CIRCLE('',#12102,0.600000000000284);
#248=CIRCLE('',#12105,0.600000000000236);
#249=CIRCLE('',#12106,0.600000000000236);
#250=CIRCLE('',#12109,0.400000000000138);
#251=CIRCLE('',#12110,0.400000000000138);
#252=CIRCLE('',#12115,0.500000000000007);
#253=CIRCLE('',#12116,0.500000000000007);
#254=CIRCLE('',#12121,0.500000000000025);
#255=CIRCLE('',#12122,0.500000000000025);
#256=CIRCLE('',#12125,0.499999999999999);
#257=CIRCLE('',#12126,0.499999999999999);
#258=CIRCLE('',#12129,0.499999999999999);
#259=CIRCLE('',#12130,0.499999999999999);
#260=CIRCLE('',#12135,0.400000000000083);
#261=CIRCLE('',#12136,0.400000000000083);
#262=CIRCLE('',#12139,0.600000000000284);
#263=CIRCLE('',#12140,0.600000000000284);
#264=CIRCLE('',#12143,0.600000000000236);
#265=CIRCLE('',#12144,0.600000000000236);
#266=CIRCLE('',#12147,0.400000000000138);
#267=CIRCLE('',#12148,0.400000000000138);
#268=CIRCLE('',#12153,0.500000000000007);
#269=CIRCLE('',#12154,0.500000000000007);
#270=CIRCLE('',#12159,0.500000000000025);
#271=CIRCLE('',#12160,0.500000000000025);
#272=CIRCLE('',#12163,0.499999999999999);
#273=CIRCLE('',#12164,0.499999999999999);
#274=CIRCLE('',#12167,0.499999999999999);
#275=CIRCLE('',#12168,0.499999999999999);
#276=CIRCLE('',#12173,0.400000000000083);
#277=CIRCLE('',#12174,0.400000000000083);
#278=CIRCLE('',#12177,0.600000000000284);
#279=CIRCLE('',#12178,0.600000000000284);
#280=CIRCLE('',#12181,0.600000000000236);
#281=CIRCLE('',#12182,0.600000000000236);
#282=CIRCLE('',#12185,0.400000000000138);
#283=CIRCLE('',#12186,0.400000000000138);
#284=CIRCLE('',#12191,0.500000000000007);
#285=CIRCLE('',#12192,0.500000000000007);
#286=CIRCLE('',#12197,0.500000000000025);
#287=CIRCLE('',#12198,0.500000000000025);
#288=CIRCLE('',#12201,0.499999999999999);
#289=CIRCLE('',#12202,0.499999999999999);
#290=CIRCLE('',#12205,0.499999999999999);
#291=CIRCLE('',#12206,0.499999999999999);
#292=CIRCLE('',#12211,0.400000000000083);
#293=CIRCLE('',#12212,0.400000000000083);
#294=CIRCLE('',#12215,0.600000000000284);
#295=CIRCLE('',#12216,0.600000000000284);
#296=CIRCLE('',#12219,0.600000000000236);
#297=CIRCLE('',#12220,0.600000000000236);
#298=CIRCLE('',#12223,0.400000000000138);
#299=CIRCLE('',#12224,0.400000000000138);
#300=CIRCLE('',#12229,0.500000000000007);
#301=CIRCLE('',#12230,0.500000000000007);
#302=CIRCLE('',#12235,0.500000000000025);
#303=CIRCLE('',#12236,0.500000000000025);
#304=CIRCLE('',#12239,0.499999999999999);
#305=CIRCLE('',#12240,0.499999999999999);
#306=CIRCLE('',#12243,0.499999999999999);
#307=CIRCLE('',#12244,0.499999999999999);
#308=CIRCLE('',#12249,0.400000000000083);
#309=CIRCLE('',#12250,0.400000000000083);
#310=CIRCLE('',#12253,0.600000000000284);
#311=CIRCLE('',#12254,0.600000000000284);
#312=CIRCLE('',#12257,0.600000000000236);
#313=CIRCLE('',#12258,0.600000000000236);
#314=CIRCLE('',#12261,0.400000000000138);
#315=CIRCLE('',#12262,0.400000000000138);
#316=CIRCLE('',#12267,0.500000000000007);
#317=CIRCLE('',#12268,0.500000000000007);
#318=CIRCLE('',#12273,0.500000000000025);
#319=CIRCLE('',#12274,0.500000000000025);
#320=CIRCLE('',#12277,0.499999999999999);
#321=CIRCLE('',#12278,0.499999999999999);
#322=CIRCLE('',#12281,0.499999999999999);
#323=CIRCLE('',#12282,0.499999999999999);
#324=CIRCLE('',#12287,0.400000000000083);
#325=CIRCLE('',#12288,0.400000000000083);
#326=CIRCLE('',#12291,0.600000000000284);
#327=CIRCLE('',#12292,0.600000000000284);
#328=CIRCLE('',#12295,0.600000000000236);
#329=CIRCLE('',#12296,0.600000000000236);
#330=CIRCLE('',#12299,0.400000000000138);
#331=CIRCLE('',#12300,0.400000000000138);
#332=CIRCLE('',#12305,0.500000000000007);
#333=CIRCLE('',#12306,0.500000000000007);
#334=CIRCLE('',#12311,0.500000000000025);
#335=CIRCLE('',#12312,0.500000000000025);
#336=CIRCLE('',#12315,0.499999999999999);
#337=CIRCLE('',#12316,0.499999999999999);
#338=CIRCLE('',#12319,0.499999999999999);
#339=CIRCLE('',#12320,0.499999999999999);
#340=CIRCLE('',#12325,0.400000000000083);
#341=CIRCLE('',#12326,0.400000000000083);
#342=CIRCLE('',#12329,0.600000000000284);
#343=CIRCLE('',#12330,0.600000000000284);
#344=CIRCLE('',#12333,0.600000000000236);
#345=CIRCLE('',#12334,0.600000000000236);
#346=CIRCLE('',#12337,0.400000000000138);
#347=CIRCLE('',#12338,0.400000000000138);
#348=CIRCLE('',#12343,0.500000000000007);
#349=CIRCLE('',#12344,0.500000000000007);
#350=CIRCLE('',#12349,0.500000000000025);
#351=CIRCLE('',#12350,0.500000000000025);
#352=CIRCLE('',#12353,0.499999999999999);
#353=CIRCLE('',#12354,0.499999999999999);
#354=CIRCLE('',#12357,0.499999999999999);
#355=CIRCLE('',#12358,0.499999999999999);
#356=CIRCLE('',#12363,0.400000000000083);
#357=CIRCLE('',#12364,0.400000000000083);
#358=CIRCLE('',#12367,0.600000000000284);
#359=CIRCLE('',#12368,0.600000000000284);
#360=CIRCLE('',#12371,0.600000000000236);
#361=CIRCLE('',#12372,0.600000000000236);
#362=CIRCLE('',#12375,0.400000000000138);
#363=CIRCLE('',#12376,0.400000000000138);
#364=CIRCLE('',#12381,0.500000000000007);
#365=CIRCLE('',#12382,0.500000000000007);
#366=CIRCLE('',#12387,0.500000000000025);
#367=CIRCLE('',#12388,0.500000000000025);
#368=CIRCLE('',#12391,0.499999999999999);
#369=CIRCLE('',#12392,0.499999999999999);
#370=CIRCLE('',#12395,0.499999999999999);
#371=CIRCLE('',#12396,0.499999999999999);
#372=CIRCLE('',#12401,0.400000000000083);
#373=CIRCLE('',#12402,0.400000000000083);
#374=CIRCLE('',#12405,0.600000000000284);
#375=CIRCLE('',#12406,0.600000000000284);
#376=CIRCLE('',#12409,0.600000000000236);
#377=CIRCLE('',#12410,0.600000000000236);
#378=CIRCLE('',#12413,0.400000000000138);
#379=CIRCLE('',#12414,0.400000000000138);
#380=CIRCLE('',#12419,0.500000000000007);
#381=CIRCLE('',#12420,0.500000000000007);
#382=CIRCLE('',#12425,0.500000000000025);
#383=CIRCLE('',#12426,0.500000000000025);
#384=CIRCLE('',#12429,0.499999999999999);
#385=CIRCLE('',#12430,0.499999999999999);
#386=CIRCLE('',#12433,0.499999999999999);
#387=CIRCLE('',#12434,0.499999999999999);
#388=CIRCLE('',#12439,0.400000000000083);
#389=CIRCLE('',#12440,0.400000000000083);
#390=CIRCLE('',#12443,0.600000000000284);
#391=CIRCLE('',#12444,0.600000000000284);
#392=CIRCLE('',#12447,0.600000000000236);
#393=CIRCLE('',#12448,0.600000000000236);
#394=CIRCLE('',#12451,0.400000000000138);
#395=CIRCLE('',#12452,0.400000000000138);
#396=CIRCLE('',#12457,0.500000000000007);
#397=CIRCLE('',#12458,0.500000000000007);
#398=CIRCLE('',#12463,0.500000000000025);
#399=CIRCLE('',#12464,0.500000000000025);
#400=CIRCLE('',#12467,0.499999999999999);
#401=CIRCLE('',#12468,0.499999999999999);
#402=CIRCLE('',#12471,0.499999999999999);
#403=CIRCLE('',#12472,0.499999999999999);
#404=CIRCLE('',#12477,0.400000000000083);
#405=CIRCLE('',#12478,0.400000000000083);
#406=CIRCLE('',#12481,0.600000000000284);
#407=CIRCLE('',#12482,0.600000000000284);
#408=CIRCLE('',#12485,0.600000000000236);
#409=CIRCLE('',#12486,0.600000000000236);
#410=CIRCLE('',#12489,0.400000000000138);
#411=CIRCLE('',#12490,0.400000000000138);
#412=CIRCLE('',#12495,0.500000000000007);
#413=CIRCLE('',#12496,0.500000000000007);
#414=CIRCLE('',#12501,0.500000000000025);
#415=CIRCLE('',#12502,0.500000000000025);
#416=CIRCLE('',#12505,0.499999999999999);
#417=CIRCLE('',#12506,0.499999999999999);
#418=CIRCLE('',#12509,0.499999999999999);
#419=CIRCLE('',#12510,0.499999999999999);
#420=CIRCLE('',#12515,0.400000000000083);
#421=CIRCLE('',#12516,0.400000000000083);
#422=CIRCLE('',#12519,0.600000000000284);
#423=CIRCLE('',#12520,0.600000000000284);
#424=CIRCLE('',#12523,0.600000000000236);
#425=CIRCLE('',#12524,0.600000000000236);
#426=CIRCLE('',#12527,0.400000000000138);
#427=CIRCLE('',#12528,0.400000000000138);
#428=CIRCLE('',#12533,0.500000000000007);
#429=CIRCLE('',#12534,0.500000000000007);
#430=CIRCLE('',#12539,0.500000000000025);
#431=CIRCLE('',#12540,0.500000000000025);
#432=CIRCLE('',#12543,0.499999999999999);
#433=CIRCLE('',#12544,0.499999999999999);
#434=CIRCLE('',#12547,0.499999999999999);
#435=CIRCLE('',#12548,0.499999999999999);
#436=CIRCLE('',#12553,0.400000000000083);
#437=CIRCLE('',#12554,0.400000000000083);
#438=CIRCLE('',#12557,0.600000000000284);
#439=CIRCLE('',#12558,0.600000000000284);
#440=CIRCLE('',#12561,0.600000000000236);
#441=CIRCLE('',#12562,0.600000000000236);
#442=CIRCLE('',#12565,0.400000000000138);
#443=CIRCLE('',#12566,0.400000000000138);
#444=CIRCLE('',#12571,0.500000000000007);
#445=CIRCLE('',#12572,0.500000000000007);
#446=ELLIPSE('',#11551,9.50328890437408,5.5);
#447=ELLIPSE('',#11553,9.50328890437408,5.5);
#448=ELLIPSE('',#11556,2.43538245065791,2.25);
#449=ELLIPSE('',#11558,10.9601551083915,7.75);
#450=ELLIPSE('',#11560,2.43538245065782,2.25);
#451=ELLIPSE('',#11562,2.43538245065785,2.25);
#452=ELLIPSE('',#11564,2.43538245065796,2.25);
#453=ELLIPSE('',#11566,2.43538245065791,2.25);
#454=ELLIPSE('',#11568,2.43538245065783,2.25);
#455=ELLIPSE('',#11571,10.9601551083915,7.75);
#456=ELLIPSE('',#11573,3.18198051533955,2.25);
#457=ELLIPSE('',#11577,3.18198051533955,2.25);
#458=ELLIPSE('',#11579,3.53553390593274,2.5);
#459=ELLIPSE('',#11611,5.65685424949238,4.);
#460=ELLIPSE('',#11612,4.50413000244196,4.);
#461=ELLIPSE('',#11613,5.65685424949238,4.);
#462=ELLIPSE('',#11616,5.65685424949237,4.);
#463=ELLIPSE('',#11617,4.50413000244197,4.);
#464=ELLIPSE('',#11618,5.65685424949238,4.);
#465=ELLIPSE('',#11621,5.65685424949239,4.);
#466=ELLIPSE('',#11622,4.50413000244197,4.);
#467=ELLIPSE('',#11623,5.65685424949237,4.);
#468=ELLIPSE('',#11626,5.65685424949238,4.);
#469=ELLIPSE('',#11627,4.50413000244194,4.);
#470=ELLIPSE('',#11628,5.65685424949239,4.);
#471=ELLIPSE('',#11634,5.65685424949238,4.);
#472=ELLIPSE('',#11636,5.65685424949238,4.);
#473=ELLIPSE('',#11641,5.65685424949241,4.);
#474=ELLIPSE('',#11642,5.65685424949241,4.);
#475=ELLIPSE('',#11644,5.65685424949241,4.);
#476=ELLIPSE('',#11645,5.65685424949241,4.);
#477=ELLIPSE('',#11664,5.65685424949249,4.);
#478=ELLIPSE('',#11677,5.65685424949239,4.);
#479=ELLIPSE('',#11683,5.65685424949248,4.);
#480=ELLIPSE('',#11685,5.65685424949239,4.);
#481=ELLIPSE('',#11689,5.65685424949481,4.);
#482=ELLIPSE('',#11690,5.65685424949239,4.);
#483=ELLIPSE('',#11692,5.65685424949239,4.);
#484=ELLIPSE('',#11693,5.65685424949481,4.);
#485=ELLIPSE('',#11698,4.504130002442,4.);
#486=ELLIPSE('',#11700,5.65685424949237,4.);
#487=ELLIPSE('',#11701,5.65685424949239,4.);
#488=ELLIPSE('',#11702,5.65685424949236,4.);
#489=ELLIPSE('',#11703,4.50413000244197,4.);
#490=ELLIPSE('',#11704,5.65685424949236,4.);
#491=ELLIPSE('',#11706,4.50413000244196,4.);
#492=ELLIPSE('',#11709,5.65685424949237,4.);
#493=ELLIPSE('',#11710,5.65685424949236,4.);
#494=ELLIPSE('',#11713,5.65685424949237,4.);
#495=ELLIPSE('',#11716,5.65685424949237,4.);
#496=ELLIPSE('',#11717,5.65685424949237,4.);
#497=ELLIPSE('',#11720,5.65685424949238,4.);
#498=ELLIPSE('',#11721,4.50413000244196,4.);
#499=ELLIPSE('',#11722,4.50413000244195,4.);
#500=ELLIPSE('',#11723,5.65685424949241,4.);
#501=ELLIPSE('',#11726,5.65685424949241,4.);
#502=ELLIPSE('',#11727,4.50413000244196,4.);
#503=ELLIPSE('',#11731,5.65685424949238,4.);
#504=ELLIPSE('',#11734,5.65685424949241,4.);
#505=ELLIPSE('',#11735,5.65685424949241,4.);
#506=ELLIPSE('',#11740,5.65685424947888,4.);
#507=ELLIPSE('',#11741,5.65685424949241,4.);
#508=ELLIPSE('',#11743,5.65685424949241,4.);
#509=ELLIPSE('',#11746,5.65685424947888,4.);
#510=ELLIPSE('',#11749,4.50413000244199,4.);
#511=ELLIPSE('',#11751,4.50413000244194,4.);
#512=ELLIPSE('',#11752,4.50413000244191,4.);
#513=ELLIPSE('',#11758,5.65685424949236,4.);
#514=ELLIPSE('',#11759,4.50413000244194,4.);
#515=ELLIPSE('',#11761,4.50413000244188,4.);
#516=ELLIPSE('',#11762,5.65685424949236,4.);
#517=ELLIPSE('',#11763,5.65685424949239,4.);
#518=ELLIPSE('',#11764,4.50413000244196,4.);
#519=CYLINDRICAL_SURFACE('',#11550,5.5);
#520=CYLINDRICAL_SURFACE('',#11555,2.25);
#521=CYLINDRICAL_SURFACE('',#11559,2.25);
#522=CYLINDRICAL_SURFACE('',#11561,2.25);
#523=CYLINDRICAL_SURFACE('',#11563,2.25);
#524=CYLINDRICAL_SURFACE('',#11565,2.25);
#525=CYLINDRICAL_SURFACE('',#11567,2.25);
#526=CYLINDRICAL_SURFACE('',#11569,2.25);
#527=CYLINDRICAL_SURFACE('',#11572,2.25);
#528=CYLINDRICAL_SURFACE('',#11574,2.25);
#529=CYLINDRICAL_SURFACE('',#11575,2.25);
#530=CYLINDRICAL_SURFACE('',#11576,2.25);
#531=CYLINDRICAL_SURFACE('',#11610,4.);
#532=CYLINDRICAL_SURFACE('',#11615,4.);
#533=CYLINDRICAL_SURFACE('',#11620,4.);
#534=CYLINDRICAL_SURFACE('',#11625,4.);
#535=CYLINDRICAL_SURFACE('',#11646,2.5);
#536=CYLINDRICAL_SURFACE('',#11656,0.199999999999984);
#537=CYLINDRICAL_SURFACE('',#11662,0.199999999999984);
#538=CYLINDRICAL_SURFACE('',#11674,0.200000000000001);
#539=CYLINDRICAL_SURFACE('',#11675,0.200000000000001);
#540=CYLINDRICAL_SURFACE('',#11688,4.);
#541=CYLINDRICAL_SURFACE('',#11691,4.);
#542=CYLINDRICAL_SURFACE('',#11697,4.);
#543=CYLINDRICAL_SURFACE('',#11699,4.);
#544=CYLINDRICAL_SURFACE('',#11705,4.);
#545=CYLINDRICAL_SURFACE('',#11707,4.);
#546=CYLINDRICAL_SURFACE('',#11719,4.);
#547=CYLINDRICAL_SURFACE('',#11724,4.);
#548=CYLINDRICAL_SURFACE('',#11728,4.);
#549=CYLINDRICAL_SURFACE('',#11729,4.);
#550=CYLINDRICAL_SURFACE('',#11739,4.);
#551=CYLINDRICAL_SURFACE('',#11747,4.);
#552=CYLINDRICAL_SURFACE('',#11750,4.);
#553=CYLINDRICAL_SURFACE('',#11753,4.);
#554=CYLINDRICAL_SURFACE('',#11754,4.);
#555=CYLINDRICAL_SURFACE('',#11755,4.);
#556=CYLINDRICAL_SURFACE('',#11756,4.);
#557=CYLINDRICAL_SURFACE('',#11760,4.);
#558=CYLINDRICAL_SURFACE('',#11765,4.);
#559=CYLINDRICAL_SURFACE('',#11766,4.);
#560=CYLINDRICAL_SURFACE('',#11816,0.200000000002056);
#561=CYLINDRICAL_SURFACE('',#11820,0.200000000002492);
#562=CYLINDRICAL_SURFACE('',#11824,0.200000000002681);
#563=CYLINDRICAL_SURFACE('',#11830,0.100000000033998);
#564=CYLINDRICAL_SURFACE('',#11834,0.300000000137467);
#565=CYLINDRICAL_SURFACE('',#11838,0.300000000000126);
#566=CYLINDRICAL_SURFACE('',#11842,0.100000000005652);
#567=CYLINDRICAL_SURFACE('',#11848,0.200000000001932);
#568=CYLINDRICAL_SURFACE('',#11854,0.200000000002056);
#569=CYLINDRICAL_SURFACE('',#11858,0.200000000002492);
#570=CYLINDRICAL_SURFACE('',#11862,0.200000000002681);
#571=CYLINDRICAL_SURFACE('',#11868,0.100000000033998);
#572=CYLINDRICAL_SURFACE('',#11872,0.300000000137467);
#573=CYLINDRICAL_SURFACE('',#11876,0.300000000000126);
#574=CYLINDRICAL_SURFACE('',#11880,0.100000000005652);
#575=CYLINDRICAL_SURFACE('',#11886,0.200000000001932);
#576=CYLINDRICAL_SURFACE('',#11892,0.200000000002056);
#577=CYLINDRICAL_SURFACE('',#11896,0.200000000002492);
#578=CYLINDRICAL_SURFACE('',#11900,0.200000000002681);
#579=CYLINDRICAL_SURFACE('',#11906,0.100000000033998);
#580=CYLINDRICAL_SURFACE('',#11910,0.300000000137467);
#581=CYLINDRICAL_SURFACE('',#11914,0.300000000000126);
#582=CYLINDRICAL_SURFACE('',#11918,0.100000000005652);
#583=CYLINDRICAL_SURFACE('',#11924,0.200000000001932);
#584=CYLINDRICAL_SURFACE('',#11930,0.200000000002056);
#585=CYLINDRICAL_SURFACE('',#11934,0.200000000002492);
#586=CYLINDRICAL_SURFACE('',#11938,0.200000000002681);
#587=CYLINDRICAL_SURFACE('',#11944,0.100000000033998);
#588=CYLINDRICAL_SURFACE('',#11948,0.300000000137467);
#589=CYLINDRICAL_SURFACE('',#11952,0.300000000000126);
#590=CYLINDRICAL_SURFACE('',#11956,0.100000000005652);
#591=CYLINDRICAL_SURFACE('',#11962,0.200000000001932);
#592=CYLINDRICAL_SURFACE('',#11968,0.500000000000025);
#593=CYLINDRICAL_SURFACE('',#11972,0.499999999999999);
#594=CYLINDRICAL_SURFACE('',#11976,0.499999999999999);
#595=CYLINDRICAL_SURFACE('',#11982,0.400000000000083);
#596=CYLINDRICAL_SURFACE('',#11986,0.600000000000284);
#597=CYLINDRICAL_SURFACE('',#11990,0.600000000000236);
#598=CYLINDRICAL_SURFACE('',#11994,0.400000000000138);
#599=CYLINDRICAL_SURFACE('',#12000,0.500000000000007);
#600=CYLINDRICAL_SURFACE('',#12006,0.500000000000025);
#601=CYLINDRICAL_SURFACE('',#12010,0.499999999999999);
#602=CYLINDRICAL_SURFACE('',#12014,0.499999999999999);
#603=CYLINDRICAL_SURFACE('',#12020,0.400000000000083);
#604=CYLINDRICAL_SURFACE('',#12024,0.600000000000284);
#605=CYLINDRICAL_SURFACE('',#12028,0.600000000000236);
#606=CYLINDRICAL_SURFACE('',#12032,0.400000000000138);
#607=CYLINDRICAL_SURFACE('',#12038,0.500000000000007);
#608=CYLINDRICAL_SURFACE('',#12044,0.500000000000025);
#609=CYLINDRICAL_SURFACE('',#12048,0.499999999999999);
#610=CYLINDRICAL_SURFACE('',#12052,0.499999999999999);
#611=CYLINDRICAL_SURFACE('',#12058,0.400000000000083);
#612=CYLINDRICAL_SURFACE('',#12062,0.600000000000284);
#613=CYLINDRICAL_SURFACE('',#12066,0.600000000000236);
#614=CYLINDRICAL_SURFACE('',#12070,0.400000000000138);
#615=CYLINDRICAL_SURFACE('',#12076,0.500000000000007);
#616=CYLINDRICAL_SURFACE('',#12082,0.500000000000025);
#617=CYLINDRICAL_SURFACE('',#12086,0.499999999999999);
#618=CYLINDRICAL_SURFACE('',#12090,0.499999999999999);
#619=CYLINDRICAL_SURFACE('',#12096,0.400000000000083);
#620=CYLINDRICAL_SURFACE('',#12100,0.600000000000284);
#621=CYLINDRICAL_SURFACE('',#12104,0.600000000000236);
#622=CYLINDRICAL_SURFACE('',#12108,0.400000000000138);
#623=CYLINDRICAL_SURFACE('',#12114,0.500000000000007);
#624=CYLINDRICAL_SURFACE('',#12120,0.500000000000025);
#625=CYLINDRICAL_SURFACE('',#12124,0.499999999999999);
#626=CYLINDRICAL_SURFACE('',#12128,0.499999999999999);
#627=CYLINDRICAL_SURFACE('',#12134,0.400000000000083);
#628=CYLINDRICAL_SURFACE('',#12138,0.600000000000284);
#629=CYLINDRICAL_SURFACE('',#12142,0.600000000000236);
#630=CYLINDRICAL_SURFACE('',#12146,0.400000000000138);
#631=CYLINDRICAL_SURFACE('',#12152,0.500000000000007);
#632=CYLINDRICAL_SURFACE('',#12158,0.500000000000025);
#633=CYLINDRICAL_SURFACE('',#12162,0.499999999999999);
#634=CYLINDRICAL_SURFACE('',#12166,0.499999999999999);
#635=CYLINDRICAL_SURFACE('',#12172,0.400000000000083);
#636=CYLINDRICAL_SURFACE('',#12176,0.600000000000284);
#637=CYLINDRICAL_SURFACE('',#12180,0.600000000000236);
#638=CYLINDRICAL_SURFACE('',#12184,0.400000000000138);
#639=CYLINDRICAL_SURFACE('',#12190,0.500000000000007);
#640=CYLINDRICAL_SURFACE('',#12196,0.500000000000025);
#641=CYLINDRICAL_SURFACE('',#12200,0.499999999999999);
#642=CYLINDRICAL_SURFACE('',#12204,0.499999999999999);
#643=CYLINDRICAL_SURFACE('',#12210,0.400000000000083);
#644=CYLINDRICAL_SURFACE('',#12214,0.600000000000284);
#645=CYLINDRICAL_SURFACE('',#12218,0.600000000000236);
#646=CYLINDRICAL_SURFACE('',#12222,0.400000000000138);
#647=CYLINDRICAL_SURFACE('',#12228,0.500000000000007);
#648=CYLINDRICAL_SURFACE('',#12234,0.500000000000025);
#649=CYLINDRICAL_SURFACE('',#12238,0.499999999999999);
#650=CYLINDRICAL_SURFACE('',#12242,0.499999999999999);
#651=CYLINDRICAL_SURFACE('',#12248,0.400000000000083);
#652=CYLINDRICAL_SURFACE('',#12252,0.600000000000284);
#653=CYLINDRICAL_SURFACE('',#12256,0.600000000000236);
#654=CYLINDRICAL_SURFACE('',#12260,0.400000000000138);
#655=CYLINDRICAL_SURFACE('',#12266,0.500000000000007);
#656=CYLINDRICAL_SURFACE('',#12272,0.500000000000025);
#657=CYLINDRICAL_SURFACE('',#12276,0.499999999999999);
#658=CYLINDRICAL_SURFACE('',#12280,0.499999999999999);
#659=CYLINDRICAL_SURFACE('',#12286,0.400000000000083);
#660=CYLINDRICAL_SURFACE('',#12290,0.600000000000284);
#661=CYLINDRICAL_SURFACE('',#12294,0.600000000000236);
#662=CYLINDRICAL_SURFACE('',#12298,0.400000000000138);
#663=CYLINDRICAL_SURFACE('',#12304,0.500000000000007);
#664=CYLINDRICAL_SURFACE('',#12310,0.500000000000025);
#665=CYLINDRICAL_SURFACE('',#12314,0.499999999999999);
#666=CYLINDRICAL_SURFACE('',#12318,0.499999999999999);
#667=CYLINDRICAL_SURFACE('',#12324,0.400000000000083);
#668=CYLINDRICAL_SURFACE('',#12328,0.600000000000284);
#669=CYLINDRICAL_SURFACE('',#12332,0.600000000000236);
#670=CYLINDRICAL_SURFACE('',#12336,0.400000000000138);
#671=CYLINDRICAL_SURFACE('',#12342,0.500000000000007);
#672=CYLINDRICAL_SURFACE('',#12348,0.500000000000025);
#673=CYLINDRICAL_SURFACE('',#12352,0.499999999999999);
#674=CYLINDRICAL_SURFACE('',#12356,0.499999999999999);
#675=CYLINDRICAL_SURFACE('',#12362,0.400000000000083);
#676=CYLINDRICAL_SURFACE('',#12366,0.600000000000284);
#677=CYLINDRICAL_SURFACE('',#12370,0.600000000000236);
#678=CYLINDRICAL_SURFACE('',#12374,0.400000000000138);
#679=CYLINDRICAL_SURFACE('',#12380,0.500000000000007);
#680=CYLINDRICAL_SURFACE('',#12386,0.500000000000025);
#681=CYLINDRICAL_SURFACE('',#12390,0.499999999999999);
#682=CYLINDRICAL_SURFACE('',#12394,0.499999999999999);
#683=CYLINDRICAL_SURFACE('',#12400,0.400000000000083);
#684=CYLINDRICAL_SURFACE('',#12404,0.600000000000284);
#685=CYLINDRICAL_SURFACE('',#12408,0.600000000000236);
#686=CYLINDRICAL_SURFACE('',#12412,0.400000000000138);
#687=CYLINDRICAL_SURFACE('',#12418,0.500000000000007);
#688=CYLINDRICAL_SURFACE('',#12424,0.500000000000025);
#689=CYLINDRICAL_SURFACE('',#12428,0.499999999999999);
#690=CYLINDRICAL_SURFACE('',#12432,0.499999999999999);
#691=CYLINDRICAL_SURFACE('',#12438,0.400000000000083);
#692=CYLINDRICAL_SURFACE('',#12442,0.600000000000284);
#693=CYLINDRICAL_SURFACE('',#12446,0.600000000000236);
#694=CYLINDRICAL_SURFACE('',#12450,0.400000000000138);
#695=CYLINDRICAL_SURFACE('',#12456,0.500000000000007);
#696=CYLINDRICAL_SURFACE('',#12462,0.500000000000025);
#697=CYLINDRICAL_SURFACE('',#12466,0.499999999999999);
#698=CYLINDRICAL_SURFACE('',#12470,0.499999999999999);
#699=CYLINDRICAL_SURFACE('',#12476,0.400000000000083);
#700=CYLINDRICAL_SURFACE('',#12480,0.600000000000284);
#701=CYLINDRICAL_SURFACE('',#12484,0.600000000000236);
#702=CYLINDRICAL_SURFACE('',#12488,0.400000000000138);
#703=CYLINDRICAL_SURFACE('',#12494,0.500000000000007);
#704=CYLINDRICAL_SURFACE('',#12500,0.500000000000025);
#705=CYLINDRICAL_SURFACE('',#12504,0.499999999999999);
#706=CYLINDRICAL_SURFACE('',#12508,0.499999999999999);
#707=CYLINDRICAL_SURFACE('',#12514,0.400000000000083);
#708=CYLINDRICAL_SURFACE('',#12518,0.600000000000284);
#709=CYLINDRICAL_SURFACE('',#12522,0.600000000000236);
#710=CYLINDRICAL_SURFACE('',#12526,0.400000000000138);
#711=CYLINDRICAL_SURFACE('',#12532,0.500000000000007);
#712=CYLINDRICAL_SURFACE('',#12538,0.500000000000025);
#713=CYLINDRICAL_SURFACE('',#12542,0.499999999999999);
#714=CYLINDRICAL_SURFACE('',#12546,0.499999999999999);
#715=CYLINDRICAL_SURFACE('',#12552,0.400000000000083);
#716=CYLINDRICAL_SURFACE('',#12556,0.600000000000284);
#717=CYLINDRICAL_SURFACE('',#12560,0.600000000000236);
#718=CYLINDRICAL_SURFACE('',#12564,0.400000000000138);
#719=CYLINDRICAL_SURFACE('',#12570,0.500000000000007);
#720=PLANE('',#11547);
#721=PLANE('',#11548);
#722=PLANE('',#11549);
#723=PLANE('',#11554);
#724=PLANE('',#11578);
#725=PLANE('',#11580);
#726=PLANE('',#11584);
#727=PLANE('',#11590);
#728=PLANE('',#11592);
#729=PLANE('',#11596);
#730=PLANE('',#11600);
#731=PLANE('',#11604);
#732=PLANE('',#11608);
#733=PLANE('',#11609);
#734=PLANE('',#11614);
#735=PLANE('',#11619);
#736=PLANE('',#11624);
#737=PLANE('',#11629);
#738=PLANE('',#11630);
#739=PLANE('',#11631);
#740=PLANE('',#11632);
#741=PLANE('',#11633);
#742=PLANE('',#11635);
#743=PLANE('',#11637);
#744=PLANE('',#11638);
#745=PLANE('',#11639);
#746=PLANE('',#11640);
#747=PLANE('',#11643);
#748=PLANE('',#11647);
#749=PLANE('',#11648);
#750=PLANE('',#11649);
#751=PLANE('',#11650);
#752=PLANE('',#11653);
#753=PLANE('',#11657);
#754=PLANE('',#11663);
#755=PLANE('',#11665);
#756=PLANE('',#11666);
#757=PLANE('',#11667);
#758=PLANE('',#11668);
#759=PLANE('',#11671);
#760=PLANE('',#11676);
#761=PLANE('',#11678);
#762=PLANE('',#11679);
#763=PLANE('',#11680);
#764=PLANE('',#11681);
#765=PLANE('',#11682);
#766=PLANE('',#11684);
#767=PLANE('',#11686);
#768=PLANE('',#11687);
#769=PLANE('',#11694);
#770=PLANE('',#11695);
#771=PLANE('',#11696);
#772=PLANE('',#11711);
#773=PLANE('',#11712);
#774=PLANE('',#11714);
#775=PLANE('',#11715);
#776=PLANE('',#11718);
#777=PLANE('',#11730);
#778=PLANE('',#11732);
#779=PLANE('',#11733);
#780=PLANE('',#11736);
#781=PLANE('',#11737);
#782=PLANE('',#11738);
#783=PLANE('',#11742);
#784=PLANE('',#11744);
#785=PLANE('',#11745);
#786=PLANE('',#11767);
#787=PLANE('',#11768);
#788=PLANE('',#11769);
#789=PLANE('',#11770);
#790=PLANE('',#11771);
#791=PLANE('',#11772);
#792=PLANE('',#11773);
#793=PLANE('',#11774);
#794=PLANE('',#11775);
#795=PLANE('',#11776);
#796=PLANE('',#11777);
#797=PLANE('',#11778);
#798=PLANE('',#11779);
#799=PLANE('',#11780);
#800=PLANE('',#11781);
#801=PLANE('',#11782);
#802=PLANE('',#11783);
#803=PLANE('',#11784);
#804=PLANE('',#11785);
#805=PLANE('',#11786);
#806=PLANE('',#11787);
#807=PLANE('',#11788);
#808=PLANE('',#11789);
#809=PLANE('',#11790);
#810=PLANE('',#11791);
#811=PLANE('',#11792);
#812=PLANE('',#11793);
#813=PLANE('',#11794);
#814=PLANE('',#11795);
#815=PLANE('',#11796);
#816=PLANE('',#11797);
#817=PLANE('',#11798);
#818=PLANE('',#11799);
#819=PLANE('',#11800);
#820=PLANE('',#11801);
#821=PLANE('',#11802);
#822=PLANE('',#11803);
#823=PLANE('',#11804);
#824=PLANE('',#11805);
#825=PLANE('',#11806);
#826=PLANE('',#11807);
#827=PLANE('',#11808);
#828=PLANE('',#11809);
#829=PLANE('',#11810);
#830=PLANE('',#11811);
#831=PLANE('',#11812);
#832=PLANE('',#11813);
#833=PLANE('',#11815);
#834=PLANE('',#11819);
#835=PLANE('',#11823);
#836=PLANE('',#11827);
#837=PLANE('',#11828);
#838=PLANE('',#11829);
#839=PLANE('',#11833);
#840=PLANE('',#11837);
#841=PLANE('',#11841);
#842=PLANE('',#11845);
#843=PLANE('',#11846);
#844=PLANE('',#11847);
#845=PLANE('',#11851);
#846=PLANE('',#11852);
#847=PLANE('',#11853);
#848=PLANE('',#11857);
#849=PLANE('',#11861);
#850=PLANE('',#11865);
#851=PLANE('',#11866);
#852=PLANE('',#11867);
#853=PLANE('',#11871);
#854=PLANE('',#11875);
#855=PLANE('',#11879);
#856=PLANE('',#11883);
#857=PLANE('',#11884);
#858=PLANE('',#11885);
#859=PLANE('',#11889);
#860=PLANE('',#11890);
#861=PLANE('',#11891);
#862=PLANE('',#11895);
#863=PLANE('',#11899);
#864=PLANE('',#11903);
#865=PLANE('',#11904);
#866=PLANE('',#11905);
#867=PLANE('',#11909);
#868=PLANE('',#11913);
#869=PLANE('',#11917);
#870=PLANE('',#11921);
#871=PLANE('',#11922);
#872=PLANE('',#11923);
#873=PLANE('',#11927);
#874=PLANE('',#11928);
#875=PLANE('',#11929);
#876=PLANE('',#11933);
#877=PLANE('',#11937);
#878=PLANE('',#11941);
#879=PLANE('',#11942);
#880=PLANE('',#11943);
#881=PLANE('',#11947);
#882=PLANE('',#11951);
#883=PLANE('',#11955);
#884=PLANE('',#11959);
#885=PLANE('',#11960);
#886=PLANE('',#11961);
#887=PLANE('',#11965);
#888=PLANE('',#11966);
#889=PLANE('',#11967);
#890=PLANE('',#11971);
#891=PLANE('',#11975);
#892=PLANE('',#11979);
#893=PLANE('',#11980);
#894=PLANE('',#11981);
#895=PLANE('',#11985);
#896=PLANE('',#11989);
#897=PLANE('',#11993);
#898=PLANE('',#11997);
#899=PLANE('',#11998);
#900=PLANE('',#11999);
#901=PLANE('',#12003);
#902=PLANE('',#12004);
#903=PLANE('',#12005);
#904=PLANE('',#12009);
#905=PLANE('',#12013);
#906=PLANE('',#12017);
#907=PLANE('',#12018);
#908=PLANE('',#12019);
#909=PLANE('',#12023);
#910=PLANE('',#12027);
#911=PLANE('',#12031);
#912=PLANE('',#12035);
#913=PLANE('',#12036);
#914=PLANE('',#12037);
#915=PLANE('',#12041);
#916=PLANE('',#12042);
#917=PLANE('',#12043);
#918=PLANE('',#12047);
#919=PLANE('',#12051);
#920=PLANE('',#12055);
#921=PLANE('',#12056);
#922=PLANE('',#12057);
#923=PLANE('',#12061);
#924=PLANE('',#12065);
#925=PLANE('',#12069);
#926=PLANE('',#12073);
#927=PLANE('',#12074);
#928=PLANE('',#12075);
#929=PLANE('',#12079);
#930=PLANE('',#12080);
#931=PLANE('',#12081);
#932=PLANE('',#12085);
#933=PLANE('',#12089);
#934=PLANE('',#12093);
#935=PLANE('',#12094);
#936=PLANE('',#12095);
#937=PLANE('',#12099);
#938=PLANE('',#12103);
#939=PLANE('',#12107);
#940=PLANE('',#12111);
#941=PLANE('',#12112);
#942=PLANE('',#12113);
#943=PLANE('',#12117);
#944=PLANE('',#12118);
#945=PLANE('',#12119);
#946=PLANE('',#12123);
#947=PLANE('',#12127);
#948=PLANE('',#12131);
#949=PLANE('',#12132);
#950=PLANE('',#12133);
#951=PLANE('',#12137);
#952=PLANE('',#12141);
#953=PLANE('',#12145);
#954=PLANE('',#12149);
#955=PLANE('',#12150);
#956=PLANE('',#12151);
#957=PLANE('',#12155);
#958=PLANE('',#12156);
#959=PLANE('',#12157);
#960=PLANE('',#12161);
#961=PLANE('',#12165);
#962=PLANE('',#12169);
#963=PLANE('',#12170);
#964=PLANE('',#12171);
#965=PLANE('',#12175);
#966=PLANE('',#12179);
#967=PLANE('',#12183);
#968=PLANE('',#12187);
#969=PLANE('',#12188);
#970=PLANE('',#12189);
#971=PLANE('',#12193);
#972=PLANE('',#12194);
#973=PLANE('',#12195);
#974=PLANE('',#12199);
#975=PLANE('',#12203);
#976=PLANE('',#12207);
#977=PLANE('',#12208);
#978=PLANE('',#12209);
#979=PLANE('',#12213);
#980=PLANE('',#12217);
#981=PLANE('',#12221);
#982=PLANE('',#12225);
#983=PLANE('',#12226);
#984=PLANE('',#12227);
#985=PLANE('',#12231);
#986=PLANE('',#12232);
#987=PLANE('',#12233);
#988=PLANE('',#12237);
#989=PLANE('',#12241);
#990=PLANE('',#12245);
#991=PLANE('',#12246);
#992=PLANE('',#12247);
#993=PLANE('',#12251);
#994=PLANE('',#12255);
#995=PLANE('',#12259);
#996=PLANE('',#12263);
#997=PLANE('',#12264);
#998=PLANE('',#12265);
#999=PLANE('',#12269);
#1000=PLANE('',#12270);
#1001=PLANE('',#12271);
#1002=PLANE('',#12275);
#1003=PLANE('',#12279);
#1004=PLANE('',#12283);
#1005=PLANE('',#12284);
#1006=PLANE('',#12285);
#1007=PLANE('',#12289);
#1008=PLANE('',#12293);
#1009=PLANE('',#12297);
#1010=PLANE('',#12301);
#1011=PLANE('',#12302);
#1012=PLANE('',#12303);
#1013=PLANE('',#12307);
#1014=PLANE('',#12308);
#1015=PLANE('',#12309);
#1016=PLANE('',#12313);
#1017=PLANE('',#12317);
#1018=PLANE('',#12321);
#1019=PLANE('',#12322);
#1020=PLANE('',#12323);
#1021=PLANE('',#12327);
#1022=PLANE('',#12331);
#1023=PLANE('',#12335);
#1024=PLANE('',#12339);
#1025=PLANE('',#12340);
#1026=PLANE('',#12341);
#1027=PLANE('',#12345);
#1028=PLANE('',#12346);
#1029=PLANE('',#12347);
#1030=PLANE('',#12351);
#1031=PLANE('',#12355);
#1032=PLANE('',#12359);
#1033=PLANE('',#12360);
#1034=PLANE('',#12361);
#1035=PLANE('',#12365);
#1036=PLANE('',#12369);
#1037=PLANE('',#12373);
#1038=PLANE('',#12377);
#1039=PLANE('',#12378);
#1040=PLANE('',#12379);
#1041=PLANE('',#12383);
#1042=PLANE('',#12384);
#1043=PLANE('',#12385);
#1044=PLANE('',#12389);
#1045=PLANE('',#12393);
#1046=PLANE('',#12397);
#1047=PLANE('',#12398);
#1048=PLANE('',#12399);
#1049=PLANE('',#12403);
#1050=PLANE('',#12407);
#1051=PLANE('',#12411);
#1052=PLANE('',#12415);
#1053=PLANE('',#12416);
#1054=PLANE('',#12417);
#1055=PLANE('',#12421);
#1056=PLANE('',#12422);
#1057=PLANE('',#12423);
#1058=PLANE('',#12427);
#1059=PLANE('',#12431);
#1060=PLANE('',#12435);
#1061=PLANE('',#12436);
#1062=PLANE('',#12437);
#1063=PLANE('',#12441);
#1064=PLANE('',#12445);
#1065=PLANE('',#12449);
#1066=PLANE('',#12453);
#1067=PLANE('',#12454);
#1068=PLANE('',#12455);
#1069=PLANE('',#12459);
#1070=PLANE('',#12460);
#1071=PLANE('',#12461);
#1072=PLANE('',#12465);
#1073=PLANE('',#12469);
#1074=PLANE('',#12473);
#1075=PLANE('',#12474);
#1076=PLANE('',#12475);
#1077=PLANE('',#12479);
#1078=PLANE('',#12483);
#1079=PLANE('',#12487);
#1080=PLANE('',#12491);
#1081=PLANE('',#12492);
#1082=PLANE('',#12493);
#1083=PLANE('',#12497);
#1084=PLANE('',#12498);
#1085=PLANE('',#12499);
#1086=PLANE('',#12503);
#1087=PLANE('',#12507);
#1088=PLANE('',#12511);
#1089=PLANE('',#12512);
#1090=PLANE('',#12513);
#1091=PLANE('',#12517);
#1092=PLANE('',#12521);
#1093=PLANE('',#12525);
#1094=PLANE('',#12529);
#1095=PLANE('',#12530);
#1096=PLANE('',#12531);
#1097=PLANE('',#12535);
#1098=PLANE('',#12536);
#1099=PLANE('',#12537);
#1100=PLANE('',#12541);
#1101=PLANE('',#12545);
#1102=PLANE('',#12549);
#1103=PLANE('',#12550);
#1104=PLANE('',#12551);
#1105=PLANE('',#12555);
#1106=PLANE('',#12559);
#1107=PLANE('',#12563);
#1108=PLANE('',#12567);
#1109=PLANE('',#12568);
#1110=PLANE('',#12569);
#1111=PLANE('',#12573);
#1112=PLANE('',#12574);
#1113=FACE_OUTER_BOUND('',#1733,.T.);
#1114=FACE_OUTER_BOUND('',#1734,.T.);
#1115=FACE_OUTER_BOUND('',#1735,.T.);
#1116=FACE_OUTER_BOUND('',#1736,.T.);
#1117=FACE_OUTER_BOUND('',#1737,.T.);
#1118=FACE_OUTER_BOUND('',#1738,.T.);
#1119=FACE_OUTER_BOUND('',#1739,.T.);
#1120=FACE_OUTER_BOUND('',#1740,.T.);
#1121=FACE_OUTER_BOUND('',#1741,.T.);
#1122=FACE_OUTER_BOUND('',#1742,.T.);
#1123=FACE_OUTER_BOUND('',#1743,.T.);
#1124=FACE_OUTER_BOUND('',#1744,.T.);
#1125=FACE_OUTER_BOUND('',#1745,.T.);
#1126=FACE_OUTER_BOUND('',#1746,.T.);
#1127=FACE_OUTER_BOUND('',#1747,.T.);
#1128=FACE_OUTER_BOUND('',#1748,.T.);
#1129=FACE_OUTER_BOUND('',#1749,.T.);
#1130=FACE_OUTER_BOUND('',#1750,.T.);
#1131=FACE_OUTER_BOUND('',#1751,.T.);
#1132=FACE_OUTER_BOUND('',#1752,.T.);
#1133=FACE_OUTER_BOUND('',#1753,.T.);
#1134=FACE_OUTER_BOUND('',#1754,.T.);
#1135=FACE_OUTER_BOUND('',#1755,.T.);
#1136=FACE_OUTER_BOUND('',#1756,.T.);
#1137=FACE_OUTER_BOUND('',#1757,.T.);
#1138=FACE_OUTER_BOUND('',#1758,.T.);
#1139=FACE_OUTER_BOUND('',#1759,.T.);
#1140=FACE_OUTER_BOUND('',#1760,.T.);
#1141=FACE_OUTER_BOUND('',#1761,.T.);
#1142=FACE_OUTER_BOUND('',#1762,.T.);
#1143=FACE_OUTER_BOUND('',#1763,.T.);
#1144=FACE_OUTER_BOUND('',#1764,.T.);
#1145=FACE_OUTER_BOUND('',#1766,.T.);
#1146=FACE_OUTER_BOUND('',#1767,.T.);
#1147=FACE_OUTER_BOUND('',#1768,.T.);
#1148=FACE_OUTER_BOUND('',#1769,.T.);
#1149=FACE_OUTER_BOUND('',#1770,.T.);
#1150=FACE_OUTER_BOUND('',#1771,.T.);
#1151=FACE_OUTER_BOUND('',#1774,.T.);
#1152=FACE_OUTER_BOUND('',#1775,.T.);
#1153=FACE_OUTER_BOUND('',#1776,.T.);
#1154=FACE_OUTER_BOUND('',#1777,.T.);
#1155=FACE_OUTER_BOUND('',#1778,.T.);
#1156=FACE_OUTER_BOUND('',#1779,.T.);
#1157=FACE_OUTER_BOUND('',#1780,.T.);
#1158=FACE_OUTER_BOUND('',#1781,.T.);
#1159=FACE_OUTER_BOUND('',#1782,.T.);
#1160=FACE_OUTER_BOUND('',#1783,.T.);
#1161=FACE_OUTER_BOUND('',#1784,.T.);
#1162=FACE_OUTER_BOUND('',#1785,.T.);
#1163=FACE_OUTER_BOUND('',#1786,.T.);
#1164=FACE_OUTER_BOUND('',#1787,.T.);
#1165=FACE_OUTER_BOUND('',#1788,.T.);
#1166=FACE_OUTER_BOUND('',#1789,.T.);
#1167=FACE_OUTER_BOUND('',#1790,.T.);
#1168=FACE_OUTER_BOUND('',#1791,.T.);
#1169=FACE_OUTER_BOUND('',#1792,.T.);
#1170=FACE_OUTER_BOUND('',#1793,.T.);
#1171=FACE_OUTER_BOUND('',#1794,.T.);
#1172=FACE_OUTER_BOUND('',#1795,.T.);
#1173=FACE_OUTER_BOUND('',#1796,.T.);
#1174=FACE_OUTER_BOUND('',#1797,.T.);
#1175=FACE_OUTER_BOUND('',#1798,.T.);
#1176=FACE_OUTER_BOUND('',#1799,.T.);
#1177=FACE_OUTER_BOUND('',#1800,.T.);
#1178=FACE_OUTER_BOUND('',#1801,.T.);
#1179=FACE_OUTER_BOUND('',#1802,.T.);
#1180=FACE_OUTER_BOUND('',#1803,.T.);
#1181=FACE_OUTER_BOUND('',#1804,.T.);
#1182=FACE_OUTER_BOUND('',#1805,.T.);
#1183=FACE_OUTER_BOUND('',#1806,.T.);
#1184=FACE_OUTER_BOUND('',#1807,.T.);
#1185=FACE_OUTER_BOUND('',#1808,.T.);
#1186=FACE_OUTER_BOUND('',#1809,.T.);
#1187=FACE_OUTER_BOUND('',#1810,.T.);
#1188=FACE_OUTER_BOUND('',#1811,.T.);
#1189=FACE_OUTER_BOUND('',#1812,.T.);
#1190=FACE_OUTER_BOUND('',#1813,.T.);
#1191=FACE_OUTER_BOUND('',#1814,.T.);
#1192=FACE_OUTER_BOUND('',#1815,.T.);
#1193=FACE_OUTER_BOUND('',#1816,.T.);
#1194=FACE_OUTER_BOUND('',#1817,.T.);
#1195=FACE_OUTER_BOUND('',#1818,.T.);
#1196=FACE_OUTER_BOUND('',#1819,.T.);
#1197=FACE_OUTER_BOUND('',#1820,.T.);
#1198=FACE_OUTER_BOUND('',#1821,.T.);
#1199=FACE_OUTER_BOUND('',#1822,.T.);
#1200=FACE_OUTER_BOUND('',#1823,.T.);
#1201=FACE_OUTER_BOUND('',#1824,.T.);
#1202=FACE_OUTER_BOUND('',#1825,.T.);
#1203=FACE_OUTER_BOUND('',#1826,.T.);
#1204=FACE_OUTER_BOUND('',#1827,.T.);
#1205=FACE_OUTER_BOUND('',#1828,.T.);
#1206=FACE_OUTER_BOUND('',#1829,.T.);
#1207=FACE_OUTER_BOUND('',#1830,.T.);
#1208=FACE_OUTER_BOUND('',#1831,.T.);
#1209=FACE_OUTER_BOUND('',#1832,.T.);
#1210=FACE_OUTER_BOUND('',#1833,.T.);
#1211=FACE_OUTER_BOUND('',#1834,.T.);
#1212=FACE_OUTER_BOUND('',#1835,.T.);
#1213=FACE_OUTER_BOUND('',#1836,.T.);
#1214=FACE_OUTER_BOUND('',#1837,.T.);
#1215=FACE_OUTER_BOUND('',#1838,.T.);
#1216=FACE_OUTER_BOUND('',#1839,.T.);
#1217=FACE_OUTER_BOUND('',#1840,.T.);
#1218=FACE_OUTER_BOUND('',#1841,.T.);
#1219=FACE_OUTER_BOUND('',#1842,.T.);
#1220=FACE_OUTER_BOUND('',#1843,.T.);
#1221=FACE_OUTER_BOUND('',#1844,.T.);
#1222=FACE_OUTER_BOUND('',#1845,.T.);
#1223=FACE_OUTER_BOUND('',#1846,.T.);
#1224=FACE_OUTER_BOUND('',#1847,.T.);
#1225=FACE_OUTER_BOUND('',#1848,.T.);
#1226=FACE_OUTER_BOUND('',#1849,.T.);
#1227=FACE_OUTER_BOUND('',#1850,.T.);
#1228=FACE_OUTER_BOUND('',#1851,.T.);
#1229=FACE_OUTER_BOUND('',#1852,.T.);
#1230=FACE_OUTER_BOUND('',#1853,.T.);
#1231=FACE_OUTER_BOUND('',#1854,.T.);
#1232=FACE_OUTER_BOUND('',#1855,.T.);
#1233=FACE_OUTER_BOUND('',#1856,.T.);
#1234=FACE_OUTER_BOUND('',#1857,.T.);
#1235=FACE_OUTER_BOUND('',#1858,.T.);
#1236=FACE_OUTER_BOUND('',#1859,.T.);
#1237=FACE_OUTER_BOUND('',#1860,.T.);
#1238=FACE_OUTER_BOUND('',#1861,.T.);
#1239=FACE_OUTER_BOUND('',#1862,.T.);
#1240=FACE_OUTER_BOUND('',#1863,.T.);
#1241=FACE_OUTER_BOUND('',#1864,.T.);
#1242=FACE_OUTER_BOUND('',#1865,.T.);
#1243=FACE_OUTER_BOUND('',#1866,.T.);
#1244=FACE_OUTER_BOUND('',#1867,.T.);
#1245=FACE_OUTER_BOUND('',#1868,.T.);
#1246=FACE_OUTER_BOUND('',#1869,.T.);
#1247=FACE_OUTER_BOUND('',#1870,.T.);
#1248=FACE_OUTER_BOUND('',#1871,.T.);
#1249=FACE_OUTER_BOUND('',#1872,.T.);
#1250=FACE_OUTER_BOUND('',#1873,.T.);
#1251=FACE_OUTER_BOUND('',#1874,.T.);
#1252=FACE_OUTER_BOUND('',#1876,.T.);
#1253=FACE_OUTER_BOUND('',#1877,.T.);
#1254=FACE_OUTER_BOUND('',#1878,.T.);
#1255=FACE_OUTER_BOUND('',#1879,.T.);
#1256=FACE_OUTER_BOUND('',#1880,.T.);
#1257=FACE_OUTER_BOUND('',#1881,.T.);
#1258=FACE_OUTER_BOUND('',#1882,.T.);
#1259=FACE_OUTER_BOUND('',#1883,.T.);
#1260=FACE_OUTER_BOUND('',#1884,.T.);
#1261=FACE_OUTER_BOUND('',#1885,.T.);
#1262=FACE_OUTER_BOUND('',#1886,.T.);
#1263=FACE_OUTER_BOUND('',#1887,.T.);
#1264=FACE_OUTER_BOUND('',#1889,.T.);
#1265=FACE_OUTER_BOUND('',#1890,.T.);
#1266=FACE_OUTER_BOUND('',#1891,.T.);
#1267=FACE_OUTER_BOUND('',#1892,.T.);
#1268=FACE_OUTER_BOUND('',#1893,.T.);
#1269=FACE_OUTER_BOUND('',#1894,.T.);
#1270=FACE_OUTER_BOUND('',#1895,.T.);
#1271=FACE_OUTER_BOUND('',#1896,.T.);
#1272=FACE_OUTER_BOUND('',#1897,.T.);
#1273=FACE_OUTER_BOUND('',#1898,.T.);
#1274=FACE_OUTER_BOUND('',#1899,.T.);
#1275=FACE_OUTER_BOUND('',#1900,.T.);
#1276=FACE_OUTER_BOUND('',#1901,.T.);
#1277=FACE_OUTER_BOUND('',#1902,.T.);
#1278=FACE_OUTER_BOUND('',#1903,.T.);
#1279=FACE_OUTER_BOUND('',#1904,.T.);
#1280=FACE_OUTER_BOUND('',#1905,.T.);
#1281=FACE_OUTER_BOUND('',#1906,.T.);
#1282=FACE_OUTER_BOUND('',#1907,.T.);
#1283=FACE_OUTER_BOUND('',#1908,.T.);
#1284=FACE_OUTER_BOUND('',#1909,.T.);
#1285=FACE_OUTER_BOUND('',#1910,.T.);
#1286=FACE_OUTER_BOUND('',#1911,.T.);
#1287=FACE_OUTER_BOUND('',#1912,.T.);
#1288=FACE_OUTER_BOUND('',#1913,.T.);
#1289=FACE_OUTER_BOUND('',#1914,.T.);
#1290=FACE_OUTER_BOUND('',#1915,.T.);
#1291=FACE_OUTER_BOUND('',#1916,.T.);
#1292=FACE_OUTER_BOUND('',#1917,.T.);
#1293=FACE_OUTER_BOUND('',#1918,.T.);
#1294=FACE_OUTER_BOUND('',#1919,.T.);
#1295=FACE_OUTER_BOUND('',#1920,.T.);
#1296=FACE_OUTER_BOUND('',#1921,.T.);
#1297=FACE_OUTER_BOUND('',#1922,.T.);
#1298=FACE_OUTER_BOUND('',#1923,.T.);
#1299=FACE_OUTER_BOUND('',#1924,.T.);
#1300=FACE_OUTER_BOUND('',#1925,.T.);
#1301=FACE_OUTER_BOUND('',#1926,.T.);
#1302=FACE_OUTER_BOUND('',#1927,.T.);
#1303=FACE_OUTER_BOUND('',#1928,.T.);
#1304=FACE_OUTER_BOUND('',#1929,.T.);
#1305=FACE_OUTER_BOUND('',#1930,.T.);
#1306=FACE_OUTER_BOUND('',#1931,.T.);
#1307=FACE_OUTER_BOUND('',#1932,.T.);
#1308=FACE_OUTER_BOUND('',#1933,.T.);
#1309=FACE_OUTER_BOUND('',#1934,.T.);
#1310=FACE_OUTER_BOUND('',#1935,.T.);
#1311=FACE_OUTER_BOUND('',#1936,.T.);
#1312=FACE_OUTER_BOUND('',#1937,.T.);
#1313=FACE_OUTER_BOUND('',#1938,.T.);
#1314=FACE_OUTER_BOUND('',#1939,.T.);
#1315=FACE_OUTER_BOUND('',#1940,.T.);
#1316=FACE_OUTER_BOUND('',#1941,.T.);
#1317=FACE_OUTER_BOUND('',#1942,.T.);
#1318=FACE_OUTER_BOUND('',#1943,.T.);
#1319=FACE_OUTER_BOUND('',#1944,.T.);
#1320=FACE_OUTER_BOUND('',#1945,.T.);
#1321=FACE_OUTER_BOUND('',#1946,.T.);
#1322=FACE_OUTER_BOUND('',#1947,.T.);
#1323=FACE_OUTER_BOUND('',#1948,.T.);
#1324=FACE_OUTER_BOUND('',#1949,.T.);
#1325=FACE_OUTER_BOUND('',#1950,.T.);
#1326=FACE_OUTER_BOUND('',#1951,.T.);
#1327=FACE_OUTER_BOUND('',#1952,.T.);
#1328=FACE_OUTER_BOUND('',#1953,.T.);
#1329=FACE_OUTER_BOUND('',#1954,.T.);
#1330=FACE_OUTER_BOUND('',#1955,.T.);
#1331=FACE_OUTER_BOUND('',#1956,.T.);
#1332=FACE_OUTER_BOUND('',#1957,.T.);
#1333=FACE_OUTER_BOUND('',#1958,.T.);
#1334=FACE_OUTER_BOUND('',#1959,.T.);
#1335=FACE_OUTER_BOUND('',#1960,.T.);
#1336=FACE_OUTER_BOUND('',#1961,.T.);
#1337=FACE_OUTER_BOUND('',#1962,.T.);
#1338=FACE_OUTER_BOUND('',#1963,.T.);
#1339=FACE_OUTER_BOUND('',#1964,.T.);
#1340=FACE_OUTER_BOUND('',#1965,.T.);
#1341=FACE_OUTER_BOUND('',#1966,.T.);
#1342=FACE_OUTER_BOUND('',#1967,.T.);
#1343=FACE_OUTER_BOUND('',#1968,.T.);
#1344=FACE_OUTER_BOUND('',#1969,.T.);
#1345=FACE_OUTER_BOUND('',#1970,.T.);
#1346=FACE_OUTER_BOUND('',#1971,.T.);
#1347=FACE_OUTER_BOUND('',#1972,.T.);
#1348=FACE_OUTER_BOUND('',#1973,.T.);
#1349=FACE_OUTER_BOUND('',#1974,.T.);
#1350=FACE_OUTER_BOUND('',#1975,.T.);
#1351=FACE_OUTER_BOUND('',#1976,.T.);
#1352=FACE_OUTER_BOUND('',#1977,.T.);
#1353=FACE_OUTER_BOUND('',#1978,.T.);
#1354=FACE_OUTER_BOUND('',#1979,.T.);
#1355=FACE_OUTER_BOUND('',#1980,.T.);
#1356=FACE_OUTER_BOUND('',#1981,.T.);
#1357=FACE_OUTER_BOUND('',#1982,.T.);
#1358=FACE_OUTER_BOUND('',#1983,.T.);
#1359=FACE_OUTER_BOUND('',#1984,.T.);
#1360=FACE_OUTER_BOUND('',#1985,.T.);
#1361=FACE_OUTER_BOUND('',#1986,.T.);
#1362=FACE_OUTER_BOUND('',#1987,.T.);
#1363=FACE_OUTER_BOUND('',#1988,.T.);
#1364=FACE_OUTER_BOUND('',#1989,.T.);
#1365=FACE_OUTER_BOUND('',#1990,.T.);
#1366=FACE_OUTER_BOUND('',#1991,.T.);
#1367=FACE_OUTER_BOUND('',#1992,.T.);
#1368=FACE_OUTER_BOUND('',#1993,.T.);
#1369=FACE_OUTER_BOUND('',#1994,.T.);
#1370=FACE_OUTER_BOUND('',#1995,.T.);
#1371=FACE_OUTER_BOUND('',#1996,.T.);
#1372=FACE_OUTER_BOUND('',#1997,.T.);
#1373=FACE_OUTER_BOUND('',#1998,.T.);
#1374=FACE_OUTER_BOUND('',#1999,.T.);
#1375=FACE_OUTER_BOUND('',#2000,.T.);
#1376=FACE_OUTER_BOUND('',#2001,.T.);
#1377=FACE_OUTER_BOUND('',#2002,.T.);
#1378=FACE_OUTER_BOUND('',#2003,.T.);
#1379=FACE_OUTER_BOUND('',#2004,.T.);
#1380=FACE_OUTER_BOUND('',#2005,.T.);
#1381=FACE_OUTER_BOUND('',#2006,.T.);
#1382=FACE_OUTER_BOUND('',#2007,.T.);
#1383=FACE_OUTER_BOUND('',#2008,.T.);
#1384=FACE_OUTER_BOUND('',#2009,.T.);
#1385=FACE_OUTER_BOUND('',#2010,.T.);
#1386=FACE_OUTER_BOUND('',#2011,.T.);
#1387=FACE_OUTER_BOUND('',#2012,.T.);
#1388=FACE_OUTER_BOUND('',#2013,.T.);
#1389=FACE_OUTER_BOUND('',#2014,.T.);
#1390=FACE_OUTER_BOUND('',#2015,.T.);
#1391=FACE_OUTER_BOUND('',#2016,.T.);
#1392=FACE_OUTER_BOUND('',#2017,.T.);
#1393=FACE_OUTER_BOUND('',#2018,.T.);
#1394=FACE_OUTER_BOUND('',#2019,.T.);
#1395=FACE_OUTER_BOUND('',#2020,.T.);
#1396=FACE_OUTER_BOUND('',#2021,.T.);
#1397=FACE_OUTER_BOUND('',#2022,.T.);
#1398=FACE_OUTER_BOUND('',#2023,.T.);
#1399=FACE_OUTER_BOUND('',#2024,.T.);
#1400=FACE_OUTER_BOUND('',#2025,.T.);
#1401=FACE_OUTER_BOUND('',#2026,.T.);
#1402=FACE_OUTER_BOUND('',#2027,.T.);
#1403=FACE_OUTER_BOUND('',#2028,.T.);
#1404=FACE_OUTER_BOUND('',#2029,.T.);
#1405=FACE_OUTER_BOUND('',#2030,.T.);
#1406=FACE_OUTER_BOUND('',#2031,.T.);
#1407=FACE_OUTER_BOUND('',#2032,.T.);
#1408=FACE_OUTER_BOUND('',#2033,.T.);
#1409=FACE_OUTER_BOUND('',#2034,.T.);
#1410=FACE_OUTER_BOUND('',#2035,.T.);
#1411=FACE_OUTER_BOUND('',#2036,.T.);
#1412=FACE_OUTER_BOUND('',#2037,.T.);
#1413=FACE_OUTER_BOUND('',#2038,.T.);
#1414=FACE_OUTER_BOUND('',#2039,.T.);
#1415=FACE_OUTER_BOUND('',#2040,.T.);
#1416=FACE_OUTER_BOUND('',#2041,.T.);
#1417=FACE_OUTER_BOUND('',#2042,.T.);
#1418=FACE_OUTER_BOUND('',#2043,.T.);
#1419=FACE_OUTER_BOUND('',#2044,.T.);
#1420=FACE_OUTER_BOUND('',#2045,.T.);
#1421=FACE_OUTER_BOUND('',#2046,.T.);
#1422=FACE_OUTER_BOUND('',#2047,.T.);
#1423=FACE_OUTER_BOUND('',#2048,.T.);
#1424=FACE_OUTER_BOUND('',#2049,.T.);
#1425=FACE_OUTER_BOUND('',#2050,.T.);
#1426=FACE_OUTER_BOUND('',#2051,.T.);
#1427=FACE_OUTER_BOUND('',#2052,.T.);
#1428=FACE_OUTER_BOUND('',#2053,.T.);
#1429=FACE_OUTER_BOUND('',#2054,.T.);
#1430=FACE_OUTER_BOUND('',#2055,.T.);
#1431=FACE_OUTER_BOUND('',#2056,.T.);
#1432=FACE_OUTER_BOUND('',#2057,.T.);
#1433=FACE_OUTER_BOUND('',#2058,.T.);
#1434=FACE_OUTER_BOUND('',#2059,.T.);
#1435=FACE_OUTER_BOUND('',#2060,.T.);
#1436=FACE_OUTER_BOUND('',#2061,.T.);
#1437=FACE_OUTER_BOUND('',#2062,.T.);
#1438=FACE_OUTER_BOUND('',#2063,.T.);
#1439=FACE_OUTER_BOUND('',#2064,.T.);
#1440=FACE_OUTER_BOUND('',#2065,.T.);
#1441=FACE_OUTER_BOUND('',#2066,.T.);
#1442=FACE_OUTER_BOUND('',#2067,.T.);
#1443=FACE_OUTER_BOUND('',#2068,.T.);
#1444=FACE_OUTER_BOUND('',#2069,.T.);
#1445=FACE_OUTER_BOUND('',#2070,.T.);
#1446=FACE_OUTER_BOUND('',#2071,.T.);
#1447=FACE_OUTER_BOUND('',#2072,.T.);
#1448=FACE_OUTER_BOUND('',#2073,.T.);
#1449=FACE_OUTER_BOUND('',#2074,.T.);
#1450=FACE_OUTER_BOUND('',#2075,.T.);
#1451=FACE_OUTER_BOUND('',#2076,.T.);
#1452=FACE_OUTER_BOUND('',#2077,.T.);
#1453=FACE_OUTER_BOUND('',#2078,.T.);
#1454=FACE_OUTER_BOUND('',#2079,.T.);
#1455=FACE_OUTER_BOUND('',#2080,.T.);
#1456=FACE_OUTER_BOUND('',#2081,.T.);
#1457=FACE_OUTER_BOUND('',#2082,.T.);
#1458=FACE_OUTER_BOUND('',#2083,.T.);
#1459=FACE_OUTER_BOUND('',#2084,.T.);
#1460=FACE_OUTER_BOUND('',#2085,.T.);
#1461=FACE_OUTER_BOUND('',#2086,.T.);
#1462=FACE_OUTER_BOUND('',#2087,.T.);
#1463=FACE_OUTER_BOUND('',#2088,.T.);
#1464=FACE_OUTER_BOUND('',#2089,.T.);
#1465=FACE_OUTER_BOUND('',#2090,.T.);
#1466=FACE_OUTER_BOUND('',#2091,.T.);
#1467=FACE_OUTER_BOUND('',#2092,.T.);
#1468=FACE_OUTER_BOUND('',#2093,.T.);
#1469=FACE_OUTER_BOUND('',#2094,.T.);
#1470=FACE_OUTER_BOUND('',#2095,.T.);
#1471=FACE_OUTER_BOUND('',#2096,.T.);
#1472=FACE_OUTER_BOUND('',#2097,.T.);
#1473=FACE_OUTER_BOUND('',#2098,.T.);
#1474=FACE_OUTER_BOUND('',#2099,.T.);
#1475=FACE_OUTER_BOUND('',#2100,.T.);
#1476=FACE_OUTER_BOUND('',#2101,.T.);
#1477=FACE_OUTER_BOUND('',#2102,.T.);
#1478=FACE_OUTER_BOUND('',#2103,.T.);
#1479=FACE_OUTER_BOUND('',#2104,.T.);
#1480=FACE_OUTER_BOUND('',#2105,.T.);
#1481=FACE_OUTER_BOUND('',#2106,.T.);
#1482=FACE_OUTER_BOUND('',#2107,.T.);
#1483=FACE_OUTER_BOUND('',#2108,.T.);
#1484=FACE_OUTER_BOUND('',#2109,.T.);
#1485=FACE_OUTER_BOUND('',#2110,.T.);
#1486=FACE_OUTER_BOUND('',#2111,.T.);
#1487=FACE_OUTER_BOUND('',#2112,.T.);
#1488=FACE_OUTER_BOUND('',#2113,.T.);
#1489=FACE_OUTER_BOUND('',#2114,.T.);
#1490=FACE_OUTER_BOUND('',#2115,.T.);
#1491=FACE_OUTER_BOUND('',#2116,.T.);
#1492=FACE_OUTER_BOUND('',#2117,.T.);
#1493=FACE_OUTER_BOUND('',#2118,.T.);
#1494=FACE_OUTER_BOUND('',#2119,.T.);
#1495=FACE_OUTER_BOUND('',#2120,.T.);
#1496=FACE_OUTER_BOUND('',#2121,.T.);
#1497=FACE_OUTER_BOUND('',#2122,.T.);
#1498=FACE_OUTER_BOUND('',#2123,.T.);
#1499=FACE_OUTER_BOUND('',#2124,.T.);
#1500=FACE_OUTER_BOUND('',#2125,.T.);
#1501=FACE_OUTER_BOUND('',#2126,.T.);
#1502=FACE_OUTER_BOUND('',#2127,.T.);
#1503=FACE_OUTER_BOUND('',#2128,.T.);
#1504=FACE_OUTER_BOUND('',#2129,.T.);
#1505=FACE_OUTER_BOUND('',#2130,.T.);
#1506=FACE_OUTER_BOUND('',#2131,.T.);
#1507=FACE_OUTER_BOUND('',#2132,.T.);
#1508=FACE_OUTER_BOUND('',#2133,.T.);
#1509=FACE_OUTER_BOUND('',#2134,.T.);
#1510=FACE_OUTER_BOUND('',#2135,.T.);
#1511=FACE_OUTER_BOUND('',#2136,.T.);
#1512=FACE_OUTER_BOUND('',#2137,.T.);
#1513=FACE_OUTER_BOUND('',#2138,.T.);
#1514=FACE_OUTER_BOUND('',#2139,.T.);
#1515=FACE_OUTER_BOUND('',#2140,.T.);
#1516=FACE_OUTER_BOUND('',#2141,.T.);
#1517=FACE_OUTER_BOUND('',#2142,.T.);
#1518=FACE_OUTER_BOUND('',#2143,.T.);
#1519=FACE_OUTER_BOUND('',#2144,.T.);
#1520=FACE_OUTER_BOUND('',#2145,.T.);
#1521=FACE_OUTER_BOUND('',#2146,.T.);
#1522=FACE_OUTER_BOUND('',#2147,.T.);
#1523=FACE_OUTER_BOUND('',#2148,.T.);
#1524=FACE_OUTER_BOUND('',#2149,.T.);
#1525=FACE_OUTER_BOUND('',#2150,.T.);
#1526=FACE_OUTER_BOUND('',#2151,.T.);
#1527=FACE_OUTER_BOUND('',#2152,.T.);
#1528=FACE_OUTER_BOUND('',#2153,.T.);
#1529=FACE_OUTER_BOUND('',#2154,.T.);
#1530=FACE_OUTER_BOUND('',#2155,.T.);
#1531=FACE_OUTER_BOUND('',#2156,.T.);
#1532=FACE_OUTER_BOUND('',#2157,.T.);
#1533=FACE_OUTER_BOUND('',#2158,.T.);
#1534=FACE_OUTER_BOUND('',#2159,.T.);
#1535=FACE_OUTER_BOUND('',#2160,.T.);
#1536=FACE_OUTER_BOUND('',#2161,.T.);
#1537=FACE_OUTER_BOUND('',#2162,.T.);
#1538=FACE_OUTER_BOUND('',#2163,.T.);
#1539=FACE_OUTER_BOUND('',#2164,.T.);
#1540=FACE_OUTER_BOUND('',#2165,.T.);
#1541=FACE_OUTER_BOUND('',#2166,.T.);
#1542=FACE_OUTER_BOUND('',#2167,.T.);
#1543=FACE_OUTER_BOUND('',#2168,.T.);
#1544=FACE_OUTER_BOUND('',#2169,.T.);
#1545=FACE_OUTER_BOUND('',#2170,.T.);
#1546=FACE_OUTER_BOUND('',#2171,.T.);
#1547=FACE_OUTER_BOUND('',#2172,.T.);
#1548=FACE_OUTER_BOUND('',#2173,.T.);
#1549=FACE_OUTER_BOUND('',#2174,.T.);
#1550=FACE_OUTER_BOUND('',#2175,.T.);
#1551=FACE_OUTER_BOUND('',#2176,.T.);
#1552=FACE_OUTER_BOUND('',#2177,.T.);
#1553=FACE_OUTER_BOUND('',#2178,.T.);
#1554=FACE_OUTER_BOUND('',#2179,.T.);
#1555=FACE_OUTER_BOUND('',#2180,.T.);
#1556=FACE_OUTER_BOUND('',#2181,.T.);
#1557=FACE_OUTER_BOUND('',#2182,.T.);
#1558=FACE_OUTER_BOUND('',#2183,.T.);
#1559=FACE_OUTER_BOUND('',#2184,.T.);
#1560=FACE_OUTER_BOUND('',#2185,.T.);
#1561=FACE_OUTER_BOUND('',#2186,.T.);
#1562=FACE_OUTER_BOUND('',#2187,.T.);
#1563=FACE_OUTER_BOUND('',#2188,.T.);
#1564=FACE_OUTER_BOUND('',#2189,.T.);
#1565=FACE_OUTER_BOUND('',#2190,.T.);
#1566=FACE_OUTER_BOUND('',#2191,.T.);
#1567=FACE_OUTER_BOUND('',#2192,.T.);
#1568=FACE_OUTER_BOUND('',#2193,.T.);
#1569=FACE_OUTER_BOUND('',#2194,.T.);
#1570=FACE_OUTER_BOUND('',#2195,.T.);
#1571=FACE_OUTER_BOUND('',#2196,.T.);
#1572=FACE_OUTER_BOUND('',#2197,.T.);
#1573=FACE_OUTER_BOUND('',#2198,.T.);
#1574=FACE_OUTER_BOUND('',#2199,.T.);
#1575=FACE_OUTER_BOUND('',#2200,.T.);
#1576=FACE_OUTER_BOUND('',#2201,.T.);
#1577=FACE_OUTER_BOUND('',#2202,.T.);
#1578=FACE_OUTER_BOUND('',#2203,.T.);
#1579=FACE_OUTER_BOUND('',#2204,.T.);
#1580=FACE_OUTER_BOUND('',#2205,.T.);
#1581=FACE_OUTER_BOUND('',#2206,.T.);
#1582=FACE_OUTER_BOUND('',#2207,.T.);
#1583=FACE_OUTER_BOUND('',#2208,.T.);
#1584=FACE_OUTER_BOUND('',#2209,.T.);
#1585=FACE_OUTER_BOUND('',#2210,.T.);
#1586=FACE_OUTER_BOUND('',#2211,.T.);
#1587=FACE_OUTER_BOUND('',#2212,.T.);
#1588=FACE_OUTER_BOUND('',#2213,.T.);
#1589=FACE_OUTER_BOUND('',#2214,.T.);
#1590=FACE_OUTER_BOUND('',#2215,.T.);
#1591=FACE_OUTER_BOUND('',#2216,.T.);
#1592=FACE_OUTER_BOUND('',#2217,.T.);
#1593=FACE_OUTER_BOUND('',#2218,.T.);
#1594=FACE_OUTER_BOUND('',#2219,.T.);
#1595=FACE_OUTER_BOUND('',#2220,.T.);
#1596=FACE_OUTER_BOUND('',#2221,.T.);
#1597=FACE_OUTER_BOUND('',#2222,.T.);
#1598=FACE_OUTER_BOUND('',#2223,.T.);
#1599=FACE_OUTER_BOUND('',#2224,.T.);
#1600=FACE_OUTER_BOUND('',#2225,.T.);
#1601=FACE_OUTER_BOUND('',#2226,.T.);
#1602=FACE_OUTER_BOUND('',#2227,.T.);
#1603=FACE_OUTER_BOUND('',#2228,.T.);
#1604=FACE_OUTER_BOUND('',#2229,.T.);
#1605=FACE_OUTER_BOUND('',#2230,.T.);
#1606=FACE_OUTER_BOUND('',#2231,.T.);
#1607=FACE_OUTER_BOUND('',#2232,.T.);
#1608=FACE_OUTER_BOUND('',#2233,.T.);
#1609=FACE_OUTER_BOUND('',#2234,.T.);
#1610=FACE_OUTER_BOUND('',#2235,.T.);
#1611=FACE_OUTER_BOUND('',#2236,.T.);
#1612=FACE_OUTER_BOUND('',#2237,.T.);
#1613=FACE_OUTER_BOUND('',#2238,.T.);
#1614=FACE_OUTER_BOUND('',#2239,.T.);
#1615=FACE_OUTER_BOUND('',#2240,.T.);
#1616=FACE_OUTER_BOUND('',#2241,.T.);
#1617=FACE_OUTER_BOUND('',#2242,.T.);
#1618=FACE_OUTER_BOUND('',#2243,.T.);
#1619=FACE_OUTER_BOUND('',#2244,.T.);
#1620=FACE_OUTER_BOUND('',#2245,.T.);
#1621=FACE_OUTER_BOUND('',#2246,.T.);
#1622=FACE_OUTER_BOUND('',#2247,.T.);
#1623=FACE_OUTER_BOUND('',#2248,.T.);
#1624=FACE_OUTER_BOUND('',#2249,.T.);
#1625=FACE_OUTER_BOUND('',#2250,.T.);
#1626=FACE_OUTER_BOUND('',#2251,.T.);
#1627=FACE_OUTER_BOUND('',#2252,.T.);
#1628=FACE_OUTER_BOUND('',#2253,.T.);
#1629=FACE_OUTER_BOUND('',#2254,.T.);
#1630=FACE_OUTER_BOUND('',#2255,.T.);
#1631=FACE_OUTER_BOUND('',#2256,.T.);
#1632=FACE_OUTER_BOUND('',#2257,.T.);
#1633=FACE_OUTER_BOUND('',#2258,.T.);
#1634=FACE_OUTER_BOUND('',#2259,.T.);
#1635=FACE_OUTER_BOUND('',#2260,.T.);
#1636=FACE_OUTER_BOUND('',#2261,.T.);
#1637=FACE_OUTER_BOUND('',#2262,.T.);
#1638=FACE_OUTER_BOUND('',#2263,.T.);
#1639=FACE_OUTER_BOUND('',#2264,.T.);
#1640=FACE_OUTER_BOUND('',#2265,.T.);
#1641=FACE_OUTER_BOUND('',#2266,.T.);
#1642=FACE_OUTER_BOUND('',#2267,.T.);
#1643=FACE_OUTER_BOUND('',#2268,.T.);
#1644=FACE_OUTER_BOUND('',#2269,.T.);
#1645=FACE_OUTER_BOUND('',#2270,.T.);
#1646=FACE_OUTER_BOUND('',#2271,.T.);
#1647=FACE_OUTER_BOUND('',#2272,.T.);
#1648=FACE_OUTER_BOUND('',#2273,.T.);
#1649=FACE_OUTER_BOUND('',#2274,.T.);
#1650=FACE_OUTER_BOUND('',#2275,.T.);
#1651=FACE_OUTER_BOUND('',#2276,.T.);
#1652=FACE_OUTER_BOUND('',#2277,.T.);
#1653=FACE_OUTER_BOUND('',#2278,.T.);
#1654=FACE_OUTER_BOUND('',#2279,.T.);
#1655=FACE_OUTER_BOUND('',#2280,.T.);
#1656=FACE_OUTER_BOUND('',#2281,.T.);
#1657=FACE_OUTER_BOUND('',#2282,.T.);
#1658=FACE_OUTER_BOUND('',#2283,.T.);
#1659=FACE_OUTER_BOUND('',#2284,.T.);
#1660=FACE_OUTER_BOUND('',#2285,.T.);
#1661=FACE_OUTER_BOUND('',#2286,.T.);
#1662=FACE_OUTER_BOUND('',#2287,.T.);
#1663=FACE_OUTER_BOUND('',#2288,.T.);
#1664=FACE_OUTER_BOUND('',#2289,.T.);
#1665=FACE_OUTER_BOUND('',#2290,.T.);
#1666=FACE_OUTER_BOUND('',#2291,.T.);
#1667=FACE_OUTER_BOUND('',#2292,.T.);
#1668=FACE_OUTER_BOUND('',#2293,.T.);
#1669=FACE_OUTER_BOUND('',#2294,.T.);
#1670=FACE_OUTER_BOUND('',#2295,.T.);
#1671=FACE_OUTER_BOUND('',#2296,.T.);
#1672=FACE_OUTER_BOUND('',#2297,.T.);
#1673=FACE_OUTER_BOUND('',#2298,.T.);
#1674=FACE_OUTER_BOUND('',#2299,.T.);
#1675=FACE_OUTER_BOUND('',#2300,.T.);
#1676=FACE_OUTER_BOUND('',#2301,.T.);
#1677=FACE_OUTER_BOUND('',#2302,.T.);
#1678=FACE_OUTER_BOUND('',#2303,.T.);
#1679=FACE_OUTER_BOUND('',#2304,.T.);
#1680=FACE_OUTER_BOUND('',#2305,.T.);
#1681=FACE_OUTER_BOUND('',#2306,.T.);
#1682=FACE_OUTER_BOUND('',#2307,.T.);
#1683=FACE_OUTER_BOUND('',#2308,.T.);
#1684=FACE_OUTER_BOUND('',#2309,.T.);
#1685=FACE_OUTER_BOUND('',#2310,.T.);
#1686=FACE_OUTER_BOUND('',#2311,.T.);
#1687=FACE_OUTER_BOUND('',#2312,.T.);
#1688=FACE_OUTER_BOUND('',#2313,.T.);
#1689=FACE_OUTER_BOUND('',#2314,.T.);
#1690=FACE_OUTER_BOUND('',#2315,.T.);
#1691=FACE_OUTER_BOUND('',#2316,.T.);
#1692=FACE_OUTER_BOUND('',#2317,.T.);
#1693=FACE_OUTER_BOUND('',#2318,.T.);
#1694=FACE_OUTER_BOUND('',#2319,.T.);
#1695=FACE_OUTER_BOUND('',#2320,.T.);
#1696=FACE_OUTER_BOUND('',#2321,.T.);
#1697=FACE_OUTER_BOUND('',#2322,.T.);
#1698=FACE_OUTER_BOUND('',#2323,.T.);
#1699=FACE_OUTER_BOUND('',#2324,.T.);
#1700=FACE_OUTER_BOUND('',#2325,.T.);
#1701=FACE_OUTER_BOUND('',#2326,.T.);
#1702=FACE_OUTER_BOUND('',#2327,.T.);
#1703=FACE_OUTER_BOUND('',#2328,.T.);
#1704=FACE_OUTER_BOUND('',#2329,.T.);
#1705=FACE_OUTER_BOUND('',#2330,.T.);
#1706=FACE_OUTER_BOUND('',#2331,.T.);
#1707=FACE_OUTER_BOUND('',#2332,.T.);
#1708=FACE_OUTER_BOUND('',#2333,.T.);
#1709=FACE_OUTER_BOUND('',#2334,.T.);
#1710=FACE_OUTER_BOUND('',#2335,.T.);
#1711=FACE_OUTER_BOUND('',#2336,.T.);
#1712=FACE_OUTER_BOUND('',#2337,.T.);
#1713=FACE_OUTER_BOUND('',#2338,.T.);
#1714=FACE_OUTER_BOUND('',#2339,.T.);
#1715=FACE_OUTER_BOUND('',#2340,.T.);
#1716=FACE_OUTER_BOUND('',#2341,.T.);
#1717=FACE_OUTER_BOUND('',#2342,.T.);
#1718=FACE_OUTER_BOUND('',#2343,.T.);
#1719=FACE_OUTER_BOUND('',#2344,.T.);
#1720=FACE_OUTER_BOUND('',#2345,.T.);
#1721=FACE_OUTER_BOUND('',#2346,.T.);
#1722=FACE_OUTER_BOUND('',#2347,.T.);
#1723=FACE_OUTER_BOUND('',#2348,.T.);
#1724=FACE_OUTER_BOUND('',#2349,.T.);
#1725=FACE_OUTER_BOUND('',#2350,.T.);
#1726=FACE_OUTER_BOUND('',#2351,.T.);
#1727=FACE_OUTER_BOUND('',#2352,.T.);
#1728=FACE_OUTER_BOUND('',#2353,.T.);
#1729=FACE_OUTER_BOUND('',#2354,.T.);
#1730=FACE_OUTER_BOUND('',#2355,.T.);
#1731=FACE_OUTER_BOUND('',#2356,.T.);
#1732=FACE_OUTER_BOUND('',#2357,.T.);
#1733=EDGE_LOOP('',(#7533,#7534,#7535,#7536));
#1734=EDGE_LOOP('',(#7537,#7538,#7539,#7540));
#1735=EDGE_LOOP('',(#7541,#7542,#7543,#7544));
#1736=EDGE_LOOP('',(#7545,#7546,#7547,#7548));
#1737=EDGE_LOOP('',(#7549,#7550,#7551,#7552));
#1738=EDGE_LOOP('',(#7553,#7554,#7555,#7556));
#1739=EDGE_LOOP('',(#7557,#7558,#7559,#7560));
#1740=EDGE_LOOP('',(#7561,#7562,#7563,#7564));
#1741=EDGE_LOOP('',(#7565,#7566,#7567,#7568));
#1742=EDGE_LOOP('',(#7569,#7570,#7571,#7572));
#1743=EDGE_LOOP('',(#7573,#7574,#7575,#7576));
#1744=EDGE_LOOP('',(#7577,#7578,#7579,#7580));
#1745=EDGE_LOOP('',(#7581,#7582,#7583,#7584));
#1746=EDGE_LOOP('',(#7585,#7586,#7587,#7588));
#1747=EDGE_LOOP('',(#7589,#7590,#7591,#7592));
#1748=EDGE_LOOP('',(#7593,#7594,#7595,#7596,#7597,#7598,#7599));
#1749=EDGE_LOOP('',(#7600,#7601,#7602,#7603,#7604,#7605,#7606,#7607));
#1750=EDGE_LOOP('',(#7608,#7609,#7610,#7611,#7612,#7613,#7614));
#1751=EDGE_LOOP('',(#7615,#7616,#7617,#7618,#7619,#7620,#7621,#7622));
#1752=EDGE_LOOP('',(#7623,#7624,#7625,#7626,#7627));
#1753=EDGE_LOOP('',(#7628,#7629,#7630,#7631));
#1754=EDGE_LOOP('',(#7632,#7633,#7634,#7635));
#1755=EDGE_LOOP('',(#7636,#7637,#7638,#7639,#7640,#7641,#7642,#7643));
#1756=EDGE_LOOP('',(#7644,#7645,#7646,#7647));
#1757=EDGE_LOOP('',(#7648,#7649,#7650,#7651));
#1758=EDGE_LOOP('',(#7652,#7653,#7654,#7655));
#1759=EDGE_LOOP('',(#7656,#7657,#7658,#7659,#7660));
#1760=EDGE_LOOP('',(#7661,#7662,#7663,#7664,#7665));
#1761=EDGE_LOOP('',(#7666,#7667,#7668,#7669,#7670,#7671,#7672,#7673));
#1762=EDGE_LOOP('',(#7674,#7675,#7676,#7677));
#1763=EDGE_LOOP('',(#7678,#7679,#7680,#7681,#7682));
#1764=EDGE_LOOP('',(#7683,#7684,#7685,#7686,#7687,#7688,#7689,#7690,#7691,
#7692));
#1765=EDGE_LOOP('',(#7693));
#1766=EDGE_LOOP('',(#7694,#7695,#7696,#7697,#7698,#7699));
#1767=EDGE_LOOP('',(#7700,#7701,#7702,#7703));
#1768=EDGE_LOOP('',(#7704,#7705,#7706,#7707,#7708,#7709));
#1769=EDGE_LOOP('',(#7710,#7711,#7712,#7713,#7714,#7715,#7716,#7717));
#1770=EDGE_LOOP('',(#7718,#7719,#7720,#7721));
#1771=EDGE_LOOP('',(#7722,#7723,#7724,#7725,#7726,#7727,#7728,#7729));
#1772=EDGE_LOOP('',(#7730,#7731,#7732,#7733));
#1773=EDGE_LOOP('',(#7734));
#1774=EDGE_LOOP('',(#7735,#7736,#7737,#7738));
#1775=EDGE_LOOP('',(#7739,#7740,#7741,#7742));
#1776=EDGE_LOOP('',(#7743,#7744,#7745,#7746));
#1777=EDGE_LOOP('',(#7747,#7748,#7749,#7750));
#1778=EDGE_LOOP('',(#7751,#7752,#7753,#7754));
#1779=EDGE_LOOP('',(#7755,#7756,#7757,#7758));
#1780=EDGE_LOOP('',(#7759,#7760,#7761,#7762));
#1781=EDGE_LOOP('',(#7763,#7764,#7765,#7766));
#1782=EDGE_LOOP('',(#7767,#7768,#7769,#7770));
#1783=EDGE_LOOP('',(#7771,#7772,#7773,#7774,#7775));
#1784=EDGE_LOOP('',(#7776,#7777,#7778,#7779,#7780,#7781,#7782,#7783));
#1785=EDGE_LOOP('',(#7784,#7785,#7786,#7787));
#1786=EDGE_LOOP('',(#7788,#7789,#7790,#7791,#7792,#7793));
#1787=EDGE_LOOP('',(#7794,#7795,#7796,#7797));
#1788=EDGE_LOOP('',(#7798,#7799,#7800,#7801,#7802,#7803));
#1789=EDGE_LOOP('',(#7804,#7805,#7806,#7807));
#1790=EDGE_LOOP('',(#7808,#7809,#7810,#7811,#7812,#7813,#7814,#7815));
#1791=EDGE_LOOP('',(#7816,#7817,#7818,#7819,#7820));
#1792=EDGE_LOOP('',(#7821,#7822,#7823,#7824));
#1793=EDGE_LOOP('',(#7825,#7826,#7827,#7828));
#1794=EDGE_LOOP('',(#7829,#7830,#7831,#7832,#7833));
#1795=EDGE_LOOP('',(#7834,#7835,#7836,#7837,#7838,#7839,#7840));
#1796=EDGE_LOOP('',(#7841,#7842,#7843,#7844,#7845,#7846,#7847));
#1797=EDGE_LOOP('',(#7848,#7849,#7850,#7851));
#1798=EDGE_LOOP('',(#7852,#7853,#7854,#7855));
#1799=EDGE_LOOP('',(#7856,#7857,#7858,#7859,#7860,#7861,#7862,#7863,#7864,
#7865));
#1800=EDGE_LOOP('',(#7866,#7867,#7868,#7869,#7870,#7871));
#1801=EDGE_LOOP('',(#7872,#7873,#7874,#7875,#7876,#7877));
#1802=EDGE_LOOP('',(#7878,#7879,#7880,#7881));
#1803=EDGE_LOOP('',(#7882,#7883,#7884,#7885));
#1804=EDGE_LOOP('',(#7886,#7887,#7888,#7889));
#1805=EDGE_LOOP('',(#7890,#7891,#7892,#7893));
#1806=EDGE_LOOP('',(#7894,#7895,#7896,#7897));
#1807=EDGE_LOOP('',(#7898,#7899,#7900));
#1808=EDGE_LOOP('',(#7901,#7902,#7903,#7904));
#1809=EDGE_LOOP('',(#7905,#7906,#7907));
#1810=EDGE_LOOP('',(#7908,#7909,#7910,#7911));
#1811=EDGE_LOOP('',(#7912,#7913,#7914,#7915,#7916,#7917,#7918,#7919,#7920,
#7921,#7922,#7923,#7924,#7925,#7926,#7927));
#1812=EDGE_LOOP('',(#7928,#7929,#7930,#7931));
#1813=EDGE_LOOP('',(#7932,#7933,#7934,#7935,#7936));
#1814=EDGE_LOOP('',(#7937,#7938,#7939,#7940));
#1815=EDGE_LOOP('',(#7941,#7942,#7943,#7944));
#1816=EDGE_LOOP('',(#7945,#7946,#7947,#7948));
#1817=EDGE_LOOP('',(#7949,#7950,#7951,#7952));
#1818=EDGE_LOOP('',(#7953,#7954,#7955));
#1819=EDGE_LOOP('',(#7956,#7957,#7958,#7959));
#1820=EDGE_LOOP('',(#7960,#7961,#7962));
#1821=EDGE_LOOP('',(#7963,#7964,#7965,#7966));
#1822=EDGE_LOOP('',(#7967,#7968,#7969,#7970));
#1823=EDGE_LOOP('',(#7971,#7972,#7973,#7974,#7975));
#1824=EDGE_LOOP('',(#7976,#7977,#7978));
#1825=EDGE_LOOP('',(#7979,#7980,#7981));
#1826=EDGE_LOOP('',(#7982,#7983,#7984));
#1827=EDGE_LOOP('',(#7985,#7986,#7987));
#1828=EDGE_LOOP('',(#7988,#7989,#7990,#7991,#7992));
#1829=EDGE_LOOP('',(#7993,#7994,#7995,#7996,#7997));
#1830=EDGE_LOOP('',(#7998,#7999,#8000,#8001,#8002,#8003,#8004,#8005,#8006,
#8007));
#1831=EDGE_LOOP('',(#8008,#8009,#8010,#8011,#8012,#8013,#8014,#8015,#8016,
#8017));
#1832=EDGE_LOOP('',(#8018,#8019,#8020,#8021,#8022,#8023));
#1833=EDGE_LOOP('',(#8024,#8025,#8026,#8027,#8028,#8029));
#1834=EDGE_LOOP('',(#8030,#8031,#8032,#8033,#8034,#8035,#8036,#8037,#8038,
#8039));
#1835=EDGE_LOOP('',(#8040,#8041,#8042,#8043));
#1836=EDGE_LOOP('',(#8044,#8045,#8046,#8047));
#1837=EDGE_LOOP('',(#8048,#8049,#8050,#8051));
#1838=EDGE_LOOP('',(#8052,#8053,#8054,#8055,#8056,#8057,#8058,#8059));
#1839=EDGE_LOOP('',(#8060,#8061,#8062,#8063));
#1840=EDGE_LOOP('',(#8064,#8065,#8066,#8067,#8068,#8069));
#1841=EDGE_LOOP('',(#8070,#8071,#8072,#8073,#8074,#8075,#8076,#8077,#8078,
#8079));
#1842=EDGE_LOOP('',(#8080,#8081,#8082,#8083,#8084,#8085,#8086,#8087));
#1843=EDGE_LOOP('',(#8088,#8089,#8090,#8091));
#1844=EDGE_LOOP('',(#8092,#8093,#8094,#8095,#8096,#8097,#8098,#8099));
#1845=EDGE_LOOP('',(#8100,#8101,#8102,#8103));
#1846=EDGE_LOOP('',(#8104,#8105,#8106,#8107,#8108,#8109,#8110,#8111));
#1847=EDGE_LOOP('',(#8112,#8113,#8114,#8115,#8116,#8117));
#1848=EDGE_LOOP('',(#8118,#8119,#8120,#8121));
#1849=EDGE_LOOP('',(#8122,#8123,#8124,#8125));
#1850=EDGE_LOOP('',(#8126,#8127,#8128,#8129,#8130,#8131,#8132,#8133));
#1851=EDGE_LOOP('',(#8134,#8135,#8136,#8137));
#1852=EDGE_LOOP('',(#8138,#8139,#8140,#8141,#8142,#8143,#8144,#8145));
#1853=EDGE_LOOP('',(#8146,#8147,#8148,#8149));
#1854=EDGE_LOOP('',(#8150,#8151,#8152,#8153));
#1855=EDGE_LOOP('',(#8154,#8155,#8156,#8157));
#1856=EDGE_LOOP('',(#8158,#8159,#8160,#8161,#8162,#8163));
#1857=EDGE_LOOP('',(#8164,#8165,#8166,#8167,#8168,#8169,#8170,#8171,#8172,
#8173));
#1858=EDGE_LOOP('',(#8174,#8175,#8176,#8177));
#1859=EDGE_LOOP('',(#8178,#8179,#8180,#8181));
#1860=EDGE_LOOP('',(#8182,#8183,#8184,#8185,#8186,#8187));
#1861=EDGE_LOOP('',(#8188,#8189,#8190,#8191,#8192,#8193,#8194,#8195));
#1862=EDGE_LOOP('',(#8196,#8197,#8198,#8199));
#1863=EDGE_LOOP('',(#8200,#8201,#8202,#8203));
#1864=EDGE_LOOP('',(#8204,#8205,#8206,#8207,#8208,#8209));
#1865=EDGE_LOOP('',(#8210,#8211,#8212,#8213,#8214,#8215));
#1866=EDGE_LOOP('',(#8216,#8217,#8218,#8219,#8220,#8221,#8222,#8223));
#1867=EDGE_LOOP('',(#8224,#8225,#8226,#8227));
#1868=EDGE_LOOP('',(#8228,#8229,#8230,#8231));
#1869=EDGE_LOOP('',(#8232,#8233,#8234,#8235,#8236));
#1870=EDGE_LOOP('',(#8237,#8238,#8239,#8240));
#1871=EDGE_LOOP('',(#8241,#8242,#8243,#8244));
#1872=EDGE_LOOP('',(#8245,#8246,#8247,#8248));
#1873=EDGE_LOOP('',(#8249,#8250,#8251,#8252));
#1874=EDGE_LOOP('',(#8253,#8254,#8255,#8256));
#1875=EDGE_LOOP('',(#8257,#8258,#8259,#8260,#8261,#8262,#8263,#8264));
#1876=EDGE_LOOP('',(#8265,#8266,#8267,#8268,#8269,#8270,#8271,#8272));
#1877=EDGE_LOOP('',(#8273,#8274,#8275,#8276,#8277,#8278,#8279,#8280));
#1878=EDGE_LOOP('',(#8281,#8282,#8283,#8284,#8285,#8286));
#1879=EDGE_LOOP('',(#8287,#8288,#8289,#8290));
#1880=EDGE_LOOP('',(#8291,#8292,#8293,#8294));
#1881=EDGE_LOOP('',(#8295,#8296,#8297,#8298));
#1882=EDGE_LOOP('',(#8299,#8300,#8301,#8302));
#1883=EDGE_LOOP('',(#8303,#8304,#8305,#8306));
#1884=EDGE_LOOP('',(#8307,#8308,#8309,#8310));
#1885=EDGE_LOOP('',(#8311,#8312,#8313,#8314));
#1886=EDGE_LOOP('',(#8315,#8316,#8317,#8318));
#1887=EDGE_LOOP('',(#8319,#8320,#8321,#8322));
#1888=EDGE_LOOP('',(#8323,#8324,#8325,#8326));
#1889=EDGE_LOOP('',(#8327,#8328,#8329,#8330));
#1890=EDGE_LOOP('',(#8331,#8332,#8333,#8334));
#1891=EDGE_LOOP('',(#8335,#8336,#8337,#8338));
#1892=EDGE_LOOP('',(#8339,#8340,#8341,#8342));
#1893=EDGE_LOOP('',(#8343,#8344,#8345,#8346));
#1894=EDGE_LOOP('',(#8347,#8348,#8349,#8350));
#1895=EDGE_LOOP('',(#8351,#8352,#8353,#8354,#8355));
#1896=EDGE_LOOP('',(#8356,#8357,#8358,#8359,#8360));
#1897=EDGE_LOOP('',(#8361,#8362,#8363,#8364));
#1898=EDGE_LOOP('',(#8365,#8366,#8367,#8368));
#1899=EDGE_LOOP('',(#8369,#8370,#8371,#8372));
#1900=EDGE_LOOP('',(#8373,#8374,#8375,#8376));
#1901=EDGE_LOOP('',(#8377,#8378,#8379,#8380));
#1902=EDGE_LOOP('',(#8381,#8382,#8383,#8384,#8385));
#1903=EDGE_LOOP('',(#8386,#8387,#8388,#8389,#8390));
#1904=EDGE_LOOP('',(#8391,#8392,#8393,#8394));
#1905=EDGE_LOOP('',(#8395,#8396,#8397,#8398));
#1906=EDGE_LOOP('',(#8399,#8400,#8401,#8402));
#1907=EDGE_LOOP('',(#8403,#8404,#8405,#8406));
#1908=EDGE_LOOP('',(#8407,#8408,#8409,#8410));
#1909=EDGE_LOOP('',(#8411,#8412,#8413,#8414,#8415));
#1910=EDGE_LOOP('',(#8416,#8417,#8418,#8419,#8420));
#1911=EDGE_LOOP('',(#8421,#8422,#8423,#8424));
#1912=EDGE_LOOP('',(#8425,#8426,#8427,#8428));
#1913=EDGE_LOOP('',(#8429,#8430,#8431,#8432));
#1914=EDGE_LOOP('',(#8433,#8434,#8435,#8436));
#1915=EDGE_LOOP('',(#8437,#8438,#8439,#8440));
#1916=EDGE_LOOP('',(#8441,#8442,#8443,#8444,#8445));
#1917=EDGE_LOOP('',(#8446,#8447,#8448,#8449,#8450));
#1918=EDGE_LOOP('',(#8451,#8452,#8453,#8454));
#1919=EDGE_LOOP('',(#8455,#8456,#8457,#8458));
#1920=EDGE_LOOP('',(#8459,#8460,#8461,#8462));
#1921=EDGE_LOOP('',(#8463,#8464,#8465,#8466));
#1922=EDGE_LOOP('',(#8467,#8468,#8469,#8470));
#1923=EDGE_LOOP('',(#8471,#8472,#8473,#8474));
#1924=EDGE_LOOP('',(#8475,#8476,#8477,#8478));
#1925=EDGE_LOOP('',(#8479,#8480,#8481,#8482));
#1926=EDGE_LOOP('',(#8483,#8484,#8485,#8486));
#1927=EDGE_LOOP('',(#8487,#8488,#8489,#8490));
#1928=EDGE_LOOP('',(#8491,#8492,#8493,#8494));
#1929=EDGE_LOOP('',(#8495,#8496,#8497,#8498));
#1930=EDGE_LOOP('',(#8499,#8500,#8501,#8502));
#1931=EDGE_LOOP('',(#8503,#8504,#8505,#8506));
#1932=EDGE_LOOP('',(#8507,#8508,#8509,#8510));
#1933=EDGE_LOOP('',(#8511,#8512,#8513,#8514));
#1934=EDGE_LOOP('',(#8515,#8516,#8517,#8518));
#1935=EDGE_LOOP('',(#8519,#8520,#8521,#8522));
#1936=EDGE_LOOP('',(#8523,#8524,#8525,#8526));
#1937=EDGE_LOOP('',(#8527,#8528,#8529,#8530));
#1938=EDGE_LOOP('',(#8531,#8532,#8533,#8534,#8535,#8536,#8537,#8538,#8539,
#8540,#8541,#8542,#8543,#8544,#8545,#8546,#8547,#8548,#8549,#8550));
#1939=EDGE_LOOP('',(#8551,#8552,#8553,#8554,#8555,#8556,#8557,#8558,#8559,
#8560,#8561,#8562,#8563,#8564,#8565,#8566,#8567,#8568,#8569,#8570));
#1940=EDGE_LOOP('',(#8571,#8572,#8573,#8574));
#1941=EDGE_LOOP('',(#8575,#8576,#8577,#8578));
#1942=EDGE_LOOP('',(#8579,#8580,#8581,#8582));
#1943=EDGE_LOOP('',(#8583,#8584,#8585,#8586));
#1944=EDGE_LOOP('',(#8587,#8588,#8589,#8590));
#1945=EDGE_LOOP('',(#8591,#8592,#8593,#8594));
#1946=EDGE_LOOP('',(#8595,#8596,#8597,#8598));
#1947=EDGE_LOOP('',(#8599,#8600,#8601,#8602));
#1948=EDGE_LOOP('',(#8603,#8604,#8605,#8606));
#1949=EDGE_LOOP('',(#8607,#8608,#8609,#8610));
#1950=EDGE_LOOP('',(#8611,#8612,#8613,#8614));
#1951=EDGE_LOOP('',(#8615,#8616,#8617,#8618));
#1952=EDGE_LOOP('',(#8619,#8620,#8621,#8622));
#1953=EDGE_LOOP('',(#8623,#8624,#8625,#8626));
#1954=EDGE_LOOP('',(#8627,#8628,#8629,#8630));
#1955=EDGE_LOOP('',(#8631,#8632,#8633,#8634));
#1956=EDGE_LOOP('',(#8635,#8636,#8637,#8638));
#1957=EDGE_LOOP('',(#8639,#8640,#8641,#8642));
#1958=EDGE_LOOP('',(#8643,#8644,#8645,#8646));
#1959=EDGE_LOOP('',(#8647,#8648,#8649,#8650));
#1960=EDGE_LOOP('',(#8651,#8652,#8653,#8654,#8655,#8656,#8657,#8658,#8659,
#8660,#8661,#8662,#8663,#8664,#8665,#8666,#8667,#8668,#8669,#8670));
#1961=EDGE_LOOP('',(#8671,#8672,#8673,#8674,#8675,#8676,#8677,#8678,#8679,
#8680,#8681,#8682,#8683,#8684,#8685,#8686,#8687,#8688,#8689,#8690));
#1962=EDGE_LOOP('',(#8691,#8692,#8693,#8694));
#1963=EDGE_LOOP('',(#8695,#8696,#8697,#8698));
#1964=EDGE_LOOP('',(#8699,#8700,#8701,#8702));
#1965=EDGE_LOOP('',(#8703,#8704,#8705,#8706));
#1966=EDGE_LOOP('',(#8707,#8708,#8709,#8710));
#1967=EDGE_LOOP('',(#8711,#8712,#8713,#8714));
#1968=EDGE_LOOP('',(#8715,#8716,#8717,#8718));
#1969=EDGE_LOOP('',(#8719,#8720,#8721,#8722));
#1970=EDGE_LOOP('',(#8723,#8724,#8725,#8726));
#1971=EDGE_LOOP('',(#8727,#8728,#8729,#8730));
#1972=EDGE_LOOP('',(#8731,#8732,#8733,#8734));
#1973=EDGE_LOOP('',(#8735,#8736,#8737,#8738));
#1974=EDGE_LOOP('',(#8739,#8740,#8741,#8742));
#1975=EDGE_LOOP('',(#8743,#8744,#8745,#8746));
#1976=EDGE_LOOP('',(#8747,#8748,#8749,#8750));
#1977=EDGE_LOOP('',(#8751,#8752,#8753,#8754));
#1978=EDGE_LOOP('',(#8755,#8756,#8757,#8758));
#1979=EDGE_LOOP('',(#8759,#8760,#8761,#8762));
#1980=EDGE_LOOP('',(#8763,#8764,#8765,#8766));
#1981=EDGE_LOOP('',(#8767,#8768,#8769,#8770));
#1982=EDGE_LOOP('',(#8771,#8772,#8773,#8774,#8775,#8776,#8777,#8778,#8779,
#8780,#8781,#8782,#8783,#8784,#8785,#8786,#8787,#8788,#8789,#8790));
#1983=EDGE_LOOP('',(#8791,#8792,#8793,#8794,#8795,#8796,#8797,#8798,#8799,
#8800,#8801,#8802,#8803,#8804,#8805,#8806,#8807,#8808,#8809,#8810));
#1984=EDGE_LOOP('',(#8811,#8812,#8813,#8814));
#1985=EDGE_LOOP('',(#8815,#8816,#8817,#8818));
#1986=EDGE_LOOP('',(#8819,#8820,#8821,#8822));
#1987=EDGE_LOOP('',(#8823,#8824,#8825,#8826));
#1988=EDGE_LOOP('',(#8827,#8828,#8829,#8830));
#1989=EDGE_LOOP('',(#8831,#8832,#8833,#8834));
#1990=EDGE_LOOP('',(#8835,#8836,#8837,#8838));
#1991=EDGE_LOOP('',(#8839,#8840,#8841,#8842));
#1992=EDGE_LOOP('',(#8843,#8844,#8845,#8846));
#1993=EDGE_LOOP('',(#8847,#8848,#8849,#8850));
#1994=EDGE_LOOP('',(#8851,#8852,#8853,#8854));
#1995=EDGE_LOOP('',(#8855,#8856,#8857,#8858));
#1996=EDGE_LOOP('',(#8859,#8860,#8861,#8862));
#1997=EDGE_LOOP('',(#8863,#8864,#8865,#8866));
#1998=EDGE_LOOP('',(#8867,#8868,#8869,#8870));
#1999=EDGE_LOOP('',(#8871,#8872,#8873,#8874));
#2000=EDGE_LOOP('',(#8875,#8876,#8877,#8878));
#2001=EDGE_LOOP('',(#8879,#8880,#8881,#8882));
#2002=EDGE_LOOP('',(#8883,#8884,#8885,#8886));
#2003=EDGE_LOOP('',(#8887,#8888,#8889,#8890));
#2004=EDGE_LOOP('',(#8891,#8892,#8893,#8894,#8895,#8896,#8897,#8898,#8899,
#8900,#8901,#8902,#8903,#8904,#8905,#8906,#8907,#8908,#8909,#8910));
#2005=EDGE_LOOP('',(#8911,#8912,#8913,#8914,#8915,#8916,#8917,#8918,#8919,
#8920,#8921,#8922,#8923,#8924,#8925,#8926,#8927,#8928,#8929,#8930));
#2006=EDGE_LOOP('',(#8931,#8932,#8933,#8934));
#2007=EDGE_LOOP('',(#8935,#8936,#8937,#8938));
#2008=EDGE_LOOP('',(#8939,#8940,#8941,#8942));
#2009=EDGE_LOOP('',(#8943,#8944,#8945,#8946));
#2010=EDGE_LOOP('',(#8947,#8948,#8949,#8950));
#2011=EDGE_LOOP('',(#8951,#8952,#8953,#8954));
#2012=EDGE_LOOP('',(#8955,#8956,#8957,#8958));
#2013=EDGE_LOOP('',(#8959,#8960,#8961,#8962));
#2014=EDGE_LOOP('',(#8963,#8964,#8965,#8966));
#2015=EDGE_LOOP('',(#8967,#8968,#8969,#8970));
#2016=EDGE_LOOP('',(#8971,#8972,#8973,#8974));
#2017=EDGE_LOOP('',(#8975,#8976,#8977,#8978));
#2018=EDGE_LOOP('',(#8979,#8980,#8981,#8982));
#2019=EDGE_LOOP('',(#8983,#8984,#8985,#8986));
#2020=EDGE_LOOP('',(#8987,#8988,#8989,#8990));
#2021=EDGE_LOOP('',(#8991,#8992,#8993,#8994));
#2022=EDGE_LOOP('',(#8995,#8996,#8997,#8998));
#2023=EDGE_LOOP('',(#8999,#9000,#9001,#9002));
#2024=EDGE_LOOP('',(#9003,#9004,#9005,#9006));
#2025=EDGE_LOOP('',(#9007,#9008,#9009,#9010));
#2026=EDGE_LOOP('',(#9011,#9012,#9013,#9014,#9015,#9016,#9017,#9018,#9019,
#9020,#9021,#9022,#9023,#9024,#9025,#9026,#9027,#9028,#9029,#9030));
#2027=EDGE_LOOP('',(#9031,#9032,#9033,#9034,#9035,#9036,#9037,#9038,#9039,
#9040,#9041,#9042,#9043,#9044,#9045,#9046,#9047,#9048,#9049,#9050));
#2028=EDGE_LOOP('',(#9051,#9052,#9053,#9054));
#2029=EDGE_LOOP('',(#9055,#9056,#9057,#9058));
#2030=EDGE_LOOP('',(#9059,#9060,#9061,#9062));
#2031=EDGE_LOOP('',(#9063,#9064,#9065,#9066));
#2032=EDGE_LOOP('',(#9067,#9068,#9069,#9070));
#2033=EDGE_LOOP('',(#9071,#9072,#9073,#9074));
#2034=EDGE_LOOP('',(#9075,#9076,#9077,#9078));
#2035=EDGE_LOOP('',(#9079,#9080,#9081,#9082));
#2036=EDGE_LOOP('',(#9083,#9084,#9085,#9086));
#2037=EDGE_LOOP('',(#9087,#9088,#9089,#9090));
#2038=EDGE_LOOP('',(#9091,#9092,#9093,#9094));
#2039=EDGE_LOOP('',(#9095,#9096,#9097,#9098));
#2040=EDGE_LOOP('',(#9099,#9100,#9101,#9102));
#2041=EDGE_LOOP('',(#9103,#9104,#9105,#9106));
#2042=EDGE_LOOP('',(#9107,#9108,#9109,#9110));
#2043=EDGE_LOOP('',(#9111,#9112,#9113,#9114));
#2044=EDGE_LOOP('',(#9115,#9116,#9117,#9118));
#2045=EDGE_LOOP('',(#9119,#9120,#9121,#9122));
#2046=EDGE_LOOP('',(#9123,#9124,#9125,#9126));
#2047=EDGE_LOOP('',(#9127,#9128,#9129,#9130));
#2048=EDGE_LOOP('',(#9131,#9132,#9133,#9134,#9135,#9136,#9137,#9138,#9139,
#9140,#9141,#9142,#9143,#9144,#9145,#9146,#9147,#9148,#9149,#9150));
#2049=EDGE_LOOP('',(#9151,#9152,#9153,#9154,#9155,#9156,#9157,#9158,#9159,
#9160,#9161,#9162,#9163,#9164,#9165,#9166,#9167,#9168,#9169,#9170));
#2050=EDGE_LOOP('',(#9171,#9172,#9173,#9174));
#2051=EDGE_LOOP('',(#9175,#9176,#9177,#9178));
#2052=EDGE_LOOP('',(#9179,#9180,#9181,#9182));
#2053=EDGE_LOOP('',(#9183,#9184,#9185,#9186));
#2054=EDGE_LOOP('',(#9187,#9188,#9189,#9190));
#2055=EDGE_LOOP('',(#9191,#9192,#9193,#9194));
#2056=EDGE_LOOP('',(#9195,#9196,#9197,#9198));
#2057=EDGE_LOOP('',(#9199,#9200,#9201,#9202));
#2058=EDGE_LOOP('',(#9203,#9204,#9205,#9206));
#2059=EDGE_LOOP('',(#9207,#9208,#9209,#9210));
#2060=EDGE_LOOP('',(#9211,#9212,#9213,#9214));
#2061=EDGE_LOOP('',(#9215,#9216,#9217,#9218));
#2062=EDGE_LOOP('',(#9219,#9220,#9221,#9222));
#2063=EDGE_LOOP('',(#9223,#9224,#9225,#9226));
#2064=EDGE_LOOP('',(#9227,#9228,#9229,#9230));
#2065=EDGE_LOOP('',(#9231,#9232,#9233,#9234));
#2066=EDGE_LOOP('',(#9235,#9236,#9237,#9238));
#2067=EDGE_LOOP('',(#9239,#9240,#9241,#9242));
#2068=EDGE_LOOP('',(#9243,#9244,#9245,#9246));
#2069=EDGE_LOOP('',(#9247,#9248,#9249,#9250));
#2070=EDGE_LOOP('',(#9251,#9252,#9253,#9254,#9255,#9256,#9257,#9258,#9259,
#9260,#9261,#9262,#9263,#9264,#9265,#9266,#9267,#9268,#9269,#9270));
#2071=EDGE_LOOP('',(#9271,#9272,#9273,#9274,#9275,#9276,#9277,#9278,#9279,
#9280,#9281,#9282,#9283,#9284,#9285,#9286,#9287,#9288,#9289,#9290));
#2072=EDGE_LOOP('',(#9291,#9292,#9293,#9294));
#2073=EDGE_LOOP('',(#9295,#9296,#9297,#9298));
#2074=EDGE_LOOP('',(#9299,#9300,#9301,#9302));
#2075=EDGE_LOOP('',(#9303,#9304,#9305,#9306));
#2076=EDGE_LOOP('',(#9307,#9308,#9309,#9310));
#2077=EDGE_LOOP('',(#9311,#9312,#9313,#9314));
#2078=EDGE_LOOP('',(#9315,#9316,#9317,#9318));
#2079=EDGE_LOOP('',(#9319,#9320,#9321,#9322));
#2080=EDGE_LOOP('',(#9323,#9324,#9325,#9326));
#2081=EDGE_LOOP('',(#9327,#9328,#9329,#9330));
#2082=EDGE_LOOP('',(#9331,#9332,#9333,#9334));
#2083=EDGE_LOOP('',(#9335,#9336,#9337,#9338));
#2084=EDGE_LOOP('',(#9339,#9340,#9341,#9342));
#2085=EDGE_LOOP('',(#9343,#9344,#9345,#9346));
#2086=EDGE_LOOP('',(#9347,#9348,#9349,#9350));
#2087=EDGE_LOOP('',(#9351,#9352,#9353,#9354));
#2088=EDGE_LOOP('',(#9355,#9356,#9357,#9358));
#2089=EDGE_LOOP('',(#9359,#9360,#9361,#9362));
#2090=EDGE_LOOP('',(#9363,#9364,#9365,#9366));
#2091=EDGE_LOOP('',(#9367,#9368,#9369,#9370));
#2092=EDGE_LOOP('',(#9371,#9372,#9373,#9374,#9375,#9376,#9377,#9378,#9379,
#9380,#9381,#9382,#9383,#9384,#9385,#9386,#9387,#9388,#9389,#9390));
#2093=EDGE_LOOP('',(#9391,#9392,#9393,#9394,#9395,#9396,#9397,#9398,#9399,
#9400,#9401,#9402,#9403,#9404,#9405,#9406,#9407,#9408,#9409,#9410));
#2094=EDGE_LOOP('',(#9411,#9412,#9413,#9414));
#2095=EDGE_LOOP('',(#9415,#9416,#9417,#9418));
#2096=EDGE_LOOP('',(#9419,#9420,#9421,#9422));
#2097=EDGE_LOOP('',(#9423,#9424,#9425,#9426));
#2098=EDGE_LOOP('',(#9427,#9428,#9429,#9430));
#2099=EDGE_LOOP('',(#9431,#9432,#9433,#9434));
#2100=EDGE_LOOP('',(#9435,#9436,#9437,#9438));
#2101=EDGE_LOOP('',(#9439,#9440,#9441,#9442));
#2102=EDGE_LOOP('',(#9443,#9444,#9445,#9446));
#2103=EDGE_LOOP('',(#9447,#9448,#9449,#9450));
#2104=EDGE_LOOP('',(#9451,#9452,#9453,#9454));
#2105=EDGE_LOOP('',(#9455,#9456,#9457,#9458));
#2106=EDGE_LOOP('',(#9459,#9460,#9461,#9462));
#2107=EDGE_LOOP('',(#9463,#9464,#9465,#9466));
#2108=EDGE_LOOP('',(#9467,#9468,#9469,#9470));
#2109=EDGE_LOOP('',(#9471,#9472,#9473,#9474));
#2110=EDGE_LOOP('',(#9475,#9476,#9477,#9478));
#2111=EDGE_LOOP('',(#9479,#9480,#9481,#9482));
#2112=EDGE_LOOP('',(#9483,#9484,#9485,#9486));
#2113=EDGE_LOOP('',(#9487,#9488,#9489,#9490));
#2114=EDGE_LOOP('',(#9491,#9492,#9493,#9494,#9495,#9496,#9497,#9498,#9499,
#9500,#9501,#9502,#9503,#9504,#9505,#9506,#9507,#9508,#9509,#9510));
#2115=EDGE_LOOP('',(#9511,#9512,#9513,#9514,#9515,#9516,#9517,#9518,#9519,
#9520,#9521,#9522,#9523,#9524,#9525,#9526,#9527,#9528,#9529,#9530));
#2116=EDGE_LOOP('',(#9531,#9532,#9533,#9534));
#2117=EDGE_LOOP('',(#9535,#9536,#9537,#9538));
#2118=EDGE_LOOP('',(#9539,#9540,#9541,#9542));
#2119=EDGE_LOOP('',(#9543,#9544,#9545,#9546));
#2120=EDGE_LOOP('',(#9547,#9548,#9549,#9550));
#2121=EDGE_LOOP('',(#9551,#9552,#9553,#9554));
#2122=EDGE_LOOP('',(#9555,#9556,#9557,#9558));
#2123=EDGE_LOOP('',(#9559,#9560,#9561,#9562));
#2124=EDGE_LOOP('',(#9563,#9564,#9565,#9566));
#2125=EDGE_LOOP('',(#9567,#9568,#9569,#9570));
#2126=EDGE_LOOP('',(#9571,#9572,#9573,#9574));
#2127=EDGE_LOOP('',(#9575,#9576,#9577,#9578));
#2128=EDGE_LOOP('',(#9579,#9580,#9581,#9582));
#2129=EDGE_LOOP('',(#9583,#9584,#9585,#9586));
#2130=EDGE_LOOP('',(#9587,#9588,#9589,#9590));
#2131=EDGE_LOOP('',(#9591,#9592,#9593,#9594));
#2132=EDGE_LOOP('',(#9595,#9596,#9597,#9598));
#2133=EDGE_LOOP('',(#9599,#9600,#9601,#9602));
#2134=EDGE_LOOP('',(#9603,#9604,#9605,#9606));
#2135=EDGE_LOOP('',(#9607,#9608,#9609,#9610));
#2136=EDGE_LOOP('',(#9611,#9612,#9613,#9614,#9615,#9616,#9617,#9618,#9619,
#9620,#9621,#9622,#9623,#9624,#9625,#9626,#9627,#9628,#9629,#9630));
#2137=EDGE_LOOP('',(#9631,#9632,#9633,#9634,#9635,#9636,#9637,#9638,#9639,
#9640,#9641,#9642,#9643,#9644,#9645,#9646,#9647,#9648,#9649,#9650));
#2138=EDGE_LOOP('',(#9651,#9652,#9653,#9654));
#2139=EDGE_LOOP('',(#9655,#9656,#9657,#9658));
#2140=EDGE_LOOP('',(#9659,#9660,#9661,#9662));
#2141=EDGE_LOOP('',(#9663,#9664,#9665,#9666));
#2142=EDGE_LOOP('',(#9667,#9668,#9669,#9670));
#2143=EDGE_LOOP('',(#9671,#9672,#9673,#9674));
#2144=EDGE_LOOP('',(#9675,#9676,#9677,#9678));
#2145=EDGE_LOOP('',(#9679,#9680,#9681,#9682));
#2146=EDGE_LOOP('',(#9683,#9684,#9685,#9686));
#2147=EDGE_LOOP('',(#9687,#9688,#9689,#9690));
#2148=EDGE_LOOP('',(#9691,#9692,#9693,#9694));
#2149=EDGE_LOOP('',(#9695,#9696,#9697,#9698));
#2150=EDGE_LOOP('',(#9699,#9700,#9701,#9702));
#2151=EDGE_LOOP('',(#9703,#9704,#9705,#9706));
#2152=EDGE_LOOP('',(#9707,#9708,#9709,#9710));
#2153=EDGE_LOOP('',(#9711,#9712,#9713,#9714));
#2154=EDGE_LOOP('',(#9715,#9716,#9717,#9718));
#2155=EDGE_LOOP('',(#9719,#9720,#9721,#9722));
#2156=EDGE_LOOP('',(#9723,#9724,#9725,#9726));
#2157=EDGE_LOOP('',(#9727,#9728,#9729,#9730));
#2158=EDGE_LOOP('',(#9731,#9732,#9733,#9734,#9735,#9736,#9737,#9738,#9739,
#9740,#9741,#9742,#9743,#9744,#9745,#9746,#9747,#9748,#9749,#9750));
#2159=EDGE_LOOP('',(#9751,#9752,#9753,#9754,#9755,#9756,#9757,#9758,#9759,
#9760,#9761,#9762,#9763,#9764,#9765,#9766,#9767,#9768,#9769,#9770));
#2160=EDGE_LOOP('',(#9771,#9772,#9773,#9774));
#2161=EDGE_LOOP('',(#9775,#9776,#9777,#9778));
#2162=EDGE_LOOP('',(#9779,#9780,#9781,#9782));
#2163=EDGE_LOOP('',(#9783,#9784,#9785,#9786));
#2164=EDGE_LOOP('',(#9787,#9788,#9789,#9790));
#2165=EDGE_LOOP('',(#9791,#9792,#9793,#9794));
#2166=EDGE_LOOP('',(#9795,#9796,#9797,#9798));
#2167=EDGE_LOOP('',(#9799,#9800,#9801,#9802));
#2168=EDGE_LOOP('',(#9803,#9804,#9805,#9806));
#2169=EDGE_LOOP('',(#9807,#9808,#9809,#9810));
#2170=EDGE_LOOP('',(#9811,#9812,#9813,#9814));
#2171=EDGE_LOOP('',(#9815,#9816,#9817,#9818));
#2172=EDGE_LOOP('',(#9819,#9820,#9821,#9822));
#2173=EDGE_LOOP('',(#9823,#9824,#9825,#9826));
#2174=EDGE_LOOP('',(#9827,#9828,#9829,#9830));
#2175=EDGE_LOOP('',(#9831,#9832,#9833,#9834));
#2176=EDGE_LOOP('',(#9835,#9836,#9837,#9838));
#2177=EDGE_LOOP('',(#9839,#9840,#9841,#9842));
#2178=EDGE_LOOP('',(#9843,#9844,#9845,#9846));
#2179=EDGE_LOOP('',(#9847,#9848,#9849,#9850));
#2180=EDGE_LOOP('',(#9851,#9852,#9853,#9854,#9855,#9856,#9857,#9858,#9859,
#9860,#9861,#9862,#9863,#9864,#9865,#9866,#9867,#9868,#9869,#9870));
#2181=EDGE_LOOP('',(#9871,#9872,#9873,#9874,#9875,#9876,#9877,#9878,#9879,
#9880,#9881,#9882,#9883,#9884,#9885,#9886,#9887,#9888,#9889,#9890));
#2182=EDGE_LOOP('',(#9891,#9892,#9893,#9894));
#2183=EDGE_LOOP('',(#9895,#9896,#9897,#9898));
#2184=EDGE_LOOP('',(#9899,#9900,#9901,#9902));
#2185=EDGE_LOOP('',(#9903,#9904,#9905,#9906));
#2186=EDGE_LOOP('',(#9907,#9908,#9909,#9910));
#2187=EDGE_LOOP('',(#9911,#9912,#9913,#9914));
#2188=EDGE_LOOP('',(#9915,#9916,#9917,#9918));
#2189=EDGE_LOOP('',(#9919,#9920,#9921,#9922));
#2190=EDGE_LOOP('',(#9923,#9924,#9925,#9926));
#2191=EDGE_LOOP('',(#9927,#9928,#9929,#9930));
#2192=EDGE_LOOP('',(#9931,#9932,#9933,#9934));
#2193=EDGE_LOOP('',(#9935,#9936,#9937,#9938));
#2194=EDGE_LOOP('',(#9939,#9940,#9941,#9942));
#2195=EDGE_LOOP('',(#9943,#9944,#9945,#9946));
#2196=EDGE_LOOP('',(#9947,#9948,#9949,#9950));
#2197=EDGE_LOOP('',(#9951,#9952,#9953,#9954));
#2198=EDGE_LOOP('',(#9955,#9956,#9957,#9958));
#2199=EDGE_LOOP('',(#9959,#9960,#9961,#9962));
#2200=EDGE_LOOP('',(#9963,#9964,#9965,#9966));
#2201=EDGE_LOOP('',(#9967,#9968,#9969,#9970));
#2202=EDGE_LOOP('',(#9971,#9972,#9973,#9974,#9975,#9976,#9977,#9978,#9979,
#9980,#9981,#9982,#9983,#9984,#9985,#9986,#9987,#9988,#9989,#9990));
#2203=EDGE_LOOP('',(#9991,#9992,#9993,#9994,#9995,#9996,#9997,#9998,#9999,
#10000,#10001,#10002,#10003,#10004,#10005,#10006,#10007,#10008,#10009,#10010));
#2204=EDGE_LOOP('',(#10011,#10012,#10013,#10014));
#2205=EDGE_LOOP('',(#10015,#10016,#10017,#10018));
#2206=EDGE_LOOP('',(#10019,#10020,#10021,#10022));
#2207=EDGE_LOOP('',(#10023,#10024,#10025,#10026));
#2208=EDGE_LOOP('',(#10027,#10028,#10029,#10030));
#2209=EDGE_LOOP('',(#10031,#10032,#10033,#10034));
#2210=EDGE_LOOP('',(#10035,#10036,#10037,#10038));
#2211=EDGE_LOOP('',(#10039,#10040,#10041,#10042));
#2212=EDGE_LOOP('',(#10043,#10044,#10045,#10046));
#2213=EDGE_LOOP('',(#10047,#10048,#10049,#10050));
#2214=EDGE_LOOP('',(#10051,#10052,#10053,#10054));
#2215=EDGE_LOOP('',(#10055,#10056,#10057,#10058));
#2216=EDGE_LOOP('',(#10059,#10060,#10061,#10062));
#2217=EDGE_LOOP('',(#10063,#10064,#10065,#10066));
#2218=EDGE_LOOP('',(#10067,#10068,#10069,#10070));
#2219=EDGE_LOOP('',(#10071,#10072,#10073,#10074));
#2220=EDGE_LOOP('',(#10075,#10076,#10077,#10078));
#2221=EDGE_LOOP('',(#10079,#10080,#10081,#10082));
#2222=EDGE_LOOP('',(#10083,#10084,#10085,#10086));
#2223=EDGE_LOOP('',(#10087,#10088,#10089,#10090));
#2224=EDGE_LOOP('',(#10091,#10092,#10093,#10094,#10095,#10096,#10097,#10098,
#10099,#10100,#10101,#10102,#10103,#10104,#10105,#10106,#10107,#10108,#10109,
#10110));
#2225=EDGE_LOOP('',(#10111,#10112,#10113,#10114,#10115,#10116,#10117,#10118,
#10119,#10120,#10121,#10122,#10123,#10124,#10125,#10126,#10127,#10128,#10129,
#10130));
#2226=EDGE_LOOP('',(#10131,#10132,#10133,#10134));
#2227=EDGE_LOOP('',(#10135,#10136,#10137,#10138));
#2228=EDGE_LOOP('',(#10139,#10140,#10141,#10142));
#2229=EDGE_LOOP('',(#10143,#10144,#10145,#10146));
#2230=EDGE_LOOP('',(#10147,#10148,#10149,#10150));
#2231=EDGE_LOOP('',(#10151,#10152,#10153,#10154));
#2232=EDGE_LOOP('',(#10155,#10156,#10157,#10158));
#2233=EDGE_LOOP('',(#10159,#10160,#10161,#10162));
#2234=EDGE_LOOP('',(#10163,#10164,#10165,#10166));
#2235=EDGE_LOOP('',(#10167,#10168,#10169,#10170));
#2236=EDGE_LOOP('',(#10171,#10172,#10173,#10174));
#2237=EDGE_LOOP('',(#10175,#10176,#10177,#10178));
#2238=EDGE_LOOP('',(#10179,#10180,#10181,#10182));
#2239=EDGE_LOOP('',(#10183,#10184,#10185,#10186));
#2240=EDGE_LOOP('',(#10187,#10188,#10189,#10190));
#2241=EDGE_LOOP('',(#10191,#10192,#10193,#10194));
#2242=EDGE_LOOP('',(#10195,#10196,#10197,#10198));
#2243=EDGE_LOOP('',(#10199,#10200,#10201,#10202));
#2244=EDGE_LOOP('',(#10203,#10204,#10205,#10206));
#2245=EDGE_LOOP('',(#10207,#10208,#10209,#10210));
#2246=EDGE_LOOP('',(#10211,#10212,#10213,#10214,#10215,#10216,#10217,#10218,
#10219,#10220,#10221,#10222,#10223,#10224,#10225,#10226,#10227,#10228,#10229,
#10230));
#2247=EDGE_LOOP('',(#10231,#10232,#10233,#10234,#10235,#10236,#10237,#10238,
#10239,#10240,#10241,#10242,#10243,#10244,#10245,#10246,#10247,#10248,#10249,
#10250));
#2248=EDGE_LOOP('',(#10251,#10252,#10253,#10254));
#2249=EDGE_LOOP('',(#10255,#10256,#10257,#10258));
#2250=EDGE_LOOP('',(#10259,#10260,#10261,#10262));
#2251=EDGE_LOOP('',(#10263,#10264,#10265,#10266));
#2252=EDGE_LOOP('',(#10267,#10268,#10269,#10270));
#2253=EDGE_LOOP('',(#10271,#10272,#10273,#10274));
#2254=EDGE_LOOP('',(#10275,#10276,#10277,#10278));
#2255=EDGE_LOOP('',(#10279,#10280,#10281,#10282));
#2256=EDGE_LOOP('',(#10283,#10284,#10285,#10286));
#2257=EDGE_LOOP('',(#10287,#10288,#10289,#10290));
#2258=EDGE_LOOP('',(#10291,#10292,#10293,#10294));
#2259=EDGE_LOOP('',(#10295,#10296,#10297,#10298));
#2260=EDGE_LOOP('',(#10299,#10300,#10301,#10302));
#2261=EDGE_LOOP('',(#10303,#10304,#10305,#10306));
#2262=EDGE_LOOP('',(#10307,#10308,#10309,#10310));
#2263=EDGE_LOOP('',(#10311,#10312,#10313,#10314));
#2264=EDGE_LOOP('',(#10315,#10316,#10317,#10318));
#2265=EDGE_LOOP('',(#10319,#10320,#10321,#10322));
#2266=EDGE_LOOP('',(#10323,#10324,#10325,#10326));
#2267=EDGE_LOOP('',(#10327,#10328,#10329,#10330));
#2268=EDGE_LOOP('',(#10331,#10332,#10333,#10334,#10335,#10336,#10337,#10338,
#10339,#10340,#10341,#10342,#10343,#10344,#10345,#10346,#10347,#10348,#10349,
#10350));
#2269=EDGE_LOOP('',(#10351,#10352,#10353,#10354,#10355,#10356,#10357,#10358,
#10359,#10360,#10361,#10362,#10363,#10364,#10365,#10366,#10367,#10368,#10369,
#10370));
#2270=EDGE_LOOP('',(#10371,#10372,#10373,#10374));
#2271=EDGE_LOOP('',(#10375,#10376,#10377,#10378));
#2272=EDGE_LOOP('',(#10379,#10380,#10381,#10382));
#2273=EDGE_LOOP('',(#10383,#10384,#10385,#10386));
#2274=EDGE_LOOP('',(#10387,#10388,#10389,#10390));
#2275=EDGE_LOOP('',(#10391,#10392,#10393,#10394));
#2276=EDGE_LOOP('',(#10395,#10396,#10397,#10398));
#2277=EDGE_LOOP('',(#10399,#10400,#10401,#10402));
#2278=EDGE_LOOP('',(#10403,#10404,#10405,#10406));
#2279=EDGE_LOOP('',(#10407,#10408,#10409,#10410));
#2280=EDGE_LOOP('',(#10411,#10412,#10413,#10414));
#2281=EDGE_LOOP('',(#10415,#10416,#10417,#10418));
#2282=EDGE_LOOP('',(#10419,#10420,#10421,#10422));
#2283=EDGE_LOOP('',(#10423,#10424,#10425,#10426));
#2284=EDGE_LOOP('',(#10427,#10428,#10429,#10430));
#2285=EDGE_LOOP('',(#10431,#10432,#10433,#10434));
#2286=EDGE_LOOP('',(#10435,#10436,#10437,#10438));
#2287=EDGE_LOOP('',(#10439,#10440,#10441,#10442));
#2288=EDGE_LOOP('',(#10443,#10444,#10445,#10446));
#2289=EDGE_LOOP('',(#10447,#10448,#10449,#10450));
#2290=EDGE_LOOP('',(#10451,#10452,#10453,#10454,#10455,#10456,#10457,#10458,
#10459,#10460,#10461,#10462,#10463,#10464,#10465,#10466,#10467,#10468,#10469,
#10470));
#2291=EDGE_LOOP('',(#10471,#10472,#10473,#10474,#10475,#10476,#10477,#10478,
#10479,#10480,#10481,#10482,#10483,#10484,#10485,#10486,#10487,#10488,#10489,
#10490));
#2292=EDGE_LOOP('',(#10491,#10492,#10493,#10494));
#2293=EDGE_LOOP('',(#10495,#10496,#10497,#10498));
#2294=EDGE_LOOP('',(#10499,#10500,#10501,#10502));
#2295=EDGE_LOOP('',(#10503,#10504,#10505,#10506));
#2296=EDGE_LOOP('',(#10507,#10508,#10509,#10510));
#2297=EDGE_LOOP('',(#10511,#10512,#10513,#10514));
#2298=EDGE_LOOP('',(#10515,#10516,#10517,#10518));
#2299=EDGE_LOOP('',(#10519,#10520,#10521,#10522));
#2300=EDGE_LOOP('',(#10523,#10524,#10525,#10526));
#2301=EDGE_LOOP('',(#10527,#10528,#10529,#10530));
#2302=EDGE_LOOP('',(#10531,#10532,#10533,#10534));
#2303=EDGE_LOOP('',(#10535,#10536,#10537,#10538));
#2304=EDGE_LOOP('',(#10539,#10540,#10541,#10542));
#2305=EDGE_LOOP('',(#10543,#10544,#10545,#10546));
#2306=EDGE_LOOP('',(#10547,#10548,#10549,#10550));
#2307=EDGE_LOOP('',(#10551,#10552,#10553,#10554));
#2308=EDGE_LOOP('',(#10555,#10556,#10557,#10558));
#2309=EDGE_LOOP('',(#10559,#10560,#10561,#10562));
#2310=EDGE_LOOP('',(#10563,#10564,#10565,#10566));
#2311=EDGE_LOOP('',(#10567,#10568,#10569,#10570));
#2312=EDGE_LOOP('',(#10571,#10572,#10573,#10574,#10575,#10576,#10577,#10578,
#10579,#10580,#10581,#10582,#10583,#10584,#10585,#10586,#10587,#10588,#10589,
#10590));
#2313=EDGE_LOOP('',(#10591,#10592,#10593,#10594,#10595,#10596,#10597,#10598,
#10599,#10600,#10601,#10602,#10603,#10604,#10605,#10606,#10607,#10608,#10609,
#10610));
#2314=EDGE_LOOP('',(#10611,#10612,#10613,#10614));
#2315=EDGE_LOOP('',(#10615,#10616,#10617,#10618));
#2316=EDGE_LOOP('',(#10619,#10620,#10621,#10622));
#2317=EDGE_LOOP('',(#10623,#10624,#10625,#10626));
#2318=EDGE_LOOP('',(#10627,#10628,#10629,#10630));
#2319=EDGE_LOOP('',(#10631,#10632,#10633,#10634));
#2320=EDGE_LOOP('',(#10635,#10636,#10637,#10638));
#2321=EDGE_LOOP('',(#10639,#10640,#10641,#10642));
#2322=EDGE_LOOP('',(#10643,#10644,#10645,#10646));
#2323=EDGE_LOOP('',(#10647,#10648,#10649,#10650));
#2324=EDGE_LOOP('',(#10651,#10652,#10653,#10654));
#2325=EDGE_LOOP('',(#10655,#10656,#10657,#10658));
#2326=EDGE_LOOP('',(#10659,#10660,#10661,#10662));
#2327=EDGE_LOOP('',(#10663,#10664,#10665,#10666));
#2328=EDGE_LOOP('',(#10667,#10668,#10669,#10670));
#2329=EDGE_LOOP('',(#10671,#10672,#10673,#10674));
#2330=EDGE_LOOP('',(#10675,#10676,#10677,#10678));
#2331=EDGE_LOOP('',(#10679,#10680,#10681,#10682));
#2332=EDGE_LOOP('',(#10683,#10684,#10685,#10686));
#2333=EDGE_LOOP('',(#10687,#10688,#10689,#10690));
#2334=EDGE_LOOP('',(#10691,#10692,#10693,#10694,#10695,#10696,#10697,#10698,
#10699,#10700,#10701,#10702,#10703,#10704,#10705,#10706,#10707,#10708,#10709,
#10710));
#2335=EDGE_LOOP('',(#10711,#10712,#10713,#10714,#10715,#10716,#10717,#10718,
#10719,#10720,#10721,#10722,#10723,#10724,#10725,#10726,#10727,#10728,#10729,
#10730));
#2336=EDGE_LOOP('',(#10731,#10732,#10733,#10734));
#2337=EDGE_LOOP('',(#10735,#10736,#10737,#10738));
#2338=EDGE_LOOP('',(#10739,#10740,#10741,#10742));
#2339=EDGE_LOOP('',(#10743,#10744,#10745,#10746));
#2340=EDGE_LOOP('',(#10747,#10748,#10749,#10750));
#2341=EDGE_LOOP('',(#10751,#10752,#10753,#10754));
#2342=EDGE_LOOP('',(#10755,#10756,#10757,#10758));
#2343=EDGE_LOOP('',(#10759,#10760,#10761,#10762));
#2344=EDGE_LOOP('',(#10763,#10764,#10765,#10766));
#2345=EDGE_LOOP('',(#10767,#10768,#10769,#10770));
#2346=EDGE_LOOP('',(#10771,#10772,#10773,#10774));
#2347=EDGE_LOOP('',(#10775,#10776,#10777,#10778));
#2348=EDGE_LOOP('',(#10779,#10780,#10781,#10782));
#2349=EDGE_LOOP('',(#10783,#10784,#10785,#10786));
#2350=EDGE_LOOP('',(#10787,#10788,#10789,#10790));
#2351=EDGE_LOOP('',(#10791,#10792,#10793,#10794));
#2352=EDGE_LOOP('',(#10795,#10796,#10797,#10798));
#2353=EDGE_LOOP('',(#10799,#10800,#10801,#10802));
#2354=EDGE_LOOP('',(#10803,#10804,#10805,#10806));
#2355=EDGE_LOOP('',(#10807,#10808,#10809,#10810));
#2356=EDGE_LOOP('',(#10811,#10812,#10813,#10814,#10815,#10816,#10817,#10818,
#10819,#10820,#10821,#10822,#10823,#10824,#10825,#10826,#10827,#10828,#10829,
#10830));
#2357=EDGE_LOOP('',(#10831,#10832,#10833,#10834,#10835,#10836,#10837,#10838,
#10839,#10840,#10841,#10842,#10843,#10844,#10845,#10846,#10847,#10848,#10849,
#10850));
#2358=B_SPLINE_CURVE_WITH_KNOTS('',3,(#15872,#15873,#15874,#15875,#15876,
#15877,#15878,#15879,#15880,#15881,#15882,#15883,#15884,#15885,#15886,#15887,
#15888,#15889,#15890,#15891,#15892,#15893,#15894,#15895,#15896,#15897,#15898,
#15899,#15900,#15901,#15902,#15903,#15904,#15905,#15906,#15907,#15908,#15909,
#15910,#15911,#15912,#15913,#15914,#15915,#15916,#15917,#15918,#15919,#15920,
#15921,#15922,#15923,#15924,#15925,#15926,#15927,#15928,#15929,#15930,#15931,
#15932,#15933,#15934,#15935,#15936,#15937,#15938),.UNSPECIFIED.,.F.,.F.,
(4,3,3,3,3,3,3,3,3,3,3,3,3,3,3,3,3,3,3,3,3,3,4),(0.,0.037543204030536,0.0765872394185937,
0.117573994651728,0.161258572830354,0.209181759309073,0.269050747730911,
0.331365804566577,0.379681891310248,0.423371673524513,0.464220913273796,
0.505953113656143,0.546659098927732,0.589841942962956,0.636764193384015,
0.692658932110539,0.769494199082904,0.819418076421339,0.864563557316004,
0.905331548462112,0.944533778182928,0.981948861610878,1.),.UNSPECIFIED.);
#2359=B_SPLINE_CURVE_WITH_KNOTS('',3,(#15940,#15941,#15942,#15943),
 .UNSPECIFIED.,.F.,.F.,(4,4),(-1.,0.),.UNSPECIFIED.);
#2360=B_SPLINE_CURVE_WITH_KNOTS('',3,(#15944,#15945,#15946,#15947,#15948,
#15949,#15950,#15951,#15952,#15953,#15954,#15955,#15956,#15957,#15958,#15959,
#15960,#15961,#15962,#15963,#15964,#15965,#15966,#15967,#15968,#15969,#15970,
#15971,#15972,#15973,#15974,#15975,#15976,#15977,#15978,#15979,#15980,#15981,
#15982,#15983,#15984,#15985,#15986,#15987,#15988,#15989,#15990,#15991,#15992,
#15993,#15994,#15995,#15996,#15997,#15998,#15999,#16000,#16001,#16002,#16003,
#16004,#16005,#16006,#16007,#16008,#16009,#16010),.UNSPECIFIED.,.F.,.F.,
(4,3,3,3,3,3,3,3,3,3,3,3,3,3,3,3,3,3,3,3,3,3,4),(0.,0.0375456626273852,
0.0765924055116191,0.117582246009912,0.161270562796515,0.209198877310715,
0.269083502175554,0.331383007850164,0.379698734807145,0.423389200072032,
0.464236430284017,0.506004171248639,0.546710888444098,0.589895442924127,
0.636821574665111,0.692734206482102,0.769550654861577,0.819462906405714,
0.864597179804286,0.905360974258344,0.944559564502766,0.981971726710398,
1.),.UNSPECIFIED.);
#2361=B_SPLINE_CURVE_WITH_KNOTS('',3,(#16043,#16044,#16045,#16046,#16047,
#16048,#16049,#16050,#16051,#16052,#16053,#16054,#16055,#16056,#16057,#16058,
#16059,#16060,#16061,#16062,#16063,#16064,#16065,#16066,#16067,#16068,#16069,
#16070,#16071,#16072,#16073,#16074,#16075,#16076,#16077,#16078,#16079,#16080,
#16081,#16082,#16083,#16084,#16085,#16086,#16087,#16088,#16089,#16090,#16091,
#16092,#16093,#16094,#16095,#16096,#16097,#16098,#16099,#16100,#16101,#16102,
#16103,#16104,#16105,#16106,#16107,#16108,#16109),.UNSPECIFIED.,.F.,.F.,
(4,3,3,3,3,3,3,3,3,3,3,3,3,3,3,3,3,3,3,3,3,3,4),(0.,0.0375432040305897,
0.0765872394189004,0.117573994652211,0.161258572830849,0.209181759308573,
0.269050747730126,0.33136580456722,0.379681891310976,0.423371673525375,
0.464220913274538,0.505953113635506,0.546659098906138,0.589841942939979,
0.636764193359022,0.692658932076179,0.769494199057134,0.819418076401843,
0.864563557301383,0.905331548448009,0.944533778169488,0.981948861598147,
1.),.UNSPECIFIED.);
#2362=B_SPLINE_CURVE_WITH_KNOTS('',3,(#16111,#16112,#16113,#16114),
 .UNSPECIFIED.,.F.,.F.,(4,4),(0.,1.),.UNSPECIFIED.);
#2363=B_SPLINE_CURVE_WITH_KNOTS('',3,(#16115,#16116,#16117,#16118,#16119,
#16120,#16121,#16122,#16123,#16124,#16125,#16126,#16127,#16128,#16129,#16130,
#16131,#16132,#16133,#16134,#16135,#16136,#16137,#16138,#16139,#16140,#16141,
#16142,#16143,#16144,#16145,#16146,#16147,#16148,#16149,#16150,#16151,#16152,
#16153,#16154,#16155,#16156,#16157,#16158,#16159,#16160,#16161,#16162,#16163,
#16164,#16165,#16166,#16167,#16168,#16169,#16170,#16171,#16172,#16173,#16174,
#16175,#16176,#16177,#16178,#16179,#16180,#16181),.UNSPECIFIED.,.F.,.F.,
(4,3,3,3,3,3,3,3,3,3,3,3,3,3,3,3,3,3,3,3,3,3,4),(0.,0.0375456626274091,
0.0765924055115499,0.117582246009966,0.161270562796815,0.209198877311044,
0.269083502175863,0.331383007849923,0.379698734807034,0.423389200071802,
0.464236430283723,0.506004171251835,0.546710888447417,0.589895442927909,
0.63682157466836,0.692734206486637,0.769550654864978,0.81946290640766,0.864597179805745,
0.905360974259908,0.944559564504422,0.981971726712138,1.),.UNSPECIFIED.);
#2364=B_SPLINE_CURVE_WITH_KNOTS('',3,(#16199,#16200,#16201,#16202),
 .UNSPECIFIED.,.F.,.F.,(4,4),(1.97857874651595,2.3561944901925),
 .UNSPECIFIED.);
#2365=B_SPLINE_CURVE_WITH_KNOTS('',3,(#16205,#16206,#16207,#16208),
 .UNSPECIFIED.,.F.,.F.,(4,4),(-2.3561944901925,-1.97857874651595),
 .UNSPECIFIED.);
#2366=B_SPLINE_CURVE_WITH_KNOTS('',3,(#16229,#16230,#16231,#16232),
 .UNSPECIFIED.,.F.,.F.,(4,4),(0.978214763696248,1.57079632679489),
 .UNSPECIFIED.);
#2367=B_SPLINE_CURVE_WITH_KNOTS('',3,(#16235,#16236,#16237,#16238),
 .UNSPECIFIED.,.F.,.F.,(4,4),(-1.57079632679489,-0.978214763696248),
 .UNSPECIFIED.);
#2368=B_SPLINE_CURVE_WITH_KNOTS('',3,(#16255,#16256,#16257,#16258),
 .UNSPECIFIED.,.F.,.F.,(4,4),(-0.978214763696248,-0.785398163397558),
 .UNSPECIFIED.);
#2369=B_SPLINE_CURVE_WITH_KNOTS('',3,(#16259,#16260,#16261,#16262),
 .UNSPECIFIED.,.F.,.F.,(4,4),(0.785398163397558,0.978214763696248),
 .UNSPECIFIED.);
#2370=B_SPLINE_CURVE_WITH_KNOTS('',3,(#16288,#16289,#16290,#16291),
 .UNSPECIFIED.,.F.,.F.,(4,4),(0.672474746830624,0.782474746830628),
 .UNSPECIFIED.);
#2371=B_SPLINE_CURVE_WITH_KNOTS('',3,(#16292,#16293,#16294,#16295),
 .UNSPECIFIED.,.F.,.F.,(4,4),(-0.782474746830628,-0.672474746830624),
 .UNSPECIFIED.);
#2372=B_SPLINE_CURVE_WITH_KNOTS('',3,(#16340,#16341,#16342,#16343,#16344,
#16345,#16346,#16347,#16348,#16349),.UNSPECIFIED.,.F.,.F.,(4,1,1,1,1,1,
1,4),(-4.57138124652981,-4.16287021997552,-3.75435919342123,-3.34584816686694,
-2.93733714031265,-2.52882611375836,-2.12031508720407,-1.71180406064977),
 .UNSPECIFIED.);
#2373=B_SPLINE_CURVE_WITH_KNOTS('',3,(#16352,#16353,#16354,#16355,#16356,
#16357,#16358,#16359,#16360,#16361),.UNSPECIFIED.,.F.,.F.,(4,1,1,1,1,1,
1,4),(1.71180406064977,2.12031508720407,2.52882611375836,2.93733714031265,
3.34584816686694,3.75435919342123,4.16287021997552,4.57138124652981),
 .UNSPECIFIED.);
#2374=B_SPLINE_CURVE_WITH_KNOTS('',3,(#16378,#16379,#16380,#16381),
 .UNSPECIFIED.,.F.,.F.,(4,4),(-1.71180406064977,-1.5707963267949),
 .UNSPECIFIED.);
#2375=B_SPLINE_CURVE_WITH_KNOTS('',3,(#16382,#16383,#16384,#16385),
 .UNSPECIFIED.,.F.,.F.,(4,4),(1.5707963267949,1.71180406064977),
 .UNSPECIFIED.);
#2376=B_SPLINE_CURVE_WITH_KNOTS('',3,(#16411,#16412,#16413,#16414),
 .UNSPECIFIED.,.F.,.F.,(4,4),(1.5707963267949,1.71180406064977),
 .UNSPECIFIED.);
#2377=B_SPLINE_CURVE_WITH_KNOTS('',3,(#16415,#16416,#16417,#16418),
 .UNSPECIFIED.,.F.,.F.,(4,4),(-1.71180406064977,-1.5707963267949),
 .UNSPECIFIED.);
#2378=B_SPLINE_CURVE_WITH_KNOTS('',3,(#16439,#16440,#16441,#16442),
 .UNSPECIFIED.,.F.,.F.,(4,4),(0.978214763696158,1.57079632679489),
 .UNSPECIFIED.);
#2379=B_SPLINE_CURVE_WITH_KNOTS('',3,(#16445,#16446,#16447,#16448),
 .UNSPECIFIED.,.F.,.F.,(4,4),(-1.57079632679489,-0.978214763696158),
 .UNSPECIFIED.);
#2380=B_SPLINE_CURVE_WITH_KNOTS('',3,(#16465,#16466,#16467,#16468),
 .UNSPECIFIED.,.F.,.F.,(4,4),(-0.499632034355987,-0.389632034355984),
 .UNSPECIFIED.);
#2381=B_SPLINE_CURVE_WITH_KNOTS('',3,(#16469,#16470,#16471,#16472),
 .UNSPECIFIED.,.F.,.F.,(4,4),(0.389632034355984,0.499632034355987),
 .UNSPECIFIED.);
#2382=B_SPLINE_CURVE_WITH_KNOTS('',3,(#16490,#16491,#16492,#16493),
 .UNSPECIFIED.,.F.,.F.,(4,4),(-1.16301390707381,-0.785398163397385),
 .UNSPECIFIED.);
#2383=B_SPLINE_CURVE_WITH_KNOTS('',3,(#16496,#16497,#16498,#16499),
 .UNSPECIFIED.,.F.,.F.,(4,4),(0.785398163397385,1.16301390707381),
 .UNSPECIFIED.);
#2384=B_SPLINE_CURVE_WITH_KNOTS('',3,(#16516,#16517,#16518,#16519),
 .UNSPECIFIED.,.F.,.F.,(4,4),(0.785398163397489,0.978214763696163),
 .UNSPECIFIED.);
#2385=B_SPLINE_CURVE_WITH_KNOTS('',3,(#16520,#16521,#16522,#16523),
 .UNSPECIFIED.,.F.,.F.,(4,4),(-0.978214763696163,-0.785398163397489),
 .UNSPECIFIED.);
#2386=B_SPLINE_CURVE_WITH_KNOTS('',3,(#16583,#16584,#16585,#16586,#16587,
#16588,#16589),.UNSPECIFIED.,.F.,.F.,(4,3,4),(0.,0.0244461055117972,0.0271510749520032),
 .UNSPECIFIED.);
#2387=B_SPLINE_CURVE_WITH_KNOTS('',3,(#16590,#16591,#16592,#16593,#16594,
#16595,#16596,#16597,#16598,#16599),.UNSPECIFIED.,.F.,.F.,(4,2,2,2,4),(0.,
0.0836545355811312,0.174321198865016,0.272187646394495,0.272810223715243),
 .UNSPECIFIED.);
#2388=B_SPLINE_CURVE_WITH_KNOTS('',3,(#16647,#16648,#16649,#16650,#16651,
#16652,#16653,#16654,#16655,#16656),.UNSPECIFIED.,.F.,.F.,(4,2,2,2,4),(-0.000624363292103377,
0.,0.0981471954618752,0.189073952700834,0.272968466662517),
 .UNSPECIFIED.);
#2389=B_SPLINE_CURVE_WITH_KNOTS('',3,(#16657,#16658,#16659,#16660,#16661,
#16662,#16663),.UNSPECIFIED.,.F.,.F.,(4,3,4),(0.375451038958699,0.402583671782866,
0.405587264225257),.UNSPECIFIED.);
#2390=B_SPLINE_CURVE_WITH_KNOTS('',3,(#16666,#16667,#16668,#16669,#16670,
#16671),.UNSPECIFIED.,.F.,.F.,(4,2,4),(1.30176148384558,1.36851928509983,
1.42342582737716),.UNSPECIFIED.);
#2391=B_SPLINE_CURVE_WITH_KNOTS('',3,(#16685,#16686,#16687,#16688,#16689,
#16690),.UNSPECIFIED.,.F.,.F.,(4,2,4),(0.215852074787345,0.270758617083682,
0.337516418337927),.UNSPECIFIED.);
#2392=B_SPLINE_CURVE_WITH_KNOTS('',3,(#16705,#16706,#16707,#16708),
 .UNSPECIFIED.,.F.,.F.,(4,4),(-0.167352943717861,0.),.UNSPECIFIED.);
#2393=B_SPLINE_CURVE_WITH_KNOTS('',3,(#16725,#16726,#16727,#16728),
 .UNSPECIFIED.,.F.,.F.,(4,4),(-0.167320314635243,0.),.UNSPECIFIED.);
#2394=B_SPLINE_CURVE_WITH_KNOTS('',3,(#16766,#16767,#16768,#16769),
 .UNSPECIFIED.,.F.,.F.,(4,4),(0.,0.214847306393605),.UNSPECIFIED.);
#2395=B_SPLINE_CURVE_WITH_KNOTS('',3,(#16811,#16812,#16813,#16814),
 .UNSPECIFIED.,.F.,.F.,(4,4),(0.,0.214847306393585),.UNSPECIFIED.);
#2396=B_SPLINE_CURVE_WITH_KNOTS('',3,(#16977,#16978,#16979,#16980,#16981,
#16982,#16983,#16984,#16985,#16986,#16987,#16988,#16989,#16990,#16991,#16992,
#16993,#16994,#16995),.UNSPECIFIED.,.F.,.F.,(4,2,2,2,3,2,2,2,4),(-0.0208774767393802,
-0.0152938034969938,-0.00547647561276043,-0.00273823780638022,0.,0.00342682087569702,
0.00685364175139403,0.0207470114861333,0.05170759014446),.UNSPECIFIED.);
#2397=B_SPLINE_CURVE_WITH_KNOTS('',3,(#17024,#17025,#17026,#17027,#17028,
#17029,#17030,#17031,#17032,#17033,#17034,#17035,#17036,#17037,#17038,#17039,
#17040,#17041,#17042),.UNSPECIFIED.,.F.,.F.,(4,2,2,2,3,2,2,2,4),(-0.0517075901444657,
-0.0207470114861366,-0.00685364175139261,-0.00342682087569629,0.,0.00273823780638134,
0.00547647561276268,0.0152938034969901,0.0208774767393797),
 .UNSPECIFIED.);
#2398=B_SPLINE_CURVE_WITH_KNOTS('',3,(#17085,#17086,#17087,#17088,#17089,
#17090,#17091,#17092,#17093,#17094,#17095,#17096,#17097,#17098,#17099,#17100,
#17101,#17102),.UNSPECIFIED.,.F.,.F.,(4,2,2,2,2,2,2,2,4),(0.0764925406669891,
0.0820762139093835,0.0918935417936181,0.0946317795999985,0.0973700174063789,
0.100108255212759,0.10284649301914,0.112663820903374,0.149179808159523),
 .UNSPECIFIED.);
#2399=B_SPLINE_CURVE_WITH_KNOTS('',3,(#17107,#17108,#17109,#17110,#17111,
#17112,#17113,#17114,#17115,#17116,#17117,#17118,#17119,#17120,#17121,#17122,
#17123,#17124),.UNSPECIFIED.,.F.,.F.,(4,2,2,2,2,2,2,2,4),(0.0449447298331316,
0.0759053084914594,0.0897986782262124,0.0932254991019084,0.0966523199776044,
0.0993905577839846,0.102128795590365,0.111946123474599,0.117529796717),
 .UNSPECIFIED.);
#2400=LINE('',#15870,#3591);
#2401=LINE('',#16041,#3592);
#2402=LINE('',#16204,#3593);
#2403=LINE('',#16227,#3594);
#2404=LINE('',#16234,#3595);
#2405=LINE('',#16266,#3596);
#2406=LINE('',#16268,#3597);
#2407=LINE('',#16270,#3598);
#2408=LINE('',#16271,#3599);
#2409=LINE('',#16338,#3600);
#2410=LINE('',#16351,#3601);
#2411=LINE('',#16389,#3602);
#2412=LINE('',#16391,#3603);
#2413=LINE('',#16393,#3604);
#2414=LINE('',#16394,#3605);
#2415=LINE('',#16437,#3606);
#2416=LINE('',#16444,#3607);
#2417=LINE('',#16495,#3608);
#2418=LINE('',#16526,#3609);
#2419=LINE('',#16528,#3610);
#2420=LINE('',#16530,#3611);
#2421=LINE('',#16532,#3612);
#2422=LINE('',#16533,#3613);
#2423=LINE('',#16536,#3614);
#2424=LINE('',#16540,#3615);
#2425=LINE('',#16544,#3616);
#2426=LINE('',#16548,#3617);
#2427=LINE('',#16550,#3618);
#2428=LINE('',#16552,#3619);
#2429=LINE('',#16553,#3620);
#2430=LINE('',#16556,#3621);
#2431=LINE('',#16602,#3622);
#2432=LINE('',#16606,#3623);
#2433=LINE('',#16611,#3624);
#2434=LINE('',#16615,#3625);
#2435=LINE('',#16619,#3626);
#2436=LINE('',#16623,#3627);
#2437=LINE('',#16674,#3628);
#2438=LINE('',#16676,#3629);
#2439=LINE('',#16677,#3630);
#2440=LINE('',#16679,#3631);
#2441=LINE('',#16682,#3632);
#2442=LINE('',#16697,#3633);
#2443=LINE('',#16699,#3634);
#2444=LINE('',#16700,#3635);
#2445=LINE('',#16718,#3636);
#2446=LINE('',#16721,#3637);
#2447=LINE('',#16723,#3638);
#2448=LINE('',#16744,#3639);
#2449=LINE('',#16746,#3640);
#2450=LINE('',#16747,#3641);
#2451=LINE('',#16750,#3642);
#2452=LINE('',#16752,#3643);
#2453=LINE('',#16754,#3644);
#2454=LINE('',#16755,#3645);
#2455=LINE('',#16761,#3646);
#2456=LINE('',#16763,#3647);
#2457=LINE('',#16765,#3648);
#2458=LINE('',#16774,#3649);
#2459=LINE('',#16778,#3650);
#2460=LINE('',#16780,#3651);
#2461=LINE('',#16781,#3652);
#2462=LINE('',#16785,#3653);
#2463=LINE('',#16790,#3654);
#2464=LINE('',#16792,#3655);
#2465=LINE('',#16793,#3656);
#2466=LINE('',#16797,#3657);
#2467=LINE('',#16802,#3658);
#2468=LINE('',#16804,#3659);
#2469=LINE('',#16805,#3660);
#2470=LINE('',#16817,#3661);
#2471=LINE('',#16819,#3662);
#2472=LINE('',#16820,#3663);
#2473=LINE('',#16822,#3664);
#2474=LINE('',#16823,#3665);
#2475=LINE('',#16826,#3666);
#2476=LINE('',#16833,#3667);
#2477=LINE('',#16836,#3668);
#2478=LINE('',#16837,#3669);
#2479=LINE('',#16840,#3670);
#2480=LINE('',#16848,#3671);
#2481=LINE('',#16849,#3672);
#2482=LINE('',#16852,#3673);
#2483=LINE('',#16860,#3674);
#2484=LINE('',#16861,#3675);
#2485=LINE('',#16864,#3676);
#2486=LINE('',#16870,#3677);
#2487=LINE('',#16872,#3678);
#2488=LINE('',#16876,#3679);
#2489=LINE('',#16878,#3680);
#2490=LINE('',#16880,#3681);
#2491=LINE('',#16881,#3682);
#2492=LINE('',#16883,#3683);
#2493=LINE('',#16884,#3684);
#2494=LINE('',#16886,#3685);
#2495=LINE('',#16888,#3686);
#2496=LINE('',#16890,#3687);
#2497=LINE('',#16893,#3688);
#2498=LINE('',#16896,#3689);
#2499=LINE('',#16899,#3690);
#2500=LINE('',#16902,#3691);
#2501=LINE('',#16903,#3692);
#2502=LINE('',#16906,#3693);
#2503=LINE('',#16907,#3694);
#2504=LINE('',#16910,#3695);
#2505=LINE('',#16912,#3696);
#2506=LINE('',#16914,#3697);
#2507=LINE('',#16916,#3698);
#2508=LINE('',#16917,#3699);
#2509=LINE('',#16922,#3700);
#2510=LINE('',#16928,#3701);
#2511=LINE('',#16931,#3702);
#2512=LINE('',#16935,#3703);
#2513=LINE('',#16937,#3704);
#2514=LINE('',#16939,#3705);
#2515=LINE('',#16940,#3706);
#2516=LINE('',#16944,#3707);
#2517=LINE('',#16946,#3708);
#2518=LINE('',#16948,#3709);
#2519=LINE('',#16949,#3710);
#2520=LINE('',#16952,#3711);
#2521=LINE('',#16954,#3712);
#2522=LINE('',#16955,#3713);
#2523=LINE('',#16958,#3714);
#2524=LINE('',#16959,#3715);
#2525=LINE('',#16960,#3716);
#2526=LINE('',#16966,#3717);
#2527=LINE('',#16968,#3718);
#2528=LINE('',#16969,#3719);
#2529=LINE('',#16970,#3720);
#2530=LINE('',#16975,#3721);
#2531=LINE('',#16996,#3722);
#2532=LINE('',#16999,#3723);
#2533=LINE('',#17003,#3724);
#2534=LINE('',#17007,#3725);
#2535=LINE('',#17009,#3726);
#2536=LINE('',#17011,#3727);
#2537=LINE('',#17013,#3728);
#2538=LINE('',#17015,#3729);
#2539=LINE('',#17019,#3730);
#2540=LINE('',#17023,#3731);
#2541=LINE('',#17045,#3732);
#2542=LINE('',#17047,#3733);
#2543=LINE('',#17052,#3734);
#2544=LINE('',#17054,#3735);
#2545=LINE('',#17056,#3736);
#2546=LINE('',#17057,#3737);
#2547=LINE('',#17061,#3738);
#2548=LINE('',#17062,#3739);
#2549=LINE('',#17063,#3740);
#2550=LINE('',#17066,#3741);
#2551=LINE('',#17067,#3742);
#2552=LINE('',#17069,#3743);
#2553=LINE('',#17070,#3744);
#2554=LINE('',#17076,#3745);
#2555=LINE('',#17078,#3746);
#2556=LINE('',#17079,#3747);
#2557=LINE('',#17080,#3748);
#2558=LINE('',#17103,#3749);
#2559=LINE('',#17106,#3750);
#2560=LINE('',#17127,#3751);
#2561=LINE('',#17129,#3752);
#2562=LINE('',#17132,#3753);
#2563=LINE('',#17134,#3754);
#2564=LINE('',#17136,#3755);
#2565=LINE('',#17138,#3756);
#2566=LINE('',#17143,#3757);
#2567=LINE('',#17144,#3758);
#2568=LINE('',#17149,#3759);
#2569=LINE('',#17150,#3760);
#2570=LINE('',#17153,#3761);
#2571=LINE('',#17155,#3762);
#2572=LINE('',#17156,#3763);
#2573=LINE('',#17159,#3764);
#2574=LINE('',#17161,#3765);
#2575=LINE('',#17162,#3766);
#2576=LINE('',#17167,#3767);
#2577=LINE('',#17173,#3768);
#2578=LINE('',#17176,#3769);
#2579=LINE('',#17178,#3770);
#2580=LINE('',#17180,#3771);
#2581=LINE('',#17181,#3772);
#2582=LINE('',#17184,#3773);
#2583=LINE('',#17185,#3774);
#2584=LINE('',#17187,#3775);
#2585=LINE('',#17190,#3776);
#2586=LINE('',#17193,#3777);
#2587=LINE('',#17197,#3778);
#2588=LINE('',#17202,#3779);
#2589=LINE('',#17210,#3780);
#2590=LINE('',#17213,#3781);
#2591=LINE('',#17219,#3782);
#2592=LINE('',#17223,#3783);
#2593=LINE('',#17225,#3784);
#2594=LINE('',#17228,#3785);
#2595=LINE('',#17231,#3786);
#2596=LINE('',#17234,#3787);
#2597=LINE('',#17235,#3788);
#2598=LINE('',#17238,#3789);
#2599=LINE('',#17242,#3790);
#2600=LINE('',#17246,#3791);
#2601=LINE('',#17247,#3792);
#2602=LINE('',#17251,#3793);
#2603=LINE('',#17262,#3794);
#2604=LINE('',#17267,#3795);
#2605=LINE('',#17269,#3796);
#2606=LINE('',#17272,#3797);
#2607=LINE('',#17275,#3798);
#2608=LINE('',#17278,#3799);
#2609=LINE('',#17279,#3800);
#2610=LINE('',#17282,#3801);
#2611=LINE('',#17286,#3802);
#2612=LINE('',#17290,#3803);
#2613=LINE('',#17291,#3804);
#2614=LINE('',#17294,#3805);
#2615=LINE('',#17295,#3806);
#2616=LINE('',#17301,#3807);
#2617=LINE('',#17304,#3808);
#2618=LINE('',#17306,#3809);
#2619=LINE('',#17310,#3810);
#2620=LINE('',#17311,#3811);
#2621=LINE('',#17327,#3812);
#2622=LINE('',#17337,#3813);
#2623=LINE('',#17342,#3814);
#2624=LINE('',#17344,#3815);
#2625=LINE('',#17348,#3816);
#2626=LINE('',#17349,#3817);
#2627=LINE('',#17352,#3818);
#2628=LINE('',#17353,#3819);
#2629=LINE('',#17355,#3820);
#2630=LINE('',#17358,#3821);
#2631=LINE('',#17359,#3822);
#2632=LINE('',#17361,#3823);
#2633=LINE('',#17363,#3824);
#2634=LINE('',#17364,#3825);
#2635=LINE('',#17366,#3826);
#2636=LINE('',#17371,#3827);
#2637=LINE('',#17372,#3828);
#2638=LINE('',#17374,#3829);
#2639=LINE('',#17379,#3830);
#2640=LINE('',#17381,#3831);
#2641=LINE('',#17383,#3832);
#2642=LINE('',#17384,#3833);
#2643=LINE('',#17387,#3834);
#2644=LINE('',#17389,#3835);
#2645=LINE('',#17390,#3836);
#2646=LINE('',#17393,#3837);
#2647=LINE('',#17395,#3838);
#2648=LINE('',#17396,#3839);
#2649=LINE('',#17398,#3840);
#2650=LINE('',#17399,#3841);
#2651=LINE('',#17405,#3842);
#2652=LINE('',#17407,#3843);
#2653=LINE('',#17409,#3844);
#2654=LINE('',#17410,#3845);
#2655=LINE('',#17413,#3846);
#2656=LINE('',#17415,#3847);
#2657=LINE('',#17416,#3848);
#2658=LINE('',#17419,#3849);
#2659=LINE('',#17421,#3850);
#2660=LINE('',#17422,#3851);
#2661=LINE('',#17425,#3852);
#2662=LINE('',#17427,#3853);
#2663=LINE('',#17428,#3854);
#2664=LINE('',#17430,#3855);
#2665=LINE('',#17431,#3856);
#2666=LINE('',#17437,#3857);
#2667=LINE('',#17439,#3858);
#2668=LINE('',#17441,#3859);
#2669=LINE('',#17442,#3860);
#2670=LINE('',#17445,#3861);
#2671=LINE('',#17447,#3862);
#2672=LINE('',#17448,#3863);
#2673=LINE('',#17451,#3864);
#2674=LINE('',#17453,#3865);
#2675=LINE('',#17454,#3866);
#2676=LINE('',#17457,#3867);
#2677=LINE('',#17459,#3868);
#2678=LINE('',#17460,#3869);
#2679=LINE('',#17462,#3870);
#2680=LINE('',#17463,#3871);
#2681=LINE('',#17469,#3872);
#2682=LINE('',#17471,#3873);
#2683=LINE('',#17473,#3874);
#2684=LINE('',#17474,#3875);
#2685=LINE('',#17477,#3876);
#2686=LINE('',#17479,#3877);
#2687=LINE('',#17480,#3878);
#2688=LINE('',#17483,#3879);
#2689=LINE('',#17485,#3880);
#2690=LINE('',#17486,#3881);
#2691=LINE('',#17489,#3882);
#2692=LINE('',#17491,#3883);
#2693=LINE('',#17492,#3884);
#2694=LINE('',#17494,#3885);
#2695=LINE('',#17495,#3886);
#2696=LINE('',#17501,#3887);
#2697=LINE('',#17503,#3888);
#2698=LINE('',#17505,#3889);
#2699=LINE('',#17506,#3890);
#2700=LINE('',#17509,#3891);
#2701=LINE('',#17511,#3892);
#2702=LINE('',#17512,#3893);
#2703=LINE('',#17515,#3894);
#2704=LINE('',#17517,#3895);
#2705=LINE('',#17518,#3896);
#2706=LINE('',#17521,#3897);
#2707=LINE('',#17523,#3898);
#2708=LINE('',#17524,#3899);
#2709=LINE('',#17526,#3900);
#2710=LINE('',#17527,#3901);
#2711=LINE('',#17534,#3902);
#2712=LINE('',#17536,#3903);
#2713=LINE('',#17538,#3904);
#2714=LINE('',#17539,#3905);
#2715=LINE('',#17545,#3906);
#2716=LINE('',#17548,#3907);
#2717=LINE('',#17550,#3908);
#2718=LINE('',#17551,#3909);
#2719=LINE('',#17557,#3910);
#2720=LINE('',#17560,#3911);
#2721=LINE('',#17562,#3912);
#2722=LINE('',#17563,#3913);
#2723=LINE('',#17569,#3914);
#2724=LINE('',#17572,#3915);
#2725=LINE('',#17574,#3916);
#2726=LINE('',#17575,#3917);
#2727=LINE('',#17578,#3918);
#2728=LINE('',#17580,#3919);
#2729=LINE('',#17581,#3920);
#2730=LINE('',#17584,#3921);
#2731=LINE('',#17586,#3922);
#2732=LINE('',#17587,#3923);
#2733=LINE('',#17593,#3924);
#2734=LINE('',#17596,#3925);
#2735=LINE('',#17598,#3926);
#2736=LINE('',#17599,#3927);
#2737=LINE('',#17605,#3928);
#2738=LINE('',#17608,#3929);
#2739=LINE('',#17610,#3930);
#2740=LINE('',#17611,#3931);
#2741=LINE('',#17617,#3932);
#2742=LINE('',#17620,#3933);
#2743=LINE('',#17622,#3934);
#2744=LINE('',#17623,#3935);
#2745=LINE('',#17629,#3936);
#2746=LINE('',#17632,#3937);
#2747=LINE('',#17634,#3938);
#2748=LINE('',#17635,#3939);
#2749=LINE('',#17638,#3940);
#2750=LINE('',#17640,#3941);
#2751=LINE('',#17641,#3942);
#2752=LINE('',#17644,#3943);
#2753=LINE('',#17646,#3944);
#2754=LINE('',#17647,#3945);
#2755=LINE('',#17656,#3946);
#2756=LINE('',#17658,#3947);
#2757=LINE('',#17660,#3948);
#2758=LINE('',#17661,#3949);
#2759=LINE('',#17667,#3950);
#2760=LINE('',#17670,#3951);
#2761=LINE('',#17672,#3952);
#2762=LINE('',#17673,#3953);
#2763=LINE('',#17679,#3954);
#2764=LINE('',#17682,#3955);
#2765=LINE('',#17684,#3956);
#2766=LINE('',#17685,#3957);
#2767=LINE('',#17691,#3958);
#2768=LINE('',#17694,#3959);
#2769=LINE('',#17696,#3960);
#2770=LINE('',#17697,#3961);
#2771=LINE('',#17700,#3962);
#2772=LINE('',#17702,#3963);
#2773=LINE('',#17703,#3964);
#2774=LINE('',#17706,#3965);
#2775=LINE('',#17708,#3966);
#2776=LINE('',#17709,#3967);
#2777=LINE('',#17715,#3968);
#2778=LINE('',#17718,#3969);
#2779=LINE('',#17720,#3970);
#2780=LINE('',#17721,#3971);
#2781=LINE('',#17727,#3972);
#2782=LINE('',#17730,#3973);
#2783=LINE('',#17732,#3974);
#2784=LINE('',#17733,#3975);
#2785=LINE('',#17739,#3976);
#2786=LINE('',#17742,#3977);
#2787=LINE('',#17744,#3978);
#2788=LINE('',#17745,#3979);
#2789=LINE('',#17751,#3980);
#2790=LINE('',#17754,#3981);
#2791=LINE('',#17756,#3982);
#2792=LINE('',#17757,#3983);
#2793=LINE('',#17760,#3984);
#2794=LINE('',#17762,#3985);
#2795=LINE('',#17763,#3986);
#2796=LINE('',#17766,#3987);
#2797=LINE('',#17768,#3988);
#2798=LINE('',#17769,#3989);
#2799=LINE('',#17778,#3990);
#2800=LINE('',#17780,#3991);
#2801=LINE('',#17782,#3992);
#2802=LINE('',#17783,#3993);
#2803=LINE('',#17789,#3994);
#2804=LINE('',#17792,#3995);
#2805=LINE('',#17794,#3996);
#2806=LINE('',#17795,#3997);
#2807=LINE('',#17801,#3998);
#2808=LINE('',#17804,#3999);
#2809=LINE('',#17806,#4000);
#2810=LINE('',#17807,#4001);
#2811=LINE('',#17813,#4002);
#2812=LINE('',#17816,#4003);
#2813=LINE('',#17818,#4004);
#2814=LINE('',#17819,#4005);
#2815=LINE('',#17822,#4006);
#2816=LINE('',#17824,#4007);
#2817=LINE('',#17825,#4008);
#2818=LINE('',#17828,#4009);
#2819=LINE('',#17830,#4010);
#2820=LINE('',#17831,#4011);
#2821=LINE('',#17837,#4012);
#2822=LINE('',#17840,#4013);
#2823=LINE('',#17842,#4014);
#2824=LINE('',#17843,#4015);
#2825=LINE('',#17849,#4016);
#2826=LINE('',#17852,#4017);
#2827=LINE('',#17854,#4018);
#2828=LINE('',#17855,#4019);
#2829=LINE('',#17861,#4020);
#2830=LINE('',#17864,#4021);
#2831=LINE('',#17866,#4022);
#2832=LINE('',#17867,#4023);
#2833=LINE('',#17873,#4024);
#2834=LINE('',#17876,#4025);
#2835=LINE('',#17878,#4026);
#2836=LINE('',#17879,#4027);
#2837=LINE('',#17882,#4028);
#2838=LINE('',#17884,#4029);
#2839=LINE('',#17885,#4030);
#2840=LINE('',#17888,#4031);
#2841=LINE('',#17890,#4032);
#2842=LINE('',#17891,#4033);
#2843=LINE('',#17900,#4034);
#2844=LINE('',#17902,#4035);
#2845=LINE('',#17904,#4036);
#2846=LINE('',#17905,#4037);
#2847=LINE('',#17911,#4038);
#2848=LINE('',#17914,#4039);
#2849=LINE('',#17916,#4040);
#2850=LINE('',#17917,#4041);
#2851=LINE('',#17923,#4042);
#2852=LINE('',#17926,#4043);
#2853=LINE('',#17928,#4044);
#2854=LINE('',#17929,#4045);
#2855=LINE('',#17935,#4046);
#2856=LINE('',#17938,#4047);
#2857=LINE('',#17940,#4048);
#2858=LINE('',#17941,#4049);
#2859=LINE('',#17944,#4050);
#2860=LINE('',#17946,#4051);
#2861=LINE('',#17947,#4052);
#2862=LINE('',#17950,#4053);
#2863=LINE('',#17952,#4054);
#2864=LINE('',#17953,#4055);
#2865=LINE('',#17959,#4056);
#2866=LINE('',#17962,#4057);
#2867=LINE('',#17964,#4058);
#2868=LINE('',#17965,#4059);
#2869=LINE('',#17971,#4060);
#2870=LINE('',#17974,#4061);
#2871=LINE('',#17976,#4062);
#2872=LINE('',#17977,#4063);
#2873=LINE('',#17983,#4064);
#2874=LINE('',#17986,#4065);
#2875=LINE('',#17988,#4066);
#2876=LINE('',#17989,#4067);
#2877=LINE('',#17995,#4068);
#2878=LINE('',#17998,#4069);
#2879=LINE('',#18000,#4070);
#2880=LINE('',#18001,#4071);
#2881=LINE('',#18004,#4072);
#2882=LINE('',#18006,#4073);
#2883=LINE('',#18007,#4074);
#2884=LINE('',#18010,#4075);
#2885=LINE('',#18012,#4076);
#2886=LINE('',#18013,#4077);
#2887=LINE('',#18022,#4078);
#2888=LINE('',#18024,#4079);
#2889=LINE('',#18026,#4080);
#2890=LINE('',#18027,#4081);
#2891=LINE('',#18033,#4082);
#2892=LINE('',#18036,#4083);
#2893=LINE('',#18038,#4084);
#2894=LINE('',#18039,#4085);
#2895=LINE('',#18045,#4086);
#2896=LINE('',#18048,#4087);
#2897=LINE('',#18050,#4088);
#2898=LINE('',#18051,#4089);
#2899=LINE('',#18057,#4090);
#2900=LINE('',#18060,#4091);
#2901=LINE('',#18062,#4092);
#2902=LINE('',#18063,#4093);
#2903=LINE('',#18066,#4094);
#2904=LINE('',#18068,#4095);
#2905=LINE('',#18069,#4096);
#2906=LINE('',#18072,#4097);
#2907=LINE('',#18074,#4098);
#2908=LINE('',#18075,#4099);
#2909=LINE('',#18081,#4100);
#2910=LINE('',#18084,#4101);
#2911=LINE('',#18086,#4102);
#2912=LINE('',#18087,#4103);
#2913=LINE('',#18093,#4104);
#2914=LINE('',#18096,#4105);
#2915=LINE('',#18098,#4106);
#2916=LINE('',#18099,#4107);
#2917=LINE('',#18105,#4108);
#2918=LINE('',#18108,#4109);
#2919=LINE('',#18110,#4110);
#2920=LINE('',#18111,#4111);
#2921=LINE('',#18117,#4112);
#2922=LINE('',#18120,#4113);
#2923=LINE('',#18122,#4114);
#2924=LINE('',#18123,#4115);
#2925=LINE('',#18126,#4116);
#2926=LINE('',#18128,#4117);
#2927=LINE('',#18129,#4118);
#2928=LINE('',#18132,#4119);
#2929=LINE('',#18134,#4120);
#2930=LINE('',#18135,#4121);
#2931=LINE('',#18144,#4122);
#2932=LINE('',#18146,#4123);
#2933=LINE('',#18148,#4124);
#2934=LINE('',#18149,#4125);
#2935=LINE('',#18155,#4126);
#2936=LINE('',#18158,#4127);
#2937=LINE('',#18160,#4128);
#2938=LINE('',#18161,#4129);
#2939=LINE('',#18167,#4130);
#2940=LINE('',#18170,#4131);
#2941=LINE('',#18172,#4132);
#2942=LINE('',#18173,#4133);
#2943=LINE('',#18179,#4134);
#2944=LINE('',#18182,#4135);
#2945=LINE('',#18184,#4136);
#2946=LINE('',#18185,#4137);
#2947=LINE('',#18188,#4138);
#2948=LINE('',#18190,#4139);
#2949=LINE('',#18191,#4140);
#2950=LINE('',#18194,#4141);
#2951=LINE('',#18196,#4142);
#2952=LINE('',#18197,#4143);
#2953=LINE('',#18203,#4144);
#2954=LINE('',#18206,#4145);
#2955=LINE('',#18208,#4146);
#2956=LINE('',#18209,#4147);
#2957=LINE('',#18215,#4148);
#2958=LINE('',#18218,#4149);
#2959=LINE('',#18220,#4150);
#2960=LINE('',#18221,#4151);
#2961=LINE('',#18227,#4152);
#2962=LINE('',#18230,#4153);
#2963=LINE('',#18232,#4154);
#2964=LINE('',#18233,#4155);
#2965=LINE('',#18239,#4156);
#2966=LINE('',#18242,#4157);
#2967=LINE('',#18244,#4158);
#2968=LINE('',#18245,#4159);
#2969=LINE('',#18248,#4160);
#2970=LINE('',#18250,#4161);
#2971=LINE('',#18251,#4162);
#2972=LINE('',#18254,#4163);
#2973=LINE('',#18256,#4164);
#2974=LINE('',#18257,#4165);
#2975=LINE('',#18266,#4166);
#2976=LINE('',#18268,#4167);
#2977=LINE('',#18270,#4168);
#2978=LINE('',#18271,#4169);
#2979=LINE('',#18277,#4170);
#2980=LINE('',#18280,#4171);
#2981=LINE('',#18282,#4172);
#2982=LINE('',#18283,#4173);
#2983=LINE('',#18289,#4174);
#2984=LINE('',#18292,#4175);
#2985=LINE('',#18294,#4176);
#2986=LINE('',#18295,#4177);
#2987=LINE('',#18301,#4178);
#2988=LINE('',#18304,#4179);
#2989=LINE('',#18306,#4180);
#2990=LINE('',#18307,#4181);
#2991=LINE('',#18310,#4182);
#2992=LINE('',#18312,#4183);
#2993=LINE('',#18313,#4184);
#2994=LINE('',#18316,#4185);
#2995=LINE('',#18318,#4186);
#2996=LINE('',#18319,#4187);
#2997=LINE('',#18325,#4188);
#2998=LINE('',#18328,#4189);
#2999=LINE('',#18330,#4190);
#3000=LINE('',#18331,#4191);
#3001=LINE('',#18337,#4192);
#3002=LINE('',#18340,#4193);
#3003=LINE('',#18342,#4194);
#3004=LINE('',#18343,#4195);
#3005=LINE('',#18349,#4196);
#3006=LINE('',#18352,#4197);
#3007=LINE('',#18354,#4198);
#3008=LINE('',#18355,#4199);
#3009=LINE('',#18361,#4200);
#3010=LINE('',#18364,#4201);
#3011=LINE('',#18366,#4202);
#3012=LINE('',#18367,#4203);
#3013=LINE('',#18370,#4204);
#3014=LINE('',#18372,#4205);
#3015=LINE('',#18373,#4206);
#3016=LINE('',#18376,#4207);
#3017=LINE('',#18378,#4208);
#3018=LINE('',#18379,#4209);
#3019=LINE('',#18388,#4210);
#3020=LINE('',#18390,#4211);
#3021=LINE('',#18392,#4212);
#3022=LINE('',#18393,#4213);
#3023=LINE('',#18399,#4214);
#3024=LINE('',#18402,#4215);
#3025=LINE('',#18404,#4216);
#3026=LINE('',#18405,#4217);
#3027=LINE('',#18411,#4218);
#3028=LINE('',#18414,#4219);
#3029=LINE('',#18416,#4220);
#3030=LINE('',#18417,#4221);
#3031=LINE('',#18423,#4222);
#3032=LINE('',#18426,#4223);
#3033=LINE('',#18428,#4224);
#3034=LINE('',#18429,#4225);
#3035=LINE('',#18432,#4226);
#3036=LINE('',#18434,#4227);
#3037=LINE('',#18435,#4228);
#3038=LINE('',#18438,#4229);
#3039=LINE('',#18440,#4230);
#3040=LINE('',#18441,#4231);
#3041=LINE('',#18447,#4232);
#3042=LINE('',#18450,#4233);
#3043=LINE('',#18452,#4234);
#3044=LINE('',#18453,#4235);
#3045=LINE('',#18459,#4236);
#3046=LINE('',#18462,#4237);
#3047=LINE('',#18464,#4238);
#3048=LINE('',#18465,#4239);
#3049=LINE('',#18471,#4240);
#3050=LINE('',#18474,#4241);
#3051=LINE('',#18476,#4242);
#3052=LINE('',#18477,#4243);
#3053=LINE('',#18483,#4244);
#3054=LINE('',#18486,#4245);
#3055=LINE('',#18488,#4246);
#3056=LINE('',#18489,#4247);
#3057=LINE('',#18492,#4248);
#3058=LINE('',#18494,#4249);
#3059=LINE('',#18495,#4250);
#3060=LINE('',#18498,#4251);
#3061=LINE('',#18500,#4252);
#3062=LINE('',#18501,#4253);
#3063=LINE('',#18510,#4254);
#3064=LINE('',#18512,#4255);
#3065=LINE('',#18514,#4256);
#3066=LINE('',#18515,#4257);
#3067=LINE('',#18521,#4258);
#3068=LINE('',#18524,#4259);
#3069=LINE('',#18526,#4260);
#3070=LINE('',#18527,#4261);
#3071=LINE('',#18533,#4262);
#3072=LINE('',#18536,#4263);
#3073=LINE('',#18538,#4264);
#3074=LINE('',#18539,#4265);
#3075=LINE('',#18545,#4266);
#3076=LINE('',#18548,#4267);
#3077=LINE('',#18550,#4268);
#3078=LINE('',#18551,#4269);
#3079=LINE('',#18554,#4270);
#3080=LINE('',#18556,#4271);
#3081=LINE('',#18557,#4272);
#3082=LINE('',#18560,#4273);
#3083=LINE('',#18562,#4274);
#3084=LINE('',#18563,#4275);
#3085=LINE('',#18569,#4276);
#3086=LINE('',#18572,#4277);
#3087=LINE('',#18574,#4278);
#3088=LINE('',#18575,#4279);
#3089=LINE('',#18581,#4280);
#3090=LINE('',#18584,#4281);
#3091=LINE('',#18586,#4282);
#3092=LINE('',#18587,#4283);
#3093=LINE('',#18593,#4284);
#3094=LINE('',#18596,#4285);
#3095=LINE('',#18598,#4286);
#3096=LINE('',#18599,#4287);
#3097=LINE('',#18605,#4288);
#3098=LINE('',#18608,#4289);
#3099=LINE('',#18610,#4290);
#3100=LINE('',#18611,#4291);
#3101=LINE('',#18614,#4292);
#3102=LINE('',#18616,#4293);
#3103=LINE('',#18617,#4294);
#3104=LINE('',#18620,#4295);
#3105=LINE('',#18622,#4296);
#3106=LINE('',#18623,#4297);
#3107=LINE('',#18632,#4298);
#3108=LINE('',#18634,#4299);
#3109=LINE('',#18636,#4300);
#3110=LINE('',#18637,#4301);
#3111=LINE('',#18643,#4302);
#3112=LINE('',#18646,#4303);
#3113=LINE('',#18648,#4304);
#3114=LINE('',#18649,#4305);
#3115=LINE('',#18655,#4306);
#3116=LINE('',#18658,#4307);
#3117=LINE('',#18660,#4308);
#3118=LINE('',#18661,#4309);
#3119=LINE('',#18667,#4310);
#3120=LINE('',#18670,#4311);
#3121=LINE('',#18672,#4312);
#3122=LINE('',#18673,#4313);
#3123=LINE('',#18676,#4314);
#3124=LINE('',#18678,#4315);
#3125=LINE('',#18679,#4316);
#3126=LINE('',#18682,#4317);
#3127=LINE('',#18684,#4318);
#3128=LINE('',#18685,#4319);
#3129=LINE('',#18691,#4320);
#3130=LINE('',#18694,#4321);
#3131=LINE('',#18696,#4322);
#3132=LINE('',#18697,#4323);
#3133=LINE('',#18703,#4324);
#3134=LINE('',#18706,#4325);
#3135=LINE('',#18708,#4326);
#3136=LINE('',#18709,#4327);
#3137=LINE('',#18715,#4328);
#3138=LINE('',#18718,#4329);
#3139=LINE('',#18720,#4330);
#3140=LINE('',#18721,#4331);
#3141=LINE('',#18727,#4332);
#3142=LINE('',#18730,#4333);
#3143=LINE('',#18732,#4334);
#3144=LINE('',#18733,#4335);
#3145=LINE('',#18736,#4336);
#3146=LINE('',#18738,#4337);
#3147=LINE('',#18739,#4338);
#3148=LINE('',#18742,#4339);
#3149=LINE('',#18744,#4340);
#3150=LINE('',#18745,#4341);
#3151=LINE('',#18754,#4342);
#3152=LINE('',#18756,#4343);
#3153=LINE('',#18758,#4344);
#3154=LINE('',#18759,#4345);
#3155=LINE('',#18765,#4346);
#3156=LINE('',#18768,#4347);
#3157=LINE('',#18770,#4348);
#3158=LINE('',#18771,#4349);
#3159=LINE('',#18777,#4350);
#3160=LINE('',#18780,#4351);
#3161=LINE('',#18782,#4352);
#3162=LINE('',#18783,#4353);
#3163=LINE('',#18789,#4354);
#3164=LINE('',#18792,#4355);
#3165=LINE('',#18794,#4356);
#3166=LINE('',#18795,#4357);
#3167=LINE('',#18798,#4358);
#3168=LINE('',#18800,#4359);
#3169=LINE('',#18801,#4360);
#3170=LINE('',#18804,#4361);
#3171=LINE('',#18806,#4362);
#3172=LINE('',#18807,#4363);
#3173=LINE('',#18813,#4364);
#3174=LINE('',#18816,#4365);
#3175=LINE('',#18818,#4366);
#3176=LINE('',#18819,#4367);
#3177=LINE('',#18825,#4368);
#3178=LINE('',#18828,#4369);
#3179=LINE('',#18830,#4370);
#3180=LINE('',#18831,#4371);
#3181=LINE('',#18837,#4372);
#3182=LINE('',#18840,#4373);
#3183=LINE('',#18842,#4374);
#3184=LINE('',#18843,#4375);
#3185=LINE('',#18849,#4376);
#3186=LINE('',#18852,#4377);
#3187=LINE('',#18854,#4378);
#3188=LINE('',#18855,#4379);
#3189=LINE('',#18858,#4380);
#3190=LINE('',#18860,#4381);
#3191=LINE('',#18861,#4382);
#3192=LINE('',#18864,#4383);
#3193=LINE('',#18866,#4384);
#3194=LINE('',#18867,#4385);
#3195=LINE('',#18876,#4386);
#3196=LINE('',#18878,#4387);
#3197=LINE('',#18880,#4388);
#3198=LINE('',#18881,#4389);
#3199=LINE('',#18887,#4390);
#3200=LINE('',#18890,#4391);
#3201=LINE('',#18892,#4392);
#3202=LINE('',#18893,#4393);
#3203=LINE('',#18899,#4394);
#3204=LINE('',#18902,#4395);
#3205=LINE('',#18904,#4396);
#3206=LINE('',#18905,#4397);
#3207=LINE('',#18911,#4398);
#3208=LINE('',#18914,#4399);
#3209=LINE('',#18916,#4400);
#3210=LINE('',#18917,#4401);
#3211=LINE('',#18920,#4402);
#3212=LINE('',#18922,#4403);
#3213=LINE('',#18923,#4404);
#3214=LINE('',#18926,#4405);
#3215=LINE('',#18928,#4406);
#3216=LINE('',#18929,#4407);
#3217=LINE('',#18935,#4408);
#3218=LINE('',#18938,#4409);
#3219=LINE('',#18940,#4410);
#3220=LINE('',#18941,#4411);
#3221=LINE('',#18947,#4412);
#3222=LINE('',#18950,#4413);
#3223=LINE('',#18952,#4414);
#3224=LINE('',#18953,#4415);
#3225=LINE('',#18959,#4416);
#3226=LINE('',#18962,#4417);
#3227=LINE('',#18964,#4418);
#3228=LINE('',#18965,#4419);
#3229=LINE('',#18971,#4420);
#3230=LINE('',#18974,#4421);
#3231=LINE('',#18976,#4422);
#3232=LINE('',#18977,#4423);
#3233=LINE('',#18980,#4424);
#3234=LINE('',#18982,#4425);
#3235=LINE('',#18983,#4426);
#3236=LINE('',#18986,#4427);
#3237=LINE('',#18988,#4428);
#3238=LINE('',#18989,#4429);
#3239=LINE('',#18998,#4430);
#3240=LINE('',#19000,#4431);
#3241=LINE('',#19002,#4432);
#3242=LINE('',#19003,#4433);
#3243=LINE('',#19009,#4434);
#3244=LINE('',#19012,#4435);
#3245=LINE('',#19014,#4436);
#3246=LINE('',#19015,#4437);
#3247=LINE('',#19021,#4438);
#3248=LINE('',#19024,#4439);
#3249=LINE('',#19026,#4440);
#3250=LINE('',#19027,#4441);
#3251=LINE('',#19033,#4442);
#3252=LINE('',#19036,#4443);
#3253=LINE('',#19038,#4444);
#3254=LINE('',#19039,#4445);
#3255=LINE('',#19042,#4446);
#3256=LINE('',#19044,#4447);
#3257=LINE('',#19045,#4448);
#3258=LINE('',#19048,#4449);
#3259=LINE('',#19050,#4450);
#3260=LINE('',#19051,#4451);
#3261=LINE('',#19057,#4452);
#3262=LINE('',#19060,#4453);
#3263=LINE('',#19062,#4454);
#3264=LINE('',#19063,#4455);
#3265=LINE('',#19069,#4456);
#3266=LINE('',#19072,#4457);
#3267=LINE('',#19074,#4458);
#3268=LINE('',#19075,#4459);
#3269=LINE('',#19081,#4460);
#3270=LINE('',#19084,#4461);
#3271=LINE('',#19086,#4462);
#3272=LINE('',#19087,#4463);
#3273=LINE('',#19093,#4464);
#3274=LINE('',#19096,#4465);
#3275=LINE('',#19098,#4466);
#3276=LINE('',#19099,#4467);
#3277=LINE('',#19102,#4468);
#3278=LINE('',#19104,#4469);
#3279=LINE('',#19105,#4470);
#3280=LINE('',#19108,#4471);
#3281=LINE('',#19110,#4472);
#3282=LINE('',#19111,#4473);
#3283=LINE('',#19120,#4474);
#3284=LINE('',#19122,#4475);
#3285=LINE('',#19124,#4476);
#3286=LINE('',#19125,#4477);
#3287=LINE('',#19131,#4478);
#3288=LINE('',#19134,#4479);
#3289=LINE('',#19136,#4480);
#3290=LINE('',#19137,#4481);
#3291=LINE('',#19143,#4482);
#3292=LINE('',#19146,#4483);
#3293=LINE('',#19148,#4484);
#3294=LINE('',#19149,#4485);
#3295=LINE('',#19155,#4486);
#3296=LINE('',#19158,#4487);
#3297=LINE('',#19160,#4488);
#3298=LINE('',#19161,#4489);
#3299=LINE('',#19164,#4490);
#3300=LINE('',#19166,#4491);
#3301=LINE('',#19167,#4492);
#3302=LINE('',#19170,#4493);
#3303=LINE('',#19172,#4494);
#3304=LINE('',#19173,#4495);
#3305=LINE('',#19179,#4496);
#3306=LINE('',#19182,#4497);
#3307=LINE('',#19184,#4498);
#3308=LINE('',#19185,#4499);
#3309=LINE('',#19191,#4500);
#3310=LINE('',#19194,#4501);
#3311=LINE('',#19196,#4502);
#3312=LINE('',#19197,#4503);
#3313=LINE('',#19203,#4504);
#3314=LINE('',#19206,#4505);
#3315=LINE('',#19208,#4506);
#3316=LINE('',#19209,#4507);
#3317=LINE('',#19215,#4508);
#3318=LINE('',#19218,#4509);
#3319=LINE('',#19220,#4510);
#3320=LINE('',#19221,#4511);
#3321=LINE('',#19224,#4512);
#3322=LINE('',#19226,#4513);
#3323=LINE('',#19227,#4514);
#3324=LINE('',#19230,#4515);
#3325=LINE('',#19232,#4516);
#3326=LINE('',#19233,#4517);
#3327=LINE('',#19242,#4518);
#3328=LINE('',#19244,#4519);
#3329=LINE('',#19246,#4520);
#3330=LINE('',#19247,#4521);
#3331=LINE('',#19253,#4522);
#3332=LINE('',#19256,#4523);
#3333=LINE('',#19258,#4524);
#3334=LINE('',#19259,#4525);
#3335=LINE('',#19265,#4526);
#3336=LINE('',#19268,#4527);
#3337=LINE('',#19270,#4528);
#3338=LINE('',#19271,#4529);
#3339=LINE('',#19277,#4530);
#3340=LINE('',#19280,#4531);
#3341=LINE('',#19282,#4532);
#3342=LINE('',#19283,#4533);
#3343=LINE('',#19286,#4534);
#3344=LINE('',#19288,#4535);
#3345=LINE('',#19289,#4536);
#3346=LINE('',#19292,#4537);
#3347=LINE('',#19294,#4538);
#3348=LINE('',#19295,#4539);
#3349=LINE('',#19301,#4540);
#3350=LINE('',#19304,#4541);
#3351=LINE('',#19306,#4542);
#3352=LINE('',#19307,#4543);
#3353=LINE('',#19313,#4544);
#3354=LINE('',#19316,#4545);
#3355=LINE('',#19318,#4546);
#3356=LINE('',#19319,#4547);
#3357=LINE('',#19325,#4548);
#3358=LINE('',#19328,#4549);
#3359=LINE('',#19330,#4550);
#3360=LINE('',#19331,#4551);
#3361=LINE('',#19337,#4552);
#3362=LINE('',#19340,#4553);
#3363=LINE('',#19342,#4554);
#3364=LINE('',#19343,#4555);
#3365=LINE('',#19346,#4556);
#3366=LINE('',#19348,#4557);
#3367=LINE('',#19349,#4558);
#3368=LINE('',#19352,#4559);
#3369=LINE('',#19354,#4560);
#3370=LINE('',#19355,#4561);
#3371=LINE('',#19364,#4562);
#3372=LINE('',#19366,#4563);
#3373=LINE('',#19368,#4564);
#3374=LINE('',#19369,#4565);
#3375=LINE('',#19375,#4566);
#3376=LINE('',#19378,#4567);
#3377=LINE('',#19380,#4568);
#3378=LINE('',#19381,#4569);
#3379=LINE('',#19387,#4570);
#3380=LINE('',#19390,#4571);
#3381=LINE('',#19392,#4572);
#3382=LINE('',#19393,#4573);
#3383=LINE('',#19399,#4574);
#3384=LINE('',#19402,#4575);
#3385=LINE('',#19404,#4576);
#3386=LINE('',#19405,#4577);
#3387=LINE('',#19408,#4578);
#3388=LINE('',#19410,#4579);
#3389=LINE('',#19411,#4580);
#3390=LINE('',#19414,#4581);
#3391=LINE('',#19416,#4582);
#3392=LINE('',#19417,#4583);
#3393=LINE('',#19423,#4584);
#3394=LINE('',#19426,#4585);
#3395=LINE('',#19428,#4586);
#3396=LINE('',#19429,#4587);
#3397=LINE('',#19435,#4588);
#3398=LINE('',#19438,#4589);
#3399=LINE('',#19440,#4590);
#3400=LINE('',#19441,#4591);
#3401=LINE('',#19447,#4592);
#3402=LINE('',#19450,#4593);
#3403=LINE('',#19452,#4594);
#3404=LINE('',#19453,#4595);
#3405=LINE('',#19459,#4596);
#3406=LINE('',#19462,#4597);
#3407=LINE('',#19464,#4598);
#3408=LINE('',#19465,#4599);
#3409=LINE('',#19468,#4600);
#3410=LINE('',#19470,#4601);
#3411=LINE('',#19471,#4602);
#3412=LINE('',#19474,#4603);
#3413=LINE('',#19476,#4604);
#3414=LINE('',#19477,#4605);
#3415=LINE('',#19486,#4606);
#3416=LINE('',#19488,#4607);
#3417=LINE('',#19490,#4608);
#3418=LINE('',#19491,#4609);
#3419=LINE('',#19497,#4610);
#3420=LINE('',#19500,#4611);
#3421=LINE('',#19502,#4612);
#3422=LINE('',#19503,#4613);
#3423=LINE('',#19509,#4614);
#3424=LINE('',#19512,#4615);
#3425=LINE('',#19514,#4616);
#3426=LINE('',#19515,#4617);
#3427=LINE('',#19521,#4618);
#3428=LINE('',#19524,#4619);
#3429=LINE('',#19526,#4620);
#3430=LINE('',#19527,#4621);
#3431=LINE('',#19530,#4622);
#3432=LINE('',#19532,#4623);
#3433=LINE('',#19533,#4624);
#3434=LINE('',#19536,#4625);
#3435=LINE('',#19538,#4626);
#3436=LINE('',#19539,#4627);
#3437=LINE('',#19545,#4628);
#3438=LINE('',#19548,#4629);
#3439=LINE('',#19550,#4630);
#3440=LINE('',#19551,#4631);
#3441=LINE('',#19557,#4632);
#3442=LINE('',#19560,#4633);
#3443=LINE('',#19562,#4634);
#3444=LINE('',#19563,#4635);
#3445=LINE('',#19569,#4636);
#3446=LINE('',#19572,#4637);
#3447=LINE('',#19574,#4638);
#3448=LINE('',#19575,#4639);
#3449=LINE('',#19581,#4640);
#3450=LINE('',#19584,#4641);
#3451=LINE('',#19586,#4642);
#3452=LINE('',#19587,#4643);
#3453=LINE('',#19590,#4644);
#3454=LINE('',#19592,#4645);
#3455=LINE('',#19593,#4646);
#3456=LINE('',#19596,#4647);
#3457=LINE('',#19598,#4648);
#3458=LINE('',#19599,#4649);
#3459=LINE('',#19608,#4650);
#3460=LINE('',#19610,#4651);
#3461=LINE('',#19612,#4652);
#3462=LINE('',#19613,#4653);
#3463=LINE('',#19619,#4654);
#3464=LINE('',#19622,#4655);
#3465=LINE('',#19624,#4656);
#3466=LINE('',#19625,#4657);
#3467=LINE('',#19631,#4658);
#3468=LINE('',#19634,#4659);
#3469=LINE('',#19636,#4660);
#3470=LINE('',#19637,#4661);
#3471=LINE('',#19643,#4662);
#3472=LINE('',#19646,#4663);
#3473=LINE('',#19648,#4664);
#3474=LINE('',#19649,#4665);
#3475=LINE('',#19652,#4666);
#3476=LINE('',#19654,#4667);
#3477=LINE('',#19655,#4668);
#3478=LINE('',#19658,#4669);
#3479=LINE('',#19660,#4670);
#3480=LINE('',#19661,#4671);
#3481=LINE('',#19667,#4672);
#3482=LINE('',#19670,#4673);
#3483=LINE('',#19672,#4674);
#3484=LINE('',#19673,#4675);
#3485=LINE('',#19679,#4676);
#3486=LINE('',#19682,#4677);
#3487=LINE('',#19684,#4678);
#3488=LINE('',#19685,#4679);
#3489=LINE('',#19691,#4680);
#3490=LINE('',#19694,#4681);
#3491=LINE('',#19696,#4682);
#3492=LINE('',#19697,#4683);
#3493=LINE('',#19703,#4684);
#3494=LINE('',#19706,#4685);
#3495=LINE('',#19708,#4686);
#3496=LINE('',#19709,#4687);
#3497=LINE('',#19712,#4688);
#3498=LINE('',#19714,#4689);
#3499=LINE('',#19715,#4690);
#3500=LINE('',#19718,#4691);
#3501=LINE('',#19720,#4692);
#3502=LINE('',#19721,#4693);
#3503=LINE('',#19730,#4694);
#3504=LINE('',#19732,#4695);
#3505=LINE('',#19734,#4696);
#3506=LINE('',#19735,#4697);
#3507=LINE('',#19741,#4698);
#3508=LINE('',#19744,#4699);
#3509=LINE('',#19746,#4700);
#3510=LINE('',#19747,#4701);
#3511=LINE('',#19753,#4702);
#3512=LINE('',#19756,#4703);
#3513=LINE('',#19758,#4704);
#3514=LINE('',#19759,#4705);
#3515=LINE('',#19765,#4706);
#3516=LINE('',#19768,#4707);
#3517=LINE('',#19770,#4708);
#3518=LINE('',#19771,#4709);
#3519=LINE('',#19774,#4710);
#3520=LINE('',#19776,#4711);
#3521=LINE('',#19777,#4712);
#3522=LINE('',#19780,#4713);
#3523=LINE('',#19782,#4714);
#3524=LINE('',#19783,#4715);
#3525=LINE('',#19789,#4716);
#3526=LINE('',#19792,#4717);
#3527=LINE('',#19794,#4718);
#3528=LINE('',#19795,#4719);
#3529=LINE('',#19801,#4720);
#3530=LINE('',#19804,#4721);
#3531=LINE('',#19806,#4722);
#3532=LINE('',#19807,#4723);
#3533=LINE('',#19813,#4724);
#3534=LINE('',#19816,#4725);
#3535=LINE('',#19818,#4726);
#3536=LINE('',#19819,#4727);
#3537=LINE('',#19825,#4728);
#3538=LINE('',#19828,#4729);
#3539=LINE('',#19830,#4730);
#3540=LINE('',#19831,#4731);
#3541=LINE('',#19834,#4732);
#3542=LINE('',#19836,#4733);
#3543=LINE('',#19837,#4734);
#3544=LINE('',#19840,#4735);
#3545=LINE('',#19842,#4736);
#3546=LINE('',#19843,#4737);
#3547=LINE('',#19852,#4738);
#3548=LINE('',#19854,#4739);
#3549=LINE('',#19856,#4740);
#3550=LINE('',#19857,#4741);
#3551=LINE('',#19863,#4742);
#3552=LINE('',#19866,#4743);
#3553=LINE('',#19868,#4744);
#3554=LINE('',#19869,#4745);
#3555=LINE('',#19875,#4746);
#3556=LINE('',#19878,#4747);
#3557=LINE('',#19880,#4748);
#3558=LINE('',#19881,#4749);
#3559=LINE('',#19887,#4750);
#3560=LINE('',#19890,#4751);
#3561=LINE('',#19892,#4752);
#3562=LINE('',#19893,#4753);
#3563=LINE('',#19896,#4754);
#3564=LINE('',#19898,#4755);
#3565=LINE('',#19899,#4756);
#3566=LINE('',#19902,#4757);
#3567=LINE('',#19904,#4758);
#3568=LINE('',#19905,#4759);
#3569=LINE('',#19911,#4760);
#3570=LINE('',#19914,#4761);
#3571=LINE('',#19916,#4762);
#3572=LINE('',#19917,#4763);
#3573=LINE('',#19923,#4764);
#3574=LINE('',#19926,#4765);
#3575=LINE('',#19928,#4766);
#3576=LINE('',#19929,#4767);
#3577=LINE('',#19935,#4768);
#3578=LINE('',#19938,#4769);
#3579=LINE('',#19940,#4770);
#3580=LINE('',#19941,#4771);
#3581=LINE('',#19947,#4772);
#3582=LINE('',#19950,#4773);
#3583=LINE('',#19952,#4774);
#3584=LINE('',#19953,#4775);
#3585=LINE('',#19956,#4776);
#3586=LINE('',#19958,#4777);
#3587=LINE('',#19959,#4778);
#3588=LINE('',#19962,#4779);
#3589=LINE('',#19964,#4780);
#3590=LINE('',#19965,#4781);
#3591=VECTOR('',#12583,10.);
#3592=VECTOR('',#12584,10.);
#3593=VECTOR('',#12585,10.);
#3594=VECTOR('',#12586,10.);
#3595=VECTOR('',#12587,10.);
#3596=VECTOR('',#12590,10.);
#3597=VECTOR('',#12591,10.);
#3598=VECTOR('',#12592,10.);
#3599=VECTOR('',#12593,10.);
#3600=VECTOR('',#12594,10.);
#3601=VECTOR('',#12595,10.);
#3602=VECTOR('',#12598,10.);
#3603=VECTOR('',#12599,10.);
#3604=VECTOR('',#12600,10.);
#3605=VECTOR('',#12601,10.);
#3606=VECTOR('',#12602,10.);
#3607=VECTOR('',#12603,10.);
#3608=VECTOR('',#12604,10.);
#3609=VECTOR('',#12607,10.);
#3610=VECTOR('',#12608,10.);
#3611=VECTOR('',#12609,10.);
#3612=VECTOR('',#12610,10.);
#3613=VECTOR('',#12611,10.);
#3614=VECTOR('',#12614,10.);
#3615=VECTOR('',#12617,10.);
#3616=VECTOR('',#12620,10.);
#3617=VECTOR('',#12625,10.);
#3618=VECTOR('',#12626,10.);
#3619=VECTOR('',#12627,10.);
#3620=VECTOR('',#12628,10.);
#3621=VECTOR('',#12631,10.);
#3622=VECTOR('',#12640,10.);
#3623=VECTOR('',#12645,10.);
#3624=VECTOR('',#12652,10.);
#3625=VECTOR('',#12657,10.);
#3626=VECTOR('',#12662,10.);
#3627=VECTOR('',#12667,10.);
#3628=VECTOR('',#12674,10.);
#3629=VECTOR('',#12677,10.);
#3630=VECTOR('',#12678,10.);
#3631=VECTOR('',#12681,10.);
#3632=VECTOR('',#12684,10.);
#3633=VECTOR('',#12693,10.);
#3634=VECTOR('',#12694,10.);
#3635=VECTOR('',#12695,10.);
#3636=VECTOR('',#12700,10.);
#3637=VECTOR('',#12705,10.);
#3638=VECTOR('',#12706,10.);
#3639=VECTOR('',#12719,10.);
#3640=VECTOR('',#12720,10.);
#3641=VECTOR('',#12721,10.);
#3642=VECTOR('',#12722,10.);
#3643=VECTOR('',#12723,10.);
#3644=VECTOR('',#12724,10.);
#3645=VECTOR('',#12725,10.);
#3646=VECTOR('',#12730,10.);
#3647=VECTOR('',#12731,10.);
#3648=VECTOR('',#12732,10.);
#3649=VECTOR('',#12737,10.);
#3650=VECTOR('',#12742,10.);
#3651=VECTOR('',#12743,10.);
#3652=VECTOR('',#12744,10.);
#3653=VECTOR('',#12747,10.);
#3654=VECTOR('',#12754,10.);
#3655=VECTOR('',#12755,10.);
#3656=VECTOR('',#12756,10.);
#3657=VECTOR('',#12759,10.);
#3658=VECTOR('',#12766,10.);
#3659=VECTOR('',#12767,10.);
#3660=VECTOR('',#12768,10.);
#3661=VECTOR('',#12777,10.);
#3662=VECTOR('',#12778,10.);
#3663=VECTOR('',#12779,10.);
#3664=VECTOR('',#12782,10.);
#3665=VECTOR('',#12783,10.);
#3666=VECTOR('',#12786,10.);
#3667=VECTOR('',#12793,10.);
#3668=VECTOR('',#12796,10.);
#3669=VECTOR('',#12797,10.);
#3670=VECTOR('',#12800,10.);
#3671=VECTOR('',#12809,10.);
#3672=VECTOR('',#12810,10.);
#3673=VECTOR('',#12813,10.);
#3674=VECTOR('',#12822,10.);
#3675=VECTOR('',#12823,10.);
#3676=VECTOR('',#12826,10.);
#3677=VECTOR('',#12833,10.);
#3678=VECTOR('',#12836,10.);
#3679=VECTOR('',#12839,10.);
#3680=VECTOR('',#12840,10.);
#3681=VECTOR('',#12841,10.);
#3682=VECTOR('',#12842,10.);
#3683=VECTOR('',#12845,10.);
#3684=VECTOR('',#12846,10.);
#3685=VECTOR('',#12849,10.);
#3686=VECTOR('',#12852,10.);
#3687=VECTOR('',#12853,10.);
#3688=VECTOR('',#12856,10.);
#3689=VECTOR('',#12859,10.);
#3690=VECTOR('',#12862,10.);
#3691=VECTOR('',#12865,10.);
#3692=VECTOR('',#12866,10.);
#3693=VECTOR('',#12869,10.);
#3694=VECTOR('',#12870,10.);
#3695=VECTOR('',#12873,10.);
#3696=VECTOR('',#12874,10.);
#3697=VECTOR('',#12875,10.);
#3698=VECTOR('',#12876,10.);
#3699=VECTOR('',#12877,10.);
#3700=VECTOR('',#12882,10.);
#3701=VECTOR('',#12889,10.);
#3702=VECTOR('',#12894,2.5);
#3703=VECTOR('',#12897,10.);
#3704=VECTOR('',#12898,10.);
#3705=VECTOR('',#12899,10.);
#3706=VECTOR('',#12900,10.);
#3707=VECTOR('',#12903,10.);
#3708=VECTOR('',#12904,10.);
#3709=VECTOR('',#12905,10.);
#3710=VECTOR('',#12906,10.);
#3711=VECTOR('',#12909,10.);
#3712=VECTOR('',#12910,10.);
#3713=VECTOR('',#12911,10.);
#3714=VECTOR('',#12914,10.);
#3715=VECTOR('',#12915,10.);
#3716=VECTOR('',#12916,10.);
#3717=VECTOR('',#12923,10.);
#3718=VECTOR('',#12924,10.);
#3719=VECTOR('',#12925,10.);
#3720=VECTOR('',#12926,10.);
#3721=VECTOR('',#12933,10.);
#3722=VECTOR('',#12934,10.);
#3723=VECTOR('',#12937,10.);
#3724=VECTOR('',#12940,10.);
#3725=VECTOR('',#12943,10.);
#3726=VECTOR('',#12944,10.);
#3727=VECTOR('',#12945,10.);
#3728=VECTOR('',#12946,10.);
#3729=VECTOR('',#12947,10.);
#3730=VECTOR('',#12950,10.);
#3731=VECTOR('',#12955,10.);
#3732=VECTOR('',#12958,10.);
#3733=VECTOR('',#12959,10.);
#3734=VECTOR('',#12964,10.);
#3735=VECTOR('',#12965,10.);
#3736=VECTOR('',#12966,10.);
#3737=VECTOR('',#12967,10.);
#3738=VECTOR('',#12970,10.);
#3739=VECTOR('',#12971,10.);
#3740=VECTOR('',#12972,10.);
#3741=VECTOR('',#12975,10.);
#3742=VECTOR('',#12976,10.);
#3743=VECTOR('',#12979,10.);
#3744=VECTOR('',#12980,10.);
#3745=VECTOR('',#12987,10.);
#3746=VECTOR('',#12988,10.);
#3747=VECTOR('',#12989,10.);
#3748=VECTOR('',#12990,10.);
#3749=VECTOR('',#12997,10.);
#3750=VECTOR('',#13000,10.);
#3751=VECTOR('',#13003,10.);
#3752=VECTOR('',#13004,10.);
#3753=VECTOR('',#13009,10.);
#3754=VECTOR('',#13012,10.);
#3755=VECTOR('',#13015,10.);
#3756=VECTOR('',#13018,10.);
#3757=VECTOR('',#13023,10.);
#3758=VECTOR('',#13024,10.);
#3759=VECTOR('',#13029,10.);
#3760=VECTOR('',#13030,10.);
#3761=VECTOR('',#13033,10.);
#3762=VECTOR('',#13034,10.);
#3763=VECTOR('',#13035,10.);
#3764=VECTOR('',#13038,10.);
#3765=VECTOR('',#13039,10.);
#3766=VECTOR('',#13040,10.);
#3767=VECTOR('',#13045,10.);
#3768=VECTOR('',#13052,10.);
#3769=VECTOR('',#13057,10.);
#3770=VECTOR('',#13058,10.);
#3771=VECTOR('',#13059,10.);
#3772=VECTOR('',#13060,10.);
#3773=VECTOR('',#13063,10.);
#3774=VECTOR('',#13064,10.);
#3775=VECTOR('',#13067,10.);
#3776=VECTOR('',#13070,10.);
#3777=VECTOR('',#13073,10.);
#3778=VECTOR('',#13076,10.);
#3779=VECTOR('',#13081,10.);
#3780=VECTOR('',#13090,10.);
#3781=VECTOR('',#13093,10.);
#3782=VECTOR('',#13098,10.);
#3783=VECTOR('',#13103,10.);
#3784=VECTOR('',#13106,10.);
#3785=VECTOR('',#13109,10.);
#3786=VECTOR('',#13112,10.);
#3787=VECTOR('',#13115,10.);
#3788=VECTOR('',#13116,10.);
#3789=VECTOR('',#13119,10.);
#3790=VECTOR('',#13122,10.);
#3791=VECTOR('',#13127,10.);
#3792=VECTOR('',#13128,10.);
#3793=VECTOR('',#13131,10.);
#3794=VECTOR('',#13144,10.);
#3795=VECTOR('',#13151,10.);
#3796=VECTOR('',#13154,10.);
#3797=VECTOR('',#13157,10.);
#3798=VECTOR('',#13160,10.);
#3799=VECTOR('',#13163,10.);
#3800=VECTOR('',#13164,10.);
#3801=VECTOR('',#13167,10.);
#3802=VECTOR('',#13170,10.);
#3803=VECTOR('',#13175,10.);
#3804=VECTOR('',#13176,10.);
#3805=VECTOR('',#13179,10.);
#3806=VECTOR('',#13180,10.);
#3807=VECTOR('',#13187,10.);
#3808=VECTOR('',#13192,10.);
#3809=VECTOR('',#13193,10.);
#3810=VECTOR('',#13198,10.);
#3811=VECTOR('',#13199,10.);
#3812=VECTOR('',#13226,10.);
#3813=VECTOR('',#13237,10.);
#3814=VECTOR('',#13244,10.);
#3815=VECTOR('',#13247,10.);
#3816=VECTOR('',#13252,10.);
#3817=VECTOR('',#13253,10.);
#3818=VECTOR('',#13256,10.);
#3819=VECTOR('',#13257,10.);
#3820=VECTOR('',#13260,10.);
#3821=VECTOR('',#13263,10.);
#3822=VECTOR('',#13264,10.);
#3823=VECTOR('',#13267,10.);
#3824=VECTOR('',#13270,10.);
#3825=VECTOR('',#13271,10.);
#3826=VECTOR('',#13274,10.);
#3827=VECTOR('',#13281,10.);
#3828=VECTOR('',#13282,10.);
#3829=VECTOR('',#13285,10.);
#3830=VECTOR('',#13290,10.);
#3831=VECTOR('',#13291,10.);
#3832=VECTOR('',#13292,10.);
#3833=VECTOR('',#13293,10.);
#3834=VECTOR('',#13296,10.);
#3835=VECTOR('',#13297,10.);
#3836=VECTOR('',#13298,10.);
#3837=VECTOR('',#13301,10.);
#3838=VECTOR('',#13302,10.);
#3839=VECTOR('',#13303,10.);
#3840=VECTOR('',#13306,10.);
#3841=VECTOR('',#13307,10.);
#3842=VECTOR('',#13314,10.);
#3843=VECTOR('',#13315,10.);
#3844=VECTOR('',#13316,10.);
#3845=VECTOR('',#13317,10.);
#3846=VECTOR('',#13320,10.);
#3847=VECTOR('',#13321,10.);
#3848=VECTOR('',#13322,10.);
#3849=VECTOR('',#13325,10.);
#3850=VECTOR('',#13326,10.);
#3851=VECTOR('',#13327,10.);
#3852=VECTOR('',#13330,10.);
#3853=VECTOR('',#13331,10.);
#3854=VECTOR('',#13332,10.);
#3855=VECTOR('',#13335,10.);
#3856=VECTOR('',#13336,10.);
#3857=VECTOR('',#13343,10.);
#3858=VECTOR('',#13344,10.);
#3859=VECTOR('',#13345,10.);
#3860=VECTOR('',#13346,10.);
#3861=VECTOR('',#13349,10.);
#3862=VECTOR('',#13350,10.);
#3863=VECTOR('',#13351,10.);
#3864=VECTOR('',#13354,10.);
#3865=VECTOR('',#13355,10.);
#3866=VECTOR('',#13356,10.);
#3867=VECTOR('',#13359,10.);
#3868=VECTOR('',#13360,10.);
#3869=VECTOR('',#13361,10.);
#3870=VECTOR('',#13364,10.);
#3871=VECTOR('',#13365,10.);
#3872=VECTOR('',#13372,10.);
#3873=VECTOR('',#13373,10.);
#3874=VECTOR('',#13374,10.);
#3875=VECTOR('',#13375,10.);
#3876=VECTOR('',#13378,10.);
#3877=VECTOR('',#13379,10.);
#3878=VECTOR('',#13380,10.);
#3879=VECTOR('',#13383,10.);
#3880=VECTOR('',#13384,10.);
#3881=VECTOR('',#13385,10.);
#3882=VECTOR('',#13388,10.);
#3883=VECTOR('',#13389,10.);
#3884=VECTOR('',#13390,10.);
#3885=VECTOR('',#13393,10.);
#3886=VECTOR('',#13394,10.);
#3887=VECTOR('',#13401,10.);
#3888=VECTOR('',#13402,10.);
#3889=VECTOR('',#13403,10.);
#3890=VECTOR('',#13404,10.);
#3891=VECTOR('',#13407,10.);
#3892=VECTOR('',#13408,10.);
#3893=VECTOR('',#13409,10.);
#3894=VECTOR('',#13412,10.);
#3895=VECTOR('',#13413,10.);
#3896=VECTOR('',#13414,10.);
#3897=VECTOR('',#13417,10.);
#3898=VECTOR('',#13418,10.);
#3899=VECTOR('',#13419,10.);
#3900=VECTOR('',#13422,10.);
#3901=VECTOR('',#13423,10.);
#3902=VECTOR('',#13432,10.);
#3903=VECTOR('',#13433,10.);
#3904=VECTOR('',#13434,10.);
#3905=VECTOR('',#13435,10.);
#3906=VECTOR('',#13442,10.);
#3907=VECTOR('',#13445,10.);
#3908=VECTOR('',#13446,10.);
#3909=VECTOR('',#13447,10.);
#3910=VECTOR('',#13454,10.);
#3911=VECTOR('',#13457,10.);
#3912=VECTOR('',#13458,10.);
#3913=VECTOR('',#13459,10.);
#3914=VECTOR('',#13466,10.);
#3915=VECTOR('',#13469,10.);
#3916=VECTOR('',#13470,10.);
#3917=VECTOR('',#13471,10.);
#3918=VECTOR('',#13474,10.);
#3919=VECTOR('',#13475,10.);
#3920=VECTOR('',#13476,10.);
#3921=VECTOR('',#13479,10.);
#3922=VECTOR('',#13480,10.);
#3923=VECTOR('',#13481,10.);
#3924=VECTOR('',#13488,10.);
#3925=VECTOR('',#13491,10.);
#3926=VECTOR('',#13492,10.);
#3927=VECTOR('',#13493,10.);
#3928=VECTOR('',#13500,10.);
#3929=VECTOR('',#13503,10.);
#3930=VECTOR('',#13504,10.);
#3931=VECTOR('',#13505,10.);
#3932=VECTOR('',#13512,10.);
#3933=VECTOR('',#13515,10.);
#3934=VECTOR('',#13516,10.);
#3935=VECTOR('',#13517,10.);
#3936=VECTOR('',#13524,10.);
#3937=VECTOR('',#13527,10.);
#3938=VECTOR('',#13528,10.);
#3939=VECTOR('',#13529,10.);
#3940=VECTOR('',#13532,10.);
#3941=VECTOR('',#13533,10.);
#3942=VECTOR('',#13534,10.);
#3943=VECTOR('',#13537,10.);
#3944=VECTOR('',#13538,10.);
#3945=VECTOR('',#13539,10.);
#3946=VECTOR('',#13552,10.);
#3947=VECTOR('',#13553,10.);
#3948=VECTOR('',#13554,10.);
#3949=VECTOR('',#13555,10.);
#3950=VECTOR('',#13562,10.);
#3951=VECTOR('',#13565,10.);
#3952=VECTOR('',#13566,10.);
#3953=VECTOR('',#13567,10.);
#3954=VECTOR('',#13574,10.);
#3955=VECTOR('',#13577,10.);
#3956=VECTOR('',#13578,10.);
#3957=VECTOR('',#13579,10.);
#3958=VECTOR('',#13586,10.);
#3959=VECTOR('',#13589,10.);
#3960=VECTOR('',#13590,10.);
#3961=VECTOR('',#13591,10.);
#3962=VECTOR('',#13594,10.);
#3963=VECTOR('',#13595,10.);
#3964=VECTOR('',#13596,10.);
#3965=VECTOR('',#13599,10.);
#3966=VECTOR('',#13600,10.);
#3967=VECTOR('',#13601,10.);
#3968=VECTOR('',#13608,10.);
#3969=VECTOR('',#13611,10.);
#3970=VECTOR('',#13612,10.);
#3971=VECTOR('',#13613,10.);
#3972=VECTOR('',#13620,10.);
#3973=VECTOR('',#13623,10.);
#3974=VECTOR('',#13624,10.);
#3975=VECTOR('',#13625,10.);
#3976=VECTOR('',#13632,10.);
#3977=VECTOR('',#13635,10.);
#3978=VECTOR('',#13636,10.);
#3979=VECTOR('',#13637,10.);
#3980=VECTOR('',#13644,10.);
#3981=VECTOR('',#13647,10.);
#3982=VECTOR('',#13648,10.);
#3983=VECTOR('',#13649,10.);
#3984=VECTOR('',#13652,10.);
#3985=VECTOR('',#13653,10.);
#3986=VECTOR('',#13654,10.);
#3987=VECTOR('',#13657,10.);
#3988=VECTOR('',#13658,10.);
#3989=VECTOR('',#13659,10.);
#3990=VECTOR('',#13672,10.);
#3991=VECTOR('',#13673,10.);
#3992=VECTOR('',#13674,10.);
#3993=VECTOR('',#13675,10.);
#3994=VECTOR('',#13682,10.);
#3995=VECTOR('',#13685,10.);
#3996=VECTOR('',#13686,10.);
#3997=VECTOR('',#13687,10.);
#3998=VECTOR('',#13694,10.);
#3999=VECTOR('',#13697,10.);
#4000=VECTOR('',#13698,10.);
#4001=VECTOR('',#13699,10.);
#4002=VECTOR('',#13706,10.);
#4003=VECTOR('',#13709,10.);
#4004=VECTOR('',#13710,10.);
#4005=VECTOR('',#13711,10.);
#4006=VECTOR('',#13714,10.);
#4007=VECTOR('',#13715,10.);
#4008=VECTOR('',#13716,10.);
#4009=VECTOR('',#13719,10.);
#4010=VECTOR('',#13720,10.);
#4011=VECTOR('',#13721,10.);
#4012=VECTOR('',#13728,10.);
#4013=VECTOR('',#13731,10.);
#4014=VECTOR('',#13732,10.);
#4015=VECTOR('',#13733,10.);
#4016=VECTOR('',#13740,10.);
#4017=VECTOR('',#13743,10.);
#4018=VECTOR('',#13744,10.);
#4019=VECTOR('',#13745,10.);
#4020=VECTOR('',#13752,10.);
#4021=VECTOR('',#13755,10.);
#4022=VECTOR('',#13756,10.);
#4023=VECTOR('',#13757,10.);
#4024=VECTOR('',#13764,10.);
#4025=VECTOR('',#13767,10.);
#4026=VECTOR('',#13768,10.);
#4027=VECTOR('',#13769,10.);
#4028=VECTOR('',#13772,10.);
#4029=VECTOR('',#13773,10.);
#4030=VECTOR('',#13774,10.);
#4031=VECTOR('',#13777,10.);
#4032=VECTOR('',#13778,10.);
#4033=VECTOR('',#13779,10.);
#4034=VECTOR('',#13792,10.);
#4035=VECTOR('',#13793,10.);
#4036=VECTOR('',#13794,10.);
#4037=VECTOR('',#13795,10.);
#4038=VECTOR('',#13802,10.);
#4039=VECTOR('',#13805,10.);
#4040=VECTOR('',#13806,10.);
#4041=VECTOR('',#13807,10.);
#4042=VECTOR('',#13814,10.);
#4043=VECTOR('',#13817,10.);
#4044=VECTOR('',#13818,10.);
#4045=VECTOR('',#13819,10.);
#4046=VECTOR('',#13826,10.);
#4047=VECTOR('',#13829,10.);
#4048=VECTOR('',#13830,10.);
#4049=VECTOR('',#13831,10.);
#4050=VECTOR('',#13834,10.);
#4051=VECTOR('',#13835,10.);
#4052=VECTOR('',#13836,10.);
#4053=VECTOR('',#13839,10.);
#4054=VECTOR('',#13840,10.);
#4055=VECTOR('',#13841,10.);
#4056=VECTOR('',#13848,10.);
#4057=VECTOR('',#13851,10.);
#4058=VECTOR('',#13852,10.);
#4059=VECTOR('',#13853,10.);
#4060=VECTOR('',#13860,10.);
#4061=VECTOR('',#13863,10.);
#4062=VECTOR('',#13864,10.);
#4063=VECTOR('',#13865,10.);
#4064=VECTOR('',#13872,10.);
#4065=VECTOR('',#13875,10.);
#4066=VECTOR('',#13876,10.);
#4067=VECTOR('',#13877,10.);
#4068=VECTOR('',#13884,10.);
#4069=VECTOR('',#13887,10.);
#4070=VECTOR('',#13888,10.);
#4071=VECTOR('',#13889,10.);
#4072=VECTOR('',#13892,10.);
#4073=VECTOR('',#13893,10.);
#4074=VECTOR('',#13894,10.);
#4075=VECTOR('',#13897,10.);
#4076=VECTOR('',#13898,10.);
#4077=VECTOR('',#13899,10.);
#4078=VECTOR('',#13912,10.);
#4079=VECTOR('',#13913,10.);
#4080=VECTOR('',#13914,10.);
#4081=VECTOR('',#13915,10.);
#4082=VECTOR('',#13922,10.);
#4083=VECTOR('',#13925,10.);
#4084=VECTOR('',#13926,10.);
#4085=VECTOR('',#13927,10.);
#4086=VECTOR('',#13934,10.);
#4087=VECTOR('',#13937,10.);
#4088=VECTOR('',#13938,10.);
#4089=VECTOR('',#13939,10.);
#4090=VECTOR('',#13946,10.);
#4091=VECTOR('',#13949,10.);
#4092=VECTOR('',#13950,10.);
#4093=VECTOR('',#13951,10.);
#4094=VECTOR('',#13954,10.);
#4095=VECTOR('',#13955,10.);
#4096=VECTOR('',#13956,10.);
#4097=VECTOR('',#13959,10.);
#4098=VECTOR('',#13960,10.);
#4099=VECTOR('',#13961,10.);
#4100=VECTOR('',#13968,10.);
#4101=VECTOR('',#13971,10.);
#4102=VECTOR('',#13972,10.);
#4103=VECTOR('',#13973,10.);
#4104=VECTOR('',#13980,10.);
#4105=VECTOR('',#13983,10.);
#4106=VECTOR('',#13984,10.);
#4107=VECTOR('',#13985,10.);
#4108=VECTOR('',#13992,10.);
#4109=VECTOR('',#13995,10.);
#4110=VECTOR('',#13996,10.);
#4111=VECTOR('',#13997,10.);
#4112=VECTOR('',#14004,10.);
#4113=VECTOR('',#14007,10.);
#4114=VECTOR('',#14008,10.);
#4115=VECTOR('',#14009,10.);
#4116=VECTOR('',#14012,10.);
#4117=VECTOR('',#14013,10.);
#4118=VECTOR('',#14014,10.);
#4119=VECTOR('',#14017,10.);
#4120=VECTOR('',#14018,10.);
#4121=VECTOR('',#14019,10.);
#4122=VECTOR('',#14032,10.);
#4123=VECTOR('',#14033,10.);
#4124=VECTOR('',#14034,10.);
#4125=VECTOR('',#14035,10.);
#4126=VECTOR('',#14042,10.);
#4127=VECTOR('',#14045,10.);
#4128=VECTOR('',#14046,10.);
#4129=VECTOR('',#14047,10.);
#4130=VECTOR('',#14054,10.);
#4131=VECTOR('',#14057,10.);
#4132=VECTOR('',#14058,10.);
#4133=VECTOR('',#14059,10.);
#4134=VECTOR('',#14066,10.);
#4135=VECTOR('',#14069,10.);
#4136=VECTOR('',#14070,10.);
#4137=VECTOR('',#14071,10.);
#4138=VECTOR('',#14074,10.);
#4139=VECTOR('',#14075,10.);
#4140=VECTOR('',#14076,10.);
#4141=VECTOR('',#14079,10.);
#4142=VECTOR('',#14080,10.);
#4143=VECTOR('',#14081,10.);
#4144=VECTOR('',#14088,10.);
#4145=VECTOR('',#14091,10.);
#4146=VECTOR('',#14092,10.);
#4147=VECTOR('',#14093,10.);
#4148=VECTOR('',#14100,10.);
#4149=VECTOR('',#14103,10.);
#4150=VECTOR('',#14104,10.);
#4151=VECTOR('',#14105,10.);
#4152=VECTOR('',#14112,10.);
#4153=VECTOR('',#14115,10.);
#4154=VECTOR('',#14116,10.);
#4155=VECTOR('',#14117,10.);
#4156=VECTOR('',#14124,10.);
#4157=VECTOR('',#14127,10.);
#4158=VECTOR('',#14128,10.);
#4159=VECTOR('',#14129,10.);
#4160=VECTOR('',#14132,10.);
#4161=VECTOR('',#14133,10.);
#4162=VECTOR('',#14134,10.);
#4163=VECTOR('',#14137,10.);
#4164=VECTOR('',#14138,10.);
#4165=VECTOR('',#14139,10.);
#4166=VECTOR('',#14152,10.);
#4167=VECTOR('',#14153,10.);
#4168=VECTOR('',#14154,10.);
#4169=VECTOR('',#14155,10.);
#4170=VECTOR('',#14162,10.);
#4171=VECTOR('',#14165,10.);
#4172=VECTOR('',#14166,10.);
#4173=VECTOR('',#14167,10.);
#4174=VECTOR('',#14174,10.);
#4175=VECTOR('',#14177,10.);
#4176=VECTOR('',#14178,10.);
#4177=VECTOR('',#14179,10.);
#4178=VECTOR('',#14186,10.);
#4179=VECTOR('',#14189,10.);
#4180=VECTOR('',#14190,10.);
#4181=VECTOR('',#14191,10.);
#4182=VECTOR('',#14194,10.);
#4183=VECTOR('',#14195,10.);
#4184=VECTOR('',#14196,10.);
#4185=VECTOR('',#14199,10.);
#4186=VECTOR('',#14200,10.);
#4187=VECTOR('',#14201,10.);
#4188=VECTOR('',#14208,10.);
#4189=VECTOR('',#14211,10.);
#4190=VECTOR('',#14212,10.);
#4191=VECTOR('',#14213,10.);
#4192=VECTOR('',#14220,10.);
#4193=VECTOR('',#14223,10.);
#4194=VECTOR('',#14224,10.);
#4195=VECTOR('',#14225,10.);
#4196=VECTOR('',#14232,10.);
#4197=VECTOR('',#14235,10.);
#4198=VECTOR('',#14236,10.);
#4199=VECTOR('',#14237,10.);
#4200=VECTOR('',#14244,10.);
#4201=VECTOR('',#14247,10.);
#4202=VECTOR('',#14248,10.);
#4203=VECTOR('',#14249,10.);
#4204=VECTOR('',#14252,10.);
#4205=VECTOR('',#14253,10.);
#4206=VECTOR('',#14254,10.);
#4207=VECTOR('',#14257,10.);
#4208=VECTOR('',#14258,10.);
#4209=VECTOR('',#14259,10.);
#4210=VECTOR('',#14272,10.);
#4211=VECTOR('',#14273,10.);
#4212=VECTOR('',#14274,10.);
#4213=VECTOR('',#14275,10.);
#4214=VECTOR('',#14282,10.);
#4215=VECTOR('',#14285,10.);
#4216=VECTOR('',#14286,10.);
#4217=VECTOR('',#14287,10.);
#4218=VECTOR('',#14294,10.);
#4219=VECTOR('',#14297,10.);
#4220=VECTOR('',#14298,10.);
#4221=VECTOR('',#14299,10.);
#4222=VECTOR('',#14306,10.);
#4223=VECTOR('',#14309,10.);
#4224=VECTOR('',#14310,10.);
#4225=VECTOR('',#14311,10.);
#4226=VECTOR('',#14314,10.);
#4227=VECTOR('',#14315,10.);
#4228=VECTOR('',#14316,10.);
#4229=VECTOR('',#14319,10.);
#4230=VECTOR('',#14320,10.);
#4231=VECTOR('',#14321,10.);
#4232=VECTOR('',#14328,10.);
#4233=VECTOR('',#14331,10.);
#4234=VECTOR('',#14332,10.);
#4235=VECTOR('',#14333,10.);
#4236=VECTOR('',#14340,10.);
#4237=VECTOR('',#14343,10.);
#4238=VECTOR('',#14344,10.);
#4239=VECTOR('',#14345,10.);
#4240=VECTOR('',#14352,10.);
#4241=VECTOR('',#14355,10.);
#4242=VECTOR('',#14356,10.);
#4243=VECTOR('',#14357,10.);
#4244=VECTOR('',#14364,10.);
#4245=VECTOR('',#14367,10.);
#4246=VECTOR('',#14368,10.);
#4247=VECTOR('',#14369,10.);
#4248=VECTOR('',#14372,10.);
#4249=VECTOR('',#14373,10.);
#4250=VECTOR('',#14374,10.);
#4251=VECTOR('',#14377,10.);
#4252=VECTOR('',#14378,10.);
#4253=VECTOR('',#14379,10.);
#4254=VECTOR('',#14392,10.);
#4255=VECTOR('',#14393,10.);
#4256=VECTOR('',#14394,10.);
#4257=VECTOR('',#14395,10.);
#4258=VECTOR('',#14402,10.);
#4259=VECTOR('',#14405,10.);
#4260=VECTOR('',#14406,10.);
#4261=VECTOR('',#14407,10.);
#4262=VECTOR('',#14414,10.);
#4263=VECTOR('',#14417,10.);
#4264=VECTOR('',#14418,10.);
#4265=VECTOR('',#14419,10.);
#4266=VECTOR('',#14426,10.);
#4267=VECTOR('',#14429,10.);
#4268=VECTOR('',#14430,10.);
#4269=VECTOR('',#14431,10.);
#4270=VECTOR('',#14434,10.);
#4271=VECTOR('',#14435,10.);
#4272=VECTOR('',#14436,10.);
#4273=VECTOR('',#14439,10.);
#4274=VECTOR('',#14440,10.);
#4275=VECTOR('',#14441,10.);
#4276=VECTOR('',#14448,10.);
#4277=VECTOR('',#14451,10.);
#4278=VECTOR('',#14452,10.);
#4279=VECTOR('',#14453,10.);
#4280=VECTOR('',#14460,10.);
#4281=VECTOR('',#14463,10.);
#4282=VECTOR('',#14464,10.);
#4283=VECTOR('',#14465,10.);
#4284=VECTOR('',#14472,10.);
#4285=VECTOR('',#14475,10.);
#4286=VECTOR('',#14476,10.);
#4287=VECTOR('',#14477,10.);
#4288=VECTOR('',#14484,10.);
#4289=VECTOR('',#14487,10.);
#4290=VECTOR('',#14488,10.);
#4291=VECTOR('',#14489,10.);
#4292=VECTOR('',#14492,10.);
#4293=VECTOR('',#14493,10.);
#4294=VECTOR('',#14494,10.);
#4295=VECTOR('',#14497,10.);
#4296=VECTOR('',#14498,10.);
#4297=VECTOR('',#14499,10.);
#4298=VECTOR('',#14512,10.);
#4299=VECTOR('',#14513,10.);
#4300=VECTOR('',#14514,10.);
#4301=VECTOR('',#14515,10.);
#4302=VECTOR('',#14522,10.);
#4303=VECTOR('',#14525,10.);
#4304=VECTOR('',#14526,10.);
#4305=VECTOR('',#14527,10.);
#4306=VECTOR('',#14534,10.);
#4307=VECTOR('',#14537,10.);
#4308=VECTOR('',#14538,10.);
#4309=VECTOR('',#14539,10.);
#4310=VECTOR('',#14546,10.);
#4311=VECTOR('',#14549,10.);
#4312=VECTOR('',#14550,10.);
#4313=VECTOR('',#14551,10.);
#4314=VECTOR('',#14554,10.);
#4315=VECTOR('',#14555,10.);
#4316=VECTOR('',#14556,10.);
#4317=VECTOR('',#14559,10.);
#4318=VECTOR('',#14560,10.);
#4319=VECTOR('',#14561,10.);
#4320=VECTOR('',#14568,10.);
#4321=VECTOR('',#14571,10.);
#4322=VECTOR('',#14572,10.);
#4323=VECTOR('',#14573,10.);
#4324=VECTOR('',#14580,10.);
#4325=VECTOR('',#14583,10.);
#4326=VECTOR('',#14584,10.);
#4327=VECTOR('',#14585,10.);
#4328=VECTOR('',#14592,10.);
#4329=VECTOR('',#14595,10.);
#4330=VECTOR('',#14596,10.);
#4331=VECTOR('',#14597,10.);
#4332=VECTOR('',#14604,10.);
#4333=VECTOR('',#14607,10.);
#4334=VECTOR('',#14608,10.);
#4335=VECTOR('',#14609,10.);
#4336=VECTOR('',#14612,10.);
#4337=VECTOR('',#14613,10.);
#4338=VECTOR('',#14614,10.);
#4339=VECTOR('',#14617,10.);
#4340=VECTOR('',#14618,10.);
#4341=VECTOR('',#14619,10.);
#4342=VECTOR('',#14632,10.);
#4343=VECTOR('',#14633,10.);
#4344=VECTOR('',#14634,10.);
#4345=VECTOR('',#14635,10.);
#4346=VECTOR('',#14642,10.);
#4347=VECTOR('',#14645,10.);
#4348=VECTOR('',#14646,10.);
#4349=VECTOR('',#14647,10.);
#4350=VECTOR('',#14654,10.);
#4351=VECTOR('',#14657,10.);
#4352=VECTOR('',#14658,10.);
#4353=VECTOR('',#14659,10.);
#4354=VECTOR('',#14666,10.);
#4355=VECTOR('',#14669,10.);
#4356=VECTOR('',#14670,10.);
#4357=VECTOR('',#14671,10.);
#4358=VECTOR('',#14674,10.);
#4359=VECTOR('',#14675,10.);
#4360=VECTOR('',#14676,10.);
#4361=VECTOR('',#14679,10.);
#4362=VECTOR('',#14680,10.);
#4363=VECTOR('',#14681,10.);
#4364=VECTOR('',#14688,10.);
#4365=VECTOR('',#14691,10.);
#4366=VECTOR('',#14692,10.);
#4367=VECTOR('',#14693,10.);
#4368=VECTOR('',#14700,10.);
#4369=VECTOR('',#14703,10.);
#4370=VECTOR('',#14704,10.);
#4371=VECTOR('',#14705,10.);
#4372=VECTOR('',#14712,10.);
#4373=VECTOR('',#14715,10.);
#4374=VECTOR('',#14716,10.);
#4375=VECTOR('',#14717,10.);
#4376=VECTOR('',#14724,10.);
#4377=VECTOR('',#14727,10.);
#4378=VECTOR('',#14728,10.);
#4379=VECTOR('',#14729,10.);
#4380=VECTOR('',#14732,10.);
#4381=VECTOR('',#14733,10.);
#4382=VECTOR('',#14734,10.);
#4383=VECTOR('',#14737,10.);
#4384=VECTOR('',#14738,10.);
#4385=VECTOR('',#14739,10.);
#4386=VECTOR('',#14752,10.);
#4387=VECTOR('',#14753,10.);
#4388=VECTOR('',#14754,10.);
#4389=VECTOR('',#14755,10.);
#4390=VECTOR('',#14762,10.);
#4391=VECTOR('',#14765,10.);
#4392=VECTOR('',#14766,10.);
#4393=VECTOR('',#14767,10.);
#4394=VECTOR('',#14774,10.);
#4395=VECTOR('',#14777,10.);
#4396=VECTOR('',#14778,10.);
#4397=VECTOR('',#14779,10.);
#4398=VECTOR('',#14786,10.);
#4399=VECTOR('',#14789,10.);
#4400=VECTOR('',#14790,10.);
#4401=VECTOR('',#14791,10.);
#4402=VECTOR('',#14794,10.);
#4403=VECTOR('',#14795,10.);
#4404=VECTOR('',#14796,10.);
#4405=VECTOR('',#14799,10.);
#4406=VECTOR('',#14800,10.);
#4407=VECTOR('',#14801,10.);
#4408=VECTOR('',#14808,10.);
#4409=VECTOR('',#14811,10.);
#4410=VECTOR('',#14812,10.);
#4411=VECTOR('',#14813,10.);
#4412=VECTOR('',#14820,10.);
#4413=VECTOR('',#14823,10.);
#4414=VECTOR('',#14824,10.);
#4415=VECTOR('',#14825,10.);
#4416=VECTOR('',#14832,10.);
#4417=VECTOR('',#14835,10.);
#4418=VECTOR('',#14836,10.);
#4419=VECTOR('',#14837,10.);
#4420=VECTOR('',#14844,10.);
#4421=VECTOR('',#14847,10.);
#4422=VECTOR('',#14848,10.);
#4423=VECTOR('',#14849,10.);
#4424=VECTOR('',#14852,10.);
#4425=VECTOR('',#14853,10.);
#4426=VECTOR('',#14854,10.);
#4427=VECTOR('',#14857,10.);
#4428=VECTOR('',#14858,10.);
#4429=VECTOR('',#14859,10.);
#4430=VECTOR('',#14872,10.);
#4431=VECTOR('',#14873,10.);
#4432=VECTOR('',#14874,10.);
#4433=VECTOR('',#14875,10.);
#4434=VECTOR('',#14882,10.);
#4435=VECTOR('',#14885,10.);
#4436=VECTOR('',#14886,10.);
#4437=VECTOR('',#14887,10.);
#4438=VECTOR('',#14894,10.);
#4439=VECTOR('',#14897,10.);
#4440=VECTOR('',#14898,10.);
#4441=VECTOR('',#14899,10.);
#4442=VECTOR('',#14906,10.);
#4443=VECTOR('',#14909,10.);
#4444=VECTOR('',#14910,10.);
#4445=VECTOR('',#14911,10.);
#4446=VECTOR('',#14914,10.);
#4447=VECTOR('',#14915,10.);
#4448=VECTOR('',#14916,10.);
#4449=VECTOR('',#14919,10.);
#4450=VECTOR('',#14920,10.);
#4451=VECTOR('',#14921,10.);
#4452=VECTOR('',#14928,10.);
#4453=VECTOR('',#14931,10.);
#4454=VECTOR('',#14932,10.);
#4455=VECTOR('',#14933,10.);
#4456=VECTOR('',#14940,10.);
#4457=VECTOR('',#14943,10.);
#4458=VECTOR('',#14944,10.);
#4459=VECTOR('',#14945,10.);
#4460=VECTOR('',#14952,10.);
#4461=VECTOR('',#14955,10.);
#4462=VECTOR('',#14956,10.);
#4463=VECTOR('',#14957,10.);
#4464=VECTOR('',#14964,10.);
#4465=VECTOR('',#14967,10.);
#4466=VECTOR('',#14968,10.);
#4467=VECTOR('',#14969,10.);
#4468=VECTOR('',#14972,10.);
#4469=VECTOR('',#14973,10.);
#4470=VECTOR('',#14974,10.);
#4471=VECTOR('',#14977,10.);
#4472=VECTOR('',#14978,10.);
#4473=VECTOR('',#14979,10.);
#4474=VECTOR('',#14992,10.);
#4475=VECTOR('',#14993,10.);
#4476=VECTOR('',#14994,10.);
#4477=VECTOR('',#14995,10.);
#4478=VECTOR('',#15002,10.);
#4479=VECTOR('',#15005,10.);
#4480=VECTOR('',#15006,10.);
#4481=VECTOR('',#15007,10.);
#4482=VECTOR('',#15014,10.);
#4483=VECTOR('',#15017,10.);
#4484=VECTOR('',#15018,10.);
#4485=VECTOR('',#15019,10.);
#4486=VECTOR('',#15026,10.);
#4487=VECTOR('',#15029,10.);
#4488=VECTOR('',#15030,10.);
#4489=VECTOR('',#15031,10.);
#4490=VECTOR('',#15034,10.);
#4491=VECTOR('',#15035,10.);
#4492=VECTOR('',#15036,10.);
#4493=VECTOR('',#15039,10.);
#4494=VECTOR('',#15040,10.);
#4495=VECTOR('',#15041,10.);
#4496=VECTOR('',#15048,10.);
#4497=VECTOR('',#15051,10.);
#4498=VECTOR('',#15052,10.);
#4499=VECTOR('',#15053,10.);
#4500=VECTOR('',#15060,10.);
#4501=VECTOR('',#15063,10.);
#4502=VECTOR('',#15064,10.);
#4503=VECTOR('',#15065,10.);
#4504=VECTOR('',#15072,10.);
#4505=VECTOR('',#15075,10.);
#4506=VECTOR('',#15076,10.);
#4507=VECTOR('',#15077,10.);
#4508=VECTOR('',#15084,10.);
#4509=VECTOR('',#15087,10.);
#4510=VECTOR('',#15088,10.);
#4511=VECTOR('',#15089,10.);
#4512=VECTOR('',#15092,10.);
#4513=VECTOR('',#15093,10.);
#4514=VECTOR('',#15094,10.);
#4515=VECTOR('',#15097,10.);
#4516=VECTOR('',#15098,10.);
#4517=VECTOR('',#15099,10.);
#4518=VECTOR('',#15112,10.);
#4519=VECTOR('',#15113,10.);
#4520=VECTOR('',#15114,10.);
#4521=VECTOR('',#15115,10.);
#4522=VECTOR('',#15122,10.);
#4523=VECTOR('',#15125,10.);
#4524=VECTOR('',#15126,10.);
#4525=VECTOR('',#15127,10.);
#4526=VECTOR('',#15134,10.);
#4527=VECTOR('',#15137,10.);
#4528=VECTOR('',#15138,10.);
#4529=VECTOR('',#15139,10.);
#4530=VECTOR('',#15146,10.);
#4531=VECTOR('',#15149,10.);
#4532=VECTOR('',#15150,10.);
#4533=VECTOR('',#15151,10.);
#4534=VECTOR('',#15154,10.);
#4535=VECTOR('',#15155,10.);
#4536=VECTOR('',#15156,10.);
#4537=VECTOR('',#15159,10.);
#4538=VECTOR('',#15160,10.);
#4539=VECTOR('',#15161,10.);
#4540=VECTOR('',#15168,10.);
#4541=VECTOR('',#15171,10.);
#4542=VECTOR('',#15172,10.);
#4543=VECTOR('',#15173,10.);
#4544=VECTOR('',#15180,10.);
#4545=VECTOR('',#15183,10.);
#4546=VECTOR('',#15184,10.);
#4547=VECTOR('',#15185,10.);
#4548=VECTOR('',#15192,10.);
#4549=VECTOR('',#15195,10.);
#4550=VECTOR('',#15196,10.);
#4551=VECTOR('',#15197,10.);
#4552=VECTOR('',#15204,10.);
#4553=VECTOR('',#15207,10.);
#4554=VECTOR('',#15208,10.);
#4555=VECTOR('',#15209,10.);
#4556=VECTOR('',#15212,10.);
#4557=VECTOR('',#15213,10.);
#4558=VECTOR('',#15214,10.);
#4559=VECTOR('',#15217,10.);
#4560=VECTOR('',#15218,10.);
#4561=VECTOR('',#15219,10.);
#4562=VECTOR('',#15232,10.);
#4563=VECTOR('',#15233,10.);
#4564=VECTOR('',#15234,10.);
#4565=VECTOR('',#15235,10.);
#4566=VECTOR('',#15242,10.);
#4567=VECTOR('',#15245,10.);
#4568=VECTOR('',#15246,10.);
#4569=VECTOR('',#15247,10.);
#4570=VECTOR('',#15254,10.);
#4571=VECTOR('',#15257,10.);
#4572=VECTOR('',#15258,10.);
#4573=VECTOR('',#15259,10.);
#4574=VECTOR('',#15266,10.);
#4575=VECTOR('',#15269,10.);
#4576=VECTOR('',#15270,10.);
#4577=VECTOR('',#15271,10.);
#4578=VECTOR('',#15274,10.);
#4579=VECTOR('',#15275,10.);
#4580=VECTOR('',#15276,10.);
#4581=VECTOR('',#15279,10.);
#4582=VECTOR('',#15280,10.);
#4583=VECTOR('',#15281,10.);
#4584=VECTOR('',#15288,10.);
#4585=VECTOR('',#15291,10.);
#4586=VECTOR('',#15292,10.);
#4587=VECTOR('',#15293,10.);
#4588=VECTOR('',#15300,10.);
#4589=VECTOR('',#15303,10.);
#4590=VECTOR('',#15304,10.);
#4591=VECTOR('',#15305,10.);
#4592=VECTOR('',#15312,10.);
#4593=VECTOR('',#15315,10.);
#4594=VECTOR('',#15316,10.);
#4595=VECTOR('',#15317,10.);
#4596=VECTOR('',#15324,10.);
#4597=VECTOR('',#15327,10.);
#4598=VECTOR('',#15328,10.);
#4599=VECTOR('',#15329,10.);
#4600=VECTOR('',#15332,10.);
#4601=VECTOR('',#15333,10.);
#4602=VECTOR('',#15334,10.);
#4603=VECTOR('',#15337,10.);
#4604=VECTOR('',#15338,10.);
#4605=VECTOR('',#15339,10.);
#4606=VECTOR('',#15352,10.);
#4607=VECTOR('',#15353,10.);
#4608=VECTOR('',#15354,10.);
#4609=VECTOR('',#15355,10.);
#4610=VECTOR('',#15362,10.);
#4611=VECTOR('',#15365,10.);
#4612=VECTOR('',#15366,10.);
#4613=VECTOR('',#15367,10.);
#4614=VECTOR('',#15374,10.);
#4615=VECTOR('',#15377,10.);
#4616=VECTOR('',#15378,10.);
#4617=VECTOR('',#15379,10.);
#4618=VECTOR('',#15386,10.);
#4619=VECTOR('',#15389,10.);
#4620=VECTOR('',#15390,10.);
#4621=VECTOR('',#15391,10.);
#4622=VECTOR('',#15394,10.);
#4623=VECTOR('',#15395,10.);
#4624=VECTOR('',#15396,10.);
#4625=VECTOR('',#15399,10.);
#4626=VECTOR('',#15400,10.);
#4627=VECTOR('',#15401,10.);
#4628=VECTOR('',#15408,10.);
#4629=VECTOR('',#15411,10.);
#4630=VECTOR('',#15412,10.);
#4631=VECTOR('',#15413,10.);
#4632=VECTOR('',#15420,10.);
#4633=VECTOR('',#15423,10.);
#4634=VECTOR('',#15424,10.);
#4635=VECTOR('',#15425,10.);
#4636=VECTOR('',#15432,10.);
#4637=VECTOR('',#15435,10.);
#4638=VECTOR('',#15436,10.);
#4639=VECTOR('',#15437,10.);
#4640=VECTOR('',#15444,10.);
#4641=VECTOR('',#15447,10.);
#4642=VECTOR('',#15448,10.);
#4643=VECTOR('',#15449,10.);
#4644=VECTOR('',#15452,10.);
#4645=VECTOR('',#15453,10.);
#4646=VECTOR('',#15454,10.);
#4647=VECTOR('',#15457,10.);
#4648=VECTOR('',#15458,10.);
#4649=VECTOR('',#15459,10.);
#4650=VECTOR('',#15472,10.);
#4651=VECTOR('',#15473,10.);
#4652=VECTOR('',#15474,10.);
#4653=VECTOR('',#15475,10.);
#4654=VECTOR('',#15482,10.);
#4655=VECTOR('',#15485,10.);
#4656=VECTOR('',#15486,10.);
#4657=VECTOR('',#15487,10.);
#4658=VECTOR('',#15494,10.);
#4659=VECTOR('',#15497,10.);
#4660=VECTOR('',#15498,10.);
#4661=VECTOR('',#15499,10.);
#4662=VECTOR('',#15506,10.);
#4663=VECTOR('',#15509,10.);
#4664=VECTOR('',#15510,10.);
#4665=VECTOR('',#15511,10.);
#4666=VECTOR('',#15514,10.);
#4667=VECTOR('',#15515,10.);
#4668=VECTOR('',#15516,10.);
#4669=VECTOR('',#15519,10.);
#4670=VECTOR('',#15520,10.);
#4671=VECTOR('',#15521,10.);
#4672=VECTOR('',#15528,10.);
#4673=VECTOR('',#15531,10.);
#4674=VECTOR('',#15532,10.);
#4675=VECTOR('',#15533,10.);
#4676=VECTOR('',#15540,10.);
#4677=VECTOR('',#15543,10.);
#4678=VECTOR('',#15544,10.);
#4679=VECTOR('',#15545,10.);
#4680=VECTOR('',#15552,10.);
#4681=VECTOR('',#15555,10.);
#4682=VECTOR('',#15556,10.);
#4683=VECTOR('',#15557,10.);
#4684=VECTOR('',#15564,10.);
#4685=VECTOR('',#15567,10.);
#4686=VECTOR('',#15568,10.);
#4687=VECTOR('',#15569,10.);
#4688=VECTOR('',#15572,10.);
#4689=VECTOR('',#15573,10.);
#4690=VECTOR('',#15574,10.);
#4691=VECTOR('',#15577,10.);
#4692=VECTOR('',#15578,10.);
#4693=VECTOR('',#15579,10.);
#4694=VECTOR('',#15592,10.);
#4695=VECTOR('',#15593,10.);
#4696=VECTOR('',#15594,10.);
#4697=VECTOR('',#15595,10.);
#4698=VECTOR('',#15602,10.);
#4699=VECTOR('',#15605,10.);
#4700=VECTOR('',#15606,10.);
#4701=VECTOR('',#15607,10.);
#4702=VECTOR('',#15614,10.);
#4703=VECTOR('',#15617,10.);
#4704=VECTOR('',#15618,10.);
#4705=VECTOR('',#15619,10.);
#4706=VECTOR('',#15626,10.);
#4707=VECTOR('',#15629,10.);
#4708=VECTOR('',#15630,10.);
#4709=VECTOR('',#15631,10.);
#4710=VECTOR('',#15634,10.);
#4711=VECTOR('',#15635,10.);
#4712=VECTOR('',#15636,10.);
#4713=VECTOR('',#15639,10.);
#4714=VECTOR('',#15640,10.);
#4715=VECTOR('',#15641,10.);
#4716=VECTOR('',#15648,10.);
#4717=VECTOR('',#15651,10.);
#4718=VECTOR('',#15652,10.);
#4719=VECTOR('',#15653,10.);
#4720=VECTOR('',#15660,10.);
#4721=VECTOR('',#15663,10.);
#4722=VECTOR('',#15664,10.);
#4723=VECTOR('',#15665,10.);
#4724=VECTOR('',#15672,10.);
#4725=VECTOR('',#15675,10.);
#4726=VECTOR('',#15676,10.);
#4727=VECTOR('',#15677,10.);
#4728=VECTOR('',#15684,10.);
#4729=VECTOR('',#15687,10.);
#4730=VECTOR('',#15688,10.);
#4731=VECTOR('',#15689,10.);
#4732=VECTOR('',#15692,10.);
#4733=VECTOR('',#15693,10.);
#4734=VECTOR('',#15694,10.);
#4735=VECTOR('',#15697,10.);
#4736=VECTOR('',#15698,10.);
#4737=VECTOR('',#15699,10.);
#4738=VECTOR('',#15712,10.);
#4739=VECTOR('',#15713,10.);
#4740=VECTOR('',#15714,10.);
#4741=VECTOR('',#15715,10.);
#4742=VECTOR('',#15722,10.);
#4743=VECTOR('',#15725,10.);
#4744=VECTOR('',#15726,10.);
#4745=VECTOR('',#15727,10.);
#4746=VECTOR('',#15734,10.);
#4747=VECTOR('',#15737,10.);
#4748=VECTOR('',#15738,10.);
#4749=VECTOR('',#15739,10.);
#4750=VECTOR('',#15746,10.);
#4751=VECTOR('',#15749,10.);
#4752=VECTOR('',#15750,10.);
#4753=VECTOR('',#15751,10.);
#4754=VECTOR('',#15754,10.);
#4755=VECTOR('',#15755,10.);
#4756=VECTOR('',#15756,10.);
#4757=VECTOR('',#15759,10.);
#4758=VECTOR('',#15760,10.);
#4759=VECTOR('',#15761,10.);
#4760=VECTOR('',#15768,10.);
#4761=VECTOR('',#15771,10.);
#4762=VECTOR('',#15772,10.);
#4763=VECTOR('',#15773,10.);
#4764=VECTOR('',#15780,10.);
#4765=VECTOR('',#15783,10.);
#4766=VECTOR('',#15784,10.);
#4767=VECTOR('',#15785,10.);
#4768=VECTOR('',#15792,10.);
#4769=VECTOR('',#15795,10.);
#4770=VECTOR('',#15796,10.);
#4771=VECTOR('',#15797,10.);
#4772=VECTOR('',#15804,10.);
#4773=VECTOR('',#15807,10.);
#4774=VECTOR('',#15808,10.);
#4775=VECTOR('',#15809,10.);
#4776=VECTOR('',#15812,10.);
#4777=VECTOR('',#15813,10.);
#4778=VECTOR('',#15814,10.);
#4779=VECTOR('',#15817,10.);
#4780=VECTOR('',#15818,10.);
#4781=VECTOR('',#15819,10.);
#4782=VERTEX_POINT('',#15868);
#4783=VERTEX_POINT('',#15869);
#4784=VERTEX_POINT('',#15871);
#4785=VERTEX_POINT('',#15939);
#4786=VERTEX_POINT('',#16039);
#4787=VERTEX_POINT('',#16040);
#4788=VERTEX_POINT('',#16042);
#4789=VERTEX_POINT('',#16110);
#4790=VERTEX_POINT('',#16198);
#4791=VERTEX_POINT('',#16203);
#4792=VERTEX_POINT('',#16225);
#4793=VERTEX_POINT('',#16226);
#4794=VERTEX_POINT('',#16228);
#4795=VERTEX_POINT('',#16233);
#4796=VERTEX_POINT('',#16264);
#4797=VERTEX_POINT('',#16265);
#4798=VERTEX_POINT('',#16267);
#4799=VERTEX_POINT('',#16269);
#4800=VERTEX_POINT('',#16336);
#4801=VERTEX_POINT('',#16337);
#4802=VERTEX_POINT('',#16339);
#4803=VERTEX_POINT('',#16350);
#4804=VERTEX_POINT('',#16387);
#4805=VERTEX_POINT('',#16388);
#4806=VERTEX_POINT('',#16390);
#4807=VERTEX_POINT('',#16392);
#4808=VERTEX_POINT('',#16435);
#4809=VERTEX_POINT('',#16436);
#4810=VERTEX_POINT('',#16438);
#4811=VERTEX_POINT('',#16443);
#4812=VERTEX_POINT('',#16489);
#4813=VERTEX_POINT('',#16494);
#4814=VERTEX_POINT('',#16525);
#4815=VERTEX_POINT('',#16527);
#4816=VERTEX_POINT('',#16529);
#4817=VERTEX_POINT('',#16531);
#4818=VERTEX_POINT('',#16535);
#4819=VERTEX_POINT('',#16537);
#4820=VERTEX_POINT('',#16539);
#4821=VERTEX_POINT('',#16541);
#4822=VERTEX_POINT('',#16543);
#4823=VERTEX_POINT('',#16547);
#4824=VERTEX_POINT('',#16549);
#4825=VERTEX_POINT('',#16551);
#4826=VERTEX_POINT('',#16555);
#4827=VERTEX_POINT('',#16578);
#4828=VERTEX_POINT('',#16580);
#4829=VERTEX_POINT('',#16582);
#4830=VERTEX_POINT('',#16601);
#4831=VERTEX_POINT('',#16605);
#4832=VERTEX_POINT('',#16609);
#4833=VERTEX_POINT('',#16613);
#4834=VERTEX_POINT('',#16617);
#4835=VERTEX_POINT('',#16621);
#4836=VERTEX_POINT('',#16644);
#4837=VERTEX_POINT('',#16646);
#4838=VERTEX_POINT('',#16665);
#4839=VERTEX_POINT('',#16672);
#4840=VERTEX_POINT('',#16681);
#4841=VERTEX_POINT('',#16683);
#4842=VERTEX_POINT('',#16692);
#4843=VERTEX_POINT('',#16695);
#4844=VERTEX_POINT('',#16696);
#4845=VERTEX_POINT('',#16698);
#4846=VERTEX_POINT('',#16701);
#4847=VERTEX_POINT('',#16710);
#4848=VERTEX_POINT('',#16711);
#4849=VERTEX_POINT('',#16715);
#4850=VERTEX_POINT('',#16717);
#4851=VERTEX_POINT('',#16722);
#4852=VERTEX_POINT('',#16724);
#4853=VERTEX_POINT('',#16735);
#4854=VERTEX_POINT('',#16736);
#4855=VERTEX_POINT('',#16743);
#4856=VERTEX_POINT('',#16745);
#4857=VERTEX_POINT('',#16748);
#4858=VERTEX_POINT('',#16749);
#4859=VERTEX_POINT('',#16751);
#4860=VERTEX_POINT('',#16753);
#4861=VERTEX_POINT('',#16756);
#4862=VERTEX_POINT('',#16759);
#4863=VERTEX_POINT('',#16760);
#4864=VERTEX_POINT('',#16762);
#4865=VERTEX_POINT('',#16764);
#4866=VERTEX_POINT('',#16771);
#4867=VERTEX_POINT('',#16773);
#4868=VERTEX_POINT('',#16777);
#4869=VERTEX_POINT('',#16779);
#4870=VERTEX_POINT('',#16783);
#4871=VERTEX_POINT('',#16784);
#4872=VERTEX_POINT('',#16789);
#4873=VERTEX_POINT('',#16791);
#4874=VERTEX_POINT('',#16795);
#4875=VERTEX_POINT('',#16796);
#4876=VERTEX_POINT('',#16801);
#4877=VERTEX_POINT('',#16803);
#4878=VERTEX_POINT('',#16807);
#4879=VERTEX_POINT('',#16809);
#4880=VERTEX_POINT('',#16816);
#4881=VERTEX_POINT('',#16818);
#4882=VERTEX_POINT('',#16825);
#4883=VERTEX_POINT('',#16827);
#4884=VERTEX_POINT('',#16829);
#4885=VERTEX_POINT('',#16831);
#4886=VERTEX_POINT('',#16835);
#4887=VERTEX_POINT('',#16839);
#4888=VERTEX_POINT('',#16841);
#4889=VERTEX_POINT('',#16843);
#4890=VERTEX_POINT('',#16847);
#4891=VERTEX_POINT('',#16851);
#4892=VERTEX_POINT('',#16853);
#4893=VERTEX_POINT('',#16855);
#4894=VERTEX_POINT('',#16859);
#4895=VERTEX_POINT('',#16863);
#4896=VERTEX_POINT('',#16865);
#4897=VERTEX_POINT('',#16867);
#4898=VERTEX_POINT('',#16874);
#4899=VERTEX_POINT('',#16875);
#4900=VERTEX_POINT('',#16877);
#4901=VERTEX_POINT('',#16879);
#4902=VERTEX_POINT('',#16889);
#4903=VERTEX_POINT('',#16891);
#4904=VERTEX_POINT('',#16895);
#4905=VERTEX_POINT('',#16897);
#4906=VERTEX_POINT('',#16901);
#4907=VERTEX_POINT('',#16905);
#4908=VERTEX_POINT('',#16909);
#4909=VERTEX_POINT('',#16911);
#4910=VERTEX_POINT('',#16913);
#4911=VERTEX_POINT('',#16915);
#4912=VERTEX_POINT('',#16919);
#4913=VERTEX_POINT('',#16921);
#4914=VERTEX_POINT('',#16925);
#4915=VERTEX_POINT('',#16927);
#4916=VERTEX_POINT('',#16933);
#4917=VERTEX_POINT('',#16934);
#4918=VERTEX_POINT('',#16936);
#4919=VERTEX_POINT('',#16938);
#4920=VERTEX_POINT('',#16942);
#4921=VERTEX_POINT('',#16943);
#4922=VERTEX_POINT('',#16945);
#4923=VERTEX_POINT('',#16947);
#4924=VERTEX_POINT('',#16951);
#4925=VERTEX_POINT('',#16953);
#4926=VERTEX_POINT('',#16957);
#4927=VERTEX_POINT('',#16964);
#4928=VERTEX_POINT('',#16965);
#4929=VERTEX_POINT('',#16967);
#4930=VERTEX_POINT('',#16974);
#4931=VERTEX_POINT('',#16976);
#4932=VERTEX_POINT('',#16998);
#4933=VERTEX_POINT('',#17000);
#4934=VERTEX_POINT('',#17002);
#4935=VERTEX_POINT('',#17004);
#4936=VERTEX_POINT('',#17006);
#4937=VERTEX_POINT('',#17008);
#4938=VERTEX_POINT('',#17010);
#4939=VERTEX_POINT('',#17012);
#4940=VERTEX_POINT('',#17014);
#4941=VERTEX_POINT('',#17016);
#4942=VERTEX_POINT('',#17018);
#4943=VERTEX_POINT('',#17022);
#4944=VERTEX_POINT('',#17044);
#4945=VERTEX_POINT('',#17046);
#4946=VERTEX_POINT('',#17050);
#4947=VERTEX_POINT('',#17051);
#4948=VERTEX_POINT('',#17053);
#4949=VERTEX_POINT('',#17055);
#4950=VERTEX_POINT('',#17059);
#4951=VERTEX_POINT('',#17060);
#4952=VERTEX_POINT('',#17065);
#4953=VERTEX_POINT('',#17074);
#4954=VERTEX_POINT('',#17075);
#4955=VERTEX_POINT('',#17077);
#4956=VERTEX_POINT('',#17084);
#4957=VERTEX_POINT('',#17105);
#4958=VERTEX_POINT('',#17126);
#4959=VERTEX_POINT('',#17128);
#4960=VERTEX_POINT('',#17140);
#4961=VERTEX_POINT('',#17142);
#4962=VERTEX_POINT('',#17146);
#4963=VERTEX_POINT('',#17148);
#4964=VERTEX_POINT('',#17152);
#4965=VERTEX_POINT('',#17154);
#4966=VERTEX_POINT('',#17158);
#4967=VERTEX_POINT('',#17160);
#4968=VERTEX_POINT('',#17164);
#4969=VERTEX_POINT('',#17166);
#4970=VERTEX_POINT('',#17170);
#4971=VERTEX_POINT('',#17172);
#4972=VERTEX_POINT('',#17177);
#4973=VERTEX_POINT('',#17179);
#4974=VERTEX_POINT('',#17183);
#4975=VERTEX_POINT('',#17189);
#4976=VERTEX_POINT('',#17191);
#4977=VERTEX_POINT('',#17195);
#4978=VERTEX_POINT('',#17196);
#4979=VERTEX_POINT('',#17199);
#4980=VERTEX_POINT('',#17201);
#4981=VERTEX_POINT('',#17203);
#4982=VERTEX_POINT('',#17205);
#4983=VERTEX_POINT('',#17209);
#4984=VERTEX_POINT('',#17211);
#4985=VERTEX_POINT('',#17215);
#4986=VERTEX_POINT('',#17216);
#4987=VERTEX_POINT('',#17218);
#4988=VERTEX_POINT('',#17221);
#4989=VERTEX_POINT('',#17227);
#4990=VERTEX_POINT('',#17229);
#4991=VERTEX_POINT('',#17233);
#4992=VERTEX_POINT('',#17237);
#4993=VERTEX_POINT('',#17239);
#4994=VERTEX_POINT('',#17241);
#4995=VERTEX_POINT('',#17245);
#4996=VERTEX_POINT('',#17249);
#4997=VERTEX_POINT('',#17250);
#4998=VERTEX_POINT('',#17252);
#4999=VERTEX_POINT('',#17255);
#5000=VERTEX_POINT('',#17259);
#5001=VERTEX_POINT('',#17261);
#5002=VERTEX_POINT('',#17263);
#5003=VERTEX_POINT('',#17271);
#5004=VERTEX_POINT('',#17273);
#5005=VERTEX_POINT('',#17277);
#5006=VERTEX_POINT('',#17281);
#5007=VERTEX_POINT('',#17283);
#5008=VERTEX_POINT('',#17285);
#5009=VERTEX_POINT('',#17289);
#5010=VERTEX_POINT('',#17293);
#5011=VERTEX_POINT('',#17298);
#5012=VERTEX_POINT('',#17300);
#5013=VERTEX_POINT('',#17305);
#5014=VERTEX_POINT('',#17309);
#5015=VERTEX_POINT('',#17324);
#5016=VERTEX_POINT('',#17326);
#5017=VERTEX_POINT('',#17328);
#5018=VERTEX_POINT('',#17332);
#5019=VERTEX_POINT('',#17334);
#5020=VERTEX_POINT('',#17336);
#5021=VERTEX_POINT('',#17338);
#5022=VERTEX_POINT('',#17347);
#5023=VERTEX_POINT('',#17351);
#5024=VERTEX_POINT('',#17357);
#5025=VERTEX_POINT('',#17370);
#5026=VERTEX_POINT('',#17377);
#5027=VERTEX_POINT('',#17378);
#5028=VERTEX_POINT('',#17380);
#5029=VERTEX_POINT('',#17382);
#5030=VERTEX_POINT('',#17386);
#5031=VERTEX_POINT('',#17388);
#5032=VERTEX_POINT('',#17392);
#5033=VERTEX_POINT('',#17394);
#5034=VERTEX_POINT('',#17403);
#5035=VERTEX_POINT('',#17404);
#5036=VERTEX_POINT('',#17406);
#5037=VERTEX_POINT('',#17408);
#5038=VERTEX_POINT('',#17412);
#5039=VERTEX_POINT('',#17414);
#5040=VERTEX_POINT('',#17418);
#5041=VERTEX_POINT('',#17420);
#5042=VERTEX_POINT('',#17424);
#5043=VERTEX_POINT('',#17426);
#5044=VERTEX_POINT('',#17435);
#5045=VERTEX_POINT('',#17436);
#5046=VERTEX_POINT('',#17438);
#5047=VERTEX_POINT('',#17440);
#5048=VERTEX_POINT('',#17444);
#5049=VERTEX_POINT('',#17446);
#5050=VERTEX_POINT('',#17450);
#5051=VERTEX_POINT('',#17452);
#5052=VERTEX_POINT('',#17456);
#5053=VERTEX_POINT('',#17458);
#5054=VERTEX_POINT('',#17467);
#5055=VERTEX_POINT('',#17468);
#5056=VERTEX_POINT('',#17470);
#5057=VERTEX_POINT('',#17472);
#5058=VERTEX_POINT('',#17476);
#5059=VERTEX_POINT('',#17478);
#5060=VERTEX_POINT('',#17482);
#5061=VERTEX_POINT('',#17484);
#5062=VERTEX_POINT('',#17488);
#5063=VERTEX_POINT('',#17490);
#5064=VERTEX_POINT('',#17499);
#5065=VERTEX_POINT('',#17500);
#5066=VERTEX_POINT('',#17502);
#5067=VERTEX_POINT('',#17504);
#5068=VERTEX_POINT('',#17508);
#5069=VERTEX_POINT('',#17510);
#5070=VERTEX_POINT('',#17514);
#5071=VERTEX_POINT('',#17516);
#5072=VERTEX_POINT('',#17520);
#5073=VERTEX_POINT('',#17522);
#5074=VERTEX_POINT('',#17532);
#5075=VERTEX_POINT('',#17533);
#5076=VERTEX_POINT('',#17535);
#5077=VERTEX_POINT('',#17537);
#5078=VERTEX_POINT('',#17541);
#5079=VERTEX_POINT('',#17543);
#5080=VERTEX_POINT('',#17547);
#5081=VERTEX_POINT('',#17549);
#5082=VERTEX_POINT('',#17553);
#5083=VERTEX_POINT('',#17555);
#5084=VERTEX_POINT('',#17559);
#5085=VERTEX_POINT('',#17561);
#5086=VERTEX_POINT('',#17565);
#5087=VERTEX_POINT('',#17567);
#5088=VERTEX_POINT('',#17571);
#5089=VERTEX_POINT('',#17573);
#5090=VERTEX_POINT('',#17577);
#5091=VERTEX_POINT('',#17579);
#5092=VERTEX_POINT('',#17583);
#5093=VERTEX_POINT('',#17585);
#5094=VERTEX_POINT('',#17589);
#5095=VERTEX_POINT('',#17591);
#5096=VERTEX_POINT('',#17595);
#5097=VERTEX_POINT('',#17597);
#5098=VERTEX_POINT('',#17601);
#5099=VERTEX_POINT('',#17603);
#5100=VERTEX_POINT('',#17607);
#5101=VERTEX_POINT('',#17609);
#5102=VERTEX_POINT('',#17613);
#5103=VERTEX_POINT('',#17615);
#5104=VERTEX_POINT('',#17619);
#5105=VERTEX_POINT('',#17621);
#5106=VERTEX_POINT('',#17625);
#5107=VERTEX_POINT('',#17627);
#5108=VERTEX_POINT('',#17631);
#5109=VERTEX_POINT('',#17633);
#5110=VERTEX_POINT('',#17637);
#5111=VERTEX_POINT('',#17639);
#5112=VERTEX_POINT('',#17643);
#5113=VERTEX_POINT('',#17645);
#5114=VERTEX_POINT('',#17654);
#5115=VERTEX_POINT('',#17655);
#5116=VERTEX_POINT('',#17657);
#5117=VERTEX_POINT('',#17659);
#5118=VERTEX_POINT('',#17663);
#5119=VERTEX_POINT('',#17665);
#5120=VERTEX_POINT('',#17669);
#5121=VERTEX_POINT('',#17671);
#5122=VERTEX_POINT('',#17675);
#5123=VERTEX_POINT('',#17677);
#5124=VERTEX_POINT('',#17681);
#5125=VERTEX_POINT('',#17683);
#5126=VERTEX_POINT('',#17687);
#5127=VERTEX_POINT('',#17689);
#5128=VERTEX_POINT('',#17693);
#5129=VERTEX_POINT('',#17695);
#5130=VERTEX_POINT('',#17699);
#5131=VERTEX_POINT('',#17701);
#5132=VERTEX_POINT('',#17705);
#5133=VERTEX_POINT('',#17707);
#5134=VERTEX_POINT('',#17711);
#5135=VERTEX_POINT('',#17713);
#5136=VERTEX_POINT('',#17717);
#5137=VERTEX_POINT('',#17719);
#5138=VERTEX_POINT('',#17723);
#5139=VERTEX_POINT('',#17725);
#5140=VERTEX_POINT('',#17729);
#5141=VERTEX_POINT('',#17731);
#5142=VERTEX_POINT('',#17735);
#5143=VERTEX_POINT('',#17737);
#5144=VERTEX_POINT('',#17741);
#5145=VERTEX_POINT('',#17743);
#5146=VERTEX_POINT('',#17747);
#5147=VERTEX_POINT('',#17749);
#5148=VERTEX_POINT('',#17753);
#5149=VERTEX_POINT('',#17755);
#5150=VERTEX_POINT('',#17759);
#5151=VERTEX_POINT('',#17761);
#5152=VERTEX_POINT('',#17765);
#5153=VERTEX_POINT('',#17767);
#5154=VERTEX_POINT('',#17776);
#5155=VERTEX_POINT('',#17777);
#5156=VERTEX_POINT('',#17779);
#5157=VERTEX_POINT('',#17781);
#5158=VERTEX_POINT('',#17785);
#5159=VERTEX_POINT('',#17787);
#5160=VERTEX_POINT('',#17791);
#5161=VERTEX_POINT('',#17793);
#5162=VERTEX_POINT('',#17797);
#5163=VERTEX_POINT('',#17799);
#5164=VERTEX_POINT('',#17803);
#5165=VERTEX_POINT('',#17805);
#5166=VERTEX_POINT('',#17809);
#5167=VERTEX_POINT('',#17811);
#5168=VERTEX_POINT('',#17815);
#5169=VERTEX_POINT('',#17817);
#5170=VERTEX_POINT('',#17821);
#5171=VERTEX_POINT('',#17823);
#5172=VERTEX_POINT('',#17827);
#5173=VERTEX_POINT('',#17829);
#5174=VERTEX_POINT('',#17833);
#5175=VERTEX_POINT('',#17835);
#5176=VERTEX_POINT('',#17839);
#5177=VERTEX_POINT('',#17841);
#5178=VERTEX_POINT('',#17845);
#5179=VERTEX_POINT('',#17847);
#5180=VERTEX_POINT('',#17851);
#5181=VERTEX_POINT('',#17853);
#5182=VERTEX_POINT('',#17857);
#5183=VERTEX_POINT('',#17859);
#5184=VERTEX_POINT('',#17863);
#5185=VERTEX_POINT('',#17865);
#5186=VERTEX_POINT('',#17869);
#5187=VERTEX_POINT('',#17871);
#5188=VERTEX_POINT('',#17875);
#5189=VERTEX_POINT('',#17877);
#5190=VERTEX_POINT('',#17881);
#5191=VERTEX_POINT('',#17883);
#5192=VERTEX_POINT('',#17887);
#5193=VERTEX_POINT('',#17889);
#5194=VERTEX_POINT('',#17898);
#5195=VERTEX_POINT('',#17899);
#5196=VERTEX_POINT('',#17901);
#5197=VERTEX_POINT('',#17903);
#5198=VERTEX_POINT('',#17907);
#5199=VERTEX_POINT('',#17909);
#5200=VERTEX_POINT('',#17913);
#5201=VERTEX_POINT('',#17915);
#5202=VERTEX_POINT('',#17919);
#5203=VERTEX_POINT('',#17921);
#5204=VERTEX_POINT('',#17925);
#5205=VERTEX_POINT('',#17927);
#5206=VERTEX_POINT('',#17931);
#5207=VERTEX_POINT('',#17933);
#5208=VERTEX_POINT('',#17937);
#5209=VERTEX_POINT('',#17939);
#5210=VERTEX_POINT('',#17943);
#5211=VERTEX_POINT('',#17945);
#5212=VERTEX_POINT('',#17949);
#5213=VERTEX_POINT('',#17951);
#5214=VERTEX_POINT('',#17955);
#5215=VERTEX_POINT('',#17957);
#5216=VERTEX_POINT('',#17961);
#5217=VERTEX_POINT('',#17963);
#5218=VERTEX_POINT('',#17967);
#5219=VERTEX_POINT('',#17969);
#5220=VERTEX_POINT('',#17973);
#5221=VERTEX_POINT('',#17975);
#5222=VERTEX_POINT('',#17979);
#5223=VERTEX_POINT('',#17981);
#5224=VERTEX_POINT('',#17985);
#5225=VERTEX_POINT('',#17987);
#5226=VERTEX_POINT('',#17991);
#5227=VERTEX_POINT('',#17993);
#5228=VERTEX_POINT('',#17997);
#5229=VERTEX_POINT('',#17999);
#5230=VERTEX_POINT('',#18003);
#5231=VERTEX_POINT('',#18005);
#5232=VERTEX_POINT('',#18009);
#5233=VERTEX_POINT('',#18011);
#5234=VERTEX_POINT('',#18020);
#5235=VERTEX_POINT('',#18021);
#5236=VERTEX_POINT('',#18023);
#5237=VERTEX_POINT('',#18025);
#5238=VERTEX_POINT('',#18029);
#5239=VERTEX_POINT('',#18031);
#5240=VERTEX_POINT('',#18035);
#5241=VERTEX_POINT('',#18037);
#5242=VERTEX_POINT('',#18041);
#5243=VERTEX_POINT('',#18043);
#5244=VERTEX_POINT('',#18047);
#5245=VERTEX_POINT('',#18049);
#5246=VERTEX_POINT('',#18053);
#5247=VERTEX_POINT('',#18055);
#5248=VERTEX_POINT('',#18059);
#5249=VERTEX_POINT('',#18061);
#5250=VERTEX_POINT('',#18065);
#5251=VERTEX_POINT('',#18067);
#5252=VERTEX_POINT('',#18071);
#5253=VERTEX_POINT('',#18073);
#5254=VERTEX_POINT('',#18077);
#5255=VERTEX_POINT('',#18079);
#5256=VERTEX_POINT('',#18083);
#5257=VERTEX_POINT('',#18085);
#5258=VERTEX_POINT('',#18089);
#5259=VERTEX_POINT('',#18091);
#5260=VERTEX_POINT('',#18095);
#5261=VERTEX_POINT('',#18097);
#5262=VERTEX_POINT('',#18101);
#5263=VERTEX_POINT('',#18103);
#5264=VERTEX_POINT('',#18107);
#5265=VERTEX_POINT('',#18109);
#5266=VERTEX_POINT('',#18113);
#5267=VERTEX_POINT('',#18115);
#5268=VERTEX_POINT('',#18119);
#5269=VERTEX_POINT('',#18121);
#5270=VERTEX_POINT('',#18125);
#5271=VERTEX_POINT('',#18127);
#5272=VERTEX_POINT('',#18131);
#5273=VERTEX_POINT('',#18133);
#5274=VERTEX_POINT('',#18142);
#5275=VERTEX_POINT('',#18143);
#5276=VERTEX_POINT('',#18145);
#5277=VERTEX_POINT('',#18147);
#5278=VERTEX_POINT('',#18151);
#5279=VERTEX_POINT('',#18153);
#5280=VERTEX_POINT('',#18157);
#5281=VERTEX_POINT('',#18159);
#5282=VERTEX_POINT('',#18163);
#5283=VERTEX_POINT('',#18165);
#5284=VERTEX_POINT('',#18169);
#5285=VERTEX_POINT('',#18171);
#5286=VERTEX_POINT('',#18175);
#5287=VERTEX_POINT('',#18177);
#5288=VERTEX_POINT('',#18181);
#5289=VERTEX_POINT('',#18183);
#5290=VERTEX_POINT('',#18187);
#5291=VERTEX_POINT('',#18189);
#5292=VERTEX_POINT('',#18193);
#5293=VERTEX_POINT('',#18195);
#5294=VERTEX_POINT('',#18199);
#5295=VERTEX_POINT('',#18201);
#5296=VERTEX_POINT('',#18205);
#5297=VERTEX_POINT('',#18207);
#5298=VERTEX_POINT('',#18211);
#5299=VERTEX_POINT('',#18213);
#5300=VERTEX_POINT('',#18217);
#5301=VERTEX_POINT('',#18219);
#5302=VERTEX_POINT('',#18223);
#5303=VERTEX_POINT('',#18225);
#5304=VERTEX_POINT('',#18229);
#5305=VERTEX_POINT('',#18231);
#5306=VERTEX_POINT('',#18235);
#5307=VERTEX_POINT('',#18237);
#5308=VERTEX_POINT('',#18241);
#5309=VERTEX_POINT('',#18243);
#5310=VERTEX_POINT('',#18247);
#5311=VERTEX_POINT('',#18249);
#5312=VERTEX_POINT('',#18253);
#5313=VERTEX_POINT('',#18255);
#5314=VERTEX_POINT('',#18264);
#5315=VERTEX_POINT('',#18265);
#5316=VERTEX_POINT('',#18267);
#5317=VERTEX_POINT('',#18269);
#5318=VERTEX_POINT('',#18273);
#5319=VERTEX_POINT('',#18275);
#5320=VERTEX_POINT('',#18279);
#5321=VERTEX_POINT('',#18281);
#5322=VERTEX_POINT('',#18285);
#5323=VERTEX_POINT('',#18287);
#5324=VERTEX_POINT('',#18291);
#5325=VERTEX_POINT('',#18293);
#5326=VERTEX_POINT('',#18297);
#5327=VERTEX_POINT('',#18299);
#5328=VERTEX_POINT('',#18303);
#5329=VERTEX_POINT('',#18305);
#5330=VERTEX_POINT('',#18309);
#5331=VERTEX_POINT('',#18311);
#5332=VERTEX_POINT('',#18315);
#5333=VERTEX_POINT('',#18317);
#5334=VERTEX_POINT('',#18321);
#5335=VERTEX_POINT('',#18323);
#5336=VERTEX_POINT('',#18327);
#5337=VERTEX_POINT('',#18329);
#5338=VERTEX_POINT('',#18333);
#5339=VERTEX_POINT('',#18335);
#5340=VERTEX_POINT('',#18339);
#5341=VERTEX_POINT('',#18341);
#5342=VERTEX_POINT('',#18345);
#5343=VERTEX_POINT('',#18347);
#5344=VERTEX_POINT('',#18351);
#5345=VERTEX_POINT('',#18353);
#5346=VERTEX_POINT('',#18357);
#5347=VERTEX_POINT('',#18359);
#5348=VERTEX_POINT('',#18363);
#5349=VERTEX_POINT('',#18365);
#5350=VERTEX_POINT('',#18369);
#5351=VERTEX_POINT('',#18371);
#5352=VERTEX_POINT('',#18375);
#5353=VERTEX_POINT('',#18377);
#5354=VERTEX_POINT('',#18386);
#5355=VERTEX_POINT('',#18387);
#5356=VERTEX_POINT('',#18389);
#5357=VERTEX_POINT('',#18391);
#5358=VERTEX_POINT('',#18395);
#5359=VERTEX_POINT('',#18397);
#5360=VERTEX_POINT('',#18401);
#5361=VERTEX_POINT('',#18403);
#5362=VERTEX_POINT('',#18407);
#5363=VERTEX_POINT('',#18409);
#5364=VERTEX_POINT('',#18413);
#5365=VERTEX_POINT('',#18415);
#5366=VERTEX_POINT('',#18419);
#5367=VERTEX_POINT('',#18421);
#5368=VERTEX_POINT('',#18425);
#5369=VERTEX_POINT('',#18427);
#5370=VERTEX_POINT('',#18431);
#5371=VERTEX_POINT('',#18433);
#5372=VERTEX_POINT('',#18437);
#5373=VERTEX_POINT('',#18439);
#5374=VERTEX_POINT('',#18443);
#5375=VERTEX_POINT('',#18445);
#5376=VERTEX_POINT('',#18449);
#5377=VERTEX_POINT('',#18451);
#5378=VERTEX_POINT('',#18455);
#5379=VERTEX_POINT('',#18457);
#5380=VERTEX_POINT('',#18461);
#5381=VERTEX_POINT('',#18463);
#5382=VERTEX_POINT('',#18467);
#5383=VERTEX_POINT('',#18469);
#5384=VERTEX_POINT('',#18473);
#5385=VERTEX_POINT('',#18475);
#5386=VERTEX_POINT('',#18479);
#5387=VERTEX_POINT('',#18481);
#5388=VERTEX_POINT('',#18485);
#5389=VERTEX_POINT('',#18487);
#5390=VERTEX_POINT('',#18491);
#5391=VERTEX_POINT('',#18493);
#5392=VERTEX_POINT('',#18497);
#5393=VERTEX_POINT('',#18499);
#5394=VERTEX_POINT('',#18508);
#5395=VERTEX_POINT('',#18509);
#5396=VERTEX_POINT('',#18511);
#5397=VERTEX_POINT('',#18513);
#5398=VERTEX_POINT('',#18517);
#5399=VERTEX_POINT('',#18519);
#5400=VERTEX_POINT('',#18523);
#5401=VERTEX_POINT('',#18525);
#5402=VERTEX_POINT('',#18529);
#5403=VERTEX_POINT('',#18531);
#5404=VERTEX_POINT('',#18535);
#5405=VERTEX_POINT('',#18537);
#5406=VERTEX_POINT('',#18541);
#5407=VERTEX_POINT('',#18543);
#5408=VERTEX_POINT('',#18547);
#5409=VERTEX_POINT('',#18549);
#5410=VERTEX_POINT('',#18553);
#5411=VERTEX_POINT('',#18555);
#5412=VERTEX_POINT('',#18559);
#5413=VERTEX_POINT('',#18561);
#5414=VERTEX_POINT('',#18565);
#5415=VERTEX_POINT('',#18567);
#5416=VERTEX_POINT('',#18571);
#5417=VERTEX_POINT('',#18573);
#5418=VERTEX_POINT('',#18577);
#5419=VERTEX_POINT('',#18579);
#5420=VERTEX_POINT('',#18583);
#5421=VERTEX_POINT('',#18585);
#5422=VERTEX_POINT('',#18589);
#5423=VERTEX_POINT('',#18591);
#5424=VERTEX_POINT('',#18595);
#5425=VERTEX_POINT('',#18597);
#5426=VERTEX_POINT('',#18601);
#5427=VERTEX_POINT('',#18603);
#5428=VERTEX_POINT('',#18607);
#5429=VERTEX_POINT('',#18609);
#5430=VERTEX_POINT('',#18613);
#5431=VERTEX_POINT('',#18615);
#5432=VERTEX_POINT('',#18619);
#5433=VERTEX_POINT('',#18621);
#5434=VERTEX_POINT('',#18630);
#5435=VERTEX_POINT('',#18631);
#5436=VERTEX_POINT('',#18633);
#5437=VERTEX_POINT('',#18635);
#5438=VERTEX_POINT('',#18639);
#5439=VERTEX_POINT('',#18641);
#5440=VERTEX_POINT('',#18645);
#5441=VERTEX_POINT('',#18647);
#5442=VERTEX_POINT('',#18651);
#5443=VERTEX_POINT('',#18653);
#5444=VERTEX_POINT('',#18657);
#5445=VERTEX_POINT('',#18659);
#5446=VERTEX_POINT('',#18663);
#5447=VERTEX_POINT('',#18665);
#5448=VERTEX_POINT('',#18669);
#5449=VERTEX_POINT('',#18671);
#5450=VERTEX_POINT('',#18675);
#5451=VERTEX_POINT('',#18677);
#5452=VERTEX_POINT('',#18681);
#5453=VERTEX_POINT('',#18683);
#5454=VERTEX_POINT('',#18687);
#5455=VERTEX_POINT('',#18689);
#5456=VERTEX_POINT('',#18693);
#5457=VERTEX_POINT('',#18695);
#5458=VERTEX_POINT('',#18699);
#5459=VERTEX_POINT('',#18701);
#5460=VERTEX_POINT('',#18705);
#5461=VERTEX_POINT('',#18707);
#5462=VERTEX_POINT('',#18711);
#5463=VERTEX_POINT('',#18713);
#5464=VERTEX_POINT('',#18717);
#5465=VERTEX_POINT('',#18719);
#5466=VERTEX_POINT('',#18723);
#5467=VERTEX_POINT('',#18725);
#5468=VERTEX_POINT('',#18729);
#5469=VERTEX_POINT('',#18731);
#5470=VERTEX_POINT('',#18735);
#5471=VERTEX_POINT('',#18737);
#5472=VERTEX_POINT('',#18741);
#5473=VERTEX_POINT('',#18743);
#5474=VERTEX_POINT('',#18752);
#5475=VERTEX_POINT('',#18753);
#5476=VERTEX_POINT('',#18755);
#5477=VERTEX_POINT('',#18757);
#5478=VERTEX_POINT('',#18761);
#5479=VERTEX_POINT('',#18763);
#5480=VERTEX_POINT('',#18767);
#5481=VERTEX_POINT('',#18769);
#5482=VERTEX_POINT('',#18773);
#5483=VERTEX_POINT('',#18775);
#5484=VERTEX_POINT('',#18779);
#5485=VERTEX_POINT('',#18781);
#5486=VERTEX_POINT('',#18785);
#5487=VERTEX_POINT('',#18787);
#5488=VERTEX_POINT('',#18791);
#5489=VERTEX_POINT('',#18793);
#5490=VERTEX_POINT('',#18797);
#5491=VERTEX_POINT('',#18799);
#5492=VERTEX_POINT('',#18803);
#5493=VERTEX_POINT('',#18805);
#5494=VERTEX_POINT('',#18809);
#5495=VERTEX_POINT('',#18811);
#5496=VERTEX_POINT('',#18815);
#5497=VERTEX_POINT('',#18817);
#5498=VERTEX_POINT('',#18821);
#5499=VERTEX_POINT('',#18823);
#5500=VERTEX_POINT('',#18827);
#5501=VERTEX_POINT('',#18829);
#5502=VERTEX_POINT('',#18833);
#5503=VERTEX_POINT('',#18835);
#5504=VERTEX_POINT('',#18839);
#5505=VERTEX_POINT('',#18841);
#5506=VERTEX_POINT('',#18845);
#5507=VERTEX_POINT('',#18847);
#5508=VERTEX_POINT('',#18851);
#5509=VERTEX_POINT('',#18853);
#5510=VERTEX_POINT('',#18857);
#5511=VERTEX_POINT('',#18859);
#5512=VERTEX_POINT('',#18863);
#5513=VERTEX_POINT('',#18865);
#5514=VERTEX_POINT('',#18874);
#5515=VERTEX_POINT('',#18875);
#5516=VERTEX_POINT('',#18877);
#5517=VERTEX_POINT('',#18879);
#5518=VERTEX_POINT('',#18883);
#5519=VERTEX_POINT('',#18885);
#5520=VERTEX_POINT('',#18889);
#5521=VERTEX_POINT('',#18891);
#5522=VERTEX_POINT('',#18895);
#5523=VERTEX_POINT('',#18897);
#5524=VERTEX_POINT('',#18901);
#5525=VERTEX_POINT('',#18903);
#5526=VERTEX_POINT('',#18907);
#5527=VERTEX_POINT('',#18909);
#5528=VERTEX_POINT('',#18913);
#5529=VERTEX_POINT('',#18915);
#5530=VERTEX_POINT('',#18919);
#5531=VERTEX_POINT('',#18921);
#5532=VERTEX_POINT('',#18925);
#5533=VERTEX_POINT('',#18927);
#5534=VERTEX_POINT('',#18931);
#5535=VERTEX_POINT('',#18933);
#5536=VERTEX_POINT('',#18937);
#5537=VERTEX_POINT('',#18939);
#5538=VERTEX_POINT('',#18943);
#5539=VERTEX_POINT('',#18945);
#5540=VERTEX_POINT('',#18949);
#5541=VERTEX_POINT('',#18951);
#5542=VERTEX_POINT('',#18955);
#5543=VERTEX_POINT('',#18957);
#5544=VERTEX_POINT('',#18961);
#5545=VERTEX_POINT('',#18963);
#5546=VERTEX_POINT('',#18967);
#5547=VERTEX_POINT('',#18969);
#5548=VERTEX_POINT('',#18973);
#5549=VERTEX_POINT('',#18975);
#5550=VERTEX_POINT('',#18979);
#5551=VERTEX_POINT('',#18981);
#5552=VERTEX_POINT('',#18985);
#5553=VERTEX_POINT('',#18987);
#5554=VERTEX_POINT('',#18996);
#5555=VERTEX_POINT('',#18997);
#5556=VERTEX_POINT('',#18999);
#5557=VERTEX_POINT('',#19001);
#5558=VERTEX_POINT('',#19005);
#5559=VERTEX_POINT('',#19007);
#5560=VERTEX_POINT('',#19011);
#5561=VERTEX_POINT('',#19013);
#5562=VERTEX_POINT('',#19017);
#5563=VERTEX_POINT('',#19019);
#5564=VERTEX_POINT('',#19023);
#5565=VERTEX_POINT('',#19025);
#5566=VERTEX_POINT('',#19029);
#5567=VERTEX_POINT('',#19031);
#5568=VERTEX_POINT('',#19035);
#5569=VERTEX_POINT('',#19037);
#5570=VERTEX_POINT('',#19041);
#5571=VERTEX_POINT('',#19043);
#5572=VERTEX_POINT('',#19047);
#5573=VERTEX_POINT('',#19049);
#5574=VERTEX_POINT('',#19053);
#5575=VERTEX_POINT('',#19055);
#5576=VERTEX_POINT('',#19059);
#5577=VERTEX_POINT('',#19061);
#5578=VERTEX_POINT('',#19065);
#5579=VERTEX_POINT('',#19067);
#5580=VERTEX_POINT('',#19071);
#5581=VERTEX_POINT('',#19073);
#5582=VERTEX_POINT('',#19077);
#5583=VERTEX_POINT('',#19079);
#5584=VERTEX_POINT('',#19083);
#5585=VERTEX_POINT('',#19085);
#5586=VERTEX_POINT('',#19089);
#5587=VERTEX_POINT('',#19091);
#5588=VERTEX_POINT('',#19095);
#5589=VERTEX_POINT('',#19097);
#5590=VERTEX_POINT('',#19101);
#5591=VERTEX_POINT('',#19103);
#5592=VERTEX_POINT('',#19107);
#5593=VERTEX_POINT('',#19109);
#5594=VERTEX_POINT('',#19118);
#5595=VERTEX_POINT('',#19119);
#5596=VERTEX_POINT('',#19121);
#5597=VERTEX_POINT('',#19123);
#5598=VERTEX_POINT('',#19127);
#5599=VERTEX_POINT('',#19129);
#5600=VERTEX_POINT('',#19133);
#5601=VERTEX_POINT('',#19135);
#5602=VERTEX_POINT('',#19139);
#5603=VERTEX_POINT('',#19141);
#5604=VERTEX_POINT('',#19145);
#5605=VERTEX_POINT('',#19147);
#5606=VERTEX_POINT('',#19151);
#5607=VERTEX_POINT('',#19153);
#5608=VERTEX_POINT('',#19157);
#5609=VERTEX_POINT('',#19159);
#5610=VERTEX_POINT('',#19163);
#5611=VERTEX_POINT('',#19165);
#5612=VERTEX_POINT('',#19169);
#5613=VERTEX_POINT('',#19171);
#5614=VERTEX_POINT('',#19175);
#5615=VERTEX_POINT('',#19177);
#5616=VERTEX_POINT('',#19181);
#5617=VERTEX_POINT('',#19183);
#5618=VERTEX_POINT('',#19187);
#5619=VERTEX_POINT('',#19189);
#5620=VERTEX_POINT('',#19193);
#5621=VERTEX_POINT('',#19195);
#5622=VERTEX_POINT('',#19199);
#5623=VERTEX_POINT('',#19201);
#5624=VERTEX_POINT('',#19205);
#5625=VERTEX_POINT('',#19207);
#5626=VERTEX_POINT('',#19211);
#5627=VERTEX_POINT('',#19213);
#5628=VERTEX_POINT('',#19217);
#5629=VERTEX_POINT('',#19219);
#5630=VERTEX_POINT('',#19223);
#5631=VERTEX_POINT('',#19225);
#5632=VERTEX_POINT('',#19229);
#5633=VERTEX_POINT('',#19231);
#5634=VERTEX_POINT('',#19240);
#5635=VERTEX_POINT('',#19241);
#5636=VERTEX_POINT('',#19243);
#5637=VERTEX_POINT('',#19245);
#5638=VERTEX_POINT('',#19249);
#5639=VERTEX_POINT('',#19251);
#5640=VERTEX_POINT('',#19255);
#5641=VERTEX_POINT('',#19257);
#5642=VERTEX_POINT('',#19261);
#5643=VERTEX_POINT('',#19263);
#5644=VERTEX_POINT('',#19267);
#5645=VERTEX_POINT('',#19269);
#5646=VERTEX_POINT('',#19273);
#5647=VERTEX_POINT('',#19275);
#5648=VERTEX_POINT('',#19279);
#5649=VERTEX_POINT('',#19281);
#5650=VERTEX_POINT('',#19285);
#5651=VERTEX_POINT('',#19287);
#5652=VERTEX_POINT('',#19291);
#5653=VERTEX_POINT('',#19293);
#5654=VERTEX_POINT('',#19297);
#5655=VERTEX_POINT('',#19299);
#5656=VERTEX_POINT('',#19303);
#5657=VERTEX_POINT('',#19305);
#5658=VERTEX_POINT('',#19309);
#5659=VERTEX_POINT('',#19311);
#5660=VERTEX_POINT('',#19315);
#5661=VERTEX_POINT('',#19317);
#5662=VERTEX_POINT('',#19321);
#5663=VERTEX_POINT('',#19323);
#5664=VERTEX_POINT('',#19327);
#5665=VERTEX_POINT('',#19329);
#5666=VERTEX_POINT('',#19333);
#5667=VERTEX_POINT('',#19335);
#5668=VERTEX_POINT('',#19339);
#5669=VERTEX_POINT('',#19341);
#5670=VERTEX_POINT('',#19345);
#5671=VERTEX_POINT('',#19347);
#5672=VERTEX_POINT('',#19351);
#5673=VERTEX_POINT('',#19353);
#5674=VERTEX_POINT('',#19362);
#5675=VERTEX_POINT('',#19363);
#5676=VERTEX_POINT('',#19365);
#5677=VERTEX_POINT('',#19367);
#5678=VERTEX_POINT('',#19371);
#5679=VERTEX_POINT('',#19373);
#5680=VERTEX_POINT('',#19377);
#5681=VERTEX_POINT('',#19379);
#5682=VERTEX_POINT('',#19383);
#5683=VERTEX_POINT('',#19385);
#5684=VERTEX_POINT('',#19389);
#5685=VERTEX_POINT('',#19391);
#5686=VERTEX_POINT('',#19395);
#5687=VERTEX_POINT('',#19397);
#5688=VERTEX_POINT('',#19401);
#5689=VERTEX_POINT('',#19403);
#5690=VERTEX_POINT('',#19407);
#5691=VERTEX_POINT('',#19409);
#5692=VERTEX_POINT('',#19413);
#5693=VERTEX_POINT('',#19415);
#5694=VERTEX_POINT('',#19419);
#5695=VERTEX_POINT('',#19421);
#5696=VERTEX_POINT('',#19425);
#5697=VERTEX_POINT('',#19427);
#5698=VERTEX_POINT('',#19431);
#5699=VERTEX_POINT('',#19433);
#5700=VERTEX_POINT('',#19437);
#5701=VERTEX_POINT('',#19439);
#5702=VERTEX_POINT('',#19443);
#5703=VERTEX_POINT('',#19445);
#5704=VERTEX_POINT('',#19449);
#5705=VERTEX_POINT('',#19451);
#5706=VERTEX_POINT('',#19455);
#5707=VERTEX_POINT('',#19457);
#5708=VERTEX_POINT('',#19461);
#5709=VERTEX_POINT('',#19463);
#5710=VERTEX_POINT('',#19467);
#5711=VERTEX_POINT('',#19469);
#5712=VERTEX_POINT('',#19473);
#5713=VERTEX_POINT('',#19475);
#5714=VERTEX_POINT('',#19484);
#5715=VERTEX_POINT('',#19485);
#5716=VERTEX_POINT('',#19487);
#5717=VERTEX_POINT('',#19489);
#5718=VERTEX_POINT('',#19493);
#5719=VERTEX_POINT('',#19495);
#5720=VERTEX_POINT('',#19499);
#5721=VERTEX_POINT('',#19501);
#5722=VERTEX_POINT('',#19505);
#5723=VERTEX_POINT('',#19507);
#5724=VERTEX_POINT('',#19511);
#5725=VERTEX_POINT('',#19513);
#5726=VERTEX_POINT('',#19517);
#5727=VERTEX_POINT('',#19519);
#5728=VERTEX_POINT('',#19523);
#5729=VERTEX_POINT('',#19525);
#5730=VERTEX_POINT('',#19529);
#5731=VERTEX_POINT('',#19531);
#5732=VERTEX_POINT('',#19535);
#5733=VERTEX_POINT('',#19537);
#5734=VERTEX_POINT('',#19541);
#5735=VERTEX_POINT('',#19543);
#5736=VERTEX_POINT('',#19547);
#5737=VERTEX_POINT('',#19549);
#5738=VERTEX_POINT('',#19553);
#5739=VERTEX_POINT('',#19555);
#5740=VERTEX_POINT('',#19559);
#5741=VERTEX_POINT('',#19561);
#5742=VERTEX_POINT('',#19565);
#5743=VERTEX_POINT('',#19567);
#5744=VERTEX_POINT('',#19571);
#5745=VERTEX_POINT('',#19573);
#5746=VERTEX_POINT('',#19577);
#5747=VERTEX_POINT('',#19579);
#5748=VERTEX_POINT('',#19583);
#5749=VERTEX_POINT('',#19585);
#5750=VERTEX_POINT('',#19589);
#5751=VERTEX_POINT('',#19591);
#5752=VERTEX_POINT('',#19595);
#5753=VERTEX_POINT('',#19597);
#5754=VERTEX_POINT('',#19606);
#5755=VERTEX_POINT('',#19607);
#5756=VERTEX_POINT('',#19609);
#5757=VERTEX_POINT('',#19611);
#5758=VERTEX_POINT('',#19615);
#5759=VERTEX_POINT('',#19617);
#5760=VERTEX_POINT('',#19621);
#5761=VERTEX_POINT('',#19623);
#5762=VERTEX_POINT('',#19627);
#5763=VERTEX_POINT('',#19629);
#5764=VERTEX_POINT('',#19633);
#5765=VERTEX_POINT('',#19635);
#5766=VERTEX_POINT('',#19639);
#5767=VERTEX_POINT('',#19641);
#5768=VERTEX_POINT('',#19645);
#5769=VERTEX_POINT('',#19647);
#5770=VERTEX_POINT('',#19651);
#5771=VERTEX_POINT('',#19653);
#5772=VERTEX_POINT('',#19657);
#5773=VERTEX_POINT('',#19659);
#5774=VERTEX_POINT('',#19663);
#5775=VERTEX_POINT('',#19665);
#5776=VERTEX_POINT('',#19669);
#5777=VERTEX_POINT('',#19671);
#5778=VERTEX_POINT('',#19675);
#5779=VERTEX_POINT('',#19677);
#5780=VERTEX_POINT('',#19681);
#5781=VERTEX_POINT('',#19683);
#5782=VERTEX_POINT('',#19687);
#5783=VERTEX_POINT('',#19689);
#5784=VERTEX_POINT('',#19693);
#5785=VERTEX_POINT('',#19695);
#5786=VERTEX_POINT('',#19699);
#5787=VERTEX_POINT('',#19701);
#5788=VERTEX_POINT('',#19705);
#5789=VERTEX_POINT('',#19707);
#5790=VERTEX_POINT('',#19711);
#5791=VERTEX_POINT('',#19713);
#5792=VERTEX_POINT('',#19717);
#5793=VERTEX_POINT('',#19719);
#5794=VERTEX_POINT('',#19728);
#5795=VERTEX_POINT('',#19729);
#5796=VERTEX_POINT('',#19731);
#5797=VERTEX_POINT('',#19733);
#5798=VERTEX_POINT('',#19737);
#5799=VERTEX_POINT('',#19739);
#5800=VERTEX_POINT('',#19743);
#5801=VERTEX_POINT('',#19745);
#5802=VERTEX_POINT('',#19749);
#5803=VERTEX_POINT('',#19751);
#5804=VERTEX_POINT('',#19755);
#5805=VERTEX_POINT('',#19757);
#5806=VERTEX_POINT('',#19761);
#5807=VERTEX_POINT('',#19763);
#5808=VERTEX_POINT('',#19767);
#5809=VERTEX_POINT('',#19769);
#5810=VERTEX_POINT('',#19773);
#5811=VERTEX_POINT('',#19775);
#5812=VERTEX_POINT('',#19779);
#5813=VERTEX_POINT('',#19781);
#5814=VERTEX_POINT('',#19785);
#5815=VERTEX_POINT('',#19787);
#5816=VERTEX_POINT('',#19791);
#5817=VERTEX_POINT('',#19793);
#5818=VERTEX_POINT('',#19797);
#5819=VERTEX_POINT('',#19799);
#5820=VERTEX_POINT('',#19803);
#5821=VERTEX_POINT('',#19805);
#5822=VERTEX_POINT('',#19809);
#5823=VERTEX_POINT('',#19811);
#5824=VERTEX_POINT('',#19815);
#5825=VERTEX_POINT('',#19817);
#5826=VERTEX_POINT('',#19821);
#5827=VERTEX_POINT('',#19823);
#5828=VERTEX_POINT('',#19827);
#5829=VERTEX_POINT('',#19829);
#5830=VERTEX_POINT('',#19833);
#5831=VERTEX_POINT('',#19835);
#5832=VERTEX_POINT('',#19839);
#5833=VERTEX_POINT('',#19841);
#5834=VERTEX_POINT('',#19850);
#5835=VERTEX_POINT('',#19851);
#5836=VERTEX_POINT('',#19853);
#5837=VERTEX_POINT('',#19855);
#5838=VERTEX_POINT('',#19859);
#5839=VERTEX_POINT('',#19861);
#5840=VERTEX_POINT('',#19865);
#5841=VERTEX_POINT('',#19867);
#5842=VERTEX_POINT('',#19871);
#5843=VERTEX_POINT('',#19873);
#5844=VERTEX_POINT('',#19877);
#5845=VERTEX_POINT('',#19879);
#5846=VERTEX_POINT('',#19883);
#5847=VERTEX_POINT('',#19885);
#5848=VERTEX_POINT('',#19889);
#5849=VERTEX_POINT('',#19891);
#5850=VERTEX_POINT('',#19895);
#5851=VERTEX_POINT('',#19897);
#5852=VERTEX_POINT('',#19901);
#5853=VERTEX_POINT('',#19903);
#5854=VERTEX_POINT('',#19907);
#5855=VERTEX_POINT('',#19909);
#5856=VERTEX_POINT('',#19913);
#5857=VERTEX_POINT('',#19915);
#5858=VERTEX_POINT('',#19919);
#5859=VERTEX_POINT('',#19921);
#5860=VERTEX_POINT('',#19925);
#5861=VERTEX_POINT('',#19927);
#5862=VERTEX_POINT('',#19931);
#5863=VERTEX_POINT('',#19933);
#5864=VERTEX_POINT('',#19937);
#5865=VERTEX_POINT('',#19939);
#5866=VERTEX_POINT('',#19943);
#5867=VERTEX_POINT('',#19945);
#5868=VERTEX_POINT('',#19949);
#5869=VERTEX_POINT('',#19951);
#5870=VERTEX_POINT('',#19955);
#5871=VERTEX_POINT('',#19957);
#5872=VERTEX_POINT('',#19961);
#5873=VERTEX_POINT('',#19963);
#5874=EDGE_CURVE('',#4782,#4783,#2400,.T.);
#5875=EDGE_CURVE('',#4783,#4784,#2358,.T.);
#5876=EDGE_CURVE('',#4785,#4784,#2359,.T.);
#5877=EDGE_CURVE('',#4785,#4782,#2360,.T.);
#5878=EDGE_CURVE('',#4786,#4787,#2401,.T.);
#5879=EDGE_CURVE('',#4787,#4788,#2361,.T.);
#5880=EDGE_CURVE('',#4789,#4788,#2362,.T.);
#5881=EDGE_CURVE('',#4789,#4786,#2363,.T.);
#5882=EDGE_CURVE('',#4788,#4790,#2364,.T.);
#5883=EDGE_CURVE('',#4790,#4791,#2402,.T.);
#5884=EDGE_CURVE('',#4791,#4789,#2365,.T.);
#5885=EDGE_CURVE('',#4792,#4793,#2403,.T.);
#5886=EDGE_CURVE('',#4793,#4794,#2366,.T.);
#5887=EDGE_CURVE('',#4794,#4795,#2404,.T.);
#5888=EDGE_CURVE('',#4795,#4792,#2367,.T.);
#5889=EDGE_CURVE('',#4792,#4791,#2368,.T.);
#5890=EDGE_CURVE('',#4790,#4793,#2369,.T.);
#5891=EDGE_CURVE('',#4796,#4797,#2405,.T.);
#5892=EDGE_CURVE('',#4797,#4798,#2406,.T.);
#5893=EDGE_CURVE('',#4798,#4799,#2407,.T.);
#5894=EDGE_CURVE('',#4799,#4796,#2408,.T.);
#5895=EDGE_CURVE('',#4796,#4795,#2370,.T.);
#5896=EDGE_CURVE('',#4794,#4797,#2371,.T.);
#5897=EDGE_CURVE('',#4800,#4801,#2409,.T.);
#5898=EDGE_CURVE('',#4801,#4802,#2372,.T.);
#5899=EDGE_CURVE('',#4802,#4803,#2410,.T.);
#5900=EDGE_CURVE('',#4803,#4800,#2373,.T.);
#5901=EDGE_CURVE('',#4802,#4799,#2374,.T.);
#5902=EDGE_CURVE('',#4798,#4803,#2375,.T.);
#5903=EDGE_CURVE('',#4804,#4805,#2411,.T.);
#5904=EDGE_CURVE('',#4805,#4806,#2412,.T.);
#5905=EDGE_CURVE('',#4806,#4807,#2413,.T.);
#5906=EDGE_CURVE('',#4807,#4804,#2414,.T.);
#5907=EDGE_CURVE('',#4806,#4801,#2376,.T.);
#5908=EDGE_CURVE('',#4800,#4807,#2377,.T.);
#5909=EDGE_CURVE('',#4808,#4809,#2415,.T.);
#5910=EDGE_CURVE('',#4809,#4810,#2378,.T.);
#5911=EDGE_CURVE('',#4810,#4811,#2416,.T.);
#5912=EDGE_CURVE('',#4811,#4808,#2379,.T.);
#5913=EDGE_CURVE('',#4810,#4805,#2380,.T.);
#5914=EDGE_CURVE('',#4804,#4811,#2381,.T.);
#5915=EDGE_CURVE('',#4784,#4812,#2382,.T.);
#5916=EDGE_CURVE('',#4812,#4813,#2417,.T.);
#5917=EDGE_CURVE('',#4813,#4785,#2383,.T.);
#5918=EDGE_CURVE('',#4812,#4809,#2384,.T.);
#5919=EDGE_CURVE('',#4808,#4813,#2385,.T.);
#5920=EDGE_CURVE('',#4814,#4802,#2418,.T.);
#5921=EDGE_CURVE('',#4815,#4814,#2419,.T.);
#5922=EDGE_CURVE('',#4816,#4815,#2420,.T.);
#5923=EDGE_CURVE('',#4817,#4816,#2421,.T.);
#5924=EDGE_CURVE('',#4796,#4817,#2422,.T.);
#5925=EDGE_CURVE('',#4818,#4801,#2423,.T.);
#5926=EDGE_CURVE('',#4819,#4818,#446,.T.);
#5927=EDGE_CURVE('',#4820,#4819,#2424,.T.);
#5928=EDGE_CURVE('',#4821,#4820,#97,.T.);
#5929=EDGE_CURVE('',#4822,#4821,#2425,.T.);
#5930=EDGE_CURVE('',#4814,#4822,#447,.T.);
#5931=EDGE_CURVE('',#4823,#4805,#2426,.T.);
#5932=EDGE_CURVE('',#4824,#4823,#2427,.T.);
#5933=EDGE_CURVE('',#4825,#4824,#2428,.T.);
#5934=EDGE_CURVE('',#4818,#4825,#2429,.T.);
#5935=EDGE_CURVE('',#4783,#4826,#2430,.T.);
#5936=EDGE_CURVE('',#4823,#4826,#448,.T.);
#5937=EDGE_CURVE('',#4818,#4827,#98,.T.);
#5938=EDGE_CURVE('',#4827,#4828,#449,.T.);
#5939=EDGE_CURVE('',#4828,#4829,#2386,.T.);
#5940=EDGE_CURVE('',#4829,#4819,#2387,.T.);
#5941=EDGE_CURVE('',#4830,#4827,#2431,.T.);
#5942=EDGE_CURVE('',#4825,#4830,#450,.T.);
#5943=EDGE_CURVE('',#4826,#4831,#2432,.T.);
#5944=EDGE_CURVE('',#4831,#4824,#451,.T.);
#5945=EDGE_CURVE('',#4817,#4832,#452,.T.);
#5946=EDGE_CURVE('',#4832,#4786,#2433,.T.);
#5947=EDGE_CURVE('',#4816,#4833,#453,.T.);
#5948=EDGE_CURVE('',#4833,#4832,#2434,.T.);
#5949=EDGE_CURVE('',#4815,#4834,#454,.T.);
#5950=EDGE_CURVE('',#4834,#4833,#2435,.T.);
#5951=EDGE_CURVE('',#4814,#4835,#99,.T.);
#5952=EDGE_CURVE('',#4835,#4834,#2436,.T.);
#5953=EDGE_CURVE('',#4836,#4835,#455,.T.);
#5954=EDGE_CURVE('',#4822,#4837,#2388,.T.);
#5955=EDGE_CURVE('',#4837,#4836,#2389,.T.);
#5956=EDGE_CURVE('',#4838,#4821,#2390,.F.);
#5957=EDGE_CURVE('',#4839,#4838,#456,.F.);
#5958=EDGE_CURVE('',#4839,#4837,#2437,.T.);
#5959=EDGE_CURVE('',#4787,#4782,#2438,.T.);
#5960=EDGE_CURVE('',#4793,#4808,#2439,.T.);
#5961=EDGE_CURVE('',#4831,#4830,#2440,.T.);
#5962=EDGE_CURVE('',#4829,#4840,#2441,.T.);
#5963=EDGE_CURVE('',#4841,#4840,#457,.F.);
#5964=EDGE_CURVE('',#4820,#4841,#2391,.F.);
#5965=EDGE_CURVE('',#4842,#4842,#458,.F.);
#5966=EDGE_CURVE('',#4843,#4844,#2442,.T.);
#5967=EDGE_CURVE('',#4844,#4845,#2443,.T.);
#5968=EDGE_CURVE('',#4845,#4839,#2444,.T.);
#5969=EDGE_CURVE('',#4838,#4846,#88,.F.);
#5970=EDGE_CURVE('',#4846,#4843,#2392,.T.);
#5971=EDGE_CURVE('',#4847,#4848,#89,.F.);
#5972=EDGE_CURVE('',#4848,#4849,#100,.T.);
#5973=EDGE_CURVE('',#4849,#4850,#2445,.T.);
#5974=EDGE_CURVE('',#4850,#4847,#101,.T.);
#5975=EDGE_CURVE('',#4840,#4850,#2446,.T.);
#5976=EDGE_CURVE('',#4849,#4851,#2447,.T.);
#5977=EDGE_CURVE('',#4851,#4852,#2393,.T.);
#5978=EDGE_CURVE('',#4841,#4852,#90,.F.);
#5979=EDGE_CURVE('',#4851,#4843,#102,.T.);
#5980=EDGE_CURVE('',#4853,#4854,#91,.F.);
#5981=EDGE_CURVE('',#4854,#4845,#103,.T.);
#5982=EDGE_CURVE('',#4844,#4853,#104,.T.);
#5983=EDGE_CURVE('',#4848,#4855,#2448,.T.);
#5984=EDGE_CURVE('',#4855,#4856,#2449,.T.);
#5985=EDGE_CURVE('',#4856,#4853,#2450,.T.);
#5986=EDGE_CURVE('',#4857,#4858,#2451,.T.);
#5987=EDGE_CURVE('',#4859,#4857,#2452,.T.);
#5988=EDGE_CURVE('',#4860,#4859,#2453,.T.);
#5989=EDGE_CURVE('',#4858,#4860,#2454,.T.);
#5990=EDGE_CURVE('',#4861,#4861,#105,.T.);
#5991=EDGE_CURVE('',#4862,#4863,#2455,.T.);
#5992=EDGE_CURVE('',#4863,#4864,#2456,.F.);
#5993=EDGE_CURVE('',#4864,#4865,#2457,.T.);
#5994=EDGE_CURVE('',#4865,#4862,#2394,.T.);
#5995=EDGE_CURVE('',#4865,#4866,#106,.T.);
#5996=EDGE_CURVE('',#4866,#4867,#2458,.T.);
#5997=EDGE_CURVE('',#4867,#4862,#107,.T.);
#5998=EDGE_CURVE('',#4866,#4868,#2459,.T.);
#5999=EDGE_CURVE('',#4868,#4869,#2460,.T.);
#6000=EDGE_CURVE('',#4869,#4867,#2461,.T.);
#6001=EDGE_CURVE('',#4870,#4871,#2462,.T.);
#6002=EDGE_CURVE('',#4871,#4869,#108,.T.);
#6003=EDGE_CURVE('',#4868,#4870,#109,.T.);
#6004=EDGE_CURVE('',#4870,#4872,#2463,.T.);
#6005=EDGE_CURVE('',#4872,#4873,#2464,.T.);
#6006=EDGE_CURVE('',#4873,#4871,#2465,.T.);
#6007=EDGE_CURVE('',#4874,#4875,#2466,.T.);
#6008=EDGE_CURVE('',#4875,#4873,#110,.T.);
#6009=EDGE_CURVE('',#4872,#4874,#111,.T.);
#6010=EDGE_CURVE('',#4874,#4876,#2467,.T.);
#6011=EDGE_CURVE('',#4876,#4877,#2468,.T.);
#6012=EDGE_CURVE('',#4877,#4875,#2469,.T.);
#6013=EDGE_CURVE('',#4878,#4877,#112,.T.);
#6014=EDGE_CURVE('',#4876,#4879,#113,.T.);
#6015=EDGE_CURVE('',#4879,#4878,#2395,.T.);
#6016=EDGE_CURVE('',#4879,#4880,#2470,.T.);
#6017=EDGE_CURVE('',#4880,#4881,#2471,.F.);
#6018=EDGE_CURVE('',#4881,#4878,#2472,.T.);
#6019=EDGE_CURVE('',#4854,#4862,#2473,.T.);
#6020=EDGE_CURVE('',#4856,#4863,#2474,.T.);
#6021=EDGE_CURVE('',#4867,#4882,#2475,.T.);
#6022=EDGE_CURVE('',#4882,#4883,#459,.T.);
#6023=EDGE_CURVE('',#4883,#4884,#460,.T.);
#6024=EDGE_CURVE('',#4884,#4885,#461,.T.);
#6025=EDGE_CURVE('',#4885,#4845,#2476,.T.);
#6026=EDGE_CURVE('',#4886,#4869,#2477,.T.);
#6027=EDGE_CURVE('',#4882,#4886,#2478,.T.);
#6028=EDGE_CURVE('',#4871,#4887,#2479,.T.);
#6029=EDGE_CURVE('',#4887,#4888,#462,.T.);
#6030=EDGE_CURVE('',#4888,#4889,#463,.T.);
#6031=EDGE_CURVE('',#4889,#4886,#464,.T.);
#6032=EDGE_CURVE('',#4890,#4873,#2480,.T.);
#6033=EDGE_CURVE('',#4887,#4890,#2481,.T.);
#6034=EDGE_CURVE('',#4875,#4891,#2482,.T.);
#6035=EDGE_CURVE('',#4891,#4892,#465,.T.);
#6036=EDGE_CURVE('',#4892,#4893,#466,.T.);
#6037=EDGE_CURVE('',#4893,#4890,#467,.T.);
#6038=EDGE_CURVE('',#4894,#4877,#2483,.T.);
#6039=EDGE_CURVE('',#4891,#4894,#2484,.T.);
#6040=EDGE_CURVE('',#4850,#4895,#2485,.T.);
#6041=EDGE_CURVE('',#4895,#4896,#468,.T.);
#6042=EDGE_CURVE('',#4896,#4897,#469,.T.);
#6043=EDGE_CURVE('',#4897,#4894,#470,.T.);
#6044=EDGE_CURVE('',#4878,#4847,#2486,.T.);
#6045=EDGE_CURVE('',#4855,#4881,#2487,.T.);
#6046=EDGE_CURVE('',#4898,#4899,#2488,.T.);
#6047=EDGE_CURVE('',#4898,#4900,#2489,.T.);
#6048=EDGE_CURVE('',#4901,#4900,#2490,.T.);
#6049=EDGE_CURVE('',#4899,#4901,#2491,.T.);
#6050=EDGE_CURVE('',#4857,#4900,#2492,.T.);
#6051=EDGE_CURVE('',#4858,#4901,#2493,.T.);
#6052=EDGE_CURVE('',#4895,#4828,#2494,.T.);
#6053=EDGE_CURVE('',#4836,#4885,#2495,.T.);
#6054=EDGE_CURVE('',#4884,#4902,#2496,.T.);
#6055=EDGE_CURVE('',#4903,#4902,#471,.T.);
#6056=EDGE_CURVE('',#4903,#4834,#2497,.T.);
#6057=EDGE_CURVE('',#4830,#4904,#2498,.T.);
#6058=EDGE_CURVE('',#4905,#4904,#472,.T.);
#6059=EDGE_CURVE('',#4896,#4905,#2499,.T.);
#6060=EDGE_CURVE('',#4906,#4903,#2500,.T.);
#6061=EDGE_CURVE('',#4833,#4906,#2501,.T.);
#6062=EDGE_CURVE('',#4907,#4831,#2502,.T.);
#6063=EDGE_CURVE('',#4904,#4907,#2503,.T.);
#6064=EDGE_CURVE('',#4908,#4832,#2504,.T.);
#6065=EDGE_CURVE('',#4909,#4908,#2505,.T.);
#6066=EDGE_CURVE('',#4909,#4910,#2506,.T.);
#6067=EDGE_CURVE('',#4911,#4910,#2507,.T.);
#6068=EDGE_CURVE('',#4826,#4911,#2508,.T.);
#6069=EDGE_CURVE('',#4912,#4906,#473,.T.);
#6070=EDGE_CURVE('',#4912,#4913,#2509,.T.);
#6071=EDGE_CURVE('',#4908,#4913,#474,.T.);
#6072=EDGE_CURVE('',#4914,#4911,#475,.T.);
#6073=EDGE_CURVE('',#4915,#4914,#2510,.T.);
#6074=EDGE_CURVE('',#4907,#4915,#476,.T.);
#6075=EDGE_CURVE('',#4861,#4842,#2511,.T.);
#6076=EDGE_CURVE('',#4916,#4917,#2512,.F.);
#6077=EDGE_CURVE('',#4917,#4918,#2513,.T.);
#6078=EDGE_CURVE('',#4918,#4919,#2514,.T.);
#6079=EDGE_CURVE('',#4919,#4916,#2515,.T.);
#6080=EDGE_CURVE('',#4920,#4921,#2516,.T.);
#6081=EDGE_CURVE('',#4921,#4922,#2517,.T.);
#6082=EDGE_CURVE('',#4922,#4923,#2518,.T.);
#6083=EDGE_CURVE('',#4923,#4920,#2519,.T.);
#6084=EDGE_CURVE('',#4923,#4924,#2520,.T.);
#6085=EDGE_CURVE('',#4924,#4925,#2521,.T.);
#6086=EDGE_CURVE('',#4925,#4920,#2522,.T.);
#6087=EDGE_CURVE('',#4924,#4926,#2523,.T.);
#6088=EDGE_CURVE('',#4926,#4918,#2524,.T.);
#6089=EDGE_CURVE('',#4918,#4925,#2525,.T.);
#6090=EDGE_CURVE('',#4926,#4919,#114,.T.);
#6091=EDGE_CURVE('',#4927,#4928,#2526,.F.);
#6092=EDGE_CURVE('',#4928,#4929,#2527,.T.);
#6093=EDGE_CURVE('',#4929,#4921,#2528,.T.);
#6094=EDGE_CURVE('',#4921,#4927,#2529,.T.);
#6095=EDGE_CURVE('',#4929,#4922,#115,.T.);
#6096=EDGE_CURVE('',#4930,#4926,#2530,.T.);
#6097=EDGE_CURVE('',#4931,#4930,#2396,.T.);
#6098=EDGE_CURVE('',#4931,#4919,#2531,.T.);
#6099=EDGE_CURVE('',#4922,#4932,#2532,.T.);
#6100=EDGE_CURVE('',#4933,#4932,#116,.T.);
#6101=EDGE_CURVE('',#4934,#4933,#2533,.T.);
#6102=EDGE_CURVE('',#4935,#4934,#117,.T.);
#6103=EDGE_CURVE('',#4936,#4935,#2534,.T.);
#6104=EDGE_CURVE('',#4937,#4936,#2535,.T.);
#6105=EDGE_CURVE('',#4938,#4937,#2536,.T.);
#6106=EDGE_CURVE('',#4939,#4938,#2537,.T.);
#6107=EDGE_CURVE('',#4940,#4939,#2538,.T.);
#6108=EDGE_CURVE('',#4941,#4940,#118,.T.);
#6109=EDGE_CURVE('',#4942,#4941,#2539,.T.);
#6110=EDGE_CURVE('',#4930,#4942,#119,.T.);
#6111=EDGE_CURVE('',#4929,#4943,#2540,.T.);
#6112=EDGE_CURVE('',#4932,#4943,#2397,.T.);
#6113=EDGE_CURVE('',#4944,#4928,#2541,.T.);
#6114=EDGE_CURVE('',#4945,#4944,#2542,.T.);
#6115=EDGE_CURVE('',#4943,#4945,#477,.T.);
#6116=EDGE_CURVE('',#4946,#4947,#2543,.F.);
#6117=EDGE_CURVE('',#4947,#4948,#2544,.T.);
#6118=EDGE_CURVE('',#4948,#4949,#2545,.T.);
#6119=EDGE_CURVE('',#4949,#4946,#2546,.T.);
#6120=EDGE_CURVE('',#4950,#4951,#2547,.T.);
#6121=EDGE_CURVE('',#4951,#4939,#2548,.T.);
#6122=EDGE_CURVE('',#4938,#4950,#2549,.T.);
#6123=EDGE_CURVE('',#4937,#4952,#2550,.T.);
#6124=EDGE_CURVE('',#4952,#4950,#2551,.T.);
#6125=EDGE_CURVE('',#4936,#4948,#2552,.T.);
#6126=EDGE_CURVE('',#4948,#4952,#2553,.T.);
#6127=EDGE_CURVE('',#4936,#4949,#120,.T.);
#6128=EDGE_CURVE('',#4953,#4954,#2554,.F.);
#6129=EDGE_CURVE('',#4954,#4955,#2555,.T.);
#6130=EDGE_CURVE('',#4955,#4951,#2556,.T.);
#6131=EDGE_CURVE('',#4951,#4953,#2557,.T.);
#6132=EDGE_CURVE('',#4955,#4939,#121,.T.);
#6133=EDGE_CURVE('',#4956,#4935,#2398,.T.);
#6134=EDGE_CURVE('',#4956,#4949,#2558,.T.);
#6135=EDGE_CURVE('',#4955,#4957,#2559,.T.);
#6136=EDGE_CURVE('',#4940,#4957,#2399,.T.);
#6137=EDGE_CURVE('',#4958,#4954,#2560,.T.);
#6138=EDGE_CURVE('',#4959,#4958,#2561,.T.);
#6139=EDGE_CURVE('',#4957,#4959,#478,.T.);
#6140=EDGE_CURVE('',#4950,#4953,#2562,.T.);
#6141=EDGE_CURVE('',#4920,#4927,#2563,.T.);
#6142=EDGE_CURVE('',#4917,#4925,#2564,.T.);
#6143=EDGE_CURVE('',#4947,#4952,#2565,.T.);
#6144=EDGE_CURVE('',#4960,#4931,#479,.T.);
#6145=EDGE_CURVE('',#4961,#4960,#2566,.T.);
#6146=EDGE_CURVE('',#4916,#4961,#2567,.T.);
#6147=EDGE_CURVE('',#4962,#4956,#480,.T.);
#6148=EDGE_CURVE('',#4963,#4962,#2568,.T.);
#6149=EDGE_CURVE('',#4946,#4963,#2569,.T.);
#6150=EDGE_CURVE('',#4964,#4963,#2570,.T.);
#6151=EDGE_CURVE('',#4965,#4964,#2571,.T.);
#6152=EDGE_CURVE('',#4958,#4965,#2572,.T.);
#6153=EDGE_CURVE('',#4966,#4961,#2573,.T.);
#6154=EDGE_CURVE('',#4967,#4966,#2574,.T.);
#6155=EDGE_CURVE('',#4944,#4967,#2575,.T.);
#6156=EDGE_CURVE('',#4934,#4968,#481,.T.);
#6157=EDGE_CURVE('',#4968,#4969,#2576,.T.);
#6158=EDGE_CURVE('',#4969,#4962,#482,.T.);
#6159=EDGE_CURVE('',#4945,#4970,#483,.T.);
#6160=EDGE_CURVE('',#4970,#4971,#2577,.T.);
#6161=EDGE_CURVE('',#4971,#4933,#484,.T.);
#6162=EDGE_CURVE('',#4969,#4970,#2578,.T.);
#6163=EDGE_CURVE('',#4967,#4972,#2579,.T.);
#6164=EDGE_CURVE('',#4972,#4973,#2580,.T.);
#6165=EDGE_CURVE('',#4973,#4964,#2581,.T.);
#6166=EDGE_CURVE('',#4973,#4974,#2582,.T.);
#6167=EDGE_CURVE('',#4965,#4974,#2583,.T.);
#6168=EDGE_CURVE('',#4971,#4968,#2584,.T.);
#6169=EDGE_CURVE('',#4892,#4975,#2585,.T.);
#6170=EDGE_CURVE('',#4975,#4976,#485,.T.);
#6171=EDGE_CURVE('',#4976,#4893,#2586,.T.);
#6172=EDGE_CURVE('',#4977,#4978,#2587,.T.);
#6173=EDGE_CURVE('',#4978,#4976,#486,.T.);
#6174=EDGE_CURVE('',#4975,#4979,#487,.T.);
#6175=EDGE_CURVE('',#4979,#4980,#2588,.T.);
#6176=EDGE_CURVE('',#4980,#4981,#488,.T.);
#6177=EDGE_CURVE('',#4981,#4982,#489,.T.);
#6178=EDGE_CURVE('',#4982,#4977,#490,.T.);
#6179=EDGE_CURVE('',#4981,#4983,#2589,.T.);
#6180=EDGE_CURVE('',#4983,#4984,#491,.T.);
#6181=EDGE_CURVE('',#4984,#4982,#2590,.T.);
#6182=EDGE_CURVE('',#4985,#4986,#122,.F.);
#6183=EDGE_CURVE('',#4986,#4987,#2591,.T.);
#6184=EDGE_CURVE('',#4987,#4984,#492,.T.);
#6185=EDGE_CURVE('',#4983,#4988,#493,.T.);
#6186=EDGE_CURVE('',#4988,#4985,#2592,.T.);
#6187=EDGE_CURVE('',#4864,#4880,#2593,.T.);
#6188=EDGE_CURVE('',#4978,#4989,#2594,.T.);
#6189=EDGE_CURVE('',#4990,#4989,#494,.T.);
#6190=EDGE_CURVE('',#4888,#4990,#2595,.T.);
#6191=EDGE_CURVE('',#4991,#4977,#2596,.T.);
#6192=EDGE_CURVE('',#4989,#4991,#2597,.T.);
#6193=EDGE_CURVE('',#4987,#4992,#2598,.T.);
#6194=EDGE_CURVE('',#4993,#4992,#495,.T.);
#6195=EDGE_CURVE('',#4994,#4993,#2599,.T.);
#6196=EDGE_CURVE('',#4991,#4994,#496,.T.);
#6197=EDGE_CURVE('',#4986,#4995,#2600,.T.);
#6198=EDGE_CURVE('',#4992,#4995,#2601,.T.);
#6199=EDGE_CURVE('',#4996,#4997,#2602,.T.);
#6200=EDGE_CURVE('',#4997,#4998,#497,.T.);
#6201=EDGE_CURVE('',#4998,#4990,#498,.T.);
#6202=EDGE_CURVE('',#4994,#4999,#499,.T.);
#6203=EDGE_CURVE('',#4999,#4996,#500,.T.);
#6204=EDGE_CURVE('',#4995,#5000,#123,.F.);
#6205=EDGE_CURVE('',#5000,#5001,#2603,.T.);
#6206=EDGE_CURVE('',#5001,#5002,#501,.T.);
#6207=EDGE_CURVE('',#5002,#4993,#502,.T.);
#6208=EDGE_CURVE('',#4999,#5002,#2604,.T.);
#6209=EDGE_CURVE('',#4889,#4998,#2605,.T.);
#6210=EDGE_CURVE('',#4997,#5003,#2606,.T.);
#6211=EDGE_CURVE('',#5004,#5003,#503,.T.);
#6212=EDGE_CURVE('',#4883,#5004,#2607,.T.);
#6213=EDGE_CURVE('',#5005,#4996,#2608,.T.);
#6214=EDGE_CURVE('',#5003,#5005,#2609,.T.);
#6215=EDGE_CURVE('',#5001,#5006,#2610,.T.);
#6216=EDGE_CURVE('',#5007,#5006,#504,.T.);
#6217=EDGE_CURVE('',#5008,#5007,#2611,.T.);
#6218=EDGE_CURVE('',#5005,#5008,#505,.T.);
#6219=EDGE_CURVE('',#5000,#5009,#2612,.T.);
#6220=EDGE_CURVE('',#5006,#5009,#2613,.T.);
#6221=EDGE_CURVE('',#4966,#5010,#2614,.T.);
#6222=EDGE_CURVE('',#5010,#4972,#2615,.T.);
#6223=EDGE_CURVE('',#4942,#5011,#506,.T.);
#6224=EDGE_CURVE('',#5011,#5012,#2616,.T.);
#6225=EDGE_CURVE('',#5012,#4960,#507,.T.);
#6226=EDGE_CURVE('',#4974,#5010,#2617,.T.);
#6227=EDGE_CURVE('',#5012,#5013,#2618,.T.);
#6228=EDGE_CURVE('',#4959,#5013,#508,.T.);
#6229=EDGE_CURVE('',#5014,#5011,#2619,.T.);
#6230=EDGE_CURVE('',#5013,#5014,#2620,.T.);
#6231=EDGE_CURVE('',#5014,#4941,#509,.T.);
#6232=EDGE_CURVE('',#5009,#4909,#124,.F.);
#6233=EDGE_CURVE('',#4913,#5007,#510,.T.);
#6234=EDGE_CURVE('',#4902,#5004,#511,.T.);
#6235=EDGE_CURVE('',#5008,#4912,#512,.T.);
#6236=EDGE_CURVE('',#4910,#5015,#125,.F.);
#6237=EDGE_CURVE('',#5015,#5016,#2621,.T.);
#6238=EDGE_CURVE('',#5016,#5017,#513,.T.);
#6239=EDGE_CURVE('',#5017,#4914,#514,.T.);
#6240=EDGE_CURVE('',#4915,#5018,#515,.T.);
#6241=EDGE_CURVE('',#5018,#5019,#516,.T.);
#6242=EDGE_CURVE('',#5019,#5020,#2622,.T.);
#6243=EDGE_CURVE('',#5020,#5021,#517,.T.);
#6244=EDGE_CURVE('',#5021,#4905,#518,.T.);
#6245=EDGE_CURVE('',#4897,#5021,#2623,.T.);
#6246=EDGE_CURVE('',#5018,#5017,#2624,.T.);
#6247=EDGE_CURVE('',#4860,#5022,#2625,.T.);
#6248=EDGE_CURVE('',#5022,#4901,#2626,.T.);
#6249=EDGE_CURVE('',#4859,#5023,#2627,.T.);
#6250=EDGE_CURVE('',#5023,#5022,#2628,.T.);
#6251=EDGE_CURVE('',#4900,#5023,#2629,.T.);
#6252=EDGE_CURVE('',#5024,#5022,#2630,.T.);
#6253=EDGE_CURVE('',#4899,#5024,#2631,.T.);
#6254=EDGE_CURVE('',#5015,#4985,#2632,.T.);
#6255=EDGE_CURVE('',#4980,#5019,#2633,.T.);
#6256=EDGE_CURVE('',#5016,#4988,#2634,.T.);
#6257=EDGE_CURVE('',#5020,#4979,#2635,.T.);
#6258=EDGE_CURVE('',#5025,#4898,#2636,.T.);
#6259=EDGE_CURVE('',#5025,#5023,#2637,.T.);
#6260=EDGE_CURVE('',#5024,#5025,#2638,.T.);
#6261=EDGE_CURVE('',#5026,#5027,#2639,.T.);
#6262=EDGE_CURVE('',#5026,#5028,#2640,.T.);
#6263=EDGE_CURVE('',#5029,#5028,#2641,.T.);
#6264=EDGE_CURVE('',#5027,#5029,#2642,.T.);
#6265=EDGE_CURVE('',#5027,#5030,#2643,.T.);
#6266=EDGE_CURVE('',#5031,#5029,#2644,.T.);
#6267=EDGE_CURVE('',#5030,#5031,#2645,.T.);
#6268=EDGE_CURVE('',#5030,#5032,#2646,.T.);
#6269=EDGE_CURVE('',#5033,#5031,#2647,.T.);
#6270=EDGE_CURVE('',#5032,#5033,#2648,.T.);
#6271=EDGE_CURVE('',#5032,#5026,#2649,.T.);
#6272=EDGE_CURVE('',#5028,#5033,#2650,.T.);
#6273=EDGE_CURVE('',#5034,#5035,#2651,.T.);
#6274=EDGE_CURVE('',#5035,#5036,#2652,.T.);
#6275=EDGE_CURVE('',#5037,#5036,#2653,.T.);
#6276=EDGE_CURVE('',#5034,#5037,#2654,.T.);
#6277=EDGE_CURVE('',#5038,#5034,#2655,.T.);
#6278=EDGE_CURVE('',#5039,#5037,#2656,.T.);
#6279=EDGE_CURVE('',#5038,#5039,#2657,.T.);
#6280=EDGE_CURVE('',#5040,#5038,#2658,.T.);
#6281=EDGE_CURVE('',#5041,#5039,#2659,.T.);
#6282=EDGE_CURVE('',#5040,#5041,#2660,.T.);
#6283=EDGE_CURVE('',#5042,#5040,#2661,.T.);
#6284=EDGE_CURVE('',#5043,#5041,#2662,.T.);
#6285=EDGE_CURVE('',#5042,#5043,#2663,.T.);
#6286=EDGE_CURVE('',#5035,#5042,#2664,.T.);
#6287=EDGE_CURVE('',#5036,#5043,#2665,.T.);
#6288=EDGE_CURVE('',#5044,#5045,#2666,.T.);
#6289=EDGE_CURVE('',#5044,#5046,#2667,.T.);
#6290=EDGE_CURVE('',#5047,#5046,#2668,.T.);
#6291=EDGE_CURVE('',#5045,#5047,#2669,.T.);
#6292=EDGE_CURVE('',#5045,#5048,#2670,.T.);
#6293=EDGE_CURVE('',#5049,#5047,#2671,.T.);
#6294=EDGE_CURVE('',#5048,#5049,#2672,.T.);
#6295=EDGE_CURVE('',#5048,#5050,#2673,.T.);
#6296=EDGE_CURVE('',#5051,#5049,#2674,.T.);
#6297=EDGE_CURVE('',#5050,#5051,#2675,.T.);
#6298=EDGE_CURVE('',#5050,#5052,#2676,.T.);
#6299=EDGE_CURVE('',#5053,#5051,#2677,.T.);
#6300=EDGE_CURVE('',#5052,#5053,#2678,.T.);
#6301=EDGE_CURVE('',#5052,#5044,#2679,.T.);
#6302=EDGE_CURVE('',#5046,#5053,#2680,.T.);
#6303=EDGE_CURVE('',#5054,#5055,#2681,.T.);
#6304=EDGE_CURVE('',#5055,#5056,#2682,.T.);
#6305=EDGE_CURVE('',#5057,#5056,#2683,.T.);
#6306=EDGE_CURVE('',#5054,#5057,#2684,.T.);
#6307=EDGE_CURVE('',#5058,#5054,#2685,.T.);
#6308=EDGE_CURVE('',#5059,#5057,#2686,.T.);
#6309=EDGE_CURVE('',#5058,#5059,#2687,.T.);
#6310=EDGE_CURVE('',#5060,#5058,#2688,.T.);
#6311=EDGE_CURVE('',#5061,#5059,#2689,.T.);
#6312=EDGE_CURVE('',#5060,#5061,#2690,.T.);
#6313=EDGE_CURVE('',#5062,#5060,#2691,.T.);
#6314=EDGE_CURVE('',#5063,#5061,#2692,.T.);
#6315=EDGE_CURVE('',#5062,#5063,#2693,.T.);
#6316=EDGE_CURVE('',#5055,#5062,#2694,.T.);
#6317=EDGE_CURVE('',#5056,#5063,#2695,.T.);
#6318=EDGE_CURVE('',#5064,#5065,#2696,.T.);
#6319=EDGE_CURVE('',#5064,#5066,#2697,.T.);
#6320=EDGE_CURVE('',#5067,#5066,#2698,.T.);
#6321=EDGE_CURVE('',#5065,#5067,#2699,.T.);
#6322=EDGE_CURVE('',#5065,#5068,#2700,.T.);
#6323=EDGE_CURVE('',#5069,#5067,#2701,.T.);
#6324=EDGE_CURVE('',#5068,#5069,#2702,.T.);
#6325=EDGE_CURVE('',#5068,#5070,#2703,.T.);
#6326=EDGE_CURVE('',#5071,#5069,#2704,.T.);
#6327=EDGE_CURVE('',#5070,#5071,#2705,.T.);
#6328=EDGE_CURVE('',#5070,#5072,#2706,.T.);
#6329=EDGE_CURVE('',#5073,#5071,#2707,.T.);
#6330=EDGE_CURVE('',#5072,#5073,#2708,.T.);
#6331=EDGE_CURVE('',#5072,#5064,#2709,.T.);
#6332=EDGE_CURVE('',#5066,#5073,#2710,.T.);
#6333=EDGE_CURVE('',#5074,#5075,#2711,.T.);
#6334=EDGE_CURVE('',#5075,#5076,#2712,.T.);
#6335=EDGE_CURVE('',#5077,#5076,#2713,.T.);
#6336=EDGE_CURVE('',#5074,#5077,#2714,.T.);
#6337=EDGE_CURVE('',#5078,#5074,#126,.T.);
#6338=EDGE_CURVE('',#5079,#5077,#127,.T.);
#6339=EDGE_CURVE('',#5078,#5079,#2715,.T.);
#6340=EDGE_CURVE('',#5078,#5080,#2716,.T.);
#6341=EDGE_CURVE('',#5081,#5079,#2717,.T.);
#6342=EDGE_CURVE('',#5080,#5081,#2718,.T.);
#6343=EDGE_CURVE('',#5082,#5080,#128,.T.);
#6344=EDGE_CURVE('',#5083,#5081,#129,.T.);
#6345=EDGE_CURVE('',#5082,#5083,#2719,.T.);
#6346=EDGE_CURVE('',#5082,#5084,#2720,.T.);
#6347=EDGE_CURVE('',#5085,#5083,#2721,.T.);
#6348=EDGE_CURVE('',#5084,#5085,#2722,.T.);
#6349=EDGE_CURVE('',#5084,#5086,#130,.T.);
#6350=EDGE_CURVE('',#5087,#5085,#131,.T.);
#6351=EDGE_CURVE('',#5086,#5087,#2723,.T.);
#6352=EDGE_CURVE('',#5086,#5088,#2724,.T.);
#6353=EDGE_CURVE('',#5089,#5087,#2725,.T.);
#6354=EDGE_CURVE('',#5088,#5089,#2726,.T.);
#6355=EDGE_CURVE('',#5088,#5090,#2727,.T.);
#6356=EDGE_CURVE('',#5091,#5089,#2728,.T.);
#6357=EDGE_CURVE('',#5090,#5091,#2729,.T.);
#6358=EDGE_CURVE('',#5092,#5090,#2730,.T.);
#6359=EDGE_CURVE('',#5093,#5091,#2731,.T.);
#6360=EDGE_CURVE('',#5092,#5093,#2732,.T.);
#6361=EDGE_CURVE('',#5094,#5092,#132,.T.);
#6362=EDGE_CURVE('',#5095,#5093,#133,.T.);
#6363=EDGE_CURVE('',#5094,#5095,#2733,.T.);
#6364=EDGE_CURVE('',#5096,#5094,#2734,.T.);
#6365=EDGE_CURVE('',#5097,#5095,#2735,.T.);
#6366=EDGE_CURVE('',#5096,#5097,#2736,.T.);
#6367=EDGE_CURVE('',#5096,#5098,#134,.T.);
#6368=EDGE_CURVE('',#5099,#5097,#135,.T.);
#6369=EDGE_CURVE('',#5098,#5099,#2737,.T.);
#6370=EDGE_CURVE('',#5100,#5098,#2738,.T.);
#6371=EDGE_CURVE('',#5101,#5099,#2739,.T.);
#6372=EDGE_CURVE('',#5100,#5101,#2740,.T.);
#6373=EDGE_CURVE('',#5100,#5102,#136,.T.);
#6374=EDGE_CURVE('',#5103,#5101,#137,.T.);
#6375=EDGE_CURVE('',#5102,#5103,#2741,.T.);
#6376=EDGE_CURVE('',#5102,#5104,#2742,.T.);
#6377=EDGE_CURVE('',#5105,#5103,#2743,.T.);
#6378=EDGE_CURVE('',#5104,#5105,#2744,.T.);
#6379=EDGE_CURVE('',#5106,#5104,#138,.T.);
#6380=EDGE_CURVE('',#5107,#5105,#139,.T.);
#6381=EDGE_CURVE('',#5106,#5107,#2745,.T.);
#6382=EDGE_CURVE('',#5106,#5108,#2746,.T.);
#6383=EDGE_CURVE('',#5109,#5107,#2747,.T.);
#6384=EDGE_CURVE('',#5108,#5109,#2748,.T.);
#6385=EDGE_CURVE('',#5110,#5108,#2749,.T.);
#6386=EDGE_CURVE('',#5111,#5109,#2750,.T.);
#6387=EDGE_CURVE('',#5110,#5111,#2751,.T.);
#6388=EDGE_CURVE('',#5112,#5110,#2752,.T.);
#6389=EDGE_CURVE('',#5113,#5111,#2753,.T.);
#6390=EDGE_CURVE('',#5112,#5113,#2754,.T.);
#6391=EDGE_CURVE('',#5112,#5075,#140,.T.);
#6392=EDGE_CURVE('',#5076,#5113,#141,.T.);
#6393=EDGE_CURVE('',#5114,#5115,#2755,.T.);
#6394=EDGE_CURVE('',#5115,#5116,#2756,.T.);
#6395=EDGE_CURVE('',#5117,#5116,#2757,.T.);
#6396=EDGE_CURVE('',#5114,#5117,#2758,.T.);
#6397=EDGE_CURVE('',#5118,#5114,#142,.T.);
#6398=EDGE_CURVE('',#5119,#5117,#143,.T.);
#6399=EDGE_CURVE('',#5118,#5119,#2759,.T.);
#6400=EDGE_CURVE('',#5118,#5120,#2760,.T.);
#6401=EDGE_CURVE('',#5121,#5119,#2761,.T.);
#6402=EDGE_CURVE('',#5120,#5121,#2762,.T.);
#6403=EDGE_CURVE('',#5122,#5120,#144,.T.);
#6404=EDGE_CURVE('',#5123,#5121,#145,.T.);
#6405=EDGE_CURVE('',#5122,#5123,#2763,.T.);
#6406=EDGE_CURVE('',#5122,#5124,#2764,.T.);
#6407=EDGE_CURVE('',#5125,#5123,#2765,.T.);
#6408=EDGE_CURVE('',#5124,#5125,#2766,.T.);
#6409=EDGE_CURVE('',#5124,#5126,#146,.T.);
#6410=EDGE_CURVE('',#5127,#5125,#147,.T.);
#6411=EDGE_CURVE('',#5126,#5127,#2767,.T.);
#6412=EDGE_CURVE('',#5126,#5128,#2768,.T.);
#6413=EDGE_CURVE('',#5129,#5127,#2769,.T.);
#6414=EDGE_CURVE('',#5128,#5129,#2770,.T.);
#6415=EDGE_CURVE('',#5128,#5130,#2771,.T.);
#6416=EDGE_CURVE('',#5131,#5129,#2772,.T.);
#6417=EDGE_CURVE('',#5130,#5131,#2773,.T.);
#6418=EDGE_CURVE('',#5132,#5130,#2774,.T.);
#6419=EDGE_CURVE('',#5133,#5131,#2775,.T.);
#6420=EDGE_CURVE('',#5132,#5133,#2776,.T.);
#6421=EDGE_CURVE('',#5134,#5132,#148,.T.);
#6422=EDGE_CURVE('',#5135,#5133,#149,.T.);
#6423=EDGE_CURVE('',#5134,#5135,#2777,.T.);
#6424=EDGE_CURVE('',#5136,#5134,#2778,.T.);
#6425=EDGE_CURVE('',#5137,#5135,#2779,.T.);
#6426=EDGE_CURVE('',#5136,#5137,#2780,.T.);
#6427=EDGE_CURVE('',#5136,#5138,#150,.T.);
#6428=EDGE_CURVE('',#5139,#5137,#151,.T.);
#6429=EDGE_CURVE('',#5138,#5139,#2781,.T.);
#6430=EDGE_CURVE('',#5140,#5138,#2782,.T.);
#6431=EDGE_CURVE('',#5141,#5139,#2783,.T.);
#6432=EDGE_CURVE('',#5140,#5141,#2784,.T.);
#6433=EDGE_CURVE('',#5140,#5142,#152,.T.);
#6434=EDGE_CURVE('',#5143,#5141,#153,.T.);
#6435=EDGE_CURVE('',#5142,#5143,#2785,.T.);
#6436=EDGE_CURVE('',#5142,#5144,#2786,.T.);
#6437=EDGE_CURVE('',#5145,#5143,#2787,.T.);
#6438=EDGE_CURVE('',#5144,#5145,#2788,.T.);
#6439=EDGE_CURVE('',#5146,#5144,#154,.T.);
#6440=EDGE_CURVE('',#5147,#5145,#155,.T.);
#6441=EDGE_CURVE('',#5146,#5147,#2789,.T.);
#6442=EDGE_CURVE('',#5146,#5148,#2790,.T.);
#6443=EDGE_CURVE('',#5149,#5147,#2791,.T.);
#6444=EDGE_CURVE('',#5148,#5149,#2792,.T.);
#6445=EDGE_CURVE('',#5150,#5148,#2793,.T.);
#6446=EDGE_CURVE('',#5151,#5149,#2794,.T.);
#6447=EDGE_CURVE('',#5150,#5151,#2795,.T.);
#6448=EDGE_CURVE('',#5152,#5150,#2796,.T.);
#6449=EDGE_CURVE('',#5153,#5151,#2797,.T.);
#6450=EDGE_CURVE('',#5152,#5153,#2798,.T.);
#6451=EDGE_CURVE('',#5152,#5115,#156,.T.);
#6452=EDGE_CURVE('',#5116,#5153,#157,.T.);
#6453=EDGE_CURVE('',#5154,#5155,#2799,.T.);
#6454=EDGE_CURVE('',#5155,#5156,#2800,.T.);
#6455=EDGE_CURVE('',#5157,#5156,#2801,.T.);
#6456=EDGE_CURVE('',#5154,#5157,#2802,.T.);
#6457=EDGE_CURVE('',#5158,#5154,#158,.T.);
#6458=EDGE_CURVE('',#5159,#5157,#159,.T.);
#6459=EDGE_CURVE('',#5158,#5159,#2803,.T.);
#6460=EDGE_CURVE('',#5158,#5160,#2804,.T.);
#6461=EDGE_CURVE('',#5161,#5159,#2805,.T.);
#6462=EDGE_CURVE('',#5160,#5161,#2806,.T.);
#6463=EDGE_CURVE('',#5162,#5160,#160,.T.);
#6464=EDGE_CURVE('',#5163,#5161,#161,.T.);
#6465=EDGE_CURVE('',#5162,#5163,#2807,.T.);
#6466=EDGE_CURVE('',#5162,#5164,#2808,.T.);
#6467=EDGE_CURVE('',#5165,#5163,#2809,.T.);
#6468=EDGE_CURVE('',#5164,#5165,#2810,.T.);
#6469=EDGE_CURVE('',#5164,#5166,#162,.T.);
#6470=EDGE_CURVE('',#5167,#5165,#163,.T.);
#6471=EDGE_CURVE('',#5166,#5167,#2811,.T.);
#6472=EDGE_CURVE('',#5166,#5168,#2812,.T.);
#6473=EDGE_CURVE('',#5169,#5167,#2813,.T.);
#6474=EDGE_CURVE('',#5168,#5169,#2814,.T.);
#6475=EDGE_CURVE('',#5168,#5170,#2815,.T.);
#6476=EDGE_CURVE('',#5171,#5169,#2816,.T.);
#6477=EDGE_CURVE('',#5170,#5171,#2817,.T.);
#6478=EDGE_CURVE('',#5172,#5170,#2818,.T.);
#6479=EDGE_CURVE('',#5173,#5171,#2819,.T.);
#6480=EDGE_CURVE('',#5172,#5173,#2820,.T.);
#6481=EDGE_CURVE('',#5174,#5172,#164,.T.);
#6482=EDGE_CURVE('',#5175,#5173,#165,.T.);
#6483=EDGE_CURVE('',#5174,#5175,#2821,.T.);
#6484=EDGE_CURVE('',#5176,#5174,#2822,.T.);
#6485=EDGE_CURVE('',#5177,#5175,#2823,.T.);
#6486=EDGE_CURVE('',#5176,#5177,#2824,.T.);
#6487=EDGE_CURVE('',#5176,#5178,#166,.T.);
#6488=EDGE_CURVE('',#5179,#5177,#167,.T.);
#6489=EDGE_CURVE('',#5178,#5179,#2825,.T.);
#6490=EDGE_CURVE('',#5180,#5178,#2826,.T.);
#6491=EDGE_CURVE('',#5181,#5179,#2827,.T.);
#6492=EDGE_CURVE('',#5180,#5181,#2828,.T.);
#6493=EDGE_CURVE('',#5180,#5182,#168,.T.);
#6494=EDGE_CURVE('',#5183,#5181,#169,.T.);
#6495=EDGE_CURVE('',#5182,#5183,#2829,.T.);
#6496=EDGE_CURVE('',#5182,#5184,#2830,.T.);
#6497=EDGE_CURVE('',#5185,#5183,#2831,.T.);
#6498=EDGE_CURVE('',#5184,#5185,#2832,.T.);
#6499=EDGE_CURVE('',#5186,#5184,#170,.T.);
#6500=EDGE_CURVE('',#5187,#5185,#171,.T.);
#6501=EDGE_CURVE('',#5186,#5187,#2833,.T.);
#6502=EDGE_CURVE('',#5186,#5188,#2834,.T.);
#6503=EDGE_CURVE('',#5189,#5187,#2835,.T.);
#6504=EDGE_CURVE('',#5188,#5189,#2836,.T.);
#6505=EDGE_CURVE('',#5190,#5188,#2837,.T.);
#6506=EDGE_CURVE('',#5191,#5189,#2838,.T.);
#6507=EDGE_CURVE('',#5190,#5191,#2839,.T.);
#6508=EDGE_CURVE('',#5192,#5190,#2840,.T.);
#6509=EDGE_CURVE('',#5193,#5191,#2841,.T.);
#6510=EDGE_CURVE('',#5192,#5193,#2842,.T.);
#6511=EDGE_CURVE('',#5192,#5155,#172,.T.);
#6512=EDGE_CURVE('',#5156,#5193,#173,.T.);
#6513=EDGE_CURVE('',#5194,#5195,#2843,.T.);
#6514=EDGE_CURVE('',#5195,#5196,#2844,.T.);
#6515=EDGE_CURVE('',#5197,#5196,#2845,.T.);
#6516=EDGE_CURVE('',#5194,#5197,#2846,.T.);
#6517=EDGE_CURVE('',#5198,#5194,#174,.T.);
#6518=EDGE_CURVE('',#5199,#5197,#175,.T.);
#6519=EDGE_CURVE('',#5198,#5199,#2847,.T.);
#6520=EDGE_CURVE('',#5198,#5200,#2848,.T.);
#6521=EDGE_CURVE('',#5201,#5199,#2849,.T.);
#6522=EDGE_CURVE('',#5200,#5201,#2850,.T.);
#6523=EDGE_CURVE('',#5202,#5200,#176,.T.);
#6524=EDGE_CURVE('',#5203,#5201,#177,.T.);
#6525=EDGE_CURVE('',#5202,#5203,#2851,.T.);
#6526=EDGE_CURVE('',#5202,#5204,#2852,.T.);
#6527=EDGE_CURVE('',#5205,#5203,#2853,.T.);
#6528=EDGE_CURVE('',#5204,#5205,#2854,.T.);
#6529=EDGE_CURVE('',#5204,#5206,#178,.T.);
#6530=EDGE_CURVE('',#5207,#5205,#179,.T.);
#6531=EDGE_CURVE('',#5206,#5207,#2855,.T.);
#6532=EDGE_CURVE('',#5206,#5208,#2856,.T.);
#6533=EDGE_CURVE('',#5209,#5207,#2857,.T.);
#6534=EDGE_CURVE('',#5208,#5209,#2858,.T.);
#6535=EDGE_CURVE('',#5208,#5210,#2859,.T.);
#6536=EDGE_CURVE('',#5211,#5209,#2860,.T.);
#6537=EDGE_CURVE('',#5210,#5211,#2861,.T.);
#6538=EDGE_CURVE('',#5212,#5210,#2862,.T.);
#6539=EDGE_CURVE('',#5213,#5211,#2863,.T.);
#6540=EDGE_CURVE('',#5212,#5213,#2864,.T.);
#6541=EDGE_CURVE('',#5214,#5212,#180,.T.);
#6542=EDGE_CURVE('',#5215,#5213,#181,.T.);
#6543=EDGE_CURVE('',#5214,#5215,#2865,.T.);
#6544=EDGE_CURVE('',#5216,#5214,#2866,.T.);
#6545=EDGE_CURVE('',#5217,#5215,#2867,.T.);
#6546=EDGE_CURVE('',#5216,#5217,#2868,.T.);
#6547=EDGE_CURVE('',#5216,#5218,#182,.T.);
#6548=EDGE_CURVE('',#5219,#5217,#183,.T.);
#6549=EDGE_CURVE('',#5218,#5219,#2869,.T.);
#6550=EDGE_CURVE('',#5220,#5218,#2870,.T.);
#6551=EDGE_CURVE('',#5221,#5219,#2871,.T.);
#6552=EDGE_CURVE('',#5220,#5221,#2872,.T.);
#6553=EDGE_CURVE('',#5220,#5222,#184,.T.);
#6554=EDGE_CURVE('',#5223,#5221,#185,.T.);
#6555=EDGE_CURVE('',#5222,#5223,#2873,.T.);
#6556=EDGE_CURVE('',#5222,#5224,#2874,.T.);
#6557=EDGE_CURVE('',#5225,#5223,#2875,.T.);
#6558=EDGE_CURVE('',#5224,#5225,#2876,.T.);
#6559=EDGE_CURVE('',#5226,#5224,#186,.T.);
#6560=EDGE_CURVE('',#5227,#5225,#187,.T.);
#6561=EDGE_CURVE('',#5226,#5227,#2877,.T.);
#6562=EDGE_CURVE('',#5226,#5228,#2878,.T.);
#6563=EDGE_CURVE('',#5229,#5227,#2879,.T.);
#6564=EDGE_CURVE('',#5228,#5229,#2880,.T.);
#6565=EDGE_CURVE('',#5230,#5228,#2881,.T.);
#6566=EDGE_CURVE('',#5231,#5229,#2882,.T.);
#6567=EDGE_CURVE('',#5230,#5231,#2883,.T.);
#6568=EDGE_CURVE('',#5232,#5230,#2884,.T.);
#6569=EDGE_CURVE('',#5233,#5231,#2885,.T.);
#6570=EDGE_CURVE('',#5232,#5233,#2886,.T.);
#6571=EDGE_CURVE('',#5232,#5195,#188,.T.);
#6572=EDGE_CURVE('',#5196,#5233,#189,.T.);
#6573=EDGE_CURVE('',#5234,#5235,#2887,.T.);
#6574=EDGE_CURVE('',#5235,#5236,#2888,.T.);
#6575=EDGE_CURVE('',#5237,#5236,#2889,.T.);
#6576=EDGE_CURVE('',#5234,#5237,#2890,.T.);
#6577=EDGE_CURVE('',#5238,#5234,#190,.T.);
#6578=EDGE_CURVE('',#5239,#5237,#191,.T.);
#6579=EDGE_CURVE('',#5238,#5239,#2891,.T.);
#6580=EDGE_CURVE('',#5238,#5240,#2892,.T.);
#6581=EDGE_CURVE('',#5241,#5239,#2893,.T.);
#6582=EDGE_CURVE('',#5240,#5241,#2894,.T.);
#6583=EDGE_CURVE('',#5242,#5240,#192,.T.);
#6584=EDGE_CURVE('',#5243,#5241,#193,.T.);
#6585=EDGE_CURVE('',#5242,#5243,#2895,.T.);
#6586=EDGE_CURVE('',#5242,#5244,#2896,.T.);
#6587=EDGE_CURVE('',#5245,#5243,#2897,.T.);
#6588=EDGE_CURVE('',#5244,#5245,#2898,.T.);
#6589=EDGE_CURVE('',#5244,#5246,#194,.T.);
#6590=EDGE_CURVE('',#5247,#5245,#195,.T.);
#6591=EDGE_CURVE('',#5246,#5247,#2899,.T.);
#6592=EDGE_CURVE('',#5246,#5248,#2900,.T.);
#6593=EDGE_CURVE('',#5249,#5247,#2901,.T.);
#6594=EDGE_CURVE('',#5248,#5249,#2902,.T.);
#6595=EDGE_CURVE('',#5248,#5250,#2903,.T.);
#6596=EDGE_CURVE('',#5251,#5249,#2904,.T.);
#6597=EDGE_CURVE('',#5250,#5251,#2905,.T.);
#6598=EDGE_CURVE('',#5252,#5250,#2906,.T.);
#6599=EDGE_CURVE('',#5253,#5251,#2907,.T.);
#6600=EDGE_CURVE('',#5252,#5253,#2908,.T.);
#6601=EDGE_CURVE('',#5254,#5252,#196,.T.);
#6602=EDGE_CURVE('',#5255,#5253,#197,.T.);
#6603=EDGE_CURVE('',#5254,#5255,#2909,.T.);
#6604=EDGE_CURVE('',#5256,#5254,#2910,.T.);
#6605=EDGE_CURVE('',#5257,#5255,#2911,.T.);
#6606=EDGE_CURVE('',#5256,#5257,#2912,.T.);
#6607=EDGE_CURVE('',#5256,#5258,#198,.T.);
#6608=EDGE_CURVE('',#5259,#5257,#199,.T.);
#6609=EDGE_CURVE('',#5258,#5259,#2913,.T.);
#6610=EDGE_CURVE('',#5260,#5258,#2914,.T.);
#6611=EDGE_CURVE('',#5261,#5259,#2915,.T.);
#6612=EDGE_CURVE('',#5260,#5261,#2916,.T.);
#6613=EDGE_CURVE('',#5260,#5262,#200,.T.);
#6614=EDGE_CURVE('',#5263,#5261,#201,.T.);
#6615=EDGE_CURVE('',#5262,#5263,#2917,.T.);
#6616=EDGE_CURVE('',#5262,#5264,#2918,.T.);
#6617=EDGE_CURVE('',#5265,#5263,#2919,.T.);
#6618=EDGE_CURVE('',#5264,#5265,#2920,.T.);
#6619=EDGE_CURVE('',#5266,#5264,#202,.T.);
#6620=EDGE_CURVE('',#5267,#5265,#203,.T.);
#6621=EDGE_CURVE('',#5266,#5267,#2921,.T.);
#6622=EDGE_CURVE('',#5266,#5268,#2922,.T.);
#6623=EDGE_CURVE('',#5269,#5267,#2923,.T.);
#6624=EDGE_CURVE('',#5268,#5269,#2924,.T.);
#6625=EDGE_CURVE('',#5270,#5268,#2925,.T.);
#6626=EDGE_CURVE('',#5271,#5269,#2926,.T.);
#6627=EDGE_CURVE('',#5270,#5271,#2927,.T.);
#6628=EDGE_CURVE('',#5272,#5270,#2928,.T.);
#6629=EDGE_CURVE('',#5273,#5271,#2929,.T.);
#6630=EDGE_CURVE('',#5272,#5273,#2930,.T.);
#6631=EDGE_CURVE('',#5272,#5235,#204,.T.);
#6632=EDGE_CURVE('',#5236,#5273,#205,.T.);
#6633=EDGE_CURVE('',#5274,#5275,#2931,.T.);
#6634=EDGE_CURVE('',#5275,#5276,#2932,.T.);
#6635=EDGE_CURVE('',#5277,#5276,#2933,.T.);
#6636=EDGE_CURVE('',#5274,#5277,#2934,.T.);
#6637=EDGE_CURVE('',#5278,#5274,#206,.T.);
#6638=EDGE_CURVE('',#5279,#5277,#207,.T.);
#6639=EDGE_CURVE('',#5278,#5279,#2935,.T.);
#6640=EDGE_CURVE('',#5278,#5280,#2936,.T.);
#6641=EDGE_CURVE('',#5281,#5279,#2937,.T.);
#6642=EDGE_CURVE('',#5280,#5281,#2938,.T.);
#6643=EDGE_CURVE('',#5282,#5280,#208,.T.);
#6644=EDGE_CURVE('',#5283,#5281,#209,.T.);
#6645=EDGE_CURVE('',#5282,#5283,#2939,.T.);
#6646=EDGE_CURVE('',#5282,#5284,#2940,.T.);
#6647=EDGE_CURVE('',#5285,#5283,#2941,.T.);
#6648=EDGE_CURVE('',#5284,#5285,#2942,.T.);
#6649=EDGE_CURVE('',#5284,#5286,#210,.T.);
#6650=EDGE_CURVE('',#5287,#5285,#211,.T.);
#6651=EDGE_CURVE('',#5286,#5287,#2943,.T.);
#6652=EDGE_CURVE('',#5286,#5288,#2944,.T.);
#6653=EDGE_CURVE('',#5289,#5287,#2945,.T.);
#6654=EDGE_CURVE('',#5288,#5289,#2946,.T.);
#6655=EDGE_CURVE('',#5288,#5290,#2947,.T.);
#6656=EDGE_CURVE('',#5291,#5289,#2948,.T.);
#6657=EDGE_CURVE('',#5290,#5291,#2949,.T.);
#6658=EDGE_CURVE('',#5292,#5290,#2950,.T.);
#6659=EDGE_CURVE('',#5293,#5291,#2951,.T.);
#6660=EDGE_CURVE('',#5292,#5293,#2952,.T.);
#6661=EDGE_CURVE('',#5294,#5292,#212,.T.);
#6662=EDGE_CURVE('',#5295,#5293,#213,.T.);
#6663=EDGE_CURVE('',#5294,#5295,#2953,.T.);
#6664=EDGE_CURVE('',#5296,#5294,#2954,.T.);
#6665=EDGE_CURVE('',#5297,#5295,#2955,.T.);
#6666=EDGE_CURVE('',#5296,#5297,#2956,.T.);
#6667=EDGE_CURVE('',#5296,#5298,#214,.T.);
#6668=EDGE_CURVE('',#5299,#5297,#215,.T.);
#6669=EDGE_CURVE('',#5298,#5299,#2957,.T.);
#6670=EDGE_CURVE('',#5300,#5298,#2958,.T.);
#6671=EDGE_CURVE('',#5301,#5299,#2959,.T.);
#6672=EDGE_CURVE('',#5300,#5301,#2960,.T.);
#6673=EDGE_CURVE('',#5300,#5302,#216,.T.);
#6674=EDGE_CURVE('',#5303,#5301,#217,.T.);
#6675=EDGE_CURVE('',#5302,#5303,#2961,.T.);
#6676=EDGE_CURVE('',#5302,#5304,#2962,.T.);
#6677=EDGE_CURVE('',#5305,#5303,#2963,.T.);
#6678=EDGE_CURVE('',#5304,#5305,#2964,.T.);
#6679=EDGE_CURVE('',#5306,#5304,#218,.T.);
#6680=EDGE_CURVE('',#5307,#5305,#219,.T.);
#6681=EDGE_CURVE('',#5306,#5307,#2965,.T.);
#6682=EDGE_CURVE('',#5306,#5308,#2966,.T.);
#6683=EDGE_CURVE('',#5309,#5307,#2967,.T.);
#6684=EDGE_CURVE('',#5308,#5309,#2968,.T.);
#6685=EDGE_CURVE('',#5310,#5308,#2969,.T.);
#6686=EDGE_CURVE('',#5311,#5309,#2970,.T.);
#6687=EDGE_CURVE('',#5310,#5311,#2971,.T.);
#6688=EDGE_CURVE('',#5312,#5310,#2972,.T.);
#6689=EDGE_CURVE('',#5313,#5311,#2973,.T.);
#6690=EDGE_CURVE('',#5312,#5313,#2974,.T.);
#6691=EDGE_CURVE('',#5312,#5275,#220,.T.);
#6692=EDGE_CURVE('',#5276,#5313,#221,.T.);
#6693=EDGE_CURVE('',#5314,#5315,#2975,.T.);
#6694=EDGE_CURVE('',#5315,#5316,#2976,.T.);
#6695=EDGE_CURVE('',#5317,#5316,#2977,.T.);
#6696=EDGE_CURVE('',#5314,#5317,#2978,.T.);
#6697=EDGE_CURVE('',#5318,#5314,#222,.T.);
#6698=EDGE_CURVE('',#5319,#5317,#223,.T.);
#6699=EDGE_CURVE('',#5318,#5319,#2979,.T.);
#6700=EDGE_CURVE('',#5318,#5320,#2980,.T.);
#6701=EDGE_CURVE('',#5321,#5319,#2981,.T.);
#6702=EDGE_CURVE('',#5320,#5321,#2982,.T.);
#6703=EDGE_CURVE('',#5322,#5320,#224,.T.);
#6704=EDGE_CURVE('',#5323,#5321,#225,.T.);
#6705=EDGE_CURVE('',#5322,#5323,#2983,.T.);
#6706=EDGE_CURVE('',#5322,#5324,#2984,.T.);
#6707=EDGE_CURVE('',#5325,#5323,#2985,.T.);
#6708=EDGE_CURVE('',#5324,#5325,#2986,.T.);
#6709=EDGE_CURVE('',#5324,#5326,#226,.T.);
#6710=EDGE_CURVE('',#5327,#5325,#227,.T.);
#6711=EDGE_CURVE('',#5326,#5327,#2987,.T.);
#6712=EDGE_CURVE('',#5326,#5328,#2988,.T.);
#6713=EDGE_CURVE('',#5329,#5327,#2989,.T.);
#6714=EDGE_CURVE('',#5328,#5329,#2990,.T.);
#6715=EDGE_CURVE('',#5328,#5330,#2991,.T.);
#6716=EDGE_CURVE('',#5331,#5329,#2992,.T.);
#6717=EDGE_CURVE('',#5330,#5331,#2993,.T.);
#6718=EDGE_CURVE('',#5332,#5330,#2994,.T.);
#6719=EDGE_CURVE('',#5333,#5331,#2995,.T.);
#6720=EDGE_CURVE('',#5332,#5333,#2996,.T.);
#6721=EDGE_CURVE('',#5334,#5332,#228,.T.);
#6722=EDGE_CURVE('',#5335,#5333,#229,.T.);
#6723=EDGE_CURVE('',#5334,#5335,#2997,.T.);
#6724=EDGE_CURVE('',#5336,#5334,#2998,.T.);
#6725=EDGE_CURVE('',#5337,#5335,#2999,.T.);
#6726=EDGE_CURVE('',#5336,#5337,#3000,.T.);
#6727=EDGE_CURVE('',#5336,#5338,#230,.T.);
#6728=EDGE_CURVE('',#5339,#5337,#231,.T.);
#6729=EDGE_CURVE('',#5338,#5339,#3001,.T.);
#6730=EDGE_CURVE('',#5340,#5338,#3002,.T.);
#6731=EDGE_CURVE('',#5341,#5339,#3003,.T.);
#6732=EDGE_CURVE('',#5340,#5341,#3004,.T.);
#6733=EDGE_CURVE('',#5340,#5342,#232,.T.);
#6734=EDGE_CURVE('',#5343,#5341,#233,.T.);
#6735=EDGE_CURVE('',#5342,#5343,#3005,.T.);
#6736=EDGE_CURVE('',#5342,#5344,#3006,.T.);
#6737=EDGE_CURVE('',#5345,#5343,#3007,.T.);
#6738=EDGE_CURVE('',#5344,#5345,#3008,.T.);
#6739=EDGE_CURVE('',#5346,#5344,#234,.T.);
#6740=EDGE_CURVE('',#5347,#5345,#235,.T.);
#6741=EDGE_CURVE('',#5346,#5347,#3009,.T.);
#6742=EDGE_CURVE('',#5346,#5348,#3010,.T.);
#6743=EDGE_CURVE('',#5349,#5347,#3011,.T.);
#6744=EDGE_CURVE('',#5348,#5349,#3012,.T.);
#6745=EDGE_CURVE('',#5350,#5348,#3013,.T.);
#6746=EDGE_CURVE('',#5351,#5349,#3014,.T.);
#6747=EDGE_CURVE('',#5350,#5351,#3015,.T.);
#6748=EDGE_CURVE('',#5352,#5350,#3016,.T.);
#6749=EDGE_CURVE('',#5353,#5351,#3017,.T.);
#6750=EDGE_CURVE('',#5352,#5353,#3018,.T.);
#6751=EDGE_CURVE('',#5352,#5315,#236,.T.);
#6752=EDGE_CURVE('',#5316,#5353,#237,.T.);
#6753=EDGE_CURVE('',#5354,#5355,#3019,.T.);
#6754=EDGE_CURVE('',#5355,#5356,#3020,.T.);
#6755=EDGE_CURVE('',#5357,#5356,#3021,.T.);
#6756=EDGE_CURVE('',#5354,#5357,#3022,.T.);
#6757=EDGE_CURVE('',#5358,#5354,#238,.T.);
#6758=EDGE_CURVE('',#5359,#5357,#239,.T.);
#6759=EDGE_CURVE('',#5358,#5359,#3023,.T.);
#6760=EDGE_CURVE('',#5358,#5360,#3024,.T.);
#6761=EDGE_CURVE('',#5361,#5359,#3025,.T.);
#6762=EDGE_CURVE('',#5360,#5361,#3026,.T.);
#6763=EDGE_CURVE('',#5362,#5360,#240,.T.);
#6764=EDGE_CURVE('',#5363,#5361,#241,.T.);
#6765=EDGE_CURVE('',#5362,#5363,#3027,.T.);
#6766=EDGE_CURVE('',#5362,#5364,#3028,.T.);
#6767=EDGE_CURVE('',#5365,#5363,#3029,.T.);
#6768=EDGE_CURVE('',#5364,#5365,#3030,.T.);
#6769=EDGE_CURVE('',#5364,#5366,#242,.T.);
#6770=EDGE_CURVE('',#5367,#5365,#243,.T.);
#6771=EDGE_CURVE('',#5366,#5367,#3031,.T.);
#6772=EDGE_CURVE('',#5366,#5368,#3032,.T.);
#6773=EDGE_CURVE('',#5369,#5367,#3033,.T.);
#6774=EDGE_CURVE('',#5368,#5369,#3034,.T.);
#6775=EDGE_CURVE('',#5368,#5370,#3035,.T.);
#6776=EDGE_CURVE('',#5371,#5369,#3036,.T.);
#6777=EDGE_CURVE('',#5370,#5371,#3037,.T.);
#6778=EDGE_CURVE('',#5372,#5370,#3038,.T.);
#6779=EDGE_CURVE('',#5373,#5371,#3039,.T.);
#6780=EDGE_CURVE('',#5372,#5373,#3040,.T.);
#6781=EDGE_CURVE('',#5374,#5372,#244,.T.);
#6782=EDGE_CURVE('',#5375,#5373,#245,.T.);
#6783=EDGE_CURVE('',#5374,#5375,#3041,.T.);
#6784=EDGE_CURVE('',#5376,#5374,#3042,.T.);
#6785=EDGE_CURVE('',#5377,#5375,#3043,.T.);
#6786=EDGE_CURVE('',#5376,#5377,#3044,.T.);
#6787=EDGE_CURVE('',#5376,#5378,#246,.T.);
#6788=EDGE_CURVE('',#5379,#5377,#247,.T.);
#6789=EDGE_CURVE('',#5378,#5379,#3045,.T.);
#6790=EDGE_CURVE('',#5380,#5378,#3046,.T.);
#6791=EDGE_CURVE('',#5381,#5379,#3047,.T.);
#6792=EDGE_CURVE('',#5380,#5381,#3048,.T.);
#6793=EDGE_CURVE('',#5380,#5382,#248,.T.);
#6794=EDGE_CURVE('',#5383,#5381,#249,.T.);
#6795=EDGE_CURVE('',#5382,#5383,#3049,.T.);
#6796=EDGE_CURVE('',#5382,#5384,#3050,.T.);
#6797=EDGE_CURVE('',#5385,#5383,#3051,.T.);
#6798=EDGE_CURVE('',#5384,#5385,#3052,.T.);
#6799=EDGE_CURVE('',#5386,#5384,#250,.T.);
#6800=EDGE_CURVE('',#5387,#5385,#251,.T.);
#6801=EDGE_CURVE('',#5386,#5387,#3053,.T.);
#6802=EDGE_CURVE('',#5386,#5388,#3054,.T.);
#6803=EDGE_CURVE('',#5389,#5387,#3055,.T.);
#6804=EDGE_CURVE('',#5388,#5389,#3056,.T.);
#6805=EDGE_CURVE('',#5390,#5388,#3057,.T.);
#6806=EDGE_CURVE('',#5391,#5389,#3058,.T.);
#6807=EDGE_CURVE('',#5390,#5391,#3059,.T.);
#6808=EDGE_CURVE('',#5392,#5390,#3060,.T.);
#6809=EDGE_CURVE('',#5393,#5391,#3061,.T.);
#6810=EDGE_CURVE('',#5392,#5393,#3062,.T.);
#6811=EDGE_CURVE('',#5392,#5355,#252,.T.);
#6812=EDGE_CURVE('',#5356,#5393,#253,.T.);
#6813=EDGE_CURVE('',#5394,#5395,#3063,.T.);
#6814=EDGE_CURVE('',#5395,#5396,#3064,.T.);
#6815=EDGE_CURVE('',#5397,#5396,#3065,.T.);
#6816=EDGE_CURVE('',#5394,#5397,#3066,.T.);
#6817=EDGE_CURVE('',#5398,#5394,#254,.T.);
#6818=EDGE_CURVE('',#5399,#5397,#255,.T.);
#6819=EDGE_CURVE('',#5398,#5399,#3067,.T.);
#6820=EDGE_CURVE('',#5398,#5400,#3068,.T.);
#6821=EDGE_CURVE('',#5401,#5399,#3069,.T.);
#6822=EDGE_CURVE('',#5400,#5401,#3070,.T.);
#6823=EDGE_CURVE('',#5402,#5400,#256,.T.);
#6824=EDGE_CURVE('',#5403,#5401,#257,.T.);
#6825=EDGE_CURVE('',#5402,#5403,#3071,.T.);
#6826=EDGE_CURVE('',#5402,#5404,#3072,.T.);
#6827=EDGE_CURVE('',#5405,#5403,#3073,.T.);
#6828=EDGE_CURVE('',#5404,#5405,#3074,.T.);
#6829=EDGE_CURVE('',#5404,#5406,#258,.T.);
#6830=EDGE_CURVE('',#5407,#5405,#259,.T.);
#6831=EDGE_CURVE('',#5406,#5407,#3075,.T.);
#6832=EDGE_CURVE('',#5406,#5408,#3076,.T.);
#6833=EDGE_CURVE('',#5409,#5407,#3077,.T.);
#6834=EDGE_CURVE('',#5408,#5409,#3078,.T.);
#6835=EDGE_CURVE('',#5408,#5410,#3079,.T.);
#6836=EDGE_CURVE('',#5411,#5409,#3080,.T.);
#6837=EDGE_CURVE('',#5410,#5411,#3081,.T.);
#6838=EDGE_CURVE('',#5412,#5410,#3082,.T.);
#6839=EDGE_CURVE('',#5413,#5411,#3083,.T.);
#6840=EDGE_CURVE('',#5412,#5413,#3084,.T.);
#6841=EDGE_CURVE('',#5414,#5412,#260,.T.);
#6842=EDGE_CURVE('',#5415,#5413,#261,.T.);
#6843=EDGE_CURVE('',#5414,#5415,#3085,.T.);
#6844=EDGE_CURVE('',#5416,#5414,#3086,.T.);
#6845=EDGE_CURVE('',#5417,#5415,#3087,.T.);
#6846=EDGE_CURVE('',#5416,#5417,#3088,.T.);
#6847=EDGE_CURVE('',#5416,#5418,#262,.T.);
#6848=EDGE_CURVE('',#5419,#5417,#263,.T.);
#6849=EDGE_CURVE('',#5418,#5419,#3089,.T.);
#6850=EDGE_CURVE('',#5420,#5418,#3090,.T.);
#6851=EDGE_CURVE('',#5421,#5419,#3091,.T.);
#6852=EDGE_CURVE('',#5420,#5421,#3092,.T.);
#6853=EDGE_CURVE('',#5420,#5422,#264,.T.);
#6854=EDGE_CURVE('',#5423,#5421,#265,.T.);
#6855=EDGE_CURVE('',#5422,#5423,#3093,.T.);
#6856=EDGE_CURVE('',#5422,#5424,#3094,.T.);
#6857=EDGE_CURVE('',#5425,#5423,#3095,.T.);
#6858=EDGE_CURVE('',#5424,#5425,#3096,.T.);
#6859=EDGE_CURVE('',#5426,#5424,#266,.T.);
#6860=EDGE_CURVE('',#5427,#5425,#267,.T.);
#6861=EDGE_CURVE('',#5426,#5427,#3097,.T.);
#6862=EDGE_CURVE('',#5426,#5428,#3098,.T.);
#6863=EDGE_CURVE('',#5429,#5427,#3099,.T.);
#6864=EDGE_CURVE('',#5428,#5429,#3100,.T.);
#6865=EDGE_CURVE('',#5430,#5428,#3101,.T.);
#6866=EDGE_CURVE('',#5431,#5429,#3102,.T.);
#6867=EDGE_CURVE('',#5430,#5431,#3103,.T.);
#6868=EDGE_CURVE('',#5432,#5430,#3104,.T.);
#6869=EDGE_CURVE('',#5433,#5431,#3105,.T.);
#6870=EDGE_CURVE('',#5432,#5433,#3106,.T.);
#6871=EDGE_CURVE('',#5432,#5395,#268,.T.);
#6872=EDGE_CURVE('',#5396,#5433,#269,.T.);
#6873=EDGE_CURVE('',#5434,#5435,#3107,.T.);
#6874=EDGE_CURVE('',#5435,#5436,#3108,.T.);
#6875=EDGE_CURVE('',#5437,#5436,#3109,.T.);
#6876=EDGE_CURVE('',#5434,#5437,#3110,.T.);
#6877=EDGE_CURVE('',#5438,#5434,#270,.T.);
#6878=EDGE_CURVE('',#5439,#5437,#271,.T.);
#6879=EDGE_CURVE('',#5438,#5439,#3111,.T.);
#6880=EDGE_CURVE('',#5438,#5440,#3112,.T.);
#6881=EDGE_CURVE('',#5441,#5439,#3113,.T.);
#6882=EDGE_CURVE('',#5440,#5441,#3114,.T.);
#6883=EDGE_CURVE('',#5442,#5440,#272,.T.);
#6884=EDGE_CURVE('',#5443,#5441,#273,.T.);
#6885=EDGE_CURVE('',#5442,#5443,#3115,.T.);
#6886=EDGE_CURVE('',#5442,#5444,#3116,.T.);
#6887=EDGE_CURVE('',#5445,#5443,#3117,.T.);
#6888=EDGE_CURVE('',#5444,#5445,#3118,.T.);
#6889=EDGE_CURVE('',#5444,#5446,#274,.T.);
#6890=EDGE_CURVE('',#5447,#5445,#275,.T.);
#6891=EDGE_CURVE('',#5446,#5447,#3119,.T.);
#6892=EDGE_CURVE('',#5446,#5448,#3120,.T.);
#6893=EDGE_CURVE('',#5449,#5447,#3121,.T.);
#6894=EDGE_CURVE('',#5448,#5449,#3122,.T.);
#6895=EDGE_CURVE('',#5448,#5450,#3123,.T.);
#6896=EDGE_CURVE('',#5451,#5449,#3124,.T.);
#6897=EDGE_CURVE('',#5450,#5451,#3125,.T.);
#6898=EDGE_CURVE('',#5452,#5450,#3126,.T.);
#6899=EDGE_CURVE('',#5453,#5451,#3127,.T.);
#6900=EDGE_CURVE('',#5452,#5453,#3128,.T.);
#6901=EDGE_CURVE('',#5454,#5452,#276,.T.);
#6902=EDGE_CURVE('',#5455,#5453,#277,.T.);
#6903=EDGE_CURVE('',#5454,#5455,#3129,.T.);
#6904=EDGE_CURVE('',#5456,#5454,#3130,.T.);
#6905=EDGE_CURVE('',#5457,#5455,#3131,.T.);
#6906=EDGE_CURVE('',#5456,#5457,#3132,.T.);
#6907=EDGE_CURVE('',#5456,#5458,#278,.T.);
#6908=EDGE_CURVE('',#5459,#5457,#279,.T.);
#6909=EDGE_CURVE('',#5458,#5459,#3133,.T.);
#6910=EDGE_CURVE('',#5460,#5458,#3134,.T.);
#6911=EDGE_CURVE('',#5461,#5459,#3135,.T.);
#6912=EDGE_CURVE('',#5460,#5461,#3136,.T.);
#6913=EDGE_CURVE('',#5460,#5462,#280,.T.);
#6914=EDGE_CURVE('',#5463,#5461,#281,.T.);
#6915=EDGE_CURVE('',#5462,#5463,#3137,.T.);
#6916=EDGE_CURVE('',#5462,#5464,#3138,.T.);
#6917=EDGE_CURVE('',#5465,#5463,#3139,.T.);
#6918=EDGE_CURVE('',#5464,#5465,#3140,.T.);
#6919=EDGE_CURVE('',#5466,#5464,#282,.T.);
#6920=EDGE_CURVE('',#5467,#5465,#283,.T.);
#6921=EDGE_CURVE('',#5466,#5467,#3141,.T.);
#6922=EDGE_CURVE('',#5466,#5468,#3142,.T.);
#6923=EDGE_CURVE('',#5469,#5467,#3143,.T.);
#6924=EDGE_CURVE('',#5468,#5469,#3144,.T.);
#6925=EDGE_CURVE('',#5470,#5468,#3145,.T.);
#6926=EDGE_CURVE('',#5471,#5469,#3146,.T.);
#6927=EDGE_CURVE('',#5470,#5471,#3147,.T.);
#6928=EDGE_CURVE('',#5472,#5470,#3148,.T.);
#6929=EDGE_CURVE('',#5473,#5471,#3149,.T.);
#6930=EDGE_CURVE('',#5472,#5473,#3150,.T.);
#6931=EDGE_CURVE('',#5472,#5435,#284,.T.);
#6932=EDGE_CURVE('',#5436,#5473,#285,.T.);
#6933=EDGE_CURVE('',#5474,#5475,#3151,.T.);
#6934=EDGE_CURVE('',#5475,#5476,#3152,.T.);
#6935=EDGE_CURVE('',#5477,#5476,#3153,.T.);
#6936=EDGE_CURVE('',#5474,#5477,#3154,.T.);
#6937=EDGE_CURVE('',#5478,#5474,#286,.T.);
#6938=EDGE_CURVE('',#5479,#5477,#287,.T.);
#6939=EDGE_CURVE('',#5478,#5479,#3155,.T.);
#6940=EDGE_CURVE('',#5478,#5480,#3156,.T.);
#6941=EDGE_CURVE('',#5481,#5479,#3157,.T.);
#6942=EDGE_CURVE('',#5480,#5481,#3158,.T.);
#6943=EDGE_CURVE('',#5482,#5480,#288,.T.);
#6944=EDGE_CURVE('',#5483,#5481,#289,.T.);
#6945=EDGE_CURVE('',#5482,#5483,#3159,.T.);
#6946=EDGE_CURVE('',#5482,#5484,#3160,.T.);
#6947=EDGE_CURVE('',#5485,#5483,#3161,.T.);
#6948=EDGE_CURVE('',#5484,#5485,#3162,.T.);
#6949=EDGE_CURVE('',#5484,#5486,#290,.T.);
#6950=EDGE_CURVE('',#5487,#5485,#291,.T.);
#6951=EDGE_CURVE('',#5486,#5487,#3163,.T.);
#6952=EDGE_CURVE('',#5486,#5488,#3164,.T.);
#6953=EDGE_CURVE('',#5489,#5487,#3165,.T.);
#6954=EDGE_CURVE('',#5488,#5489,#3166,.T.);
#6955=EDGE_CURVE('',#5488,#5490,#3167,.T.);
#6956=EDGE_CURVE('',#5491,#5489,#3168,.T.);
#6957=EDGE_CURVE('',#5490,#5491,#3169,.T.);
#6958=EDGE_CURVE('',#5492,#5490,#3170,.T.);
#6959=EDGE_CURVE('',#5493,#5491,#3171,.T.);
#6960=EDGE_CURVE('',#5492,#5493,#3172,.T.);
#6961=EDGE_CURVE('',#5494,#5492,#292,.T.);
#6962=EDGE_CURVE('',#5495,#5493,#293,.T.);
#6963=EDGE_CURVE('',#5494,#5495,#3173,.T.);
#6964=EDGE_CURVE('',#5496,#5494,#3174,.T.);
#6965=EDGE_CURVE('',#5497,#5495,#3175,.T.);
#6966=EDGE_CURVE('',#5496,#5497,#3176,.T.);
#6967=EDGE_CURVE('',#5496,#5498,#294,.T.);
#6968=EDGE_CURVE('',#5499,#5497,#295,.T.);
#6969=EDGE_CURVE('',#5498,#5499,#3177,.T.);
#6970=EDGE_CURVE('',#5500,#5498,#3178,.T.);
#6971=EDGE_CURVE('',#5501,#5499,#3179,.T.);
#6972=EDGE_CURVE('',#5500,#5501,#3180,.T.);
#6973=EDGE_CURVE('',#5500,#5502,#296,.T.);
#6974=EDGE_CURVE('',#5503,#5501,#297,.T.);
#6975=EDGE_CURVE('',#5502,#5503,#3181,.T.);
#6976=EDGE_CURVE('',#5502,#5504,#3182,.T.);
#6977=EDGE_CURVE('',#5505,#5503,#3183,.T.);
#6978=EDGE_CURVE('',#5504,#5505,#3184,.T.);
#6979=EDGE_CURVE('',#5506,#5504,#298,.T.);
#6980=EDGE_CURVE('',#5507,#5505,#299,.T.);
#6981=EDGE_CURVE('',#5506,#5507,#3185,.T.);
#6982=EDGE_CURVE('',#5506,#5508,#3186,.T.);
#6983=EDGE_CURVE('',#5509,#5507,#3187,.T.);
#6984=EDGE_CURVE('',#5508,#5509,#3188,.T.);
#6985=EDGE_CURVE('',#5510,#5508,#3189,.T.);
#6986=EDGE_CURVE('',#5511,#5509,#3190,.T.);
#6987=EDGE_CURVE('',#5510,#5511,#3191,.T.);
#6988=EDGE_CURVE('',#5512,#5510,#3192,.T.);
#6989=EDGE_CURVE('',#5513,#5511,#3193,.T.);
#6990=EDGE_CURVE('',#5512,#5513,#3194,.T.);
#6991=EDGE_CURVE('',#5512,#5475,#300,.T.);
#6992=EDGE_CURVE('',#5476,#5513,#301,.T.);
#6993=EDGE_CURVE('',#5514,#5515,#3195,.T.);
#6994=EDGE_CURVE('',#5515,#5516,#3196,.T.);
#6995=EDGE_CURVE('',#5517,#5516,#3197,.T.);
#6996=EDGE_CURVE('',#5514,#5517,#3198,.T.);
#6997=EDGE_CURVE('',#5518,#5514,#302,.T.);
#6998=EDGE_CURVE('',#5519,#5517,#303,.T.);
#6999=EDGE_CURVE('',#5518,#5519,#3199,.T.);
#7000=EDGE_CURVE('',#5518,#5520,#3200,.T.);
#7001=EDGE_CURVE('',#5521,#5519,#3201,.T.);
#7002=EDGE_CURVE('',#5520,#5521,#3202,.T.);
#7003=EDGE_CURVE('',#5522,#5520,#304,.T.);
#7004=EDGE_CURVE('',#5523,#5521,#305,.T.);
#7005=EDGE_CURVE('',#5522,#5523,#3203,.T.);
#7006=EDGE_CURVE('',#5522,#5524,#3204,.T.);
#7007=EDGE_CURVE('',#5525,#5523,#3205,.T.);
#7008=EDGE_CURVE('',#5524,#5525,#3206,.T.);
#7009=EDGE_CURVE('',#5524,#5526,#306,.T.);
#7010=EDGE_CURVE('',#5527,#5525,#307,.T.);
#7011=EDGE_CURVE('',#5526,#5527,#3207,.T.);
#7012=EDGE_CURVE('',#5526,#5528,#3208,.T.);
#7013=EDGE_CURVE('',#5529,#5527,#3209,.T.);
#7014=EDGE_CURVE('',#5528,#5529,#3210,.T.);
#7015=EDGE_CURVE('',#5528,#5530,#3211,.T.);
#7016=EDGE_CURVE('',#5531,#5529,#3212,.T.);
#7017=EDGE_CURVE('',#5530,#5531,#3213,.T.);
#7018=EDGE_CURVE('',#5532,#5530,#3214,.T.);
#7019=EDGE_CURVE('',#5533,#5531,#3215,.T.);
#7020=EDGE_CURVE('',#5532,#5533,#3216,.T.);
#7021=EDGE_CURVE('',#5534,#5532,#308,.T.);
#7022=EDGE_CURVE('',#5535,#5533,#309,.T.);
#7023=EDGE_CURVE('',#5534,#5535,#3217,.T.);
#7024=EDGE_CURVE('',#5536,#5534,#3218,.T.);
#7025=EDGE_CURVE('',#5537,#5535,#3219,.T.);
#7026=EDGE_CURVE('',#5536,#5537,#3220,.T.);
#7027=EDGE_CURVE('',#5536,#5538,#310,.T.);
#7028=EDGE_CURVE('',#5539,#5537,#311,.T.);
#7029=EDGE_CURVE('',#5538,#5539,#3221,.T.);
#7030=EDGE_CURVE('',#5540,#5538,#3222,.T.);
#7031=EDGE_CURVE('',#5541,#5539,#3223,.T.);
#7032=EDGE_CURVE('',#5540,#5541,#3224,.T.);
#7033=EDGE_CURVE('',#5540,#5542,#312,.T.);
#7034=EDGE_CURVE('',#5543,#5541,#313,.T.);
#7035=EDGE_CURVE('',#5542,#5543,#3225,.T.);
#7036=EDGE_CURVE('',#5542,#5544,#3226,.T.);
#7037=EDGE_CURVE('',#5545,#5543,#3227,.T.);
#7038=EDGE_CURVE('',#5544,#5545,#3228,.T.);
#7039=EDGE_CURVE('',#5546,#5544,#314,.T.);
#7040=EDGE_CURVE('',#5547,#5545,#315,.T.);
#7041=EDGE_CURVE('',#5546,#5547,#3229,.T.);
#7042=EDGE_CURVE('',#5546,#5548,#3230,.T.);
#7043=EDGE_CURVE('',#5549,#5547,#3231,.T.);
#7044=EDGE_CURVE('',#5548,#5549,#3232,.T.);
#7045=EDGE_CURVE('',#5550,#5548,#3233,.T.);
#7046=EDGE_CURVE('',#5551,#5549,#3234,.T.);
#7047=EDGE_CURVE('',#5550,#5551,#3235,.T.);
#7048=EDGE_CURVE('',#5552,#5550,#3236,.T.);
#7049=EDGE_CURVE('',#5553,#5551,#3237,.T.);
#7050=EDGE_CURVE('',#5552,#5553,#3238,.T.);
#7051=EDGE_CURVE('',#5552,#5515,#316,.T.);
#7052=EDGE_CURVE('',#5516,#5553,#317,.T.);
#7053=EDGE_CURVE('',#5554,#5555,#3239,.T.);
#7054=EDGE_CURVE('',#5555,#5556,#3240,.T.);
#7055=EDGE_CURVE('',#5557,#5556,#3241,.T.);
#7056=EDGE_CURVE('',#5554,#5557,#3242,.T.);
#7057=EDGE_CURVE('',#5558,#5554,#318,.T.);
#7058=EDGE_CURVE('',#5559,#5557,#319,.T.);
#7059=EDGE_CURVE('',#5558,#5559,#3243,.T.);
#7060=EDGE_CURVE('',#5558,#5560,#3244,.T.);
#7061=EDGE_CURVE('',#5561,#5559,#3245,.T.);
#7062=EDGE_CURVE('',#5560,#5561,#3246,.T.);
#7063=EDGE_CURVE('',#5562,#5560,#320,.T.);
#7064=EDGE_CURVE('',#5563,#5561,#321,.T.);
#7065=EDGE_CURVE('',#5562,#5563,#3247,.T.);
#7066=EDGE_CURVE('',#5562,#5564,#3248,.T.);
#7067=EDGE_CURVE('',#5565,#5563,#3249,.T.);
#7068=EDGE_CURVE('',#5564,#5565,#3250,.T.);
#7069=EDGE_CURVE('',#5564,#5566,#322,.T.);
#7070=EDGE_CURVE('',#5567,#5565,#323,.T.);
#7071=EDGE_CURVE('',#5566,#5567,#3251,.T.);
#7072=EDGE_CURVE('',#5566,#5568,#3252,.T.);
#7073=EDGE_CURVE('',#5569,#5567,#3253,.T.);
#7074=EDGE_CURVE('',#5568,#5569,#3254,.T.);
#7075=EDGE_CURVE('',#5568,#5570,#3255,.T.);
#7076=EDGE_CURVE('',#5571,#5569,#3256,.T.);
#7077=EDGE_CURVE('',#5570,#5571,#3257,.T.);
#7078=EDGE_CURVE('',#5572,#5570,#3258,.T.);
#7079=EDGE_CURVE('',#5573,#5571,#3259,.T.);
#7080=EDGE_CURVE('',#5572,#5573,#3260,.T.);
#7081=EDGE_CURVE('',#5574,#5572,#324,.T.);
#7082=EDGE_CURVE('',#5575,#5573,#325,.T.);
#7083=EDGE_CURVE('',#5574,#5575,#3261,.T.);
#7084=EDGE_CURVE('',#5576,#5574,#3262,.T.);
#7085=EDGE_CURVE('',#5577,#5575,#3263,.T.);
#7086=EDGE_CURVE('',#5576,#5577,#3264,.T.);
#7087=EDGE_CURVE('',#5576,#5578,#326,.T.);
#7088=EDGE_CURVE('',#5579,#5577,#327,.T.);
#7089=EDGE_CURVE('',#5578,#5579,#3265,.T.);
#7090=EDGE_CURVE('',#5580,#5578,#3266,.T.);
#7091=EDGE_CURVE('',#5581,#5579,#3267,.T.);
#7092=EDGE_CURVE('',#5580,#5581,#3268,.T.);
#7093=EDGE_CURVE('',#5580,#5582,#328,.T.);
#7094=EDGE_CURVE('',#5583,#5581,#329,.T.);
#7095=EDGE_CURVE('',#5582,#5583,#3269,.T.);
#7096=EDGE_CURVE('',#5582,#5584,#3270,.T.);
#7097=EDGE_CURVE('',#5585,#5583,#3271,.T.);
#7098=EDGE_CURVE('',#5584,#5585,#3272,.T.);
#7099=EDGE_CURVE('',#5586,#5584,#330,.T.);
#7100=EDGE_CURVE('',#5587,#5585,#331,.T.);
#7101=EDGE_CURVE('',#5586,#5587,#3273,.T.);
#7102=EDGE_CURVE('',#5586,#5588,#3274,.T.);
#7103=EDGE_CURVE('',#5589,#5587,#3275,.T.);
#7104=EDGE_CURVE('',#5588,#5589,#3276,.T.);
#7105=EDGE_CURVE('',#5590,#5588,#3277,.T.);
#7106=EDGE_CURVE('',#5591,#5589,#3278,.T.);
#7107=EDGE_CURVE('',#5590,#5591,#3279,.T.);
#7108=EDGE_CURVE('',#5592,#5590,#3280,.T.);
#7109=EDGE_CURVE('',#5593,#5591,#3281,.T.);
#7110=EDGE_CURVE('',#5592,#5593,#3282,.T.);
#7111=EDGE_CURVE('',#5592,#5555,#332,.T.);
#7112=EDGE_CURVE('',#5556,#5593,#333,.T.);
#7113=EDGE_CURVE('',#5594,#5595,#3283,.T.);
#7114=EDGE_CURVE('',#5595,#5596,#3284,.T.);
#7115=EDGE_CURVE('',#5597,#5596,#3285,.T.);
#7116=EDGE_CURVE('',#5594,#5597,#3286,.T.);
#7117=EDGE_CURVE('',#5598,#5594,#334,.T.);
#7118=EDGE_CURVE('',#5599,#5597,#335,.T.);
#7119=EDGE_CURVE('',#5598,#5599,#3287,.T.);
#7120=EDGE_CURVE('',#5598,#5600,#3288,.T.);
#7121=EDGE_CURVE('',#5601,#5599,#3289,.T.);
#7122=EDGE_CURVE('',#5600,#5601,#3290,.T.);
#7123=EDGE_CURVE('',#5602,#5600,#336,.T.);
#7124=EDGE_CURVE('',#5603,#5601,#337,.T.);
#7125=EDGE_CURVE('',#5602,#5603,#3291,.T.);
#7126=EDGE_CURVE('',#5602,#5604,#3292,.T.);
#7127=EDGE_CURVE('',#5605,#5603,#3293,.T.);
#7128=EDGE_CURVE('',#5604,#5605,#3294,.T.);
#7129=EDGE_CURVE('',#5604,#5606,#338,.T.);
#7130=EDGE_CURVE('',#5607,#5605,#339,.T.);
#7131=EDGE_CURVE('',#5606,#5607,#3295,.T.);
#7132=EDGE_CURVE('',#5606,#5608,#3296,.T.);
#7133=EDGE_CURVE('',#5609,#5607,#3297,.T.);
#7134=EDGE_CURVE('',#5608,#5609,#3298,.T.);
#7135=EDGE_CURVE('',#5608,#5610,#3299,.T.);
#7136=EDGE_CURVE('',#5611,#5609,#3300,.T.);
#7137=EDGE_CURVE('',#5610,#5611,#3301,.T.);
#7138=EDGE_CURVE('',#5612,#5610,#3302,.T.);
#7139=EDGE_CURVE('',#5613,#5611,#3303,.T.);
#7140=EDGE_CURVE('',#5612,#5613,#3304,.T.);
#7141=EDGE_CURVE('',#5614,#5612,#340,.T.);
#7142=EDGE_CURVE('',#5615,#5613,#341,.T.);
#7143=EDGE_CURVE('',#5614,#5615,#3305,.T.);
#7144=EDGE_CURVE('',#5616,#5614,#3306,.T.);
#7145=EDGE_CURVE('',#5617,#5615,#3307,.T.);
#7146=EDGE_CURVE('',#5616,#5617,#3308,.T.);
#7147=EDGE_CURVE('',#5616,#5618,#342,.T.);
#7148=EDGE_CURVE('',#5619,#5617,#343,.T.);
#7149=EDGE_CURVE('',#5618,#5619,#3309,.T.);
#7150=EDGE_CURVE('',#5620,#5618,#3310,.T.);
#7151=EDGE_CURVE('',#5621,#5619,#3311,.T.);
#7152=EDGE_CURVE('',#5620,#5621,#3312,.T.);
#7153=EDGE_CURVE('',#5620,#5622,#344,.T.);
#7154=EDGE_CURVE('',#5623,#5621,#345,.T.);
#7155=EDGE_CURVE('',#5622,#5623,#3313,.T.);
#7156=EDGE_CURVE('',#5622,#5624,#3314,.T.);
#7157=EDGE_CURVE('',#5625,#5623,#3315,.T.);
#7158=EDGE_CURVE('',#5624,#5625,#3316,.T.);
#7159=EDGE_CURVE('',#5626,#5624,#346,.T.);
#7160=EDGE_CURVE('',#5627,#5625,#347,.T.);
#7161=EDGE_CURVE('',#5626,#5627,#3317,.T.);
#7162=EDGE_CURVE('',#5626,#5628,#3318,.T.);
#7163=EDGE_CURVE('',#5629,#5627,#3319,.T.);
#7164=EDGE_CURVE('',#5628,#5629,#3320,.T.);
#7165=EDGE_CURVE('',#5630,#5628,#3321,.T.);
#7166=EDGE_CURVE('',#5631,#5629,#3322,.T.);
#7167=EDGE_CURVE('',#5630,#5631,#3323,.T.);
#7168=EDGE_CURVE('',#5632,#5630,#3324,.T.);
#7169=EDGE_CURVE('',#5633,#5631,#3325,.T.);
#7170=EDGE_CURVE('',#5632,#5633,#3326,.T.);
#7171=EDGE_CURVE('',#5632,#5595,#348,.T.);
#7172=EDGE_CURVE('',#5596,#5633,#349,.T.);
#7173=EDGE_CURVE('',#5634,#5635,#3327,.T.);
#7174=EDGE_CURVE('',#5635,#5636,#3328,.T.);
#7175=EDGE_CURVE('',#5637,#5636,#3329,.T.);
#7176=EDGE_CURVE('',#5634,#5637,#3330,.T.);
#7177=EDGE_CURVE('',#5638,#5634,#350,.T.);
#7178=EDGE_CURVE('',#5639,#5637,#351,.T.);
#7179=EDGE_CURVE('',#5638,#5639,#3331,.T.);
#7180=EDGE_CURVE('',#5638,#5640,#3332,.T.);
#7181=EDGE_CURVE('',#5641,#5639,#3333,.T.);
#7182=EDGE_CURVE('',#5640,#5641,#3334,.T.);
#7183=EDGE_CURVE('',#5642,#5640,#352,.T.);
#7184=EDGE_CURVE('',#5643,#5641,#353,.T.);
#7185=EDGE_CURVE('',#5642,#5643,#3335,.T.);
#7186=EDGE_CURVE('',#5642,#5644,#3336,.T.);
#7187=EDGE_CURVE('',#5645,#5643,#3337,.T.);
#7188=EDGE_CURVE('',#5644,#5645,#3338,.T.);
#7189=EDGE_CURVE('',#5644,#5646,#354,.T.);
#7190=EDGE_CURVE('',#5647,#5645,#355,.T.);
#7191=EDGE_CURVE('',#5646,#5647,#3339,.T.);
#7192=EDGE_CURVE('',#5646,#5648,#3340,.T.);
#7193=EDGE_CURVE('',#5649,#5647,#3341,.T.);
#7194=EDGE_CURVE('',#5648,#5649,#3342,.T.);
#7195=EDGE_CURVE('',#5648,#5650,#3343,.T.);
#7196=EDGE_CURVE('',#5651,#5649,#3344,.T.);
#7197=EDGE_CURVE('',#5650,#5651,#3345,.T.);
#7198=EDGE_CURVE('',#5652,#5650,#3346,.T.);
#7199=EDGE_CURVE('',#5653,#5651,#3347,.T.);
#7200=EDGE_CURVE('',#5652,#5653,#3348,.T.);
#7201=EDGE_CURVE('',#5654,#5652,#356,.T.);
#7202=EDGE_CURVE('',#5655,#5653,#357,.T.);
#7203=EDGE_CURVE('',#5654,#5655,#3349,.T.);
#7204=EDGE_CURVE('',#5656,#5654,#3350,.T.);
#7205=EDGE_CURVE('',#5657,#5655,#3351,.T.);
#7206=EDGE_CURVE('',#5656,#5657,#3352,.T.);
#7207=EDGE_CURVE('',#5656,#5658,#358,.T.);
#7208=EDGE_CURVE('',#5659,#5657,#359,.T.);
#7209=EDGE_CURVE('',#5658,#5659,#3353,.T.);
#7210=EDGE_CURVE('',#5660,#5658,#3354,.T.);
#7211=EDGE_CURVE('',#5661,#5659,#3355,.T.);
#7212=EDGE_CURVE('',#5660,#5661,#3356,.T.);
#7213=EDGE_CURVE('',#5660,#5662,#360,.T.);
#7214=EDGE_CURVE('',#5663,#5661,#361,.T.);
#7215=EDGE_CURVE('',#5662,#5663,#3357,.T.);
#7216=EDGE_CURVE('',#5662,#5664,#3358,.T.);
#7217=EDGE_CURVE('',#5665,#5663,#3359,.T.);
#7218=EDGE_CURVE('',#5664,#5665,#3360,.T.);
#7219=EDGE_CURVE('',#5666,#5664,#362,.T.);
#7220=EDGE_CURVE('',#5667,#5665,#363,.T.);
#7221=EDGE_CURVE('',#5666,#5667,#3361,.T.);
#7222=EDGE_CURVE('',#5666,#5668,#3362,.T.);
#7223=EDGE_CURVE('',#5669,#5667,#3363,.T.);
#7224=EDGE_CURVE('',#5668,#5669,#3364,.T.);
#7225=EDGE_CURVE('',#5670,#5668,#3365,.T.);
#7226=EDGE_CURVE('',#5671,#5669,#3366,.T.);
#7227=EDGE_CURVE('',#5670,#5671,#3367,.T.);
#7228=EDGE_CURVE('',#5672,#5670,#3368,.T.);
#7229=EDGE_CURVE('',#5673,#5671,#3369,.T.);
#7230=EDGE_CURVE('',#5672,#5673,#3370,.T.);
#7231=EDGE_CURVE('',#5672,#5635,#364,.T.);
#7232=EDGE_CURVE('',#5636,#5673,#365,.T.);
#7233=EDGE_CURVE('',#5674,#5675,#3371,.T.);
#7234=EDGE_CURVE('',#5675,#5676,#3372,.T.);
#7235=EDGE_CURVE('',#5677,#5676,#3373,.T.);
#7236=EDGE_CURVE('',#5674,#5677,#3374,.T.);
#7237=EDGE_CURVE('',#5678,#5674,#366,.T.);
#7238=EDGE_CURVE('',#5679,#5677,#367,.T.);
#7239=EDGE_CURVE('',#5678,#5679,#3375,.T.);
#7240=EDGE_CURVE('',#5678,#5680,#3376,.T.);
#7241=EDGE_CURVE('',#5681,#5679,#3377,.T.);
#7242=EDGE_CURVE('',#5680,#5681,#3378,.T.);
#7243=EDGE_CURVE('',#5682,#5680,#368,.T.);
#7244=EDGE_CURVE('',#5683,#5681,#369,.T.);
#7245=EDGE_CURVE('',#5682,#5683,#3379,.T.);
#7246=EDGE_CURVE('',#5682,#5684,#3380,.T.);
#7247=EDGE_CURVE('',#5685,#5683,#3381,.T.);
#7248=EDGE_CURVE('',#5684,#5685,#3382,.T.);
#7249=EDGE_CURVE('',#5684,#5686,#370,.T.);
#7250=EDGE_CURVE('',#5687,#5685,#371,.T.);
#7251=EDGE_CURVE('',#5686,#5687,#3383,.T.);
#7252=EDGE_CURVE('',#5686,#5688,#3384,.T.);
#7253=EDGE_CURVE('',#5689,#5687,#3385,.T.);
#7254=EDGE_CURVE('',#5688,#5689,#3386,.T.);
#7255=EDGE_CURVE('',#5688,#5690,#3387,.T.);
#7256=EDGE_CURVE('',#5691,#5689,#3388,.T.);
#7257=EDGE_CURVE('',#5690,#5691,#3389,.T.);
#7258=EDGE_CURVE('',#5692,#5690,#3390,.T.);
#7259=EDGE_CURVE('',#5693,#5691,#3391,.T.);
#7260=EDGE_CURVE('',#5692,#5693,#3392,.T.);
#7261=EDGE_CURVE('',#5694,#5692,#372,.T.);
#7262=EDGE_CURVE('',#5695,#5693,#373,.T.);
#7263=EDGE_CURVE('',#5694,#5695,#3393,.T.);
#7264=EDGE_CURVE('',#5696,#5694,#3394,.T.);
#7265=EDGE_CURVE('',#5697,#5695,#3395,.T.);
#7266=EDGE_CURVE('',#5696,#5697,#3396,.T.);
#7267=EDGE_CURVE('',#5696,#5698,#374,.T.);
#7268=EDGE_CURVE('',#5699,#5697,#375,.T.);
#7269=EDGE_CURVE('',#5698,#5699,#3397,.T.);
#7270=EDGE_CURVE('',#5700,#5698,#3398,.T.);
#7271=EDGE_CURVE('',#5701,#5699,#3399,.T.);
#7272=EDGE_CURVE('',#5700,#5701,#3400,.T.);
#7273=EDGE_CURVE('',#5700,#5702,#376,.T.);
#7274=EDGE_CURVE('',#5703,#5701,#377,.T.);
#7275=EDGE_CURVE('',#5702,#5703,#3401,.T.);
#7276=EDGE_CURVE('',#5702,#5704,#3402,.T.);
#7277=EDGE_CURVE('',#5705,#5703,#3403,.T.);
#7278=EDGE_CURVE('',#5704,#5705,#3404,.T.);
#7279=EDGE_CURVE('',#5706,#5704,#378,.T.);
#7280=EDGE_CURVE('',#5707,#5705,#379,.T.);
#7281=EDGE_CURVE('',#5706,#5707,#3405,.T.);
#7282=EDGE_CURVE('',#5706,#5708,#3406,.T.);
#7283=EDGE_CURVE('',#5709,#5707,#3407,.T.);
#7284=EDGE_CURVE('',#5708,#5709,#3408,.T.);
#7285=EDGE_CURVE('',#5710,#5708,#3409,.T.);
#7286=EDGE_CURVE('',#5711,#5709,#3410,.T.);
#7287=EDGE_CURVE('',#5710,#5711,#3411,.T.);
#7288=EDGE_CURVE('',#5712,#5710,#3412,.T.);
#7289=EDGE_CURVE('',#5713,#5711,#3413,.T.);
#7290=EDGE_CURVE('',#5712,#5713,#3414,.T.);
#7291=EDGE_CURVE('',#5712,#5675,#380,.T.);
#7292=EDGE_CURVE('',#5676,#5713,#381,.T.);
#7293=EDGE_CURVE('',#5714,#5715,#3415,.T.);
#7294=EDGE_CURVE('',#5715,#5716,#3416,.T.);
#7295=EDGE_CURVE('',#5717,#5716,#3417,.T.);
#7296=EDGE_CURVE('',#5714,#5717,#3418,.T.);
#7297=EDGE_CURVE('',#5718,#5714,#382,.T.);
#7298=EDGE_CURVE('',#5719,#5717,#383,.T.);
#7299=EDGE_CURVE('',#5718,#5719,#3419,.T.);
#7300=EDGE_CURVE('',#5718,#5720,#3420,.T.);
#7301=EDGE_CURVE('',#5721,#5719,#3421,.T.);
#7302=EDGE_CURVE('',#5720,#5721,#3422,.T.);
#7303=EDGE_CURVE('',#5722,#5720,#384,.T.);
#7304=EDGE_CURVE('',#5723,#5721,#385,.T.);
#7305=EDGE_CURVE('',#5722,#5723,#3423,.T.);
#7306=EDGE_CURVE('',#5722,#5724,#3424,.T.);
#7307=EDGE_CURVE('',#5725,#5723,#3425,.T.);
#7308=EDGE_CURVE('',#5724,#5725,#3426,.T.);
#7309=EDGE_CURVE('',#5724,#5726,#386,.T.);
#7310=EDGE_CURVE('',#5727,#5725,#387,.T.);
#7311=EDGE_CURVE('',#5726,#5727,#3427,.T.);
#7312=EDGE_CURVE('',#5726,#5728,#3428,.T.);
#7313=EDGE_CURVE('',#5729,#5727,#3429,.T.);
#7314=EDGE_CURVE('',#5728,#5729,#3430,.T.);
#7315=EDGE_CURVE('',#5728,#5730,#3431,.T.);
#7316=EDGE_CURVE('',#5731,#5729,#3432,.T.);
#7317=EDGE_CURVE('',#5730,#5731,#3433,.T.);
#7318=EDGE_CURVE('',#5732,#5730,#3434,.T.);
#7319=EDGE_CURVE('',#5733,#5731,#3435,.T.);
#7320=EDGE_CURVE('',#5732,#5733,#3436,.T.);
#7321=EDGE_CURVE('',#5734,#5732,#388,.T.);
#7322=EDGE_CURVE('',#5735,#5733,#389,.T.);
#7323=EDGE_CURVE('',#5734,#5735,#3437,.T.);
#7324=EDGE_CURVE('',#5736,#5734,#3438,.T.);
#7325=EDGE_CURVE('',#5737,#5735,#3439,.T.);
#7326=EDGE_CURVE('',#5736,#5737,#3440,.T.);
#7327=EDGE_CURVE('',#5736,#5738,#390,.T.);
#7328=EDGE_CURVE('',#5739,#5737,#391,.T.);
#7329=EDGE_CURVE('',#5738,#5739,#3441,.T.);
#7330=EDGE_CURVE('',#5740,#5738,#3442,.T.);
#7331=EDGE_CURVE('',#5741,#5739,#3443,.T.);
#7332=EDGE_CURVE('',#5740,#5741,#3444,.T.);
#7333=EDGE_CURVE('',#5740,#5742,#392,.T.);
#7334=EDGE_CURVE('',#5743,#5741,#393,.T.);
#7335=EDGE_CURVE('',#5742,#5743,#3445,.T.);
#7336=EDGE_CURVE('',#5742,#5744,#3446,.T.);
#7337=EDGE_CURVE('',#5745,#5743,#3447,.T.);
#7338=EDGE_CURVE('',#5744,#5745,#3448,.T.);
#7339=EDGE_CURVE('',#5746,#5744,#394,.T.);
#7340=EDGE_CURVE('',#5747,#5745,#395,.T.);
#7341=EDGE_CURVE('',#5746,#5747,#3449,.T.);
#7342=EDGE_CURVE('',#5746,#5748,#3450,.T.);
#7343=EDGE_CURVE('',#5749,#5747,#3451,.T.);
#7344=EDGE_CURVE('',#5748,#5749,#3452,.T.);
#7345=EDGE_CURVE('',#5750,#5748,#3453,.T.);
#7346=EDGE_CURVE('',#5751,#5749,#3454,.T.);
#7347=EDGE_CURVE('',#5750,#5751,#3455,.T.);
#7348=EDGE_CURVE('',#5752,#5750,#3456,.T.);
#7349=EDGE_CURVE('',#5753,#5751,#3457,.T.);
#7350=EDGE_CURVE('',#5752,#5753,#3458,.T.);
#7351=EDGE_CURVE('',#5752,#5715,#396,.T.);
#7352=EDGE_CURVE('',#5716,#5753,#397,.T.);
#7353=EDGE_CURVE('',#5754,#5755,#3459,.T.);
#7354=EDGE_CURVE('',#5755,#5756,#3460,.T.);
#7355=EDGE_CURVE('',#5757,#5756,#3461,.T.);
#7356=EDGE_CURVE('',#5754,#5757,#3462,.T.);
#7357=EDGE_CURVE('',#5758,#5754,#398,.T.);
#7358=EDGE_CURVE('',#5759,#5757,#399,.T.);
#7359=EDGE_CURVE('',#5758,#5759,#3463,.T.);
#7360=EDGE_CURVE('',#5758,#5760,#3464,.T.);
#7361=EDGE_CURVE('',#5761,#5759,#3465,.T.);
#7362=EDGE_CURVE('',#5760,#5761,#3466,.T.);
#7363=EDGE_CURVE('',#5762,#5760,#400,.T.);
#7364=EDGE_CURVE('',#5763,#5761,#401,.T.);
#7365=EDGE_CURVE('',#5762,#5763,#3467,.T.);
#7366=EDGE_CURVE('',#5762,#5764,#3468,.T.);
#7367=EDGE_CURVE('',#5765,#5763,#3469,.T.);
#7368=EDGE_CURVE('',#5764,#5765,#3470,.T.);
#7369=EDGE_CURVE('',#5764,#5766,#402,.T.);
#7370=EDGE_CURVE('',#5767,#5765,#403,.T.);
#7371=EDGE_CURVE('',#5766,#5767,#3471,.T.);
#7372=EDGE_CURVE('',#5766,#5768,#3472,.T.);
#7373=EDGE_CURVE('',#5769,#5767,#3473,.T.);
#7374=EDGE_CURVE('',#5768,#5769,#3474,.T.);
#7375=EDGE_CURVE('',#5768,#5770,#3475,.T.);
#7376=EDGE_CURVE('',#5771,#5769,#3476,.T.);
#7377=EDGE_CURVE('',#5770,#5771,#3477,.T.);
#7378=EDGE_CURVE('',#5772,#5770,#3478,.T.);
#7379=EDGE_CURVE('',#5773,#5771,#3479,.T.);
#7380=EDGE_CURVE('',#5772,#5773,#3480,.T.);
#7381=EDGE_CURVE('',#5774,#5772,#404,.T.);
#7382=EDGE_CURVE('',#5775,#5773,#405,.T.);
#7383=EDGE_CURVE('',#5774,#5775,#3481,.T.);
#7384=EDGE_CURVE('',#5776,#5774,#3482,.T.);
#7385=EDGE_CURVE('',#5777,#5775,#3483,.T.);
#7386=EDGE_CURVE('',#5776,#5777,#3484,.T.);
#7387=EDGE_CURVE('',#5776,#5778,#406,.T.);
#7388=EDGE_CURVE('',#5779,#5777,#407,.T.);
#7389=EDGE_CURVE('',#5778,#5779,#3485,.T.);
#7390=EDGE_CURVE('',#5780,#5778,#3486,.T.);
#7391=EDGE_CURVE('',#5781,#5779,#3487,.T.);
#7392=EDGE_CURVE('',#5780,#5781,#3488,.T.);
#7393=EDGE_CURVE('',#5780,#5782,#408,.T.);
#7394=EDGE_CURVE('',#5783,#5781,#409,.T.);
#7395=EDGE_CURVE('',#5782,#5783,#3489,.T.);
#7396=EDGE_CURVE('',#5782,#5784,#3490,.T.);
#7397=EDGE_CURVE('',#5785,#5783,#3491,.T.);
#7398=EDGE_CURVE('',#5784,#5785,#3492,.T.);
#7399=EDGE_CURVE('',#5786,#5784,#410,.T.);
#7400=EDGE_CURVE('',#5787,#5785,#411,.T.);
#7401=EDGE_CURVE('',#5786,#5787,#3493,.T.);
#7402=EDGE_CURVE('',#5786,#5788,#3494,.T.);
#7403=EDGE_CURVE('',#5789,#5787,#3495,.T.);
#7404=EDGE_CURVE('',#5788,#5789,#3496,.T.);
#7405=EDGE_CURVE('',#5790,#5788,#3497,.T.);
#7406=EDGE_CURVE('',#5791,#5789,#3498,.T.);
#7407=EDGE_CURVE('',#5790,#5791,#3499,.T.);
#7408=EDGE_CURVE('',#5792,#5790,#3500,.T.);
#7409=EDGE_CURVE('',#5793,#5791,#3501,.T.);
#7410=EDGE_CURVE('',#5792,#5793,#3502,.T.);
#7411=EDGE_CURVE('',#5792,#5755,#412,.T.);
#7412=EDGE_CURVE('',#5756,#5793,#413,.T.);
#7413=EDGE_CURVE('',#5794,#5795,#3503,.T.);
#7414=EDGE_CURVE('',#5795,#5796,#3504,.T.);
#7415=EDGE_CURVE('',#5797,#5796,#3505,.T.);
#7416=EDGE_CURVE('',#5794,#5797,#3506,.T.);
#7417=EDGE_CURVE('',#5798,#5794,#414,.T.);
#7418=EDGE_CURVE('',#5799,#5797,#415,.T.);
#7419=EDGE_CURVE('',#5798,#5799,#3507,.T.);
#7420=EDGE_CURVE('',#5798,#5800,#3508,.T.);
#7421=EDGE_CURVE('',#5801,#5799,#3509,.T.);
#7422=EDGE_CURVE('',#5800,#5801,#3510,.T.);
#7423=EDGE_CURVE('',#5802,#5800,#416,.T.);
#7424=EDGE_CURVE('',#5803,#5801,#417,.T.);
#7425=EDGE_CURVE('',#5802,#5803,#3511,.T.);
#7426=EDGE_CURVE('',#5802,#5804,#3512,.T.);
#7427=EDGE_CURVE('',#5805,#5803,#3513,.T.);
#7428=EDGE_CURVE('',#5804,#5805,#3514,.T.);
#7429=EDGE_CURVE('',#5804,#5806,#418,.T.);
#7430=EDGE_CURVE('',#5807,#5805,#419,.T.);
#7431=EDGE_CURVE('',#5806,#5807,#3515,.T.);
#7432=EDGE_CURVE('',#5806,#5808,#3516,.T.);
#7433=EDGE_CURVE('',#5809,#5807,#3517,.T.);
#7434=EDGE_CURVE('',#5808,#5809,#3518,.T.);
#7435=EDGE_CURVE('',#5808,#5810,#3519,.T.);
#7436=EDGE_CURVE('',#5811,#5809,#3520,.T.);
#7437=EDGE_CURVE('',#5810,#5811,#3521,.T.);
#7438=EDGE_CURVE('',#5812,#5810,#3522,.T.);
#7439=EDGE_CURVE('',#5813,#5811,#3523,.T.);
#7440=EDGE_CURVE('',#5812,#5813,#3524,.T.);
#7441=EDGE_CURVE('',#5814,#5812,#420,.T.);
#7442=EDGE_CURVE('',#5815,#5813,#421,.T.);
#7443=EDGE_CURVE('',#5814,#5815,#3525,.T.);
#7444=EDGE_CURVE('',#5816,#5814,#3526,.T.);
#7445=EDGE_CURVE('',#5817,#5815,#3527,.T.);
#7446=EDGE_CURVE('',#5816,#5817,#3528,.T.);
#7447=EDGE_CURVE('',#5816,#5818,#422,.T.);
#7448=EDGE_CURVE('',#5819,#5817,#423,.T.);
#7449=EDGE_CURVE('',#5818,#5819,#3529,.T.);
#7450=EDGE_CURVE('',#5820,#5818,#3530,.T.);
#7451=EDGE_CURVE('',#5821,#5819,#3531,.T.);
#7452=EDGE_CURVE('',#5820,#5821,#3532,.T.);
#7453=EDGE_CURVE('',#5820,#5822,#424,.T.);
#7454=EDGE_CURVE('',#5823,#5821,#425,.T.);
#7455=EDGE_CURVE('',#5822,#5823,#3533,.T.);
#7456=EDGE_CURVE('',#5822,#5824,#3534,.T.);
#7457=EDGE_CURVE('',#5825,#5823,#3535,.T.);
#7458=EDGE_CURVE('',#5824,#5825,#3536,.T.);
#7459=EDGE_CURVE('',#5826,#5824,#426,.T.);
#7460=EDGE_CURVE('',#5827,#5825,#427,.T.);
#7461=EDGE_CURVE('',#5826,#5827,#3537,.T.);
#7462=EDGE_CURVE('',#5826,#5828,#3538,.T.);
#7463=EDGE_CURVE('',#5829,#5827,#3539,.T.);
#7464=EDGE_CURVE('',#5828,#5829,#3540,.T.);
#7465=EDGE_CURVE('',#5830,#5828,#3541,.T.);
#7466=EDGE_CURVE('',#5831,#5829,#3542,.T.);
#7467=EDGE_CURVE('',#5830,#5831,#3543,.T.);
#7468=EDGE_CURVE('',#5832,#5830,#3544,.T.);
#7469=EDGE_CURVE('',#5833,#5831,#3545,.T.);
#7470=EDGE_CURVE('',#5832,#5833,#3546,.T.);
#7471=EDGE_CURVE('',#5832,#5795,#428,.T.);
#7472=EDGE_CURVE('',#5796,#5833,#429,.T.);
#7473=EDGE_CURVE('',#5834,#5835,#3547,.T.);
#7474=EDGE_CURVE('',#5835,#5836,#3548,.T.);
#7475=EDGE_CURVE('',#5837,#5836,#3549,.T.);
#7476=EDGE_CURVE('',#5834,#5837,#3550,.T.);
#7477=EDGE_CURVE('',#5838,#5834,#430,.T.);
#7478=EDGE_CURVE('',#5839,#5837,#431,.T.);
#7479=EDGE_CURVE('',#5838,#5839,#3551,.T.);
#7480=EDGE_CURVE('',#5838,#5840,#3552,.T.);
#7481=EDGE_CURVE('',#5841,#5839,#3553,.T.);
#7482=EDGE_CURVE('',#5840,#5841,#3554,.T.);
#7483=EDGE_CURVE('',#5842,#5840,#432,.T.);
#7484=EDGE_CURVE('',#5843,#5841,#433,.T.);
#7485=EDGE_CURVE('',#5842,#5843,#3555,.T.);
#7486=EDGE_CURVE('',#5842,#5844,#3556,.T.);
#7487=EDGE_CURVE('',#5845,#5843,#3557,.T.);
#7488=EDGE_CURVE('',#5844,#5845,#3558,.T.);
#7489=EDGE_CURVE('',#5844,#5846,#434,.T.);
#7490=EDGE_CURVE('',#5847,#5845,#435,.T.);
#7491=EDGE_CURVE('',#5846,#5847,#3559,.T.);
#7492=EDGE_CURVE('',#5846,#5848,#3560,.T.);
#7493=EDGE_CURVE('',#5849,#5847,#3561,.T.);
#7494=EDGE_CURVE('',#5848,#5849,#3562,.T.);
#7495=EDGE_CURVE('',#5848,#5850,#3563,.T.);
#7496=EDGE_CURVE('',#5851,#5849,#3564,.T.);
#7497=EDGE_CURVE('',#5850,#5851,#3565,.T.);
#7498=EDGE_CURVE('',#5852,#5850,#3566,.T.);
#7499=EDGE_CURVE('',#5853,#5851,#3567,.T.);
#7500=EDGE_CURVE('',#5852,#5853,#3568,.T.);
#7501=EDGE_CURVE('',#5854,#5852,#436,.T.);
#7502=EDGE_CURVE('',#5855,#5853,#437,.T.);
#7503=EDGE_CURVE('',#5854,#5855,#3569,.T.);
#7504=EDGE_CURVE('',#5856,#5854,#3570,.T.);
#7505=EDGE_CURVE('',#5857,#5855,#3571,.T.);
#7506=EDGE_CURVE('',#5856,#5857,#3572,.T.);
#7507=EDGE_CURVE('',#5856,#5858,#438,.T.);
#7508=EDGE_CURVE('',#5859,#5857,#439,.T.);
#7509=EDGE_CURVE('',#5858,#5859,#3573,.T.);
#7510=EDGE_CURVE('',#5860,#5858,#3574,.T.);
#7511=EDGE_CURVE('',#5861,#5859,#3575,.T.);
#7512=EDGE_CURVE('',#5860,#5861,#3576,.T.);
#7513=EDGE_CURVE('',#5860,#5862,#440,.T.);
#7514=EDGE_CURVE('',#5863,#5861,#441,.T.);
#7515=EDGE_CURVE('',#5862,#5863,#3577,.T.);
#7516=EDGE_CURVE('',#5862,#5864,#3578,.T.);
#7517=EDGE_CURVE('',#5865,#5863,#3579,.T.);
#7518=EDGE_CURVE('',#5864,#5865,#3580,.T.);
#7519=EDGE_CURVE('',#5866,#5864,#442,.T.);
#7520=EDGE_CURVE('',#5867,#5865,#443,.T.);
#7521=EDGE_CURVE('',#5866,#5867,#3581,.T.);
#7522=EDGE_CURVE('',#5866,#5868,#3582,.T.);
#7523=EDGE_CURVE('',#5869,#5867,#3583,.T.);
#7524=EDGE_CURVE('',#5868,#5869,#3584,.T.);
#7525=EDGE_CURVE('',#5870,#5868,#3585,.T.);
#7526=EDGE_CURVE('',#5871,#5869,#3586,.T.);
#7527=EDGE_CURVE('',#5870,#5871,#3587,.T.);
#7528=EDGE_CURVE('',#5872,#5870,#3588,.T.);
#7529=EDGE_CURVE('',#5873,#5871,#3589,.T.);
#7530=EDGE_CURVE('',#5872,#5873,#3590,.T.);
#7531=EDGE_CURVE('',#5872,#5835,#444,.T.);
#7532=EDGE_CURVE('',#5836,#5873,#445,.T.);
#7533=ORIENTED_EDGE('',*,*,#5874,.T.);
#7534=ORIENTED_EDGE('',*,*,#5875,.T.);
#7535=ORIENTED_EDGE('',*,*,#5876,.F.);
#7536=ORIENTED_EDGE('',*,*,#5877,.T.);
#7537=ORIENTED_EDGE('',*,*,#5878,.T.);
#7538=ORIENTED_EDGE('',*,*,#5879,.T.);
#7539=ORIENTED_EDGE('',*,*,#5880,.F.);
#7540=ORIENTED_EDGE('',*,*,#5881,.T.);
#7541=ORIENTED_EDGE('',*,*,#5880,.T.);
#7542=ORIENTED_EDGE('',*,*,#5882,.T.);
#7543=ORIENTED_EDGE('',*,*,#5883,.T.);
#7544=ORIENTED_EDGE('',*,*,#5884,.T.);
#7545=ORIENTED_EDGE('',*,*,#5885,.T.);
#7546=ORIENTED_EDGE('',*,*,#5886,.T.);
#7547=ORIENTED_EDGE('',*,*,#5887,.T.);
#7548=ORIENTED_EDGE('',*,*,#5888,.T.);
#7549=ORIENTED_EDGE('',*,*,#5885,.F.);
#7550=ORIENTED_EDGE('',*,*,#5889,.T.);
#7551=ORIENTED_EDGE('',*,*,#5883,.F.);
#7552=ORIENTED_EDGE('',*,*,#5890,.T.);
#7553=ORIENTED_EDGE('',*,*,#5891,.T.);
#7554=ORIENTED_EDGE('',*,*,#5892,.T.);
#7555=ORIENTED_EDGE('',*,*,#5893,.T.);
#7556=ORIENTED_EDGE('',*,*,#5894,.T.);
#7557=ORIENTED_EDGE('',*,*,#5891,.F.);
#7558=ORIENTED_EDGE('',*,*,#5895,.T.);
#7559=ORIENTED_EDGE('',*,*,#5887,.F.);
#7560=ORIENTED_EDGE('',*,*,#5896,.T.);
#7561=ORIENTED_EDGE('',*,*,#5897,.T.);
#7562=ORIENTED_EDGE('',*,*,#5898,.T.);
#7563=ORIENTED_EDGE('',*,*,#5899,.T.);
#7564=ORIENTED_EDGE('',*,*,#5900,.T.);
#7565=ORIENTED_EDGE('',*,*,#5899,.F.);
#7566=ORIENTED_EDGE('',*,*,#5901,.T.);
#7567=ORIENTED_EDGE('',*,*,#5893,.F.);
#7568=ORIENTED_EDGE('',*,*,#5902,.T.);
#7569=ORIENTED_EDGE('',*,*,#5903,.T.);
#7570=ORIENTED_EDGE('',*,*,#5904,.T.);
#7571=ORIENTED_EDGE('',*,*,#5905,.T.);
#7572=ORIENTED_EDGE('',*,*,#5906,.T.);
#7573=ORIENTED_EDGE('',*,*,#5905,.F.);
#7574=ORIENTED_EDGE('',*,*,#5907,.T.);
#7575=ORIENTED_EDGE('',*,*,#5897,.F.);
#7576=ORIENTED_EDGE('',*,*,#5908,.T.);
#7577=ORIENTED_EDGE('',*,*,#5909,.T.);
#7578=ORIENTED_EDGE('',*,*,#5910,.T.);
#7579=ORIENTED_EDGE('',*,*,#5911,.T.);
#7580=ORIENTED_EDGE('',*,*,#5912,.T.);
#7581=ORIENTED_EDGE('',*,*,#5911,.F.);
#7582=ORIENTED_EDGE('',*,*,#5913,.T.);
#7583=ORIENTED_EDGE('',*,*,#5903,.F.);
#7584=ORIENTED_EDGE('',*,*,#5914,.T.);
#7585=ORIENTED_EDGE('',*,*,#5876,.T.);
#7586=ORIENTED_EDGE('',*,*,#5915,.T.);
#7587=ORIENTED_EDGE('',*,*,#5916,.T.);
#7588=ORIENTED_EDGE('',*,*,#5917,.T.);
#7589=ORIENTED_EDGE('',*,*,#5916,.F.);
#7590=ORIENTED_EDGE('',*,*,#5918,.T.);
#7591=ORIENTED_EDGE('',*,*,#5909,.F.);
#7592=ORIENTED_EDGE('',*,*,#5919,.T.);
#7593=ORIENTED_EDGE('',*,*,#5894,.F.);
#7594=ORIENTED_EDGE('',*,*,#5901,.F.);
#7595=ORIENTED_EDGE('',*,*,#5920,.F.);
#7596=ORIENTED_EDGE('',*,*,#5921,.F.);
#7597=ORIENTED_EDGE('',*,*,#5922,.F.);
#7598=ORIENTED_EDGE('',*,*,#5923,.F.);
#7599=ORIENTED_EDGE('',*,*,#5924,.F.);
#7600=ORIENTED_EDGE('',*,*,#5898,.F.);
#7601=ORIENTED_EDGE('',*,*,#5925,.F.);
#7602=ORIENTED_EDGE('',*,*,#5926,.F.);
#7603=ORIENTED_EDGE('',*,*,#5927,.F.);
#7604=ORIENTED_EDGE('',*,*,#5928,.F.);
#7605=ORIENTED_EDGE('',*,*,#5929,.F.);
#7606=ORIENTED_EDGE('',*,*,#5930,.F.);
#7607=ORIENTED_EDGE('',*,*,#5920,.T.);
#7608=ORIENTED_EDGE('',*,*,#5907,.F.);
#7609=ORIENTED_EDGE('',*,*,#5904,.F.);
#7610=ORIENTED_EDGE('',*,*,#5931,.F.);
#7611=ORIENTED_EDGE('',*,*,#5932,.F.);
#7612=ORIENTED_EDGE('',*,*,#5933,.F.);
#7613=ORIENTED_EDGE('',*,*,#5934,.F.);
#7614=ORIENTED_EDGE('',*,*,#5925,.T.);
#7615=ORIENTED_EDGE('',*,*,#5913,.F.);
#7616=ORIENTED_EDGE('',*,*,#5910,.F.);
#7617=ORIENTED_EDGE('',*,*,#5918,.F.);
#7618=ORIENTED_EDGE('',*,*,#5915,.F.);
#7619=ORIENTED_EDGE('',*,*,#5875,.F.);
#7620=ORIENTED_EDGE('',*,*,#5935,.T.);
#7621=ORIENTED_EDGE('',*,*,#5936,.F.);
#7622=ORIENTED_EDGE('',*,*,#5931,.T.);
#7623=ORIENTED_EDGE('',*,*,#5926,.T.);
#7624=ORIENTED_EDGE('',*,*,#5937,.T.);
#7625=ORIENTED_EDGE('',*,*,#5938,.T.);
#7626=ORIENTED_EDGE('',*,*,#5939,.T.);
#7627=ORIENTED_EDGE('',*,*,#5940,.T.);
#7628=ORIENTED_EDGE('',*,*,#5941,.T.);
#7629=ORIENTED_EDGE('',*,*,#5937,.F.);
#7630=ORIENTED_EDGE('',*,*,#5934,.T.);
#7631=ORIENTED_EDGE('',*,*,#5942,.T.);
#7632=ORIENTED_EDGE('',*,*,#5932,.T.);
#7633=ORIENTED_EDGE('',*,*,#5936,.T.);
#7634=ORIENTED_EDGE('',*,*,#5943,.T.);
#7635=ORIENTED_EDGE('',*,*,#5944,.T.);
#7636=ORIENTED_EDGE('',*,*,#5895,.F.);
#7637=ORIENTED_EDGE('',*,*,#5924,.T.);
#7638=ORIENTED_EDGE('',*,*,#5945,.T.);
#7639=ORIENTED_EDGE('',*,*,#5946,.T.);
#7640=ORIENTED_EDGE('',*,*,#5881,.F.);
#7641=ORIENTED_EDGE('',*,*,#5884,.F.);
#7642=ORIENTED_EDGE('',*,*,#5889,.F.);
#7643=ORIENTED_EDGE('',*,*,#5888,.F.);
#7644=ORIENTED_EDGE('',*,*,#5923,.T.);
#7645=ORIENTED_EDGE('',*,*,#5947,.T.);
#7646=ORIENTED_EDGE('',*,*,#5948,.T.);
#7647=ORIENTED_EDGE('',*,*,#5945,.F.);
#7648=ORIENTED_EDGE('',*,*,#5922,.T.);
#7649=ORIENTED_EDGE('',*,*,#5949,.T.);
#7650=ORIENTED_EDGE('',*,*,#5950,.T.);
#7651=ORIENTED_EDGE('',*,*,#5947,.F.);
#7652=ORIENTED_EDGE('',*,*,#5921,.T.);
#7653=ORIENTED_EDGE('',*,*,#5951,.T.);
#7654=ORIENTED_EDGE('',*,*,#5952,.T.);
#7655=ORIENTED_EDGE('',*,*,#5949,.F.);
#7656=ORIENTED_EDGE('',*,*,#5953,.T.);
#7657=ORIENTED_EDGE('',*,*,#5951,.F.);
#7658=ORIENTED_EDGE('',*,*,#5930,.T.);
#7659=ORIENTED_EDGE('',*,*,#5954,.T.);
#7660=ORIENTED_EDGE('',*,*,#5955,.T.);
#7661=ORIENTED_EDGE('',*,*,#5929,.T.);
#7662=ORIENTED_EDGE('',*,*,#5956,.F.);
#7663=ORIENTED_EDGE('',*,*,#5957,.F.);
#7664=ORIENTED_EDGE('',*,*,#5958,.T.);
#7665=ORIENTED_EDGE('',*,*,#5954,.F.);
#7666=ORIENTED_EDGE('',*,*,#5879,.F.);
#7667=ORIENTED_EDGE('',*,*,#5959,.T.);
#7668=ORIENTED_EDGE('',*,*,#5877,.F.);
#7669=ORIENTED_EDGE('',*,*,#5917,.F.);
#7670=ORIENTED_EDGE('',*,*,#5919,.F.);
#7671=ORIENTED_EDGE('',*,*,#5960,.F.);
#7672=ORIENTED_EDGE('',*,*,#5890,.F.);
#7673=ORIENTED_EDGE('',*,*,#5882,.F.);
#7674=ORIENTED_EDGE('',*,*,#5933,.T.);
#7675=ORIENTED_EDGE('',*,*,#5944,.F.);
#7676=ORIENTED_EDGE('',*,*,#5961,.T.);
#7677=ORIENTED_EDGE('',*,*,#5942,.F.);
#7678=ORIENTED_EDGE('',*,*,#5962,.T.);
#7679=ORIENTED_EDGE('',*,*,#5963,.F.);
#7680=ORIENTED_EDGE('',*,*,#5964,.F.);
#7681=ORIENTED_EDGE('',*,*,#5927,.T.);
#7682=ORIENTED_EDGE('',*,*,#5940,.F.);
#7683=ORIENTED_EDGE('',*,*,#5886,.F.);
#7684=ORIENTED_EDGE('',*,*,#5960,.T.);
#7685=ORIENTED_EDGE('',*,*,#5912,.F.);
#7686=ORIENTED_EDGE('',*,*,#5914,.F.);
#7687=ORIENTED_EDGE('',*,*,#5906,.F.);
#7688=ORIENTED_EDGE('',*,*,#5908,.F.);
#7689=ORIENTED_EDGE('',*,*,#5900,.F.);
#7690=ORIENTED_EDGE('',*,*,#5902,.F.);
#7691=ORIENTED_EDGE('',*,*,#5892,.F.);
#7692=ORIENTED_EDGE('',*,*,#5896,.F.);
#7693=ORIENTED_EDGE('',*,*,#5965,.T.);
#7694=ORIENTED_EDGE('',*,*,#5966,.T.);
#7695=ORIENTED_EDGE('',*,*,#5967,.T.);
#7696=ORIENTED_EDGE('',*,*,#5968,.T.);
#7697=ORIENTED_EDGE('',*,*,#5957,.T.);
#7698=ORIENTED_EDGE('',*,*,#5969,.T.);
#7699=ORIENTED_EDGE('',*,*,#5970,.T.);
#7700=ORIENTED_EDGE('',*,*,#5971,.T.);
#7701=ORIENTED_EDGE('',*,*,#5972,.T.);
#7702=ORIENTED_EDGE('',*,*,#5973,.T.);
#7703=ORIENTED_EDGE('',*,*,#5974,.T.);
#7704=ORIENTED_EDGE('',*,*,#5975,.T.);
#7705=ORIENTED_EDGE('',*,*,#5973,.F.);
#7706=ORIENTED_EDGE('',*,*,#5976,.T.);
#7707=ORIENTED_EDGE('',*,*,#5977,.T.);
#7708=ORIENTED_EDGE('',*,*,#5978,.F.);
#7709=ORIENTED_EDGE('',*,*,#5963,.T.);
#7710=ORIENTED_EDGE('',*,*,#5928,.T.);
#7711=ORIENTED_EDGE('',*,*,#5964,.T.);
#7712=ORIENTED_EDGE('',*,*,#5978,.T.);
#7713=ORIENTED_EDGE('',*,*,#5977,.F.);
#7714=ORIENTED_EDGE('',*,*,#5979,.T.);
#7715=ORIENTED_EDGE('',*,*,#5970,.F.);
#7716=ORIENTED_EDGE('',*,*,#5969,.F.);
#7717=ORIENTED_EDGE('',*,*,#5956,.T.);
#7718=ORIENTED_EDGE('',*,*,#5980,.T.);
#7719=ORIENTED_EDGE('',*,*,#5981,.T.);
#7720=ORIENTED_EDGE('',*,*,#5967,.F.);
#7721=ORIENTED_EDGE('',*,*,#5982,.T.);
#7722=ORIENTED_EDGE('',*,*,#5982,.F.);
#7723=ORIENTED_EDGE('',*,*,#5966,.F.);
#7724=ORIENTED_EDGE('',*,*,#5979,.F.);
#7725=ORIENTED_EDGE('',*,*,#5976,.F.);
#7726=ORIENTED_EDGE('',*,*,#5972,.F.);
#7727=ORIENTED_EDGE('',*,*,#5983,.T.);
#7728=ORIENTED_EDGE('',*,*,#5984,.T.);
#7729=ORIENTED_EDGE('',*,*,#5985,.T.);
#7730=ORIENTED_EDGE('',*,*,#5986,.F.);
#7731=ORIENTED_EDGE('',*,*,#5987,.F.);
#7732=ORIENTED_EDGE('',*,*,#5988,.F.);
#7733=ORIENTED_EDGE('',*,*,#5989,.F.);
#7734=ORIENTED_EDGE('',*,*,#5990,.T.);
#7735=ORIENTED_EDGE('',*,*,#5991,.T.);
#7736=ORIENTED_EDGE('',*,*,#5992,.T.);
#7737=ORIENTED_EDGE('',*,*,#5993,.T.);
#7738=ORIENTED_EDGE('',*,*,#5994,.T.);
#7739=ORIENTED_EDGE('',*,*,#5995,.T.);
#7740=ORIENTED_EDGE('',*,*,#5996,.T.);
#7741=ORIENTED_EDGE('',*,*,#5997,.T.);
#7742=ORIENTED_EDGE('',*,*,#5994,.F.);
#7743=ORIENTED_EDGE('',*,*,#5996,.F.);
#7744=ORIENTED_EDGE('',*,*,#5998,.T.);
#7745=ORIENTED_EDGE('',*,*,#5999,.T.);
#7746=ORIENTED_EDGE('',*,*,#6000,.T.);
#7747=ORIENTED_EDGE('',*,*,#6001,.T.);
#7748=ORIENTED_EDGE('',*,*,#6002,.T.);
#7749=ORIENTED_EDGE('',*,*,#5999,.F.);
#7750=ORIENTED_EDGE('',*,*,#6003,.T.);
#7751=ORIENTED_EDGE('',*,*,#6001,.F.);
#7752=ORIENTED_EDGE('',*,*,#6004,.T.);
#7753=ORIENTED_EDGE('',*,*,#6005,.T.);
#7754=ORIENTED_EDGE('',*,*,#6006,.T.);
#7755=ORIENTED_EDGE('',*,*,#6007,.T.);
#7756=ORIENTED_EDGE('',*,*,#6008,.T.);
#7757=ORIENTED_EDGE('',*,*,#6005,.F.);
#7758=ORIENTED_EDGE('',*,*,#6009,.T.);
#7759=ORIENTED_EDGE('',*,*,#6007,.F.);
#7760=ORIENTED_EDGE('',*,*,#6010,.T.);
#7761=ORIENTED_EDGE('',*,*,#6011,.T.);
#7762=ORIENTED_EDGE('',*,*,#6012,.T.);
#7763=ORIENTED_EDGE('',*,*,#6013,.T.);
#7764=ORIENTED_EDGE('',*,*,#6011,.F.);
#7765=ORIENTED_EDGE('',*,*,#6014,.T.);
#7766=ORIENTED_EDGE('',*,*,#6015,.T.);
#7767=ORIENTED_EDGE('',*,*,#6016,.T.);
#7768=ORIENTED_EDGE('',*,*,#6017,.T.);
#7769=ORIENTED_EDGE('',*,*,#6018,.T.);
#7770=ORIENTED_EDGE('',*,*,#6015,.F.);
#7771=ORIENTED_EDGE('',*,*,#5991,.F.);
#7772=ORIENTED_EDGE('',*,*,#6019,.F.);
#7773=ORIENTED_EDGE('',*,*,#5980,.F.);
#7774=ORIENTED_EDGE('',*,*,#5985,.F.);
#7775=ORIENTED_EDGE('',*,*,#6020,.T.);
#7776=ORIENTED_EDGE('',*,*,#6019,.T.);
#7777=ORIENTED_EDGE('',*,*,#5997,.F.);
#7778=ORIENTED_EDGE('',*,*,#6021,.T.);
#7779=ORIENTED_EDGE('',*,*,#6022,.T.);
#7780=ORIENTED_EDGE('',*,*,#6023,.T.);
#7781=ORIENTED_EDGE('',*,*,#6024,.T.);
#7782=ORIENTED_EDGE('',*,*,#6025,.T.);
#7783=ORIENTED_EDGE('',*,*,#5981,.F.);
#7784=ORIENTED_EDGE('',*,*,#6000,.F.);
#7785=ORIENTED_EDGE('',*,*,#6026,.F.);
#7786=ORIENTED_EDGE('',*,*,#6027,.F.);
#7787=ORIENTED_EDGE('',*,*,#6021,.F.);
#7788=ORIENTED_EDGE('',*,*,#6002,.F.);
#7789=ORIENTED_EDGE('',*,*,#6028,.T.);
#7790=ORIENTED_EDGE('',*,*,#6029,.T.);
#7791=ORIENTED_EDGE('',*,*,#6030,.T.);
#7792=ORIENTED_EDGE('',*,*,#6031,.T.);
#7793=ORIENTED_EDGE('',*,*,#6026,.T.);
#7794=ORIENTED_EDGE('',*,*,#6006,.F.);
#7795=ORIENTED_EDGE('',*,*,#6032,.F.);
#7796=ORIENTED_EDGE('',*,*,#6033,.F.);
#7797=ORIENTED_EDGE('',*,*,#6028,.F.);
#7798=ORIENTED_EDGE('',*,*,#6008,.F.);
#7799=ORIENTED_EDGE('',*,*,#6034,.T.);
#7800=ORIENTED_EDGE('',*,*,#6035,.T.);
#7801=ORIENTED_EDGE('',*,*,#6036,.T.);
#7802=ORIENTED_EDGE('',*,*,#6037,.T.);
#7803=ORIENTED_EDGE('',*,*,#6032,.T.);
#7804=ORIENTED_EDGE('',*,*,#6012,.F.);
#7805=ORIENTED_EDGE('',*,*,#6038,.F.);
#7806=ORIENTED_EDGE('',*,*,#6039,.F.);
#7807=ORIENTED_EDGE('',*,*,#6034,.F.);
#7808=ORIENTED_EDGE('',*,*,#5974,.F.);
#7809=ORIENTED_EDGE('',*,*,#6040,.T.);
#7810=ORIENTED_EDGE('',*,*,#6041,.T.);
#7811=ORIENTED_EDGE('',*,*,#6042,.T.);
#7812=ORIENTED_EDGE('',*,*,#6043,.T.);
#7813=ORIENTED_EDGE('',*,*,#6038,.T.);
#7814=ORIENTED_EDGE('',*,*,#6013,.F.);
#7815=ORIENTED_EDGE('',*,*,#6044,.T.);
#7816=ORIENTED_EDGE('',*,*,#6018,.F.);
#7817=ORIENTED_EDGE('',*,*,#6045,.F.);
#7818=ORIENTED_EDGE('',*,*,#5983,.F.);
#7819=ORIENTED_EDGE('',*,*,#5971,.F.);
#7820=ORIENTED_EDGE('',*,*,#6044,.F.);
#7821=ORIENTED_EDGE('',*,*,#6046,.F.);
#7822=ORIENTED_EDGE('',*,*,#6047,.T.);
#7823=ORIENTED_EDGE('',*,*,#6048,.F.);
#7824=ORIENTED_EDGE('',*,*,#6049,.F.);
#7825=ORIENTED_EDGE('',*,*,#6048,.T.);
#7826=ORIENTED_EDGE('',*,*,#6050,.F.);
#7827=ORIENTED_EDGE('',*,*,#5986,.T.);
#7828=ORIENTED_EDGE('',*,*,#6051,.T.);
#7829=ORIENTED_EDGE('',*,*,#5962,.F.);
#7830=ORIENTED_EDGE('',*,*,#5939,.F.);
#7831=ORIENTED_EDGE('',*,*,#6052,.F.);
#7832=ORIENTED_EDGE('',*,*,#6040,.F.);
#7833=ORIENTED_EDGE('',*,*,#5975,.F.);
#7834=ORIENTED_EDGE('',*,*,#5953,.F.);
#7835=ORIENTED_EDGE('',*,*,#6053,.T.);
#7836=ORIENTED_EDGE('',*,*,#6024,.F.);
#7837=ORIENTED_EDGE('',*,*,#6054,.T.);
#7838=ORIENTED_EDGE('',*,*,#6055,.F.);
#7839=ORIENTED_EDGE('',*,*,#6056,.T.);
#7840=ORIENTED_EDGE('',*,*,#5952,.F.);
#7841=ORIENTED_EDGE('',*,*,#5941,.F.);
#7842=ORIENTED_EDGE('',*,*,#6057,.T.);
#7843=ORIENTED_EDGE('',*,*,#6058,.F.);
#7844=ORIENTED_EDGE('',*,*,#6059,.F.);
#7845=ORIENTED_EDGE('',*,*,#6041,.F.);
#7846=ORIENTED_EDGE('',*,*,#6052,.T.);
#7847=ORIENTED_EDGE('',*,*,#5938,.F.);
#7848=ORIENTED_EDGE('',*,*,#5950,.F.);
#7849=ORIENTED_EDGE('',*,*,#6056,.F.);
#7850=ORIENTED_EDGE('',*,*,#6060,.F.);
#7851=ORIENTED_EDGE('',*,*,#6061,.F.);
#7852=ORIENTED_EDGE('',*,*,#5961,.F.);
#7853=ORIENTED_EDGE('',*,*,#6062,.F.);
#7854=ORIENTED_EDGE('',*,*,#6063,.F.);
#7855=ORIENTED_EDGE('',*,*,#6057,.F.);
#7856=ORIENTED_EDGE('',*,*,#5946,.F.);
#7857=ORIENTED_EDGE('',*,*,#6064,.F.);
#7858=ORIENTED_EDGE('',*,*,#6065,.F.);
#7859=ORIENTED_EDGE('',*,*,#6066,.T.);
#7860=ORIENTED_EDGE('',*,*,#6067,.F.);
#7861=ORIENTED_EDGE('',*,*,#6068,.F.);
#7862=ORIENTED_EDGE('',*,*,#5935,.F.);
#7863=ORIENTED_EDGE('',*,*,#5874,.F.);
#7864=ORIENTED_EDGE('',*,*,#5959,.F.);
#7865=ORIENTED_EDGE('',*,*,#5878,.F.);
#7866=ORIENTED_EDGE('',*,*,#5948,.F.);
#7867=ORIENTED_EDGE('',*,*,#6061,.T.);
#7868=ORIENTED_EDGE('',*,*,#6069,.F.);
#7869=ORIENTED_EDGE('',*,*,#6070,.T.);
#7870=ORIENTED_EDGE('',*,*,#6071,.F.);
#7871=ORIENTED_EDGE('',*,*,#6064,.T.);
#7872=ORIENTED_EDGE('',*,*,#5943,.F.);
#7873=ORIENTED_EDGE('',*,*,#6068,.T.);
#7874=ORIENTED_EDGE('',*,*,#6072,.F.);
#7875=ORIENTED_EDGE('',*,*,#6073,.F.);
#7876=ORIENTED_EDGE('',*,*,#6074,.F.);
#7877=ORIENTED_EDGE('',*,*,#6062,.T.);
#7878=ORIENTED_EDGE('',*,*,#5990,.F.);
#7879=ORIENTED_EDGE('',*,*,#6075,.T.);
#7880=ORIENTED_EDGE('',*,*,#5965,.F.);
#7881=ORIENTED_EDGE('',*,*,#6075,.F.);
#7882=ORIENTED_EDGE('',*,*,#6076,.T.);
#7883=ORIENTED_EDGE('',*,*,#6077,.T.);
#7884=ORIENTED_EDGE('',*,*,#6078,.T.);
#7885=ORIENTED_EDGE('',*,*,#6079,.T.);
#7886=ORIENTED_EDGE('',*,*,#6080,.T.);
#7887=ORIENTED_EDGE('',*,*,#6081,.T.);
#7888=ORIENTED_EDGE('',*,*,#6082,.T.);
#7889=ORIENTED_EDGE('',*,*,#6083,.T.);
#7890=ORIENTED_EDGE('',*,*,#6084,.T.);
#7891=ORIENTED_EDGE('',*,*,#6085,.T.);
#7892=ORIENTED_EDGE('',*,*,#6086,.T.);
#7893=ORIENTED_EDGE('',*,*,#6083,.F.);
#7894=ORIENTED_EDGE('',*,*,#6087,.T.);
#7895=ORIENTED_EDGE('',*,*,#6088,.T.);
#7896=ORIENTED_EDGE('',*,*,#6089,.T.);
#7897=ORIENTED_EDGE('',*,*,#6085,.F.);
#7898=ORIENTED_EDGE('',*,*,#6088,.F.);
#7899=ORIENTED_EDGE('',*,*,#6090,.T.);
#7900=ORIENTED_EDGE('',*,*,#6078,.F.);
#7901=ORIENTED_EDGE('',*,*,#6091,.T.);
#7902=ORIENTED_EDGE('',*,*,#6092,.T.);
#7903=ORIENTED_EDGE('',*,*,#6093,.T.);
#7904=ORIENTED_EDGE('',*,*,#6094,.T.);
#7905=ORIENTED_EDGE('',*,*,#6093,.F.);
#7906=ORIENTED_EDGE('',*,*,#6095,.T.);
#7907=ORIENTED_EDGE('',*,*,#6081,.F.);
#7908=ORIENTED_EDGE('',*,*,#6090,.F.);
#7909=ORIENTED_EDGE('',*,*,#6096,.F.);
#7910=ORIENTED_EDGE('',*,*,#6097,.F.);
#7911=ORIENTED_EDGE('',*,*,#6098,.T.);
#7912=ORIENTED_EDGE('',*,*,#6087,.F.);
#7913=ORIENTED_EDGE('',*,*,#6084,.F.);
#7914=ORIENTED_EDGE('',*,*,#6082,.F.);
#7915=ORIENTED_EDGE('',*,*,#6099,.T.);
#7916=ORIENTED_EDGE('',*,*,#6100,.F.);
#7917=ORIENTED_EDGE('',*,*,#6101,.F.);
#7918=ORIENTED_EDGE('',*,*,#6102,.F.);
#7919=ORIENTED_EDGE('',*,*,#6103,.F.);
#7920=ORIENTED_EDGE('',*,*,#6104,.F.);
#7921=ORIENTED_EDGE('',*,*,#6105,.F.);
#7922=ORIENTED_EDGE('',*,*,#6106,.F.);
#7923=ORIENTED_EDGE('',*,*,#6107,.F.);
#7924=ORIENTED_EDGE('',*,*,#6108,.F.);
#7925=ORIENTED_EDGE('',*,*,#6109,.F.);
#7926=ORIENTED_EDGE('',*,*,#6110,.F.);
#7927=ORIENTED_EDGE('',*,*,#6096,.T.);
#7928=ORIENTED_EDGE('',*,*,#6095,.F.);
#7929=ORIENTED_EDGE('',*,*,#6111,.T.);
#7930=ORIENTED_EDGE('',*,*,#6112,.F.);
#7931=ORIENTED_EDGE('',*,*,#6099,.F.);
#7932=ORIENTED_EDGE('',*,*,#6092,.F.);
#7933=ORIENTED_EDGE('',*,*,#6113,.F.);
#7934=ORIENTED_EDGE('',*,*,#6114,.F.);
#7935=ORIENTED_EDGE('',*,*,#6115,.F.);
#7936=ORIENTED_EDGE('',*,*,#6111,.F.);
#7937=ORIENTED_EDGE('',*,*,#6116,.T.);
#7938=ORIENTED_EDGE('',*,*,#6117,.T.);
#7939=ORIENTED_EDGE('',*,*,#6118,.T.);
#7940=ORIENTED_EDGE('',*,*,#6119,.T.);
#7941=ORIENTED_EDGE('',*,*,#6120,.T.);
#7942=ORIENTED_EDGE('',*,*,#6121,.T.);
#7943=ORIENTED_EDGE('',*,*,#6106,.T.);
#7944=ORIENTED_EDGE('',*,*,#6122,.T.);
#7945=ORIENTED_EDGE('',*,*,#6105,.T.);
#7946=ORIENTED_EDGE('',*,*,#6123,.T.);
#7947=ORIENTED_EDGE('',*,*,#6124,.T.);
#7948=ORIENTED_EDGE('',*,*,#6122,.F.);
#7949=ORIENTED_EDGE('',*,*,#6104,.T.);
#7950=ORIENTED_EDGE('',*,*,#6125,.T.);
#7951=ORIENTED_EDGE('',*,*,#6126,.T.);
#7952=ORIENTED_EDGE('',*,*,#6123,.F.);
#7953=ORIENTED_EDGE('',*,*,#6125,.F.);
#7954=ORIENTED_EDGE('',*,*,#6127,.T.);
#7955=ORIENTED_EDGE('',*,*,#6118,.F.);
#7956=ORIENTED_EDGE('',*,*,#6128,.T.);
#7957=ORIENTED_EDGE('',*,*,#6129,.T.);
#7958=ORIENTED_EDGE('',*,*,#6130,.T.);
#7959=ORIENTED_EDGE('',*,*,#6131,.T.);
#7960=ORIENTED_EDGE('',*,*,#6130,.F.);
#7961=ORIENTED_EDGE('',*,*,#6132,.T.);
#7962=ORIENTED_EDGE('',*,*,#6121,.F.);
#7963=ORIENTED_EDGE('',*,*,#6127,.F.);
#7964=ORIENTED_EDGE('',*,*,#6103,.T.);
#7965=ORIENTED_EDGE('',*,*,#6133,.F.);
#7966=ORIENTED_EDGE('',*,*,#6134,.T.);
#7967=ORIENTED_EDGE('',*,*,#6132,.F.);
#7968=ORIENTED_EDGE('',*,*,#6135,.T.);
#7969=ORIENTED_EDGE('',*,*,#6136,.F.);
#7970=ORIENTED_EDGE('',*,*,#6107,.T.);
#7971=ORIENTED_EDGE('',*,*,#6129,.F.);
#7972=ORIENTED_EDGE('',*,*,#6137,.F.);
#7973=ORIENTED_EDGE('',*,*,#6138,.F.);
#7974=ORIENTED_EDGE('',*,*,#6139,.F.);
#7975=ORIENTED_EDGE('',*,*,#6135,.F.);
#7976=ORIENTED_EDGE('',*,*,#6120,.F.);
#7977=ORIENTED_EDGE('',*,*,#6140,.T.);
#7978=ORIENTED_EDGE('',*,*,#6131,.F.);
#7979=ORIENTED_EDGE('',*,*,#6080,.F.);
#7980=ORIENTED_EDGE('',*,*,#6141,.T.);
#7981=ORIENTED_EDGE('',*,*,#6094,.F.);
#7982=ORIENTED_EDGE('',*,*,#6077,.F.);
#7983=ORIENTED_EDGE('',*,*,#6142,.T.);
#7984=ORIENTED_EDGE('',*,*,#6089,.F.);
#7985=ORIENTED_EDGE('',*,*,#6117,.F.);
#7986=ORIENTED_EDGE('',*,*,#6143,.T.);
#7987=ORIENTED_EDGE('',*,*,#6126,.F.);
#7988=ORIENTED_EDGE('',*,*,#6079,.F.);
#7989=ORIENTED_EDGE('',*,*,#6098,.F.);
#7990=ORIENTED_EDGE('',*,*,#6144,.F.);
#7991=ORIENTED_EDGE('',*,*,#6145,.F.);
#7992=ORIENTED_EDGE('',*,*,#6146,.F.);
#7993=ORIENTED_EDGE('',*,*,#6119,.F.);
#7994=ORIENTED_EDGE('',*,*,#6134,.F.);
#7995=ORIENTED_EDGE('',*,*,#6147,.F.);
#7996=ORIENTED_EDGE('',*,*,#6148,.F.);
#7997=ORIENTED_EDGE('',*,*,#6149,.F.);
#7998=ORIENTED_EDGE('',*,*,#6124,.F.);
#7999=ORIENTED_EDGE('',*,*,#6143,.F.);
#8000=ORIENTED_EDGE('',*,*,#6116,.F.);
#8001=ORIENTED_EDGE('',*,*,#6149,.T.);
#8002=ORIENTED_EDGE('',*,*,#6150,.F.);
#8003=ORIENTED_EDGE('',*,*,#6151,.F.);
#8004=ORIENTED_EDGE('',*,*,#6152,.F.);
#8005=ORIENTED_EDGE('',*,*,#6137,.T.);
#8006=ORIENTED_EDGE('',*,*,#6128,.F.);
#8007=ORIENTED_EDGE('',*,*,#6140,.F.);
#8008=ORIENTED_EDGE('',*,*,#6086,.F.);
#8009=ORIENTED_EDGE('',*,*,#6142,.F.);
#8010=ORIENTED_EDGE('',*,*,#6076,.F.);
#8011=ORIENTED_EDGE('',*,*,#6146,.T.);
#8012=ORIENTED_EDGE('',*,*,#6153,.F.);
#8013=ORIENTED_EDGE('',*,*,#6154,.F.);
#8014=ORIENTED_EDGE('',*,*,#6155,.F.);
#8015=ORIENTED_EDGE('',*,*,#6113,.T.);
#8016=ORIENTED_EDGE('',*,*,#6091,.F.);
#8017=ORIENTED_EDGE('',*,*,#6141,.F.);
#8018=ORIENTED_EDGE('',*,*,#6147,.T.);
#8019=ORIENTED_EDGE('',*,*,#6133,.T.);
#8020=ORIENTED_EDGE('',*,*,#6102,.T.);
#8021=ORIENTED_EDGE('',*,*,#6156,.T.);
#8022=ORIENTED_EDGE('',*,*,#6157,.T.);
#8023=ORIENTED_EDGE('',*,*,#6158,.T.);
#8024=ORIENTED_EDGE('',*,*,#6112,.T.);
#8025=ORIENTED_EDGE('',*,*,#6115,.T.);
#8026=ORIENTED_EDGE('',*,*,#6159,.T.);
#8027=ORIENTED_EDGE('',*,*,#6160,.T.);
#8028=ORIENTED_EDGE('',*,*,#6161,.T.);
#8029=ORIENTED_EDGE('',*,*,#6100,.T.);
#8030=ORIENTED_EDGE('',*,*,#6150,.T.);
#8031=ORIENTED_EDGE('',*,*,#6148,.T.);
#8032=ORIENTED_EDGE('',*,*,#6158,.F.);
#8033=ORIENTED_EDGE('',*,*,#6162,.T.);
#8034=ORIENTED_EDGE('',*,*,#6159,.F.);
#8035=ORIENTED_EDGE('',*,*,#6114,.T.);
#8036=ORIENTED_EDGE('',*,*,#6155,.T.);
#8037=ORIENTED_EDGE('',*,*,#6163,.T.);
#8038=ORIENTED_EDGE('',*,*,#6164,.T.);
#8039=ORIENTED_EDGE('',*,*,#6165,.T.);
#8040=ORIENTED_EDGE('',*,*,#6151,.T.);
#8041=ORIENTED_EDGE('',*,*,#6165,.F.);
#8042=ORIENTED_EDGE('',*,*,#6166,.T.);
#8043=ORIENTED_EDGE('',*,*,#6167,.F.);
#8044=ORIENTED_EDGE('',*,*,#6157,.F.);
#8045=ORIENTED_EDGE('',*,*,#6168,.F.);
#8046=ORIENTED_EDGE('',*,*,#6160,.F.);
#8047=ORIENTED_EDGE('',*,*,#6162,.F.);
#8048=ORIENTED_EDGE('',*,*,#6169,.T.);
#8049=ORIENTED_EDGE('',*,*,#6170,.T.);
#8050=ORIENTED_EDGE('',*,*,#6171,.T.);
#8051=ORIENTED_EDGE('',*,*,#6036,.F.);
#8052=ORIENTED_EDGE('',*,*,#6172,.T.);
#8053=ORIENTED_EDGE('',*,*,#6173,.T.);
#8054=ORIENTED_EDGE('',*,*,#6170,.F.);
#8055=ORIENTED_EDGE('',*,*,#6174,.T.);
#8056=ORIENTED_EDGE('',*,*,#6175,.T.);
#8057=ORIENTED_EDGE('',*,*,#6176,.T.);
#8058=ORIENTED_EDGE('',*,*,#6177,.T.);
#8059=ORIENTED_EDGE('',*,*,#6178,.T.);
#8060=ORIENTED_EDGE('',*,*,#6179,.T.);
#8061=ORIENTED_EDGE('',*,*,#6180,.T.);
#8062=ORIENTED_EDGE('',*,*,#6181,.T.);
#8063=ORIENTED_EDGE('',*,*,#6177,.F.);
#8064=ORIENTED_EDGE('',*,*,#6182,.T.);
#8065=ORIENTED_EDGE('',*,*,#6183,.T.);
#8066=ORIENTED_EDGE('',*,*,#6184,.T.);
#8067=ORIENTED_EDGE('',*,*,#6180,.F.);
#8068=ORIENTED_EDGE('',*,*,#6185,.T.);
#8069=ORIENTED_EDGE('',*,*,#6186,.T.);
#8070=ORIENTED_EDGE('',*,*,#6187,.T.);
#8071=ORIENTED_EDGE('',*,*,#6016,.F.);
#8072=ORIENTED_EDGE('',*,*,#6014,.F.);
#8073=ORIENTED_EDGE('',*,*,#6010,.F.);
#8074=ORIENTED_EDGE('',*,*,#6009,.F.);
#8075=ORIENTED_EDGE('',*,*,#6004,.F.);
#8076=ORIENTED_EDGE('',*,*,#6003,.F.);
#8077=ORIENTED_EDGE('',*,*,#5998,.F.);
#8078=ORIENTED_EDGE('',*,*,#5995,.F.);
#8079=ORIENTED_EDGE('',*,*,#5993,.F.);
#8080=ORIENTED_EDGE('',*,*,#6037,.F.);
#8081=ORIENTED_EDGE('',*,*,#6171,.F.);
#8082=ORIENTED_EDGE('',*,*,#6173,.F.);
#8083=ORIENTED_EDGE('',*,*,#6188,.T.);
#8084=ORIENTED_EDGE('',*,*,#6189,.F.);
#8085=ORIENTED_EDGE('',*,*,#6190,.F.);
#8086=ORIENTED_EDGE('',*,*,#6029,.F.);
#8087=ORIENTED_EDGE('',*,*,#6033,.T.);
#8088=ORIENTED_EDGE('',*,*,#6172,.F.);
#8089=ORIENTED_EDGE('',*,*,#6191,.F.);
#8090=ORIENTED_EDGE('',*,*,#6192,.F.);
#8091=ORIENTED_EDGE('',*,*,#6188,.F.);
#8092=ORIENTED_EDGE('',*,*,#6178,.F.);
#8093=ORIENTED_EDGE('',*,*,#6181,.F.);
#8094=ORIENTED_EDGE('',*,*,#6184,.F.);
#8095=ORIENTED_EDGE('',*,*,#6193,.T.);
#8096=ORIENTED_EDGE('',*,*,#6194,.F.);
#8097=ORIENTED_EDGE('',*,*,#6195,.F.);
#8098=ORIENTED_EDGE('',*,*,#6196,.F.);
#8099=ORIENTED_EDGE('',*,*,#6191,.T.);
#8100=ORIENTED_EDGE('',*,*,#6183,.F.);
#8101=ORIENTED_EDGE('',*,*,#6197,.T.);
#8102=ORIENTED_EDGE('',*,*,#6198,.F.);
#8103=ORIENTED_EDGE('',*,*,#6193,.F.);
#8104=ORIENTED_EDGE('',*,*,#6199,.T.);
#8105=ORIENTED_EDGE('',*,*,#6200,.T.);
#8106=ORIENTED_EDGE('',*,*,#6201,.T.);
#8107=ORIENTED_EDGE('',*,*,#6189,.T.);
#8108=ORIENTED_EDGE('',*,*,#6192,.T.);
#8109=ORIENTED_EDGE('',*,*,#6196,.T.);
#8110=ORIENTED_EDGE('',*,*,#6202,.T.);
#8111=ORIENTED_EDGE('',*,*,#6203,.T.);
#8112=ORIENTED_EDGE('',*,*,#6204,.T.);
#8113=ORIENTED_EDGE('',*,*,#6205,.T.);
#8114=ORIENTED_EDGE('',*,*,#6206,.T.);
#8115=ORIENTED_EDGE('',*,*,#6207,.T.);
#8116=ORIENTED_EDGE('',*,*,#6194,.T.);
#8117=ORIENTED_EDGE('',*,*,#6198,.T.);
#8118=ORIENTED_EDGE('',*,*,#6195,.T.);
#8119=ORIENTED_EDGE('',*,*,#6207,.F.);
#8120=ORIENTED_EDGE('',*,*,#6208,.F.);
#8121=ORIENTED_EDGE('',*,*,#6202,.F.);
#8122=ORIENTED_EDGE('',*,*,#6190,.T.);
#8123=ORIENTED_EDGE('',*,*,#6201,.F.);
#8124=ORIENTED_EDGE('',*,*,#6209,.F.);
#8125=ORIENTED_EDGE('',*,*,#6030,.F.);
#8126=ORIENTED_EDGE('',*,*,#6031,.F.);
#8127=ORIENTED_EDGE('',*,*,#6209,.T.);
#8128=ORIENTED_EDGE('',*,*,#6200,.F.);
#8129=ORIENTED_EDGE('',*,*,#6210,.T.);
#8130=ORIENTED_EDGE('',*,*,#6211,.F.);
#8131=ORIENTED_EDGE('',*,*,#6212,.F.);
#8132=ORIENTED_EDGE('',*,*,#6022,.F.);
#8133=ORIENTED_EDGE('',*,*,#6027,.T.);
#8134=ORIENTED_EDGE('',*,*,#6199,.F.);
#8135=ORIENTED_EDGE('',*,*,#6213,.F.);
#8136=ORIENTED_EDGE('',*,*,#6214,.F.);
#8137=ORIENTED_EDGE('',*,*,#6210,.F.);
#8138=ORIENTED_EDGE('',*,*,#6203,.F.);
#8139=ORIENTED_EDGE('',*,*,#6208,.T.);
#8140=ORIENTED_EDGE('',*,*,#6206,.F.);
#8141=ORIENTED_EDGE('',*,*,#6215,.T.);
#8142=ORIENTED_EDGE('',*,*,#6216,.F.);
#8143=ORIENTED_EDGE('',*,*,#6217,.F.);
#8144=ORIENTED_EDGE('',*,*,#6218,.F.);
#8145=ORIENTED_EDGE('',*,*,#6213,.T.);
#8146=ORIENTED_EDGE('',*,*,#6205,.F.);
#8147=ORIENTED_EDGE('',*,*,#6219,.T.);
#8148=ORIENTED_EDGE('',*,*,#6220,.F.);
#8149=ORIENTED_EDGE('',*,*,#6215,.F.);
#8150=ORIENTED_EDGE('',*,*,#6154,.T.);
#8151=ORIENTED_EDGE('',*,*,#6221,.T.);
#8152=ORIENTED_EDGE('',*,*,#6222,.T.);
#8153=ORIENTED_EDGE('',*,*,#6163,.F.);
#8154=ORIENTED_EDGE('',*,*,#6156,.F.);
#8155=ORIENTED_EDGE('',*,*,#6101,.T.);
#8156=ORIENTED_EDGE('',*,*,#6161,.F.);
#8157=ORIENTED_EDGE('',*,*,#6168,.T.);
#8158=ORIENTED_EDGE('',*,*,#6097,.T.);
#8159=ORIENTED_EDGE('',*,*,#6110,.T.);
#8160=ORIENTED_EDGE('',*,*,#6223,.T.);
#8161=ORIENTED_EDGE('',*,*,#6224,.T.);
#8162=ORIENTED_EDGE('',*,*,#6225,.T.);
#8163=ORIENTED_EDGE('',*,*,#6144,.T.);
#8164=ORIENTED_EDGE('',*,*,#6152,.T.);
#8165=ORIENTED_EDGE('',*,*,#6167,.T.);
#8166=ORIENTED_EDGE('',*,*,#6226,.T.);
#8167=ORIENTED_EDGE('',*,*,#6221,.F.);
#8168=ORIENTED_EDGE('',*,*,#6153,.T.);
#8169=ORIENTED_EDGE('',*,*,#6145,.T.);
#8170=ORIENTED_EDGE('',*,*,#6225,.F.);
#8171=ORIENTED_EDGE('',*,*,#6227,.T.);
#8172=ORIENTED_EDGE('',*,*,#6228,.F.);
#8173=ORIENTED_EDGE('',*,*,#6138,.T.);
#8174=ORIENTED_EDGE('',*,*,#6224,.F.);
#8175=ORIENTED_EDGE('',*,*,#6229,.F.);
#8176=ORIENTED_EDGE('',*,*,#6230,.F.);
#8177=ORIENTED_EDGE('',*,*,#6227,.F.);
#8178=ORIENTED_EDGE('',*,*,#6223,.F.);
#8179=ORIENTED_EDGE('',*,*,#6109,.T.);
#8180=ORIENTED_EDGE('',*,*,#6231,.F.);
#8181=ORIENTED_EDGE('',*,*,#6229,.T.);
#8182=ORIENTED_EDGE('',*,*,#6232,.T.);
#8183=ORIENTED_EDGE('',*,*,#6065,.T.);
#8184=ORIENTED_EDGE('',*,*,#6071,.T.);
#8185=ORIENTED_EDGE('',*,*,#6233,.T.);
#8186=ORIENTED_EDGE('',*,*,#6216,.T.);
#8187=ORIENTED_EDGE('',*,*,#6220,.T.);
#8188=ORIENTED_EDGE('',*,*,#6060,.T.);
#8189=ORIENTED_EDGE('',*,*,#6055,.T.);
#8190=ORIENTED_EDGE('',*,*,#6234,.T.);
#8191=ORIENTED_EDGE('',*,*,#6211,.T.);
#8192=ORIENTED_EDGE('',*,*,#6214,.T.);
#8193=ORIENTED_EDGE('',*,*,#6218,.T.);
#8194=ORIENTED_EDGE('',*,*,#6235,.T.);
#8195=ORIENTED_EDGE('',*,*,#6069,.T.);
#8196=ORIENTED_EDGE('',*,*,#6212,.T.);
#8197=ORIENTED_EDGE('',*,*,#6234,.F.);
#8198=ORIENTED_EDGE('',*,*,#6054,.F.);
#8199=ORIENTED_EDGE('',*,*,#6023,.F.);
#8200=ORIENTED_EDGE('',*,*,#6217,.T.);
#8201=ORIENTED_EDGE('',*,*,#6233,.F.);
#8202=ORIENTED_EDGE('',*,*,#6070,.F.);
#8203=ORIENTED_EDGE('',*,*,#6235,.F.);
#8204=ORIENTED_EDGE('',*,*,#6139,.T.);
#8205=ORIENTED_EDGE('',*,*,#6228,.T.);
#8206=ORIENTED_EDGE('',*,*,#6230,.T.);
#8207=ORIENTED_EDGE('',*,*,#6231,.T.);
#8208=ORIENTED_EDGE('',*,*,#6108,.T.);
#8209=ORIENTED_EDGE('',*,*,#6136,.T.);
#8210=ORIENTED_EDGE('',*,*,#6067,.T.);
#8211=ORIENTED_EDGE('',*,*,#6236,.T.);
#8212=ORIENTED_EDGE('',*,*,#6237,.T.);
#8213=ORIENTED_EDGE('',*,*,#6238,.T.);
#8214=ORIENTED_EDGE('',*,*,#6239,.T.);
#8215=ORIENTED_EDGE('',*,*,#6072,.T.);
#8216=ORIENTED_EDGE('',*,*,#6063,.T.);
#8217=ORIENTED_EDGE('',*,*,#6074,.T.);
#8218=ORIENTED_EDGE('',*,*,#6240,.T.);
#8219=ORIENTED_EDGE('',*,*,#6241,.T.);
#8220=ORIENTED_EDGE('',*,*,#6242,.T.);
#8221=ORIENTED_EDGE('',*,*,#6243,.T.);
#8222=ORIENTED_EDGE('',*,*,#6244,.T.);
#8223=ORIENTED_EDGE('',*,*,#6058,.T.);
#8224=ORIENTED_EDGE('',*,*,#6059,.T.);
#8225=ORIENTED_EDGE('',*,*,#6244,.F.);
#8226=ORIENTED_EDGE('',*,*,#6245,.F.);
#8227=ORIENTED_EDGE('',*,*,#6042,.F.);
#8228=ORIENTED_EDGE('',*,*,#6073,.T.);
#8229=ORIENTED_EDGE('',*,*,#6239,.F.);
#8230=ORIENTED_EDGE('',*,*,#6246,.F.);
#8231=ORIENTED_EDGE('',*,*,#6240,.F.);
#8232=ORIENTED_EDGE('',*,*,#5958,.F.);
#8233=ORIENTED_EDGE('',*,*,#5968,.F.);
#8234=ORIENTED_EDGE('',*,*,#6025,.F.);
#8235=ORIENTED_EDGE('',*,*,#6053,.F.);
#8236=ORIENTED_EDGE('',*,*,#5955,.F.);
#8237=ORIENTED_EDGE('',*,*,#5989,.T.);
#8238=ORIENTED_EDGE('',*,*,#6247,.T.);
#8239=ORIENTED_EDGE('',*,*,#6248,.T.);
#8240=ORIENTED_EDGE('',*,*,#6051,.F.);
#8241=ORIENTED_EDGE('',*,*,#5988,.T.);
#8242=ORIENTED_EDGE('',*,*,#6249,.T.);
#8243=ORIENTED_EDGE('',*,*,#6250,.T.);
#8244=ORIENTED_EDGE('',*,*,#6247,.F.);
#8245=ORIENTED_EDGE('',*,*,#5987,.T.);
#8246=ORIENTED_EDGE('',*,*,#6050,.T.);
#8247=ORIENTED_EDGE('',*,*,#6251,.T.);
#8248=ORIENTED_EDGE('',*,*,#6249,.F.);
#8249=ORIENTED_EDGE('',*,*,#6248,.F.);
#8250=ORIENTED_EDGE('',*,*,#6252,.F.);
#8251=ORIENTED_EDGE('',*,*,#6253,.F.);
#8252=ORIENTED_EDGE('',*,*,#6049,.T.);
#8253=ORIENTED_EDGE('',*,*,#6164,.F.);
#8254=ORIENTED_EDGE('',*,*,#6222,.F.);
#8255=ORIENTED_EDGE('',*,*,#6226,.F.);
#8256=ORIENTED_EDGE('',*,*,#6166,.F.);
#8257=ORIENTED_EDGE('',*,*,#6232,.F.);
#8258=ORIENTED_EDGE('',*,*,#6219,.F.);
#8259=ORIENTED_EDGE('',*,*,#6204,.F.);
#8260=ORIENTED_EDGE('',*,*,#6197,.F.);
#8261=ORIENTED_EDGE('',*,*,#6182,.F.);
#8262=ORIENTED_EDGE('',*,*,#6254,.F.);
#8263=ORIENTED_EDGE('',*,*,#6236,.F.);
#8264=ORIENTED_EDGE('',*,*,#6066,.F.);
#8265=ORIENTED_EDGE('',*,*,#6176,.F.);
#8266=ORIENTED_EDGE('',*,*,#6255,.T.);
#8267=ORIENTED_EDGE('',*,*,#6241,.F.);
#8268=ORIENTED_EDGE('',*,*,#6246,.T.);
#8269=ORIENTED_EDGE('',*,*,#6238,.F.);
#8270=ORIENTED_EDGE('',*,*,#6256,.T.);
#8271=ORIENTED_EDGE('',*,*,#6185,.F.);
#8272=ORIENTED_EDGE('',*,*,#6179,.F.);
#8273=ORIENTED_EDGE('',*,*,#6035,.F.);
#8274=ORIENTED_EDGE('',*,*,#6039,.T.);
#8275=ORIENTED_EDGE('',*,*,#6043,.F.);
#8276=ORIENTED_EDGE('',*,*,#6245,.T.);
#8277=ORIENTED_EDGE('',*,*,#6243,.F.);
#8278=ORIENTED_EDGE('',*,*,#6257,.T.);
#8279=ORIENTED_EDGE('',*,*,#6174,.F.);
#8280=ORIENTED_EDGE('',*,*,#6169,.F.);
#8281=ORIENTED_EDGE('',*,*,#5984,.F.);
#8282=ORIENTED_EDGE('',*,*,#6045,.T.);
#8283=ORIENTED_EDGE('',*,*,#6017,.F.);
#8284=ORIENTED_EDGE('',*,*,#6187,.F.);
#8285=ORIENTED_EDGE('',*,*,#5992,.F.);
#8286=ORIENTED_EDGE('',*,*,#6020,.F.);
#8287=ORIENTED_EDGE('',*,*,#6186,.F.);
#8288=ORIENTED_EDGE('',*,*,#6256,.F.);
#8289=ORIENTED_EDGE('',*,*,#6237,.F.);
#8290=ORIENTED_EDGE('',*,*,#6254,.T.);
#8291=ORIENTED_EDGE('',*,*,#6251,.F.);
#8292=ORIENTED_EDGE('',*,*,#6047,.F.);
#8293=ORIENTED_EDGE('',*,*,#6258,.F.);
#8294=ORIENTED_EDGE('',*,*,#6259,.T.);
#8295=ORIENTED_EDGE('',*,*,#6250,.F.);
#8296=ORIENTED_EDGE('',*,*,#6259,.F.);
#8297=ORIENTED_EDGE('',*,*,#6260,.F.);
#8298=ORIENTED_EDGE('',*,*,#6252,.T.);
#8299=ORIENTED_EDGE('',*,*,#6175,.F.);
#8300=ORIENTED_EDGE('',*,*,#6257,.F.);
#8301=ORIENTED_EDGE('',*,*,#6242,.F.);
#8302=ORIENTED_EDGE('',*,*,#6255,.F.);
#8303=ORIENTED_EDGE('',*,*,#6261,.F.);
#8304=ORIENTED_EDGE('',*,*,#6262,.T.);
#8305=ORIENTED_EDGE('',*,*,#6263,.F.);
#8306=ORIENTED_EDGE('',*,*,#6264,.F.);
#8307=ORIENTED_EDGE('',*,*,#6265,.F.);
#8308=ORIENTED_EDGE('',*,*,#6264,.T.);
#8309=ORIENTED_EDGE('',*,*,#6266,.F.);
#8310=ORIENTED_EDGE('',*,*,#6267,.F.);
#8311=ORIENTED_EDGE('',*,*,#6268,.F.);
#8312=ORIENTED_EDGE('',*,*,#6267,.T.);
#8313=ORIENTED_EDGE('',*,*,#6269,.F.);
#8314=ORIENTED_EDGE('',*,*,#6270,.F.);
#8315=ORIENTED_EDGE('',*,*,#6271,.F.);
#8316=ORIENTED_EDGE('',*,*,#6270,.T.);
#8317=ORIENTED_EDGE('',*,*,#6272,.F.);
#8318=ORIENTED_EDGE('',*,*,#6262,.F.);
#8319=ORIENTED_EDGE('',*,*,#6046,.T.);
#8320=ORIENTED_EDGE('',*,*,#6253,.T.);
#8321=ORIENTED_EDGE('',*,*,#6260,.T.);
#8322=ORIENTED_EDGE('',*,*,#6258,.T.);
#8323=ORIENTED_EDGE('',*,*,#6272,.T.);
#8324=ORIENTED_EDGE('',*,*,#6269,.T.);
#8325=ORIENTED_EDGE('',*,*,#6266,.T.);
#8326=ORIENTED_EDGE('',*,*,#6263,.T.);
#8327=ORIENTED_EDGE('',*,*,#6261,.T.);
#8328=ORIENTED_EDGE('',*,*,#6265,.T.);
#8329=ORIENTED_EDGE('',*,*,#6268,.T.);
#8330=ORIENTED_EDGE('',*,*,#6271,.T.);
#8331=ORIENTED_EDGE('',*,*,#6273,.T.);
#8332=ORIENTED_EDGE('',*,*,#6274,.T.);
#8333=ORIENTED_EDGE('',*,*,#6275,.F.);
#8334=ORIENTED_EDGE('',*,*,#6276,.F.);
#8335=ORIENTED_EDGE('',*,*,#6277,.T.);
#8336=ORIENTED_EDGE('',*,*,#6276,.T.);
#8337=ORIENTED_EDGE('',*,*,#6278,.F.);
#8338=ORIENTED_EDGE('',*,*,#6279,.F.);
#8339=ORIENTED_EDGE('',*,*,#6280,.T.);
#8340=ORIENTED_EDGE('',*,*,#6279,.T.);
#8341=ORIENTED_EDGE('',*,*,#6281,.F.);
#8342=ORIENTED_EDGE('',*,*,#6282,.F.);
#8343=ORIENTED_EDGE('',*,*,#6283,.T.);
#8344=ORIENTED_EDGE('',*,*,#6282,.T.);
#8345=ORIENTED_EDGE('',*,*,#6284,.F.);
#8346=ORIENTED_EDGE('',*,*,#6285,.F.);
#8347=ORIENTED_EDGE('',*,*,#6286,.T.);
#8348=ORIENTED_EDGE('',*,*,#6285,.T.);
#8349=ORIENTED_EDGE('',*,*,#6287,.F.);
#8350=ORIENTED_EDGE('',*,*,#6274,.F.);
#8351=ORIENTED_EDGE('',*,*,#6286,.F.);
#8352=ORIENTED_EDGE('',*,*,#6273,.F.);
#8353=ORIENTED_EDGE('',*,*,#6277,.F.);
#8354=ORIENTED_EDGE('',*,*,#6280,.F.);
#8355=ORIENTED_EDGE('',*,*,#6283,.F.);
#8356=ORIENTED_EDGE('',*,*,#6287,.T.);
#8357=ORIENTED_EDGE('',*,*,#6284,.T.);
#8358=ORIENTED_EDGE('',*,*,#6281,.T.);
#8359=ORIENTED_EDGE('',*,*,#6278,.T.);
#8360=ORIENTED_EDGE('',*,*,#6275,.T.);
#8361=ORIENTED_EDGE('',*,*,#6288,.F.);
#8362=ORIENTED_EDGE('',*,*,#6289,.T.);
#8363=ORIENTED_EDGE('',*,*,#6290,.F.);
#8364=ORIENTED_EDGE('',*,*,#6291,.F.);
#8365=ORIENTED_EDGE('',*,*,#6292,.F.);
#8366=ORIENTED_EDGE('',*,*,#6291,.T.);
#8367=ORIENTED_EDGE('',*,*,#6293,.F.);
#8368=ORIENTED_EDGE('',*,*,#6294,.F.);
#8369=ORIENTED_EDGE('',*,*,#6295,.F.);
#8370=ORIENTED_EDGE('',*,*,#6294,.T.);
#8371=ORIENTED_EDGE('',*,*,#6296,.F.);
#8372=ORIENTED_EDGE('',*,*,#6297,.F.);
#8373=ORIENTED_EDGE('',*,*,#6298,.F.);
#8374=ORIENTED_EDGE('',*,*,#6297,.T.);
#8375=ORIENTED_EDGE('',*,*,#6299,.F.);
#8376=ORIENTED_EDGE('',*,*,#6300,.F.);
#8377=ORIENTED_EDGE('',*,*,#6301,.F.);
#8378=ORIENTED_EDGE('',*,*,#6300,.T.);
#8379=ORIENTED_EDGE('',*,*,#6302,.F.);
#8380=ORIENTED_EDGE('',*,*,#6289,.F.);
#8381=ORIENTED_EDGE('',*,*,#6301,.T.);
#8382=ORIENTED_EDGE('',*,*,#6288,.T.);
#8383=ORIENTED_EDGE('',*,*,#6292,.T.);
#8384=ORIENTED_EDGE('',*,*,#6295,.T.);
#8385=ORIENTED_EDGE('',*,*,#6298,.T.);
#8386=ORIENTED_EDGE('',*,*,#6302,.T.);
#8387=ORIENTED_EDGE('',*,*,#6299,.T.);
#8388=ORIENTED_EDGE('',*,*,#6296,.T.);
#8389=ORIENTED_EDGE('',*,*,#6293,.T.);
#8390=ORIENTED_EDGE('',*,*,#6290,.T.);
#8391=ORIENTED_EDGE('',*,*,#6303,.T.);
#8392=ORIENTED_EDGE('',*,*,#6304,.T.);
#8393=ORIENTED_EDGE('',*,*,#6305,.F.);
#8394=ORIENTED_EDGE('',*,*,#6306,.F.);
#8395=ORIENTED_EDGE('',*,*,#6307,.T.);
#8396=ORIENTED_EDGE('',*,*,#6306,.T.);
#8397=ORIENTED_EDGE('',*,*,#6308,.F.);
#8398=ORIENTED_EDGE('',*,*,#6309,.F.);
#8399=ORIENTED_EDGE('',*,*,#6310,.T.);
#8400=ORIENTED_EDGE('',*,*,#6309,.T.);
#8401=ORIENTED_EDGE('',*,*,#6311,.F.);
#8402=ORIENTED_EDGE('',*,*,#6312,.F.);
#8403=ORIENTED_EDGE('',*,*,#6313,.T.);
#8404=ORIENTED_EDGE('',*,*,#6312,.T.);
#8405=ORIENTED_EDGE('',*,*,#6314,.F.);
#8406=ORIENTED_EDGE('',*,*,#6315,.F.);
#8407=ORIENTED_EDGE('',*,*,#6316,.T.);
#8408=ORIENTED_EDGE('',*,*,#6315,.T.);
#8409=ORIENTED_EDGE('',*,*,#6317,.F.);
#8410=ORIENTED_EDGE('',*,*,#6304,.F.);
#8411=ORIENTED_EDGE('',*,*,#6316,.F.);
#8412=ORIENTED_EDGE('',*,*,#6303,.F.);
#8413=ORIENTED_EDGE('',*,*,#6307,.F.);
#8414=ORIENTED_EDGE('',*,*,#6310,.F.);
#8415=ORIENTED_EDGE('',*,*,#6313,.F.);
#8416=ORIENTED_EDGE('',*,*,#6317,.T.);
#8417=ORIENTED_EDGE('',*,*,#6314,.T.);
#8418=ORIENTED_EDGE('',*,*,#6311,.T.);
#8419=ORIENTED_EDGE('',*,*,#6308,.T.);
#8420=ORIENTED_EDGE('',*,*,#6305,.T.);
#8421=ORIENTED_EDGE('',*,*,#6318,.F.);
#8422=ORIENTED_EDGE('',*,*,#6319,.T.);
#8423=ORIENTED_EDGE('',*,*,#6320,.F.);
#8424=ORIENTED_EDGE('',*,*,#6321,.F.);
#8425=ORIENTED_EDGE('',*,*,#6322,.F.);
#8426=ORIENTED_EDGE('',*,*,#6321,.T.);
#8427=ORIENTED_EDGE('',*,*,#6323,.F.);
#8428=ORIENTED_EDGE('',*,*,#6324,.F.);
#8429=ORIENTED_EDGE('',*,*,#6325,.F.);
#8430=ORIENTED_EDGE('',*,*,#6324,.T.);
#8431=ORIENTED_EDGE('',*,*,#6326,.F.);
#8432=ORIENTED_EDGE('',*,*,#6327,.F.);
#8433=ORIENTED_EDGE('',*,*,#6328,.F.);
#8434=ORIENTED_EDGE('',*,*,#6327,.T.);
#8435=ORIENTED_EDGE('',*,*,#6329,.F.);
#8436=ORIENTED_EDGE('',*,*,#6330,.F.);
#8437=ORIENTED_EDGE('',*,*,#6331,.F.);
#8438=ORIENTED_EDGE('',*,*,#6330,.T.);
#8439=ORIENTED_EDGE('',*,*,#6332,.F.);
#8440=ORIENTED_EDGE('',*,*,#6319,.F.);
#8441=ORIENTED_EDGE('',*,*,#6331,.T.);
#8442=ORIENTED_EDGE('',*,*,#6318,.T.);
#8443=ORIENTED_EDGE('',*,*,#6322,.T.);
#8444=ORIENTED_EDGE('',*,*,#6325,.T.);
#8445=ORIENTED_EDGE('',*,*,#6328,.T.);
#8446=ORIENTED_EDGE('',*,*,#6332,.T.);
#8447=ORIENTED_EDGE('',*,*,#6329,.T.);
#8448=ORIENTED_EDGE('',*,*,#6326,.T.);
#8449=ORIENTED_EDGE('',*,*,#6323,.T.);
#8450=ORIENTED_EDGE('',*,*,#6320,.T.);
#8451=ORIENTED_EDGE('',*,*,#6333,.T.);
#8452=ORIENTED_EDGE('',*,*,#6334,.T.);
#8453=ORIENTED_EDGE('',*,*,#6335,.F.);
#8454=ORIENTED_EDGE('',*,*,#6336,.F.);
#8455=ORIENTED_EDGE('',*,*,#6337,.T.);
#8456=ORIENTED_EDGE('',*,*,#6336,.T.);
#8457=ORIENTED_EDGE('',*,*,#6338,.F.);
#8458=ORIENTED_EDGE('',*,*,#6339,.F.);
#8459=ORIENTED_EDGE('',*,*,#6340,.F.);
#8460=ORIENTED_EDGE('',*,*,#6339,.T.);
#8461=ORIENTED_EDGE('',*,*,#6341,.F.);
#8462=ORIENTED_EDGE('',*,*,#6342,.F.);
#8463=ORIENTED_EDGE('',*,*,#6343,.T.);
#8464=ORIENTED_EDGE('',*,*,#6342,.T.);
#8465=ORIENTED_EDGE('',*,*,#6344,.F.);
#8466=ORIENTED_EDGE('',*,*,#6345,.F.);
#8467=ORIENTED_EDGE('',*,*,#6346,.F.);
#8468=ORIENTED_EDGE('',*,*,#6345,.T.);
#8469=ORIENTED_EDGE('',*,*,#6347,.F.);
#8470=ORIENTED_EDGE('',*,*,#6348,.F.);
#8471=ORIENTED_EDGE('',*,*,#6349,.F.);
#8472=ORIENTED_EDGE('',*,*,#6348,.T.);
#8473=ORIENTED_EDGE('',*,*,#6350,.F.);
#8474=ORIENTED_EDGE('',*,*,#6351,.F.);
#8475=ORIENTED_EDGE('',*,*,#6352,.F.);
#8476=ORIENTED_EDGE('',*,*,#6351,.T.);
#8477=ORIENTED_EDGE('',*,*,#6353,.F.);
#8478=ORIENTED_EDGE('',*,*,#6354,.F.);
#8479=ORIENTED_EDGE('',*,*,#6355,.F.);
#8480=ORIENTED_EDGE('',*,*,#6354,.T.);
#8481=ORIENTED_EDGE('',*,*,#6356,.F.);
#8482=ORIENTED_EDGE('',*,*,#6357,.F.);
#8483=ORIENTED_EDGE('',*,*,#6358,.T.);
#8484=ORIENTED_EDGE('',*,*,#6357,.T.);
#8485=ORIENTED_EDGE('',*,*,#6359,.F.);
#8486=ORIENTED_EDGE('',*,*,#6360,.F.);
#8487=ORIENTED_EDGE('',*,*,#6361,.T.);
#8488=ORIENTED_EDGE('',*,*,#6360,.T.);
#8489=ORIENTED_EDGE('',*,*,#6362,.F.);
#8490=ORIENTED_EDGE('',*,*,#6363,.F.);
#8491=ORIENTED_EDGE('',*,*,#6364,.T.);
#8492=ORIENTED_EDGE('',*,*,#6363,.T.);
#8493=ORIENTED_EDGE('',*,*,#6365,.F.);
#8494=ORIENTED_EDGE('',*,*,#6366,.F.);
#8495=ORIENTED_EDGE('',*,*,#6367,.F.);
#8496=ORIENTED_EDGE('',*,*,#6366,.T.);
#8497=ORIENTED_EDGE('',*,*,#6368,.F.);
#8498=ORIENTED_EDGE('',*,*,#6369,.F.);
#8499=ORIENTED_EDGE('',*,*,#6370,.T.);
#8500=ORIENTED_EDGE('',*,*,#6369,.T.);
#8501=ORIENTED_EDGE('',*,*,#6371,.F.);
#8502=ORIENTED_EDGE('',*,*,#6372,.F.);
#8503=ORIENTED_EDGE('',*,*,#6373,.F.);
#8504=ORIENTED_EDGE('',*,*,#6372,.T.);
#8505=ORIENTED_EDGE('',*,*,#6374,.F.);
#8506=ORIENTED_EDGE('',*,*,#6375,.F.);
#8507=ORIENTED_EDGE('',*,*,#6376,.F.);
#8508=ORIENTED_EDGE('',*,*,#6375,.T.);
#8509=ORIENTED_EDGE('',*,*,#6377,.F.);
#8510=ORIENTED_EDGE('',*,*,#6378,.F.);
#8511=ORIENTED_EDGE('',*,*,#6379,.T.);
#8512=ORIENTED_EDGE('',*,*,#6378,.T.);
#8513=ORIENTED_EDGE('',*,*,#6380,.F.);
#8514=ORIENTED_EDGE('',*,*,#6381,.F.);
#8515=ORIENTED_EDGE('',*,*,#6382,.F.);
#8516=ORIENTED_EDGE('',*,*,#6381,.T.);
#8517=ORIENTED_EDGE('',*,*,#6383,.F.);
#8518=ORIENTED_EDGE('',*,*,#6384,.F.);
#8519=ORIENTED_EDGE('',*,*,#6385,.T.);
#8520=ORIENTED_EDGE('',*,*,#6384,.T.);
#8521=ORIENTED_EDGE('',*,*,#6386,.F.);
#8522=ORIENTED_EDGE('',*,*,#6387,.F.);
#8523=ORIENTED_EDGE('',*,*,#6388,.T.);
#8524=ORIENTED_EDGE('',*,*,#6387,.T.);
#8525=ORIENTED_EDGE('',*,*,#6389,.F.);
#8526=ORIENTED_EDGE('',*,*,#6390,.F.);
#8527=ORIENTED_EDGE('',*,*,#6391,.F.);
#8528=ORIENTED_EDGE('',*,*,#6390,.T.);
#8529=ORIENTED_EDGE('',*,*,#6392,.F.);
#8530=ORIENTED_EDGE('',*,*,#6334,.F.);
#8531=ORIENTED_EDGE('',*,*,#6391,.T.);
#8532=ORIENTED_EDGE('',*,*,#6333,.F.);
#8533=ORIENTED_EDGE('',*,*,#6337,.F.);
#8534=ORIENTED_EDGE('',*,*,#6340,.T.);
#8535=ORIENTED_EDGE('',*,*,#6343,.F.);
#8536=ORIENTED_EDGE('',*,*,#6346,.T.);
#8537=ORIENTED_EDGE('',*,*,#6349,.T.);
#8538=ORIENTED_EDGE('',*,*,#6352,.T.);
#8539=ORIENTED_EDGE('',*,*,#6355,.T.);
#8540=ORIENTED_EDGE('',*,*,#6358,.F.);
#8541=ORIENTED_EDGE('',*,*,#6361,.F.);
#8542=ORIENTED_EDGE('',*,*,#6364,.F.);
#8543=ORIENTED_EDGE('',*,*,#6367,.T.);
#8544=ORIENTED_EDGE('',*,*,#6370,.F.);
#8545=ORIENTED_EDGE('',*,*,#6373,.T.);
#8546=ORIENTED_EDGE('',*,*,#6376,.T.);
#8547=ORIENTED_EDGE('',*,*,#6379,.F.);
#8548=ORIENTED_EDGE('',*,*,#6382,.T.);
#8549=ORIENTED_EDGE('',*,*,#6385,.F.);
#8550=ORIENTED_EDGE('',*,*,#6388,.F.);
#8551=ORIENTED_EDGE('',*,*,#6392,.T.);
#8552=ORIENTED_EDGE('',*,*,#6389,.T.);
#8553=ORIENTED_EDGE('',*,*,#6386,.T.);
#8554=ORIENTED_EDGE('',*,*,#6383,.T.);
#8555=ORIENTED_EDGE('',*,*,#6380,.T.);
#8556=ORIENTED_EDGE('',*,*,#6377,.T.);
#8557=ORIENTED_EDGE('',*,*,#6374,.T.);
#8558=ORIENTED_EDGE('',*,*,#6371,.T.);
#8559=ORIENTED_EDGE('',*,*,#6368,.T.);
#8560=ORIENTED_EDGE('',*,*,#6365,.T.);
#8561=ORIENTED_EDGE('',*,*,#6362,.T.);
#8562=ORIENTED_EDGE('',*,*,#6359,.T.);
#8563=ORIENTED_EDGE('',*,*,#6356,.T.);
#8564=ORIENTED_EDGE('',*,*,#6353,.T.);
#8565=ORIENTED_EDGE('',*,*,#6350,.T.);
#8566=ORIENTED_EDGE('',*,*,#6347,.T.);
#8567=ORIENTED_EDGE('',*,*,#6344,.T.);
#8568=ORIENTED_EDGE('',*,*,#6341,.T.);
#8569=ORIENTED_EDGE('',*,*,#6338,.T.);
#8570=ORIENTED_EDGE('',*,*,#6335,.T.);
#8571=ORIENTED_EDGE('',*,*,#6393,.T.);
#8572=ORIENTED_EDGE('',*,*,#6394,.T.);
#8573=ORIENTED_EDGE('',*,*,#6395,.F.);
#8574=ORIENTED_EDGE('',*,*,#6396,.F.);
#8575=ORIENTED_EDGE('',*,*,#6397,.T.);
#8576=ORIENTED_EDGE('',*,*,#6396,.T.);
#8577=ORIENTED_EDGE('',*,*,#6398,.F.);
#8578=ORIENTED_EDGE('',*,*,#6399,.F.);
#8579=ORIENTED_EDGE('',*,*,#6400,.F.);
#8580=ORIENTED_EDGE('',*,*,#6399,.T.);
#8581=ORIENTED_EDGE('',*,*,#6401,.F.);
#8582=ORIENTED_EDGE('',*,*,#6402,.F.);
#8583=ORIENTED_EDGE('',*,*,#6403,.T.);
#8584=ORIENTED_EDGE('',*,*,#6402,.T.);
#8585=ORIENTED_EDGE('',*,*,#6404,.F.);
#8586=ORIENTED_EDGE('',*,*,#6405,.F.);
#8587=ORIENTED_EDGE('',*,*,#6406,.F.);
#8588=ORIENTED_EDGE('',*,*,#6405,.T.);
#8589=ORIENTED_EDGE('',*,*,#6407,.F.);
#8590=ORIENTED_EDGE('',*,*,#6408,.F.);
#8591=ORIENTED_EDGE('',*,*,#6409,.F.);
#8592=ORIENTED_EDGE('',*,*,#6408,.T.);
#8593=ORIENTED_EDGE('',*,*,#6410,.F.);
#8594=ORIENTED_EDGE('',*,*,#6411,.F.);
#8595=ORIENTED_EDGE('',*,*,#6412,.F.);
#8596=ORIENTED_EDGE('',*,*,#6411,.T.);
#8597=ORIENTED_EDGE('',*,*,#6413,.F.);
#8598=ORIENTED_EDGE('',*,*,#6414,.F.);
#8599=ORIENTED_EDGE('',*,*,#6415,.F.);
#8600=ORIENTED_EDGE('',*,*,#6414,.T.);
#8601=ORIENTED_EDGE('',*,*,#6416,.F.);
#8602=ORIENTED_EDGE('',*,*,#6417,.F.);
#8603=ORIENTED_EDGE('',*,*,#6418,.T.);
#8604=ORIENTED_EDGE('',*,*,#6417,.T.);
#8605=ORIENTED_EDGE('',*,*,#6419,.F.);
#8606=ORIENTED_EDGE('',*,*,#6420,.F.);
#8607=ORIENTED_EDGE('',*,*,#6421,.T.);
#8608=ORIENTED_EDGE('',*,*,#6420,.T.);
#8609=ORIENTED_EDGE('',*,*,#6422,.F.);
#8610=ORIENTED_EDGE('',*,*,#6423,.F.);
#8611=ORIENTED_EDGE('',*,*,#6424,.T.);
#8612=ORIENTED_EDGE('',*,*,#6423,.T.);
#8613=ORIENTED_EDGE('',*,*,#6425,.F.);
#8614=ORIENTED_EDGE('',*,*,#6426,.F.);
#8615=ORIENTED_EDGE('',*,*,#6427,.F.);
#8616=ORIENTED_EDGE('',*,*,#6426,.T.);
#8617=ORIENTED_EDGE('',*,*,#6428,.F.);
#8618=ORIENTED_EDGE('',*,*,#6429,.F.);
#8619=ORIENTED_EDGE('',*,*,#6430,.T.);
#8620=ORIENTED_EDGE('',*,*,#6429,.T.);
#8621=ORIENTED_EDGE('',*,*,#6431,.F.);
#8622=ORIENTED_EDGE('',*,*,#6432,.F.);
#8623=ORIENTED_EDGE('',*,*,#6433,.F.);
#8624=ORIENTED_EDGE('',*,*,#6432,.T.);
#8625=ORIENTED_EDGE('',*,*,#6434,.F.);
#8626=ORIENTED_EDGE('',*,*,#6435,.F.);
#8627=ORIENTED_EDGE('',*,*,#6436,.F.);
#8628=ORIENTED_EDGE('',*,*,#6435,.T.);
#8629=ORIENTED_EDGE('',*,*,#6437,.F.);
#8630=ORIENTED_EDGE('',*,*,#6438,.F.);
#8631=ORIENTED_EDGE('',*,*,#6439,.T.);
#8632=ORIENTED_EDGE('',*,*,#6438,.T.);
#8633=ORIENTED_EDGE('',*,*,#6440,.F.);
#8634=ORIENTED_EDGE('',*,*,#6441,.F.);
#8635=ORIENTED_EDGE('',*,*,#6442,.F.);
#8636=ORIENTED_EDGE('',*,*,#6441,.T.);
#8637=ORIENTED_EDGE('',*,*,#6443,.F.);
#8638=ORIENTED_EDGE('',*,*,#6444,.F.);
#8639=ORIENTED_EDGE('',*,*,#6445,.T.);
#8640=ORIENTED_EDGE('',*,*,#6444,.T.);
#8641=ORIENTED_EDGE('',*,*,#6446,.F.);
#8642=ORIENTED_EDGE('',*,*,#6447,.F.);
#8643=ORIENTED_EDGE('',*,*,#6448,.T.);
#8644=ORIENTED_EDGE('',*,*,#6447,.T.);
#8645=ORIENTED_EDGE('',*,*,#6449,.F.);
#8646=ORIENTED_EDGE('',*,*,#6450,.F.);
#8647=ORIENTED_EDGE('',*,*,#6451,.F.);
#8648=ORIENTED_EDGE('',*,*,#6450,.T.);
#8649=ORIENTED_EDGE('',*,*,#6452,.F.);
#8650=ORIENTED_EDGE('',*,*,#6394,.F.);
#8651=ORIENTED_EDGE('',*,*,#6451,.T.);
#8652=ORIENTED_EDGE('',*,*,#6393,.F.);
#8653=ORIENTED_EDGE('',*,*,#6397,.F.);
#8654=ORIENTED_EDGE('',*,*,#6400,.T.);
#8655=ORIENTED_EDGE('',*,*,#6403,.F.);
#8656=ORIENTED_EDGE('',*,*,#6406,.T.);
#8657=ORIENTED_EDGE('',*,*,#6409,.T.);
#8658=ORIENTED_EDGE('',*,*,#6412,.T.);
#8659=ORIENTED_EDGE('',*,*,#6415,.T.);
#8660=ORIENTED_EDGE('',*,*,#6418,.F.);
#8661=ORIENTED_EDGE('',*,*,#6421,.F.);
#8662=ORIENTED_EDGE('',*,*,#6424,.F.);
#8663=ORIENTED_EDGE('',*,*,#6427,.T.);
#8664=ORIENTED_EDGE('',*,*,#6430,.F.);
#8665=ORIENTED_EDGE('',*,*,#6433,.T.);
#8666=ORIENTED_EDGE('',*,*,#6436,.T.);
#8667=ORIENTED_EDGE('',*,*,#6439,.F.);
#8668=ORIENTED_EDGE('',*,*,#6442,.T.);
#8669=ORIENTED_EDGE('',*,*,#6445,.F.);
#8670=ORIENTED_EDGE('',*,*,#6448,.F.);
#8671=ORIENTED_EDGE('',*,*,#6452,.T.);
#8672=ORIENTED_EDGE('',*,*,#6449,.T.);
#8673=ORIENTED_EDGE('',*,*,#6446,.T.);
#8674=ORIENTED_EDGE('',*,*,#6443,.T.);
#8675=ORIENTED_EDGE('',*,*,#6440,.T.);
#8676=ORIENTED_EDGE('',*,*,#6437,.T.);
#8677=ORIENTED_EDGE('',*,*,#6434,.T.);
#8678=ORIENTED_EDGE('',*,*,#6431,.T.);
#8679=ORIENTED_EDGE('',*,*,#6428,.T.);
#8680=ORIENTED_EDGE('',*,*,#6425,.T.);
#8681=ORIENTED_EDGE('',*,*,#6422,.T.);
#8682=ORIENTED_EDGE('',*,*,#6419,.T.);
#8683=ORIENTED_EDGE('',*,*,#6416,.T.);
#8684=ORIENTED_EDGE('',*,*,#6413,.T.);
#8685=ORIENTED_EDGE('',*,*,#6410,.T.);
#8686=ORIENTED_EDGE('',*,*,#6407,.T.);
#8687=ORIENTED_EDGE('',*,*,#6404,.T.);
#8688=ORIENTED_EDGE('',*,*,#6401,.T.);
#8689=ORIENTED_EDGE('',*,*,#6398,.T.);
#8690=ORIENTED_EDGE('',*,*,#6395,.T.);
#8691=ORIENTED_EDGE('',*,*,#6453,.T.);
#8692=ORIENTED_EDGE('',*,*,#6454,.T.);
#8693=ORIENTED_EDGE('',*,*,#6455,.F.);
#8694=ORIENTED_EDGE('',*,*,#6456,.F.);
#8695=ORIENTED_EDGE('',*,*,#6457,.T.);
#8696=ORIENTED_EDGE('',*,*,#6456,.T.);
#8697=ORIENTED_EDGE('',*,*,#6458,.F.);
#8698=ORIENTED_EDGE('',*,*,#6459,.F.);
#8699=ORIENTED_EDGE('',*,*,#6460,.F.);
#8700=ORIENTED_EDGE('',*,*,#6459,.T.);
#8701=ORIENTED_EDGE('',*,*,#6461,.F.);
#8702=ORIENTED_EDGE('',*,*,#6462,.F.);
#8703=ORIENTED_EDGE('',*,*,#6463,.T.);
#8704=ORIENTED_EDGE('',*,*,#6462,.T.);
#8705=ORIENTED_EDGE('',*,*,#6464,.F.);
#8706=ORIENTED_EDGE('',*,*,#6465,.F.);
#8707=ORIENTED_EDGE('',*,*,#6466,.F.);
#8708=ORIENTED_EDGE('',*,*,#6465,.T.);
#8709=ORIENTED_EDGE('',*,*,#6467,.F.);
#8710=ORIENTED_EDGE('',*,*,#6468,.F.);
#8711=ORIENTED_EDGE('',*,*,#6469,.F.);
#8712=ORIENTED_EDGE('',*,*,#6468,.T.);
#8713=ORIENTED_EDGE('',*,*,#6470,.F.);
#8714=ORIENTED_EDGE('',*,*,#6471,.F.);
#8715=ORIENTED_EDGE('',*,*,#6472,.F.);
#8716=ORIENTED_EDGE('',*,*,#6471,.T.);
#8717=ORIENTED_EDGE('',*,*,#6473,.F.);
#8718=ORIENTED_EDGE('',*,*,#6474,.F.);
#8719=ORIENTED_EDGE('',*,*,#6475,.F.);
#8720=ORIENTED_EDGE('',*,*,#6474,.T.);
#8721=ORIENTED_EDGE('',*,*,#6476,.F.);
#8722=ORIENTED_EDGE('',*,*,#6477,.F.);
#8723=ORIENTED_EDGE('',*,*,#6478,.T.);
#8724=ORIENTED_EDGE('',*,*,#6477,.T.);
#8725=ORIENTED_EDGE('',*,*,#6479,.F.);
#8726=ORIENTED_EDGE('',*,*,#6480,.F.);
#8727=ORIENTED_EDGE('',*,*,#6481,.T.);
#8728=ORIENTED_EDGE('',*,*,#6480,.T.);
#8729=ORIENTED_EDGE('',*,*,#6482,.F.);
#8730=ORIENTED_EDGE('',*,*,#6483,.F.);
#8731=ORIENTED_EDGE('',*,*,#6484,.T.);
#8732=ORIENTED_EDGE('',*,*,#6483,.T.);
#8733=ORIENTED_EDGE('',*,*,#6485,.F.);
#8734=ORIENTED_EDGE('',*,*,#6486,.F.);
#8735=ORIENTED_EDGE('',*,*,#6487,.F.);
#8736=ORIENTED_EDGE('',*,*,#6486,.T.);
#8737=ORIENTED_EDGE('',*,*,#6488,.F.);
#8738=ORIENTED_EDGE('',*,*,#6489,.F.);
#8739=ORIENTED_EDGE('',*,*,#6490,.T.);
#8740=ORIENTED_EDGE('',*,*,#6489,.T.);
#8741=ORIENTED_EDGE('',*,*,#6491,.F.);
#8742=ORIENTED_EDGE('',*,*,#6492,.F.);
#8743=ORIENTED_EDGE('',*,*,#6493,.F.);
#8744=ORIENTED_EDGE('',*,*,#6492,.T.);
#8745=ORIENTED_EDGE('',*,*,#6494,.F.);
#8746=ORIENTED_EDGE('',*,*,#6495,.F.);
#8747=ORIENTED_EDGE('',*,*,#6496,.F.);
#8748=ORIENTED_EDGE('',*,*,#6495,.T.);
#8749=ORIENTED_EDGE('',*,*,#6497,.F.);
#8750=ORIENTED_EDGE('',*,*,#6498,.F.);
#8751=ORIENTED_EDGE('',*,*,#6499,.T.);
#8752=ORIENTED_EDGE('',*,*,#6498,.T.);
#8753=ORIENTED_EDGE('',*,*,#6500,.F.);
#8754=ORIENTED_EDGE('',*,*,#6501,.F.);
#8755=ORIENTED_EDGE('',*,*,#6502,.F.);
#8756=ORIENTED_EDGE('',*,*,#6501,.T.);
#8757=ORIENTED_EDGE('',*,*,#6503,.F.);
#8758=ORIENTED_EDGE('',*,*,#6504,.F.);
#8759=ORIENTED_EDGE('',*,*,#6505,.T.);
#8760=ORIENTED_EDGE('',*,*,#6504,.T.);
#8761=ORIENTED_EDGE('',*,*,#6506,.F.);
#8762=ORIENTED_EDGE('',*,*,#6507,.F.);
#8763=ORIENTED_EDGE('',*,*,#6508,.T.);
#8764=ORIENTED_EDGE('',*,*,#6507,.T.);
#8765=ORIENTED_EDGE('',*,*,#6509,.F.);
#8766=ORIENTED_EDGE('',*,*,#6510,.F.);
#8767=ORIENTED_EDGE('',*,*,#6511,.F.);
#8768=ORIENTED_EDGE('',*,*,#6510,.T.);
#8769=ORIENTED_EDGE('',*,*,#6512,.F.);
#8770=ORIENTED_EDGE('',*,*,#6454,.F.);
#8771=ORIENTED_EDGE('',*,*,#6511,.T.);
#8772=ORIENTED_EDGE('',*,*,#6453,.F.);
#8773=ORIENTED_EDGE('',*,*,#6457,.F.);
#8774=ORIENTED_EDGE('',*,*,#6460,.T.);
#8775=ORIENTED_EDGE('',*,*,#6463,.F.);
#8776=ORIENTED_EDGE('',*,*,#6466,.T.);
#8777=ORIENTED_EDGE('',*,*,#6469,.T.);
#8778=ORIENTED_EDGE('',*,*,#6472,.T.);
#8779=ORIENTED_EDGE('',*,*,#6475,.T.);
#8780=ORIENTED_EDGE('',*,*,#6478,.F.);
#8781=ORIENTED_EDGE('',*,*,#6481,.F.);
#8782=ORIENTED_EDGE('',*,*,#6484,.F.);
#8783=ORIENTED_EDGE('',*,*,#6487,.T.);
#8784=ORIENTED_EDGE('',*,*,#6490,.F.);
#8785=ORIENTED_EDGE('',*,*,#6493,.T.);
#8786=ORIENTED_EDGE('',*,*,#6496,.T.);
#8787=ORIENTED_EDGE('',*,*,#6499,.F.);
#8788=ORIENTED_EDGE('',*,*,#6502,.T.);
#8789=ORIENTED_EDGE('',*,*,#6505,.F.);
#8790=ORIENTED_EDGE('',*,*,#6508,.F.);
#8791=ORIENTED_EDGE('',*,*,#6512,.T.);
#8792=ORIENTED_EDGE('',*,*,#6509,.T.);
#8793=ORIENTED_EDGE('',*,*,#6506,.T.);
#8794=ORIENTED_EDGE('',*,*,#6503,.T.);
#8795=ORIENTED_EDGE('',*,*,#6500,.T.);
#8796=ORIENTED_EDGE('',*,*,#6497,.T.);
#8797=ORIENTED_EDGE('',*,*,#6494,.T.);
#8798=ORIENTED_EDGE('',*,*,#6491,.T.);
#8799=ORIENTED_EDGE('',*,*,#6488,.T.);
#8800=ORIENTED_EDGE('',*,*,#6485,.T.);
#8801=ORIENTED_EDGE('',*,*,#6482,.T.);
#8802=ORIENTED_EDGE('',*,*,#6479,.T.);
#8803=ORIENTED_EDGE('',*,*,#6476,.T.);
#8804=ORIENTED_EDGE('',*,*,#6473,.T.);
#8805=ORIENTED_EDGE('',*,*,#6470,.T.);
#8806=ORIENTED_EDGE('',*,*,#6467,.T.);
#8807=ORIENTED_EDGE('',*,*,#6464,.T.);
#8808=ORIENTED_EDGE('',*,*,#6461,.T.);
#8809=ORIENTED_EDGE('',*,*,#6458,.T.);
#8810=ORIENTED_EDGE('',*,*,#6455,.T.);
#8811=ORIENTED_EDGE('',*,*,#6513,.T.);
#8812=ORIENTED_EDGE('',*,*,#6514,.T.);
#8813=ORIENTED_EDGE('',*,*,#6515,.F.);
#8814=ORIENTED_EDGE('',*,*,#6516,.F.);
#8815=ORIENTED_EDGE('',*,*,#6517,.T.);
#8816=ORIENTED_EDGE('',*,*,#6516,.T.);
#8817=ORIENTED_EDGE('',*,*,#6518,.F.);
#8818=ORIENTED_EDGE('',*,*,#6519,.F.);
#8819=ORIENTED_EDGE('',*,*,#6520,.F.);
#8820=ORIENTED_EDGE('',*,*,#6519,.T.);
#8821=ORIENTED_EDGE('',*,*,#6521,.F.);
#8822=ORIENTED_EDGE('',*,*,#6522,.F.);
#8823=ORIENTED_EDGE('',*,*,#6523,.T.);
#8824=ORIENTED_EDGE('',*,*,#6522,.T.);
#8825=ORIENTED_EDGE('',*,*,#6524,.F.);
#8826=ORIENTED_EDGE('',*,*,#6525,.F.);
#8827=ORIENTED_EDGE('',*,*,#6526,.F.);
#8828=ORIENTED_EDGE('',*,*,#6525,.T.);
#8829=ORIENTED_EDGE('',*,*,#6527,.F.);
#8830=ORIENTED_EDGE('',*,*,#6528,.F.);
#8831=ORIENTED_EDGE('',*,*,#6529,.F.);
#8832=ORIENTED_EDGE('',*,*,#6528,.T.);
#8833=ORIENTED_EDGE('',*,*,#6530,.F.);
#8834=ORIENTED_EDGE('',*,*,#6531,.F.);
#8835=ORIENTED_EDGE('',*,*,#6532,.F.);
#8836=ORIENTED_EDGE('',*,*,#6531,.T.);
#8837=ORIENTED_EDGE('',*,*,#6533,.F.);
#8838=ORIENTED_EDGE('',*,*,#6534,.F.);
#8839=ORIENTED_EDGE('',*,*,#6535,.F.);
#8840=ORIENTED_EDGE('',*,*,#6534,.T.);
#8841=ORIENTED_EDGE('',*,*,#6536,.F.);
#8842=ORIENTED_EDGE('',*,*,#6537,.F.);
#8843=ORIENTED_EDGE('',*,*,#6538,.T.);
#8844=ORIENTED_EDGE('',*,*,#6537,.T.);
#8845=ORIENTED_EDGE('',*,*,#6539,.F.);
#8846=ORIENTED_EDGE('',*,*,#6540,.F.);
#8847=ORIENTED_EDGE('',*,*,#6541,.T.);
#8848=ORIENTED_EDGE('',*,*,#6540,.T.);
#8849=ORIENTED_EDGE('',*,*,#6542,.F.);
#8850=ORIENTED_EDGE('',*,*,#6543,.F.);
#8851=ORIENTED_EDGE('',*,*,#6544,.T.);
#8852=ORIENTED_EDGE('',*,*,#6543,.T.);
#8853=ORIENTED_EDGE('',*,*,#6545,.F.);
#8854=ORIENTED_EDGE('',*,*,#6546,.F.);
#8855=ORIENTED_EDGE('',*,*,#6547,.F.);
#8856=ORIENTED_EDGE('',*,*,#6546,.T.);
#8857=ORIENTED_EDGE('',*,*,#6548,.F.);
#8858=ORIENTED_EDGE('',*,*,#6549,.F.);
#8859=ORIENTED_EDGE('',*,*,#6550,.T.);
#8860=ORIENTED_EDGE('',*,*,#6549,.T.);
#8861=ORIENTED_EDGE('',*,*,#6551,.F.);
#8862=ORIENTED_EDGE('',*,*,#6552,.F.);
#8863=ORIENTED_EDGE('',*,*,#6553,.F.);
#8864=ORIENTED_EDGE('',*,*,#6552,.T.);
#8865=ORIENTED_EDGE('',*,*,#6554,.F.);
#8866=ORIENTED_EDGE('',*,*,#6555,.F.);
#8867=ORIENTED_EDGE('',*,*,#6556,.F.);
#8868=ORIENTED_EDGE('',*,*,#6555,.T.);
#8869=ORIENTED_EDGE('',*,*,#6557,.F.);
#8870=ORIENTED_EDGE('',*,*,#6558,.F.);
#8871=ORIENTED_EDGE('',*,*,#6559,.T.);
#8872=ORIENTED_EDGE('',*,*,#6558,.T.);
#8873=ORIENTED_EDGE('',*,*,#6560,.F.);
#8874=ORIENTED_EDGE('',*,*,#6561,.F.);
#8875=ORIENTED_EDGE('',*,*,#6562,.F.);
#8876=ORIENTED_EDGE('',*,*,#6561,.T.);
#8877=ORIENTED_EDGE('',*,*,#6563,.F.);
#8878=ORIENTED_EDGE('',*,*,#6564,.F.);
#8879=ORIENTED_EDGE('',*,*,#6565,.T.);
#8880=ORIENTED_EDGE('',*,*,#6564,.T.);
#8881=ORIENTED_EDGE('',*,*,#6566,.F.);
#8882=ORIENTED_EDGE('',*,*,#6567,.F.);
#8883=ORIENTED_EDGE('',*,*,#6568,.T.);
#8884=ORIENTED_EDGE('',*,*,#6567,.T.);
#8885=ORIENTED_EDGE('',*,*,#6569,.F.);
#8886=ORIENTED_EDGE('',*,*,#6570,.F.);
#8887=ORIENTED_EDGE('',*,*,#6571,.F.);
#8888=ORIENTED_EDGE('',*,*,#6570,.T.);
#8889=ORIENTED_EDGE('',*,*,#6572,.F.);
#8890=ORIENTED_EDGE('',*,*,#6514,.F.);
#8891=ORIENTED_EDGE('',*,*,#6571,.T.);
#8892=ORIENTED_EDGE('',*,*,#6513,.F.);
#8893=ORIENTED_EDGE('',*,*,#6517,.F.);
#8894=ORIENTED_EDGE('',*,*,#6520,.T.);
#8895=ORIENTED_EDGE('',*,*,#6523,.F.);
#8896=ORIENTED_EDGE('',*,*,#6526,.T.);
#8897=ORIENTED_EDGE('',*,*,#6529,.T.);
#8898=ORIENTED_EDGE('',*,*,#6532,.T.);
#8899=ORIENTED_EDGE('',*,*,#6535,.T.);
#8900=ORIENTED_EDGE('',*,*,#6538,.F.);
#8901=ORIENTED_EDGE('',*,*,#6541,.F.);
#8902=ORIENTED_EDGE('',*,*,#6544,.F.);
#8903=ORIENTED_EDGE('',*,*,#6547,.T.);
#8904=ORIENTED_EDGE('',*,*,#6550,.F.);
#8905=ORIENTED_EDGE('',*,*,#6553,.T.);
#8906=ORIENTED_EDGE('',*,*,#6556,.T.);
#8907=ORIENTED_EDGE('',*,*,#6559,.F.);
#8908=ORIENTED_EDGE('',*,*,#6562,.T.);
#8909=ORIENTED_EDGE('',*,*,#6565,.F.);
#8910=ORIENTED_EDGE('',*,*,#6568,.F.);
#8911=ORIENTED_EDGE('',*,*,#6572,.T.);
#8912=ORIENTED_EDGE('',*,*,#6569,.T.);
#8913=ORIENTED_EDGE('',*,*,#6566,.T.);
#8914=ORIENTED_EDGE('',*,*,#6563,.T.);
#8915=ORIENTED_EDGE('',*,*,#6560,.T.);
#8916=ORIENTED_EDGE('',*,*,#6557,.T.);
#8917=ORIENTED_EDGE('',*,*,#6554,.T.);
#8918=ORIENTED_EDGE('',*,*,#6551,.T.);
#8919=ORIENTED_EDGE('',*,*,#6548,.T.);
#8920=ORIENTED_EDGE('',*,*,#6545,.T.);
#8921=ORIENTED_EDGE('',*,*,#6542,.T.);
#8922=ORIENTED_EDGE('',*,*,#6539,.T.);
#8923=ORIENTED_EDGE('',*,*,#6536,.T.);
#8924=ORIENTED_EDGE('',*,*,#6533,.T.);
#8925=ORIENTED_EDGE('',*,*,#6530,.T.);
#8926=ORIENTED_EDGE('',*,*,#6527,.T.);
#8927=ORIENTED_EDGE('',*,*,#6524,.T.);
#8928=ORIENTED_EDGE('',*,*,#6521,.T.);
#8929=ORIENTED_EDGE('',*,*,#6518,.T.);
#8930=ORIENTED_EDGE('',*,*,#6515,.T.);
#8931=ORIENTED_EDGE('',*,*,#6573,.T.);
#8932=ORIENTED_EDGE('',*,*,#6574,.T.);
#8933=ORIENTED_EDGE('',*,*,#6575,.F.);
#8934=ORIENTED_EDGE('',*,*,#6576,.F.);
#8935=ORIENTED_EDGE('',*,*,#6577,.T.);
#8936=ORIENTED_EDGE('',*,*,#6576,.T.);
#8937=ORIENTED_EDGE('',*,*,#6578,.F.);
#8938=ORIENTED_EDGE('',*,*,#6579,.F.);
#8939=ORIENTED_EDGE('',*,*,#6580,.F.);
#8940=ORIENTED_EDGE('',*,*,#6579,.T.);
#8941=ORIENTED_EDGE('',*,*,#6581,.F.);
#8942=ORIENTED_EDGE('',*,*,#6582,.F.);
#8943=ORIENTED_EDGE('',*,*,#6583,.T.);
#8944=ORIENTED_EDGE('',*,*,#6582,.T.);
#8945=ORIENTED_EDGE('',*,*,#6584,.F.);
#8946=ORIENTED_EDGE('',*,*,#6585,.F.);
#8947=ORIENTED_EDGE('',*,*,#6586,.F.);
#8948=ORIENTED_EDGE('',*,*,#6585,.T.);
#8949=ORIENTED_EDGE('',*,*,#6587,.F.);
#8950=ORIENTED_EDGE('',*,*,#6588,.F.);
#8951=ORIENTED_EDGE('',*,*,#6589,.F.);
#8952=ORIENTED_EDGE('',*,*,#6588,.T.);
#8953=ORIENTED_EDGE('',*,*,#6590,.F.);
#8954=ORIENTED_EDGE('',*,*,#6591,.F.);
#8955=ORIENTED_EDGE('',*,*,#6592,.F.);
#8956=ORIENTED_EDGE('',*,*,#6591,.T.);
#8957=ORIENTED_EDGE('',*,*,#6593,.F.);
#8958=ORIENTED_EDGE('',*,*,#6594,.F.);
#8959=ORIENTED_EDGE('',*,*,#6595,.F.);
#8960=ORIENTED_EDGE('',*,*,#6594,.T.);
#8961=ORIENTED_EDGE('',*,*,#6596,.F.);
#8962=ORIENTED_EDGE('',*,*,#6597,.F.);
#8963=ORIENTED_EDGE('',*,*,#6598,.T.);
#8964=ORIENTED_EDGE('',*,*,#6597,.T.);
#8965=ORIENTED_EDGE('',*,*,#6599,.F.);
#8966=ORIENTED_EDGE('',*,*,#6600,.F.);
#8967=ORIENTED_EDGE('',*,*,#6601,.T.);
#8968=ORIENTED_EDGE('',*,*,#6600,.T.);
#8969=ORIENTED_EDGE('',*,*,#6602,.F.);
#8970=ORIENTED_EDGE('',*,*,#6603,.F.);
#8971=ORIENTED_EDGE('',*,*,#6604,.T.);
#8972=ORIENTED_EDGE('',*,*,#6603,.T.);
#8973=ORIENTED_EDGE('',*,*,#6605,.F.);
#8974=ORIENTED_EDGE('',*,*,#6606,.F.);
#8975=ORIENTED_EDGE('',*,*,#6607,.F.);
#8976=ORIENTED_EDGE('',*,*,#6606,.T.);
#8977=ORIENTED_EDGE('',*,*,#6608,.F.);
#8978=ORIENTED_EDGE('',*,*,#6609,.F.);
#8979=ORIENTED_EDGE('',*,*,#6610,.T.);
#8980=ORIENTED_EDGE('',*,*,#6609,.T.);
#8981=ORIENTED_EDGE('',*,*,#6611,.F.);
#8982=ORIENTED_EDGE('',*,*,#6612,.F.);
#8983=ORIENTED_EDGE('',*,*,#6613,.F.);
#8984=ORIENTED_EDGE('',*,*,#6612,.T.);
#8985=ORIENTED_EDGE('',*,*,#6614,.F.);
#8986=ORIENTED_EDGE('',*,*,#6615,.F.);
#8987=ORIENTED_EDGE('',*,*,#6616,.F.);
#8988=ORIENTED_EDGE('',*,*,#6615,.T.);
#8989=ORIENTED_EDGE('',*,*,#6617,.F.);
#8990=ORIENTED_EDGE('',*,*,#6618,.F.);
#8991=ORIENTED_EDGE('',*,*,#6619,.T.);
#8992=ORIENTED_EDGE('',*,*,#6618,.T.);
#8993=ORIENTED_EDGE('',*,*,#6620,.F.);
#8994=ORIENTED_EDGE('',*,*,#6621,.F.);
#8995=ORIENTED_EDGE('',*,*,#6622,.F.);
#8996=ORIENTED_EDGE('',*,*,#6621,.T.);
#8997=ORIENTED_EDGE('',*,*,#6623,.F.);
#8998=ORIENTED_EDGE('',*,*,#6624,.F.);
#8999=ORIENTED_EDGE('',*,*,#6625,.T.);
#9000=ORIENTED_EDGE('',*,*,#6624,.T.);
#9001=ORIENTED_EDGE('',*,*,#6626,.F.);
#9002=ORIENTED_EDGE('',*,*,#6627,.F.);
#9003=ORIENTED_EDGE('',*,*,#6628,.T.);
#9004=ORIENTED_EDGE('',*,*,#6627,.T.);
#9005=ORIENTED_EDGE('',*,*,#6629,.F.);
#9006=ORIENTED_EDGE('',*,*,#6630,.F.);
#9007=ORIENTED_EDGE('',*,*,#6631,.F.);
#9008=ORIENTED_EDGE('',*,*,#6630,.T.);
#9009=ORIENTED_EDGE('',*,*,#6632,.F.);
#9010=ORIENTED_EDGE('',*,*,#6574,.F.);
#9011=ORIENTED_EDGE('',*,*,#6631,.T.);
#9012=ORIENTED_EDGE('',*,*,#6573,.F.);
#9013=ORIENTED_EDGE('',*,*,#6577,.F.);
#9014=ORIENTED_EDGE('',*,*,#6580,.T.);
#9015=ORIENTED_EDGE('',*,*,#6583,.F.);
#9016=ORIENTED_EDGE('',*,*,#6586,.T.);
#9017=ORIENTED_EDGE('',*,*,#6589,.T.);
#9018=ORIENTED_EDGE('',*,*,#6592,.T.);
#9019=ORIENTED_EDGE('',*,*,#6595,.T.);
#9020=ORIENTED_EDGE('',*,*,#6598,.F.);
#9021=ORIENTED_EDGE('',*,*,#6601,.F.);
#9022=ORIENTED_EDGE('',*,*,#6604,.F.);
#9023=ORIENTED_EDGE('',*,*,#6607,.T.);
#9024=ORIENTED_EDGE('',*,*,#6610,.F.);
#9025=ORIENTED_EDGE('',*,*,#6613,.T.);
#9026=ORIENTED_EDGE('',*,*,#6616,.T.);
#9027=ORIENTED_EDGE('',*,*,#6619,.F.);
#9028=ORIENTED_EDGE('',*,*,#6622,.T.);
#9029=ORIENTED_EDGE('',*,*,#6625,.F.);
#9030=ORIENTED_EDGE('',*,*,#6628,.F.);
#9031=ORIENTED_EDGE('',*,*,#6632,.T.);
#9032=ORIENTED_EDGE('',*,*,#6629,.T.);
#9033=ORIENTED_EDGE('',*,*,#6626,.T.);
#9034=ORIENTED_EDGE('',*,*,#6623,.T.);
#9035=ORIENTED_EDGE('',*,*,#6620,.T.);
#9036=ORIENTED_EDGE('',*,*,#6617,.T.);
#9037=ORIENTED_EDGE('',*,*,#6614,.T.);
#9038=ORIENTED_EDGE('',*,*,#6611,.T.);
#9039=ORIENTED_EDGE('',*,*,#6608,.T.);
#9040=ORIENTED_EDGE('',*,*,#6605,.T.);
#9041=ORIENTED_EDGE('',*,*,#6602,.T.);
#9042=ORIENTED_EDGE('',*,*,#6599,.T.);
#9043=ORIENTED_EDGE('',*,*,#6596,.T.);
#9044=ORIENTED_EDGE('',*,*,#6593,.T.);
#9045=ORIENTED_EDGE('',*,*,#6590,.T.);
#9046=ORIENTED_EDGE('',*,*,#6587,.T.);
#9047=ORIENTED_EDGE('',*,*,#6584,.T.);
#9048=ORIENTED_EDGE('',*,*,#6581,.T.);
#9049=ORIENTED_EDGE('',*,*,#6578,.T.);
#9050=ORIENTED_EDGE('',*,*,#6575,.T.);
#9051=ORIENTED_EDGE('',*,*,#6633,.T.);
#9052=ORIENTED_EDGE('',*,*,#6634,.T.);
#9053=ORIENTED_EDGE('',*,*,#6635,.F.);
#9054=ORIENTED_EDGE('',*,*,#6636,.F.);
#9055=ORIENTED_EDGE('',*,*,#6637,.T.);
#9056=ORIENTED_EDGE('',*,*,#6636,.T.);
#9057=ORIENTED_EDGE('',*,*,#6638,.F.);
#9058=ORIENTED_EDGE('',*,*,#6639,.F.);
#9059=ORIENTED_EDGE('',*,*,#6640,.F.);
#9060=ORIENTED_EDGE('',*,*,#6639,.T.);
#9061=ORIENTED_EDGE('',*,*,#6641,.F.);
#9062=ORIENTED_EDGE('',*,*,#6642,.F.);
#9063=ORIENTED_EDGE('',*,*,#6643,.T.);
#9064=ORIENTED_EDGE('',*,*,#6642,.T.);
#9065=ORIENTED_EDGE('',*,*,#6644,.F.);
#9066=ORIENTED_EDGE('',*,*,#6645,.F.);
#9067=ORIENTED_EDGE('',*,*,#6646,.F.);
#9068=ORIENTED_EDGE('',*,*,#6645,.T.);
#9069=ORIENTED_EDGE('',*,*,#6647,.F.);
#9070=ORIENTED_EDGE('',*,*,#6648,.F.);
#9071=ORIENTED_EDGE('',*,*,#6649,.F.);
#9072=ORIENTED_EDGE('',*,*,#6648,.T.);
#9073=ORIENTED_EDGE('',*,*,#6650,.F.);
#9074=ORIENTED_EDGE('',*,*,#6651,.F.);
#9075=ORIENTED_EDGE('',*,*,#6652,.F.);
#9076=ORIENTED_EDGE('',*,*,#6651,.T.);
#9077=ORIENTED_EDGE('',*,*,#6653,.F.);
#9078=ORIENTED_EDGE('',*,*,#6654,.F.);
#9079=ORIENTED_EDGE('',*,*,#6655,.F.);
#9080=ORIENTED_EDGE('',*,*,#6654,.T.);
#9081=ORIENTED_EDGE('',*,*,#6656,.F.);
#9082=ORIENTED_EDGE('',*,*,#6657,.F.);
#9083=ORIENTED_EDGE('',*,*,#6658,.T.);
#9084=ORIENTED_EDGE('',*,*,#6657,.T.);
#9085=ORIENTED_EDGE('',*,*,#6659,.F.);
#9086=ORIENTED_EDGE('',*,*,#6660,.F.);
#9087=ORIENTED_EDGE('',*,*,#6661,.T.);
#9088=ORIENTED_EDGE('',*,*,#6660,.T.);
#9089=ORIENTED_EDGE('',*,*,#6662,.F.);
#9090=ORIENTED_EDGE('',*,*,#6663,.F.);
#9091=ORIENTED_EDGE('',*,*,#6664,.T.);
#9092=ORIENTED_EDGE('',*,*,#6663,.T.);
#9093=ORIENTED_EDGE('',*,*,#6665,.F.);
#9094=ORIENTED_EDGE('',*,*,#6666,.F.);
#9095=ORIENTED_EDGE('',*,*,#6667,.F.);
#9096=ORIENTED_EDGE('',*,*,#6666,.T.);
#9097=ORIENTED_EDGE('',*,*,#6668,.F.);
#9098=ORIENTED_EDGE('',*,*,#6669,.F.);
#9099=ORIENTED_EDGE('',*,*,#6670,.T.);
#9100=ORIENTED_EDGE('',*,*,#6669,.T.);
#9101=ORIENTED_EDGE('',*,*,#6671,.F.);
#9102=ORIENTED_EDGE('',*,*,#6672,.F.);
#9103=ORIENTED_EDGE('',*,*,#6673,.F.);
#9104=ORIENTED_EDGE('',*,*,#6672,.T.);
#9105=ORIENTED_EDGE('',*,*,#6674,.F.);
#9106=ORIENTED_EDGE('',*,*,#6675,.F.);
#9107=ORIENTED_EDGE('',*,*,#6676,.F.);
#9108=ORIENTED_EDGE('',*,*,#6675,.T.);
#9109=ORIENTED_EDGE('',*,*,#6677,.F.);
#9110=ORIENTED_EDGE('',*,*,#6678,.F.);
#9111=ORIENTED_EDGE('',*,*,#6679,.T.);
#9112=ORIENTED_EDGE('',*,*,#6678,.T.);
#9113=ORIENTED_EDGE('',*,*,#6680,.F.);
#9114=ORIENTED_EDGE('',*,*,#6681,.F.);
#9115=ORIENTED_EDGE('',*,*,#6682,.F.);
#9116=ORIENTED_EDGE('',*,*,#6681,.T.);
#9117=ORIENTED_EDGE('',*,*,#6683,.F.);
#9118=ORIENTED_EDGE('',*,*,#6684,.F.);
#9119=ORIENTED_EDGE('',*,*,#6685,.T.);
#9120=ORIENTED_EDGE('',*,*,#6684,.T.);
#9121=ORIENTED_EDGE('',*,*,#6686,.F.);
#9122=ORIENTED_EDGE('',*,*,#6687,.F.);
#9123=ORIENTED_EDGE('',*,*,#6688,.T.);
#9124=ORIENTED_EDGE('',*,*,#6687,.T.);
#9125=ORIENTED_EDGE('',*,*,#6689,.F.);
#9126=ORIENTED_EDGE('',*,*,#6690,.F.);
#9127=ORIENTED_EDGE('',*,*,#6691,.F.);
#9128=ORIENTED_EDGE('',*,*,#6690,.T.);
#9129=ORIENTED_EDGE('',*,*,#6692,.F.);
#9130=ORIENTED_EDGE('',*,*,#6634,.F.);
#9131=ORIENTED_EDGE('',*,*,#6691,.T.);
#9132=ORIENTED_EDGE('',*,*,#6633,.F.);
#9133=ORIENTED_EDGE('',*,*,#6637,.F.);
#9134=ORIENTED_EDGE('',*,*,#6640,.T.);
#9135=ORIENTED_EDGE('',*,*,#6643,.F.);
#9136=ORIENTED_EDGE('',*,*,#6646,.T.);
#9137=ORIENTED_EDGE('',*,*,#6649,.T.);
#9138=ORIENTED_EDGE('',*,*,#6652,.T.);
#9139=ORIENTED_EDGE('',*,*,#6655,.T.);
#9140=ORIENTED_EDGE('',*,*,#6658,.F.);
#9141=ORIENTED_EDGE('',*,*,#6661,.F.);
#9142=ORIENTED_EDGE('',*,*,#6664,.F.);
#9143=ORIENTED_EDGE('',*,*,#6667,.T.);
#9144=ORIENTED_EDGE('',*,*,#6670,.F.);
#9145=ORIENTED_EDGE('',*,*,#6673,.T.);
#9146=ORIENTED_EDGE('',*,*,#6676,.T.);
#9147=ORIENTED_EDGE('',*,*,#6679,.F.);
#9148=ORIENTED_EDGE('',*,*,#6682,.T.);
#9149=ORIENTED_EDGE('',*,*,#6685,.F.);
#9150=ORIENTED_EDGE('',*,*,#6688,.F.);
#9151=ORIENTED_EDGE('',*,*,#6692,.T.);
#9152=ORIENTED_EDGE('',*,*,#6689,.T.);
#9153=ORIENTED_EDGE('',*,*,#6686,.T.);
#9154=ORIENTED_EDGE('',*,*,#6683,.T.);
#9155=ORIENTED_EDGE('',*,*,#6680,.T.);
#9156=ORIENTED_EDGE('',*,*,#6677,.T.);
#9157=ORIENTED_EDGE('',*,*,#6674,.T.);
#9158=ORIENTED_EDGE('',*,*,#6671,.T.);
#9159=ORIENTED_EDGE('',*,*,#6668,.T.);
#9160=ORIENTED_EDGE('',*,*,#6665,.T.);
#9161=ORIENTED_EDGE('',*,*,#6662,.T.);
#9162=ORIENTED_EDGE('',*,*,#6659,.T.);
#9163=ORIENTED_EDGE('',*,*,#6656,.T.);
#9164=ORIENTED_EDGE('',*,*,#6653,.T.);
#9165=ORIENTED_EDGE('',*,*,#6650,.T.);
#9166=ORIENTED_EDGE('',*,*,#6647,.T.);
#9167=ORIENTED_EDGE('',*,*,#6644,.T.);
#9168=ORIENTED_EDGE('',*,*,#6641,.T.);
#9169=ORIENTED_EDGE('',*,*,#6638,.T.);
#9170=ORIENTED_EDGE('',*,*,#6635,.T.);
#9171=ORIENTED_EDGE('',*,*,#6693,.T.);
#9172=ORIENTED_EDGE('',*,*,#6694,.T.);
#9173=ORIENTED_EDGE('',*,*,#6695,.F.);
#9174=ORIENTED_EDGE('',*,*,#6696,.F.);
#9175=ORIENTED_EDGE('',*,*,#6697,.T.);
#9176=ORIENTED_EDGE('',*,*,#6696,.T.);
#9177=ORIENTED_EDGE('',*,*,#6698,.F.);
#9178=ORIENTED_EDGE('',*,*,#6699,.F.);
#9179=ORIENTED_EDGE('',*,*,#6700,.F.);
#9180=ORIENTED_EDGE('',*,*,#6699,.T.);
#9181=ORIENTED_EDGE('',*,*,#6701,.F.);
#9182=ORIENTED_EDGE('',*,*,#6702,.F.);
#9183=ORIENTED_EDGE('',*,*,#6703,.T.);
#9184=ORIENTED_EDGE('',*,*,#6702,.T.);
#9185=ORIENTED_EDGE('',*,*,#6704,.F.);
#9186=ORIENTED_EDGE('',*,*,#6705,.F.);
#9187=ORIENTED_EDGE('',*,*,#6706,.F.);
#9188=ORIENTED_EDGE('',*,*,#6705,.T.);
#9189=ORIENTED_EDGE('',*,*,#6707,.F.);
#9190=ORIENTED_EDGE('',*,*,#6708,.F.);
#9191=ORIENTED_EDGE('',*,*,#6709,.F.);
#9192=ORIENTED_EDGE('',*,*,#6708,.T.);
#9193=ORIENTED_EDGE('',*,*,#6710,.F.);
#9194=ORIENTED_EDGE('',*,*,#6711,.F.);
#9195=ORIENTED_EDGE('',*,*,#6712,.F.);
#9196=ORIENTED_EDGE('',*,*,#6711,.T.);
#9197=ORIENTED_EDGE('',*,*,#6713,.F.);
#9198=ORIENTED_EDGE('',*,*,#6714,.F.);
#9199=ORIENTED_EDGE('',*,*,#6715,.F.);
#9200=ORIENTED_EDGE('',*,*,#6714,.T.);
#9201=ORIENTED_EDGE('',*,*,#6716,.F.);
#9202=ORIENTED_EDGE('',*,*,#6717,.F.);
#9203=ORIENTED_EDGE('',*,*,#6718,.T.);
#9204=ORIENTED_EDGE('',*,*,#6717,.T.);
#9205=ORIENTED_EDGE('',*,*,#6719,.F.);
#9206=ORIENTED_EDGE('',*,*,#6720,.F.);
#9207=ORIENTED_EDGE('',*,*,#6721,.T.);
#9208=ORIENTED_EDGE('',*,*,#6720,.T.);
#9209=ORIENTED_EDGE('',*,*,#6722,.F.);
#9210=ORIENTED_EDGE('',*,*,#6723,.F.);
#9211=ORIENTED_EDGE('',*,*,#6724,.T.);
#9212=ORIENTED_EDGE('',*,*,#6723,.T.);
#9213=ORIENTED_EDGE('',*,*,#6725,.F.);
#9214=ORIENTED_EDGE('',*,*,#6726,.F.);
#9215=ORIENTED_EDGE('',*,*,#6727,.F.);
#9216=ORIENTED_EDGE('',*,*,#6726,.T.);
#9217=ORIENTED_EDGE('',*,*,#6728,.F.);
#9218=ORIENTED_EDGE('',*,*,#6729,.F.);
#9219=ORIENTED_EDGE('',*,*,#6730,.T.);
#9220=ORIENTED_EDGE('',*,*,#6729,.T.);
#9221=ORIENTED_EDGE('',*,*,#6731,.F.);
#9222=ORIENTED_EDGE('',*,*,#6732,.F.);
#9223=ORIENTED_EDGE('',*,*,#6733,.F.);
#9224=ORIENTED_EDGE('',*,*,#6732,.T.);
#9225=ORIENTED_EDGE('',*,*,#6734,.F.);
#9226=ORIENTED_EDGE('',*,*,#6735,.F.);
#9227=ORIENTED_EDGE('',*,*,#6736,.F.);
#9228=ORIENTED_EDGE('',*,*,#6735,.T.);
#9229=ORIENTED_EDGE('',*,*,#6737,.F.);
#9230=ORIENTED_EDGE('',*,*,#6738,.F.);
#9231=ORIENTED_EDGE('',*,*,#6739,.T.);
#9232=ORIENTED_EDGE('',*,*,#6738,.T.);
#9233=ORIENTED_EDGE('',*,*,#6740,.F.);
#9234=ORIENTED_EDGE('',*,*,#6741,.F.);
#9235=ORIENTED_EDGE('',*,*,#6742,.F.);
#9236=ORIENTED_EDGE('',*,*,#6741,.T.);
#9237=ORIENTED_EDGE('',*,*,#6743,.F.);
#9238=ORIENTED_EDGE('',*,*,#6744,.F.);
#9239=ORIENTED_EDGE('',*,*,#6745,.T.);
#9240=ORIENTED_EDGE('',*,*,#6744,.T.);
#9241=ORIENTED_EDGE('',*,*,#6746,.F.);
#9242=ORIENTED_EDGE('',*,*,#6747,.F.);
#9243=ORIENTED_EDGE('',*,*,#6748,.T.);
#9244=ORIENTED_EDGE('',*,*,#6747,.T.);
#9245=ORIENTED_EDGE('',*,*,#6749,.F.);
#9246=ORIENTED_EDGE('',*,*,#6750,.F.);
#9247=ORIENTED_EDGE('',*,*,#6751,.F.);
#9248=ORIENTED_EDGE('',*,*,#6750,.T.);
#9249=ORIENTED_EDGE('',*,*,#6752,.F.);
#9250=ORIENTED_EDGE('',*,*,#6694,.F.);
#9251=ORIENTED_EDGE('',*,*,#6751,.T.);
#9252=ORIENTED_EDGE('',*,*,#6693,.F.);
#9253=ORIENTED_EDGE('',*,*,#6697,.F.);
#9254=ORIENTED_EDGE('',*,*,#6700,.T.);
#9255=ORIENTED_EDGE('',*,*,#6703,.F.);
#9256=ORIENTED_EDGE('',*,*,#6706,.T.);
#9257=ORIENTED_EDGE('',*,*,#6709,.T.);
#9258=ORIENTED_EDGE('',*,*,#6712,.T.);
#9259=ORIENTED_EDGE('',*,*,#6715,.T.);
#9260=ORIENTED_EDGE('',*,*,#6718,.F.);
#9261=ORIENTED_EDGE('',*,*,#6721,.F.);
#9262=ORIENTED_EDGE('',*,*,#6724,.F.);
#9263=ORIENTED_EDGE('',*,*,#6727,.T.);
#9264=ORIENTED_EDGE('',*,*,#6730,.F.);
#9265=ORIENTED_EDGE('',*,*,#6733,.T.);
#9266=ORIENTED_EDGE('',*,*,#6736,.T.);
#9267=ORIENTED_EDGE('',*,*,#6739,.F.);
#9268=ORIENTED_EDGE('',*,*,#6742,.T.);
#9269=ORIENTED_EDGE('',*,*,#6745,.F.);
#9270=ORIENTED_EDGE('',*,*,#6748,.F.);
#9271=ORIENTED_EDGE('',*,*,#6752,.T.);
#9272=ORIENTED_EDGE('',*,*,#6749,.T.);
#9273=ORIENTED_EDGE('',*,*,#6746,.T.);
#9274=ORIENTED_EDGE('',*,*,#6743,.T.);
#9275=ORIENTED_EDGE('',*,*,#6740,.T.);
#9276=ORIENTED_EDGE('',*,*,#6737,.T.);
#9277=ORIENTED_EDGE('',*,*,#6734,.T.);
#9278=ORIENTED_EDGE('',*,*,#6731,.T.);
#9279=ORIENTED_EDGE('',*,*,#6728,.T.);
#9280=ORIENTED_EDGE('',*,*,#6725,.T.);
#9281=ORIENTED_EDGE('',*,*,#6722,.T.);
#9282=ORIENTED_EDGE('',*,*,#6719,.T.);
#9283=ORIENTED_EDGE('',*,*,#6716,.T.);
#9284=ORIENTED_EDGE('',*,*,#6713,.T.);
#9285=ORIENTED_EDGE('',*,*,#6710,.T.);
#9286=ORIENTED_EDGE('',*,*,#6707,.T.);
#9287=ORIENTED_EDGE('',*,*,#6704,.T.);
#9288=ORIENTED_EDGE('',*,*,#6701,.T.);
#9289=ORIENTED_EDGE('',*,*,#6698,.T.);
#9290=ORIENTED_EDGE('',*,*,#6695,.T.);
#9291=ORIENTED_EDGE('',*,*,#6753,.T.);
#9292=ORIENTED_EDGE('',*,*,#6754,.T.);
#9293=ORIENTED_EDGE('',*,*,#6755,.F.);
#9294=ORIENTED_EDGE('',*,*,#6756,.F.);
#9295=ORIENTED_EDGE('',*,*,#6757,.T.);
#9296=ORIENTED_EDGE('',*,*,#6756,.T.);
#9297=ORIENTED_EDGE('',*,*,#6758,.F.);
#9298=ORIENTED_EDGE('',*,*,#6759,.F.);
#9299=ORIENTED_EDGE('',*,*,#6760,.F.);
#9300=ORIENTED_EDGE('',*,*,#6759,.T.);
#9301=ORIENTED_EDGE('',*,*,#6761,.F.);
#9302=ORIENTED_EDGE('',*,*,#6762,.F.);
#9303=ORIENTED_EDGE('',*,*,#6763,.T.);
#9304=ORIENTED_EDGE('',*,*,#6762,.T.);
#9305=ORIENTED_EDGE('',*,*,#6764,.F.);
#9306=ORIENTED_EDGE('',*,*,#6765,.F.);
#9307=ORIENTED_EDGE('',*,*,#6766,.F.);
#9308=ORIENTED_EDGE('',*,*,#6765,.T.);
#9309=ORIENTED_EDGE('',*,*,#6767,.F.);
#9310=ORIENTED_EDGE('',*,*,#6768,.F.);
#9311=ORIENTED_EDGE('',*,*,#6769,.F.);
#9312=ORIENTED_EDGE('',*,*,#6768,.T.);
#9313=ORIENTED_EDGE('',*,*,#6770,.F.);
#9314=ORIENTED_EDGE('',*,*,#6771,.F.);
#9315=ORIENTED_EDGE('',*,*,#6772,.F.);
#9316=ORIENTED_EDGE('',*,*,#6771,.T.);
#9317=ORIENTED_EDGE('',*,*,#6773,.F.);
#9318=ORIENTED_EDGE('',*,*,#6774,.F.);
#9319=ORIENTED_EDGE('',*,*,#6775,.F.);
#9320=ORIENTED_EDGE('',*,*,#6774,.T.);
#9321=ORIENTED_EDGE('',*,*,#6776,.F.);
#9322=ORIENTED_EDGE('',*,*,#6777,.F.);
#9323=ORIENTED_EDGE('',*,*,#6778,.T.);
#9324=ORIENTED_EDGE('',*,*,#6777,.T.);
#9325=ORIENTED_EDGE('',*,*,#6779,.F.);
#9326=ORIENTED_EDGE('',*,*,#6780,.F.);
#9327=ORIENTED_EDGE('',*,*,#6781,.T.);
#9328=ORIENTED_EDGE('',*,*,#6780,.T.);
#9329=ORIENTED_EDGE('',*,*,#6782,.F.);
#9330=ORIENTED_EDGE('',*,*,#6783,.F.);
#9331=ORIENTED_EDGE('',*,*,#6784,.T.);
#9332=ORIENTED_EDGE('',*,*,#6783,.T.);
#9333=ORIENTED_EDGE('',*,*,#6785,.F.);
#9334=ORIENTED_EDGE('',*,*,#6786,.F.);
#9335=ORIENTED_EDGE('',*,*,#6787,.F.);
#9336=ORIENTED_EDGE('',*,*,#6786,.T.);
#9337=ORIENTED_EDGE('',*,*,#6788,.F.);
#9338=ORIENTED_EDGE('',*,*,#6789,.F.);
#9339=ORIENTED_EDGE('',*,*,#6790,.T.);
#9340=ORIENTED_EDGE('',*,*,#6789,.T.);
#9341=ORIENTED_EDGE('',*,*,#6791,.F.);
#9342=ORIENTED_EDGE('',*,*,#6792,.F.);
#9343=ORIENTED_EDGE('',*,*,#6793,.F.);
#9344=ORIENTED_EDGE('',*,*,#6792,.T.);
#9345=ORIENTED_EDGE('',*,*,#6794,.F.);
#9346=ORIENTED_EDGE('',*,*,#6795,.F.);
#9347=ORIENTED_EDGE('',*,*,#6796,.F.);
#9348=ORIENTED_EDGE('',*,*,#6795,.T.);
#9349=ORIENTED_EDGE('',*,*,#6797,.F.);
#9350=ORIENTED_EDGE('',*,*,#6798,.F.);
#9351=ORIENTED_EDGE('',*,*,#6799,.T.);
#9352=ORIENTED_EDGE('',*,*,#6798,.T.);
#9353=ORIENTED_EDGE('',*,*,#6800,.F.);
#9354=ORIENTED_EDGE('',*,*,#6801,.F.);
#9355=ORIENTED_EDGE('',*,*,#6802,.F.);
#9356=ORIENTED_EDGE('',*,*,#6801,.T.);
#9357=ORIENTED_EDGE('',*,*,#6803,.F.);
#9358=ORIENTED_EDGE('',*,*,#6804,.F.);
#9359=ORIENTED_EDGE('',*,*,#6805,.T.);
#9360=ORIENTED_EDGE('',*,*,#6804,.T.);
#9361=ORIENTED_EDGE('',*,*,#6806,.F.);
#9362=ORIENTED_EDGE('',*,*,#6807,.F.);
#9363=ORIENTED_EDGE('',*,*,#6808,.T.);
#9364=ORIENTED_EDGE('',*,*,#6807,.T.);
#9365=ORIENTED_EDGE('',*,*,#6809,.F.);
#9366=ORIENTED_EDGE('',*,*,#6810,.F.);
#9367=ORIENTED_EDGE('',*,*,#6811,.F.);
#9368=ORIENTED_EDGE('',*,*,#6810,.T.);
#9369=ORIENTED_EDGE('',*,*,#6812,.F.);
#9370=ORIENTED_EDGE('',*,*,#6754,.F.);
#9371=ORIENTED_EDGE('',*,*,#6811,.T.);
#9372=ORIENTED_EDGE('',*,*,#6753,.F.);
#9373=ORIENTED_EDGE('',*,*,#6757,.F.);
#9374=ORIENTED_EDGE('',*,*,#6760,.T.);
#9375=ORIENTED_EDGE('',*,*,#6763,.F.);
#9376=ORIENTED_EDGE('',*,*,#6766,.T.);
#9377=ORIENTED_EDGE('',*,*,#6769,.T.);
#9378=ORIENTED_EDGE('',*,*,#6772,.T.);
#9379=ORIENTED_EDGE('',*,*,#6775,.T.);
#9380=ORIENTED_EDGE('',*,*,#6778,.F.);
#9381=ORIENTED_EDGE('',*,*,#6781,.F.);
#9382=ORIENTED_EDGE('',*,*,#6784,.F.);
#9383=ORIENTED_EDGE('',*,*,#6787,.T.);
#9384=ORIENTED_EDGE('',*,*,#6790,.F.);
#9385=ORIENTED_EDGE('',*,*,#6793,.T.);
#9386=ORIENTED_EDGE('',*,*,#6796,.T.);
#9387=ORIENTED_EDGE('',*,*,#6799,.F.);
#9388=ORIENTED_EDGE('',*,*,#6802,.T.);
#9389=ORIENTED_EDGE('',*,*,#6805,.F.);
#9390=ORIENTED_EDGE('',*,*,#6808,.F.);
#9391=ORIENTED_EDGE('',*,*,#6812,.T.);
#9392=ORIENTED_EDGE('',*,*,#6809,.T.);
#9393=ORIENTED_EDGE('',*,*,#6806,.T.);
#9394=ORIENTED_EDGE('',*,*,#6803,.T.);
#9395=ORIENTED_EDGE('',*,*,#6800,.T.);
#9396=ORIENTED_EDGE('',*,*,#6797,.T.);
#9397=ORIENTED_EDGE('',*,*,#6794,.T.);
#9398=ORIENTED_EDGE('',*,*,#6791,.T.);
#9399=ORIENTED_EDGE('',*,*,#6788,.T.);
#9400=ORIENTED_EDGE('',*,*,#6785,.T.);
#9401=ORIENTED_EDGE('',*,*,#6782,.T.);
#9402=ORIENTED_EDGE('',*,*,#6779,.T.);
#9403=ORIENTED_EDGE('',*,*,#6776,.T.);
#9404=ORIENTED_EDGE('',*,*,#6773,.T.);
#9405=ORIENTED_EDGE('',*,*,#6770,.T.);
#9406=ORIENTED_EDGE('',*,*,#6767,.T.);
#9407=ORIENTED_EDGE('',*,*,#6764,.T.);
#9408=ORIENTED_EDGE('',*,*,#6761,.T.);
#9409=ORIENTED_EDGE('',*,*,#6758,.T.);
#9410=ORIENTED_EDGE('',*,*,#6755,.T.);
#9411=ORIENTED_EDGE('',*,*,#6813,.T.);
#9412=ORIENTED_EDGE('',*,*,#6814,.T.);
#9413=ORIENTED_EDGE('',*,*,#6815,.F.);
#9414=ORIENTED_EDGE('',*,*,#6816,.F.);
#9415=ORIENTED_EDGE('',*,*,#6817,.T.);
#9416=ORIENTED_EDGE('',*,*,#6816,.T.);
#9417=ORIENTED_EDGE('',*,*,#6818,.F.);
#9418=ORIENTED_EDGE('',*,*,#6819,.F.);
#9419=ORIENTED_EDGE('',*,*,#6820,.F.);
#9420=ORIENTED_EDGE('',*,*,#6819,.T.);
#9421=ORIENTED_EDGE('',*,*,#6821,.F.);
#9422=ORIENTED_EDGE('',*,*,#6822,.F.);
#9423=ORIENTED_EDGE('',*,*,#6823,.T.);
#9424=ORIENTED_EDGE('',*,*,#6822,.T.);
#9425=ORIENTED_EDGE('',*,*,#6824,.F.);
#9426=ORIENTED_EDGE('',*,*,#6825,.F.);
#9427=ORIENTED_EDGE('',*,*,#6826,.F.);
#9428=ORIENTED_EDGE('',*,*,#6825,.T.);
#9429=ORIENTED_EDGE('',*,*,#6827,.F.);
#9430=ORIENTED_EDGE('',*,*,#6828,.F.);
#9431=ORIENTED_EDGE('',*,*,#6829,.F.);
#9432=ORIENTED_EDGE('',*,*,#6828,.T.);
#9433=ORIENTED_EDGE('',*,*,#6830,.F.);
#9434=ORIENTED_EDGE('',*,*,#6831,.F.);
#9435=ORIENTED_EDGE('',*,*,#6832,.F.);
#9436=ORIENTED_EDGE('',*,*,#6831,.T.);
#9437=ORIENTED_EDGE('',*,*,#6833,.F.);
#9438=ORIENTED_EDGE('',*,*,#6834,.F.);
#9439=ORIENTED_EDGE('',*,*,#6835,.F.);
#9440=ORIENTED_EDGE('',*,*,#6834,.T.);
#9441=ORIENTED_EDGE('',*,*,#6836,.F.);
#9442=ORIENTED_EDGE('',*,*,#6837,.F.);
#9443=ORIENTED_EDGE('',*,*,#6838,.T.);
#9444=ORIENTED_EDGE('',*,*,#6837,.T.);
#9445=ORIENTED_EDGE('',*,*,#6839,.F.);
#9446=ORIENTED_EDGE('',*,*,#6840,.F.);
#9447=ORIENTED_EDGE('',*,*,#6841,.T.);
#9448=ORIENTED_EDGE('',*,*,#6840,.T.);
#9449=ORIENTED_EDGE('',*,*,#6842,.F.);
#9450=ORIENTED_EDGE('',*,*,#6843,.F.);
#9451=ORIENTED_EDGE('',*,*,#6844,.T.);
#9452=ORIENTED_EDGE('',*,*,#6843,.T.);
#9453=ORIENTED_EDGE('',*,*,#6845,.F.);
#9454=ORIENTED_EDGE('',*,*,#6846,.F.);
#9455=ORIENTED_EDGE('',*,*,#6847,.F.);
#9456=ORIENTED_EDGE('',*,*,#6846,.T.);
#9457=ORIENTED_EDGE('',*,*,#6848,.F.);
#9458=ORIENTED_EDGE('',*,*,#6849,.F.);
#9459=ORIENTED_EDGE('',*,*,#6850,.T.);
#9460=ORIENTED_EDGE('',*,*,#6849,.T.);
#9461=ORIENTED_EDGE('',*,*,#6851,.F.);
#9462=ORIENTED_EDGE('',*,*,#6852,.F.);
#9463=ORIENTED_EDGE('',*,*,#6853,.F.);
#9464=ORIENTED_EDGE('',*,*,#6852,.T.);
#9465=ORIENTED_EDGE('',*,*,#6854,.F.);
#9466=ORIENTED_EDGE('',*,*,#6855,.F.);
#9467=ORIENTED_EDGE('',*,*,#6856,.F.);
#9468=ORIENTED_EDGE('',*,*,#6855,.T.);
#9469=ORIENTED_EDGE('',*,*,#6857,.F.);
#9470=ORIENTED_EDGE('',*,*,#6858,.F.);
#9471=ORIENTED_EDGE('',*,*,#6859,.T.);
#9472=ORIENTED_EDGE('',*,*,#6858,.T.);
#9473=ORIENTED_EDGE('',*,*,#6860,.F.);
#9474=ORIENTED_EDGE('',*,*,#6861,.F.);
#9475=ORIENTED_EDGE('',*,*,#6862,.F.);
#9476=ORIENTED_EDGE('',*,*,#6861,.T.);
#9477=ORIENTED_EDGE('',*,*,#6863,.F.);
#9478=ORIENTED_EDGE('',*,*,#6864,.F.);
#9479=ORIENTED_EDGE('',*,*,#6865,.T.);
#9480=ORIENTED_EDGE('',*,*,#6864,.T.);
#9481=ORIENTED_EDGE('',*,*,#6866,.F.);
#9482=ORIENTED_EDGE('',*,*,#6867,.F.);
#9483=ORIENTED_EDGE('',*,*,#6868,.T.);
#9484=ORIENTED_EDGE('',*,*,#6867,.T.);
#9485=ORIENTED_EDGE('',*,*,#6869,.F.);
#9486=ORIENTED_EDGE('',*,*,#6870,.F.);
#9487=ORIENTED_EDGE('',*,*,#6871,.F.);
#9488=ORIENTED_EDGE('',*,*,#6870,.T.);
#9489=ORIENTED_EDGE('',*,*,#6872,.F.);
#9490=ORIENTED_EDGE('',*,*,#6814,.F.);
#9491=ORIENTED_EDGE('',*,*,#6871,.T.);
#9492=ORIENTED_EDGE('',*,*,#6813,.F.);
#9493=ORIENTED_EDGE('',*,*,#6817,.F.);
#9494=ORIENTED_EDGE('',*,*,#6820,.T.);
#9495=ORIENTED_EDGE('',*,*,#6823,.F.);
#9496=ORIENTED_EDGE('',*,*,#6826,.T.);
#9497=ORIENTED_EDGE('',*,*,#6829,.T.);
#9498=ORIENTED_EDGE('',*,*,#6832,.T.);
#9499=ORIENTED_EDGE('',*,*,#6835,.T.);
#9500=ORIENTED_EDGE('',*,*,#6838,.F.);
#9501=ORIENTED_EDGE('',*,*,#6841,.F.);
#9502=ORIENTED_EDGE('',*,*,#6844,.F.);
#9503=ORIENTED_EDGE('',*,*,#6847,.T.);
#9504=ORIENTED_EDGE('',*,*,#6850,.F.);
#9505=ORIENTED_EDGE('',*,*,#6853,.T.);
#9506=ORIENTED_EDGE('',*,*,#6856,.T.);
#9507=ORIENTED_EDGE('',*,*,#6859,.F.);
#9508=ORIENTED_EDGE('',*,*,#6862,.T.);
#9509=ORIENTED_EDGE('',*,*,#6865,.F.);
#9510=ORIENTED_EDGE('',*,*,#6868,.F.);
#9511=ORIENTED_EDGE('',*,*,#6872,.T.);
#9512=ORIENTED_EDGE('',*,*,#6869,.T.);
#9513=ORIENTED_EDGE('',*,*,#6866,.T.);
#9514=ORIENTED_EDGE('',*,*,#6863,.T.);
#9515=ORIENTED_EDGE('',*,*,#6860,.T.);
#9516=ORIENTED_EDGE('',*,*,#6857,.T.);
#9517=ORIENTED_EDGE('',*,*,#6854,.T.);
#9518=ORIENTED_EDGE('',*,*,#6851,.T.);
#9519=ORIENTED_EDGE('',*,*,#6848,.T.);
#9520=ORIENTED_EDGE('',*,*,#6845,.T.);
#9521=ORIENTED_EDGE('',*,*,#6842,.T.);
#9522=ORIENTED_EDGE('',*,*,#6839,.T.);
#9523=ORIENTED_EDGE('',*,*,#6836,.T.);
#9524=ORIENTED_EDGE('',*,*,#6833,.T.);
#9525=ORIENTED_EDGE('',*,*,#6830,.T.);
#9526=ORIENTED_EDGE('',*,*,#6827,.T.);
#9527=ORIENTED_EDGE('',*,*,#6824,.T.);
#9528=ORIENTED_EDGE('',*,*,#6821,.T.);
#9529=ORIENTED_EDGE('',*,*,#6818,.T.);
#9530=ORIENTED_EDGE('',*,*,#6815,.T.);
#9531=ORIENTED_EDGE('',*,*,#6873,.T.);
#9532=ORIENTED_EDGE('',*,*,#6874,.T.);
#9533=ORIENTED_EDGE('',*,*,#6875,.F.);
#9534=ORIENTED_EDGE('',*,*,#6876,.F.);
#9535=ORIENTED_EDGE('',*,*,#6877,.T.);
#9536=ORIENTED_EDGE('',*,*,#6876,.T.);
#9537=ORIENTED_EDGE('',*,*,#6878,.F.);
#9538=ORIENTED_EDGE('',*,*,#6879,.F.);
#9539=ORIENTED_EDGE('',*,*,#6880,.F.);
#9540=ORIENTED_EDGE('',*,*,#6879,.T.);
#9541=ORIENTED_EDGE('',*,*,#6881,.F.);
#9542=ORIENTED_EDGE('',*,*,#6882,.F.);
#9543=ORIENTED_EDGE('',*,*,#6883,.T.);
#9544=ORIENTED_EDGE('',*,*,#6882,.T.);
#9545=ORIENTED_EDGE('',*,*,#6884,.F.);
#9546=ORIENTED_EDGE('',*,*,#6885,.F.);
#9547=ORIENTED_EDGE('',*,*,#6886,.F.);
#9548=ORIENTED_EDGE('',*,*,#6885,.T.);
#9549=ORIENTED_EDGE('',*,*,#6887,.F.);
#9550=ORIENTED_EDGE('',*,*,#6888,.F.);
#9551=ORIENTED_EDGE('',*,*,#6889,.F.);
#9552=ORIENTED_EDGE('',*,*,#6888,.T.);
#9553=ORIENTED_EDGE('',*,*,#6890,.F.);
#9554=ORIENTED_EDGE('',*,*,#6891,.F.);
#9555=ORIENTED_EDGE('',*,*,#6892,.F.);
#9556=ORIENTED_EDGE('',*,*,#6891,.T.);
#9557=ORIENTED_EDGE('',*,*,#6893,.F.);
#9558=ORIENTED_EDGE('',*,*,#6894,.F.);
#9559=ORIENTED_EDGE('',*,*,#6895,.F.);
#9560=ORIENTED_EDGE('',*,*,#6894,.T.);
#9561=ORIENTED_EDGE('',*,*,#6896,.F.);
#9562=ORIENTED_EDGE('',*,*,#6897,.F.);
#9563=ORIENTED_EDGE('',*,*,#6898,.T.);
#9564=ORIENTED_EDGE('',*,*,#6897,.T.);
#9565=ORIENTED_EDGE('',*,*,#6899,.F.);
#9566=ORIENTED_EDGE('',*,*,#6900,.F.);
#9567=ORIENTED_EDGE('',*,*,#6901,.T.);
#9568=ORIENTED_EDGE('',*,*,#6900,.T.);
#9569=ORIENTED_EDGE('',*,*,#6902,.F.);
#9570=ORIENTED_EDGE('',*,*,#6903,.F.);
#9571=ORIENTED_EDGE('',*,*,#6904,.T.);
#9572=ORIENTED_EDGE('',*,*,#6903,.T.);
#9573=ORIENTED_EDGE('',*,*,#6905,.F.);
#9574=ORIENTED_EDGE('',*,*,#6906,.F.);
#9575=ORIENTED_EDGE('',*,*,#6907,.F.);
#9576=ORIENTED_EDGE('',*,*,#6906,.T.);
#9577=ORIENTED_EDGE('',*,*,#6908,.F.);
#9578=ORIENTED_EDGE('',*,*,#6909,.F.);
#9579=ORIENTED_EDGE('',*,*,#6910,.T.);
#9580=ORIENTED_EDGE('',*,*,#6909,.T.);
#9581=ORIENTED_EDGE('',*,*,#6911,.F.);
#9582=ORIENTED_EDGE('',*,*,#6912,.F.);
#9583=ORIENTED_EDGE('',*,*,#6913,.F.);
#9584=ORIENTED_EDGE('',*,*,#6912,.T.);
#9585=ORIENTED_EDGE('',*,*,#6914,.F.);
#9586=ORIENTED_EDGE('',*,*,#6915,.F.);
#9587=ORIENTED_EDGE('',*,*,#6916,.F.);
#9588=ORIENTED_EDGE('',*,*,#6915,.T.);
#9589=ORIENTED_EDGE('',*,*,#6917,.F.);
#9590=ORIENTED_EDGE('',*,*,#6918,.F.);
#9591=ORIENTED_EDGE('',*,*,#6919,.T.);
#9592=ORIENTED_EDGE('',*,*,#6918,.T.);
#9593=ORIENTED_EDGE('',*,*,#6920,.F.);
#9594=ORIENTED_EDGE('',*,*,#6921,.F.);
#9595=ORIENTED_EDGE('',*,*,#6922,.F.);
#9596=ORIENTED_EDGE('',*,*,#6921,.T.);
#9597=ORIENTED_EDGE('',*,*,#6923,.F.);
#9598=ORIENTED_EDGE('',*,*,#6924,.F.);
#9599=ORIENTED_EDGE('',*,*,#6925,.T.);
#9600=ORIENTED_EDGE('',*,*,#6924,.T.);
#9601=ORIENTED_EDGE('',*,*,#6926,.F.);
#9602=ORIENTED_EDGE('',*,*,#6927,.F.);
#9603=ORIENTED_EDGE('',*,*,#6928,.T.);
#9604=ORIENTED_EDGE('',*,*,#6927,.T.);
#9605=ORIENTED_EDGE('',*,*,#6929,.F.);
#9606=ORIENTED_EDGE('',*,*,#6930,.F.);
#9607=ORIENTED_EDGE('',*,*,#6931,.F.);
#9608=ORIENTED_EDGE('',*,*,#6930,.T.);
#9609=ORIENTED_EDGE('',*,*,#6932,.F.);
#9610=ORIENTED_EDGE('',*,*,#6874,.F.);
#9611=ORIENTED_EDGE('',*,*,#6931,.T.);
#9612=ORIENTED_EDGE('',*,*,#6873,.F.);
#9613=ORIENTED_EDGE('',*,*,#6877,.F.);
#9614=ORIENTED_EDGE('',*,*,#6880,.T.);
#9615=ORIENTED_EDGE('',*,*,#6883,.F.);
#9616=ORIENTED_EDGE('',*,*,#6886,.T.);
#9617=ORIENTED_EDGE('',*,*,#6889,.T.);
#9618=ORIENTED_EDGE('',*,*,#6892,.T.);
#9619=ORIENTED_EDGE('',*,*,#6895,.T.);
#9620=ORIENTED_EDGE('',*,*,#6898,.F.);
#9621=ORIENTED_EDGE('',*,*,#6901,.F.);
#9622=ORIENTED_EDGE('',*,*,#6904,.F.);
#9623=ORIENTED_EDGE('',*,*,#6907,.T.);
#9624=ORIENTED_EDGE('',*,*,#6910,.F.);
#9625=ORIENTED_EDGE('',*,*,#6913,.T.);
#9626=ORIENTED_EDGE('',*,*,#6916,.T.);
#9627=ORIENTED_EDGE('',*,*,#6919,.F.);
#9628=ORIENTED_EDGE('',*,*,#6922,.T.);
#9629=ORIENTED_EDGE('',*,*,#6925,.F.);
#9630=ORIENTED_EDGE('',*,*,#6928,.F.);
#9631=ORIENTED_EDGE('',*,*,#6932,.T.);
#9632=ORIENTED_EDGE('',*,*,#6929,.T.);
#9633=ORIENTED_EDGE('',*,*,#6926,.T.);
#9634=ORIENTED_EDGE('',*,*,#6923,.T.);
#9635=ORIENTED_EDGE('',*,*,#6920,.T.);
#9636=ORIENTED_EDGE('',*,*,#6917,.T.);
#9637=ORIENTED_EDGE('',*,*,#6914,.T.);
#9638=ORIENTED_EDGE('',*,*,#6911,.T.);
#9639=ORIENTED_EDGE('',*,*,#6908,.T.);
#9640=ORIENTED_EDGE('',*,*,#6905,.T.);
#9641=ORIENTED_EDGE('',*,*,#6902,.T.);
#9642=ORIENTED_EDGE('',*,*,#6899,.T.);
#9643=ORIENTED_EDGE('',*,*,#6896,.T.);
#9644=ORIENTED_EDGE('',*,*,#6893,.T.);
#9645=ORIENTED_EDGE('',*,*,#6890,.T.);
#9646=ORIENTED_EDGE('',*,*,#6887,.T.);
#9647=ORIENTED_EDGE('',*,*,#6884,.T.);
#9648=ORIENTED_EDGE('',*,*,#6881,.T.);
#9649=ORIENTED_EDGE('',*,*,#6878,.T.);
#9650=ORIENTED_EDGE('',*,*,#6875,.T.);
#9651=ORIENTED_EDGE('',*,*,#6933,.T.);
#9652=ORIENTED_EDGE('',*,*,#6934,.T.);
#9653=ORIENTED_EDGE('',*,*,#6935,.F.);
#9654=ORIENTED_EDGE('',*,*,#6936,.F.);
#9655=ORIENTED_EDGE('',*,*,#6937,.T.);
#9656=ORIENTED_EDGE('',*,*,#6936,.T.);
#9657=ORIENTED_EDGE('',*,*,#6938,.F.);
#9658=ORIENTED_EDGE('',*,*,#6939,.F.);
#9659=ORIENTED_EDGE('',*,*,#6940,.F.);
#9660=ORIENTED_EDGE('',*,*,#6939,.T.);
#9661=ORIENTED_EDGE('',*,*,#6941,.F.);
#9662=ORIENTED_EDGE('',*,*,#6942,.F.);
#9663=ORIENTED_EDGE('',*,*,#6943,.T.);
#9664=ORIENTED_EDGE('',*,*,#6942,.T.);
#9665=ORIENTED_EDGE('',*,*,#6944,.F.);
#9666=ORIENTED_EDGE('',*,*,#6945,.F.);
#9667=ORIENTED_EDGE('',*,*,#6946,.F.);
#9668=ORIENTED_EDGE('',*,*,#6945,.T.);
#9669=ORIENTED_EDGE('',*,*,#6947,.F.);
#9670=ORIENTED_EDGE('',*,*,#6948,.F.);
#9671=ORIENTED_EDGE('',*,*,#6949,.F.);
#9672=ORIENTED_EDGE('',*,*,#6948,.T.);
#9673=ORIENTED_EDGE('',*,*,#6950,.F.);
#9674=ORIENTED_EDGE('',*,*,#6951,.F.);
#9675=ORIENTED_EDGE('',*,*,#6952,.F.);
#9676=ORIENTED_EDGE('',*,*,#6951,.T.);
#9677=ORIENTED_EDGE('',*,*,#6953,.F.);
#9678=ORIENTED_EDGE('',*,*,#6954,.F.);
#9679=ORIENTED_EDGE('',*,*,#6955,.F.);
#9680=ORIENTED_EDGE('',*,*,#6954,.T.);
#9681=ORIENTED_EDGE('',*,*,#6956,.F.);
#9682=ORIENTED_EDGE('',*,*,#6957,.F.);
#9683=ORIENTED_EDGE('',*,*,#6958,.T.);
#9684=ORIENTED_EDGE('',*,*,#6957,.T.);
#9685=ORIENTED_EDGE('',*,*,#6959,.F.);
#9686=ORIENTED_EDGE('',*,*,#6960,.F.);
#9687=ORIENTED_EDGE('',*,*,#6961,.T.);
#9688=ORIENTED_EDGE('',*,*,#6960,.T.);
#9689=ORIENTED_EDGE('',*,*,#6962,.F.);
#9690=ORIENTED_EDGE('',*,*,#6963,.F.);
#9691=ORIENTED_EDGE('',*,*,#6964,.T.);
#9692=ORIENTED_EDGE('',*,*,#6963,.T.);
#9693=ORIENTED_EDGE('',*,*,#6965,.F.);
#9694=ORIENTED_EDGE('',*,*,#6966,.F.);
#9695=ORIENTED_EDGE('',*,*,#6967,.F.);
#9696=ORIENTED_EDGE('',*,*,#6966,.T.);
#9697=ORIENTED_EDGE('',*,*,#6968,.F.);
#9698=ORIENTED_EDGE('',*,*,#6969,.F.);
#9699=ORIENTED_EDGE('',*,*,#6970,.T.);
#9700=ORIENTED_EDGE('',*,*,#6969,.T.);
#9701=ORIENTED_EDGE('',*,*,#6971,.F.);
#9702=ORIENTED_EDGE('',*,*,#6972,.F.);
#9703=ORIENTED_EDGE('',*,*,#6973,.F.);
#9704=ORIENTED_EDGE('',*,*,#6972,.T.);
#9705=ORIENTED_EDGE('',*,*,#6974,.F.);
#9706=ORIENTED_EDGE('',*,*,#6975,.F.);
#9707=ORIENTED_EDGE('',*,*,#6976,.F.);
#9708=ORIENTED_EDGE('',*,*,#6975,.T.);
#9709=ORIENTED_EDGE('',*,*,#6977,.F.);
#9710=ORIENTED_EDGE('',*,*,#6978,.F.);
#9711=ORIENTED_EDGE('',*,*,#6979,.T.);
#9712=ORIENTED_EDGE('',*,*,#6978,.T.);
#9713=ORIENTED_EDGE('',*,*,#6980,.F.);
#9714=ORIENTED_EDGE('',*,*,#6981,.F.);
#9715=ORIENTED_EDGE('',*,*,#6982,.F.);
#9716=ORIENTED_EDGE('',*,*,#6981,.T.);
#9717=ORIENTED_EDGE('',*,*,#6983,.F.);
#9718=ORIENTED_EDGE('',*,*,#6984,.F.);
#9719=ORIENTED_EDGE('',*,*,#6985,.T.);
#9720=ORIENTED_EDGE('',*,*,#6984,.T.);
#9721=ORIENTED_EDGE('',*,*,#6986,.F.);
#9722=ORIENTED_EDGE('',*,*,#6987,.F.);
#9723=ORIENTED_EDGE('',*,*,#6988,.T.);
#9724=ORIENTED_EDGE('',*,*,#6987,.T.);
#9725=ORIENTED_EDGE('',*,*,#6989,.F.);
#9726=ORIENTED_EDGE('',*,*,#6990,.F.);
#9727=ORIENTED_EDGE('',*,*,#6991,.F.);
#9728=ORIENTED_EDGE('',*,*,#6990,.T.);
#9729=ORIENTED_EDGE('',*,*,#6992,.F.);
#9730=ORIENTED_EDGE('',*,*,#6934,.F.);
#9731=ORIENTED_EDGE('',*,*,#6991,.T.);
#9732=ORIENTED_EDGE('',*,*,#6933,.F.);
#9733=ORIENTED_EDGE('',*,*,#6937,.F.);
#9734=ORIENTED_EDGE('',*,*,#6940,.T.);
#9735=ORIENTED_EDGE('',*,*,#6943,.F.);
#9736=ORIENTED_EDGE('',*,*,#6946,.T.);
#9737=ORIENTED_EDGE('',*,*,#6949,.T.);
#9738=ORIENTED_EDGE('',*,*,#6952,.T.);
#9739=ORIENTED_EDGE('',*,*,#6955,.T.);
#9740=ORIENTED_EDGE('',*,*,#6958,.F.);
#9741=ORIENTED_EDGE('',*,*,#6961,.F.);
#9742=ORIENTED_EDGE('',*,*,#6964,.F.);
#9743=ORIENTED_EDGE('',*,*,#6967,.T.);
#9744=ORIENTED_EDGE('',*,*,#6970,.F.);
#9745=ORIENTED_EDGE('',*,*,#6973,.T.);
#9746=ORIENTED_EDGE('',*,*,#6976,.T.);
#9747=ORIENTED_EDGE('',*,*,#6979,.F.);
#9748=ORIENTED_EDGE('',*,*,#6982,.T.);
#9749=ORIENTED_EDGE('',*,*,#6985,.F.);
#9750=ORIENTED_EDGE('',*,*,#6988,.F.);
#9751=ORIENTED_EDGE('',*,*,#6992,.T.);
#9752=ORIENTED_EDGE('',*,*,#6989,.T.);
#9753=ORIENTED_EDGE('',*,*,#6986,.T.);
#9754=ORIENTED_EDGE('',*,*,#6983,.T.);
#9755=ORIENTED_EDGE('',*,*,#6980,.T.);
#9756=ORIENTED_EDGE('',*,*,#6977,.T.);
#9757=ORIENTED_EDGE('',*,*,#6974,.T.);
#9758=ORIENTED_EDGE('',*,*,#6971,.T.);
#9759=ORIENTED_EDGE('',*,*,#6968,.T.);
#9760=ORIENTED_EDGE('',*,*,#6965,.T.);
#9761=ORIENTED_EDGE('',*,*,#6962,.T.);
#9762=ORIENTED_EDGE('',*,*,#6959,.T.);
#9763=ORIENTED_EDGE('',*,*,#6956,.T.);
#9764=ORIENTED_EDGE('',*,*,#6953,.T.);
#9765=ORIENTED_EDGE('',*,*,#6950,.T.);
#9766=ORIENTED_EDGE('',*,*,#6947,.T.);
#9767=ORIENTED_EDGE('',*,*,#6944,.T.);
#9768=ORIENTED_EDGE('',*,*,#6941,.T.);
#9769=ORIENTED_EDGE('',*,*,#6938,.T.);
#9770=ORIENTED_EDGE('',*,*,#6935,.T.);
#9771=ORIENTED_EDGE('',*,*,#6993,.T.);
#9772=ORIENTED_EDGE('',*,*,#6994,.T.);
#9773=ORIENTED_EDGE('',*,*,#6995,.F.);
#9774=ORIENTED_EDGE('',*,*,#6996,.F.);
#9775=ORIENTED_EDGE('',*,*,#6997,.T.);
#9776=ORIENTED_EDGE('',*,*,#6996,.T.);
#9777=ORIENTED_EDGE('',*,*,#6998,.F.);
#9778=ORIENTED_EDGE('',*,*,#6999,.F.);
#9779=ORIENTED_EDGE('',*,*,#7000,.F.);
#9780=ORIENTED_EDGE('',*,*,#6999,.T.);
#9781=ORIENTED_EDGE('',*,*,#7001,.F.);
#9782=ORIENTED_EDGE('',*,*,#7002,.F.);
#9783=ORIENTED_EDGE('',*,*,#7003,.T.);
#9784=ORIENTED_EDGE('',*,*,#7002,.T.);
#9785=ORIENTED_EDGE('',*,*,#7004,.F.);
#9786=ORIENTED_EDGE('',*,*,#7005,.F.);
#9787=ORIENTED_EDGE('',*,*,#7006,.F.);
#9788=ORIENTED_EDGE('',*,*,#7005,.T.);
#9789=ORIENTED_EDGE('',*,*,#7007,.F.);
#9790=ORIENTED_EDGE('',*,*,#7008,.F.);
#9791=ORIENTED_EDGE('',*,*,#7009,.F.);
#9792=ORIENTED_EDGE('',*,*,#7008,.T.);
#9793=ORIENTED_EDGE('',*,*,#7010,.F.);
#9794=ORIENTED_EDGE('',*,*,#7011,.F.);
#9795=ORIENTED_EDGE('',*,*,#7012,.F.);
#9796=ORIENTED_EDGE('',*,*,#7011,.T.);
#9797=ORIENTED_EDGE('',*,*,#7013,.F.);
#9798=ORIENTED_EDGE('',*,*,#7014,.F.);
#9799=ORIENTED_EDGE('',*,*,#7015,.F.);
#9800=ORIENTED_EDGE('',*,*,#7014,.T.);
#9801=ORIENTED_EDGE('',*,*,#7016,.F.);
#9802=ORIENTED_EDGE('',*,*,#7017,.F.);
#9803=ORIENTED_EDGE('',*,*,#7018,.T.);
#9804=ORIENTED_EDGE('',*,*,#7017,.T.);
#9805=ORIENTED_EDGE('',*,*,#7019,.F.);
#9806=ORIENTED_EDGE('',*,*,#7020,.F.);
#9807=ORIENTED_EDGE('',*,*,#7021,.T.);
#9808=ORIENTED_EDGE('',*,*,#7020,.T.);
#9809=ORIENTED_EDGE('',*,*,#7022,.F.);
#9810=ORIENTED_EDGE('',*,*,#7023,.F.);
#9811=ORIENTED_EDGE('',*,*,#7024,.T.);
#9812=ORIENTED_EDGE('',*,*,#7023,.T.);
#9813=ORIENTED_EDGE('',*,*,#7025,.F.);
#9814=ORIENTED_EDGE('',*,*,#7026,.F.);
#9815=ORIENTED_EDGE('',*,*,#7027,.F.);
#9816=ORIENTED_EDGE('',*,*,#7026,.T.);
#9817=ORIENTED_EDGE('',*,*,#7028,.F.);
#9818=ORIENTED_EDGE('',*,*,#7029,.F.);
#9819=ORIENTED_EDGE('',*,*,#7030,.T.);
#9820=ORIENTED_EDGE('',*,*,#7029,.T.);
#9821=ORIENTED_EDGE('',*,*,#7031,.F.);
#9822=ORIENTED_EDGE('',*,*,#7032,.F.);
#9823=ORIENTED_EDGE('',*,*,#7033,.F.);
#9824=ORIENTED_EDGE('',*,*,#7032,.T.);
#9825=ORIENTED_EDGE('',*,*,#7034,.F.);
#9826=ORIENTED_EDGE('',*,*,#7035,.F.);
#9827=ORIENTED_EDGE('',*,*,#7036,.F.);
#9828=ORIENTED_EDGE('',*,*,#7035,.T.);
#9829=ORIENTED_EDGE('',*,*,#7037,.F.);
#9830=ORIENTED_EDGE('',*,*,#7038,.F.);
#9831=ORIENTED_EDGE('',*,*,#7039,.T.);
#9832=ORIENTED_EDGE('',*,*,#7038,.T.);
#9833=ORIENTED_EDGE('',*,*,#7040,.F.);
#9834=ORIENTED_EDGE('',*,*,#7041,.F.);
#9835=ORIENTED_EDGE('',*,*,#7042,.F.);
#9836=ORIENTED_EDGE('',*,*,#7041,.T.);
#9837=ORIENTED_EDGE('',*,*,#7043,.F.);
#9838=ORIENTED_EDGE('',*,*,#7044,.F.);
#9839=ORIENTED_EDGE('',*,*,#7045,.T.);
#9840=ORIENTED_EDGE('',*,*,#7044,.T.);
#9841=ORIENTED_EDGE('',*,*,#7046,.F.);
#9842=ORIENTED_EDGE('',*,*,#7047,.F.);
#9843=ORIENTED_EDGE('',*,*,#7048,.T.);
#9844=ORIENTED_EDGE('',*,*,#7047,.T.);
#9845=ORIENTED_EDGE('',*,*,#7049,.F.);
#9846=ORIENTED_EDGE('',*,*,#7050,.F.);
#9847=ORIENTED_EDGE('',*,*,#7051,.F.);
#9848=ORIENTED_EDGE('',*,*,#7050,.T.);
#9849=ORIENTED_EDGE('',*,*,#7052,.F.);
#9850=ORIENTED_EDGE('',*,*,#6994,.F.);
#9851=ORIENTED_EDGE('',*,*,#7051,.T.);
#9852=ORIENTED_EDGE('',*,*,#6993,.F.);
#9853=ORIENTED_EDGE('',*,*,#6997,.F.);
#9854=ORIENTED_EDGE('',*,*,#7000,.T.);
#9855=ORIENTED_EDGE('',*,*,#7003,.F.);
#9856=ORIENTED_EDGE('',*,*,#7006,.T.);
#9857=ORIENTED_EDGE('',*,*,#7009,.T.);
#9858=ORIENTED_EDGE('',*,*,#7012,.T.);
#9859=ORIENTED_EDGE('',*,*,#7015,.T.);
#9860=ORIENTED_EDGE('',*,*,#7018,.F.);
#9861=ORIENTED_EDGE('',*,*,#7021,.F.);
#9862=ORIENTED_EDGE('',*,*,#7024,.F.);
#9863=ORIENTED_EDGE('',*,*,#7027,.T.);
#9864=ORIENTED_EDGE('',*,*,#7030,.F.);
#9865=ORIENTED_EDGE('',*,*,#7033,.T.);
#9866=ORIENTED_EDGE('',*,*,#7036,.T.);
#9867=ORIENTED_EDGE('',*,*,#7039,.F.);
#9868=ORIENTED_EDGE('',*,*,#7042,.T.);
#9869=ORIENTED_EDGE('',*,*,#7045,.F.);
#9870=ORIENTED_EDGE('',*,*,#7048,.F.);
#9871=ORIENTED_EDGE('',*,*,#7052,.T.);
#9872=ORIENTED_EDGE('',*,*,#7049,.T.);
#9873=ORIENTED_EDGE('',*,*,#7046,.T.);
#9874=ORIENTED_EDGE('',*,*,#7043,.T.);
#9875=ORIENTED_EDGE('',*,*,#7040,.T.);
#9876=ORIENTED_EDGE('',*,*,#7037,.T.);
#9877=ORIENTED_EDGE('',*,*,#7034,.T.);
#9878=ORIENTED_EDGE('',*,*,#7031,.T.);
#9879=ORIENTED_EDGE('',*,*,#7028,.T.);
#9880=ORIENTED_EDGE('',*,*,#7025,.T.);
#9881=ORIENTED_EDGE('',*,*,#7022,.T.);
#9882=ORIENTED_EDGE('',*,*,#7019,.T.);
#9883=ORIENTED_EDGE('',*,*,#7016,.T.);
#9884=ORIENTED_EDGE('',*,*,#7013,.T.);
#9885=ORIENTED_EDGE('',*,*,#7010,.T.);
#9886=ORIENTED_EDGE('',*,*,#7007,.T.);
#9887=ORIENTED_EDGE('',*,*,#7004,.T.);
#9888=ORIENTED_EDGE('',*,*,#7001,.T.);
#9889=ORIENTED_EDGE('',*,*,#6998,.T.);
#9890=ORIENTED_EDGE('',*,*,#6995,.T.);
#9891=ORIENTED_EDGE('',*,*,#7053,.T.);
#9892=ORIENTED_EDGE('',*,*,#7054,.T.);
#9893=ORIENTED_EDGE('',*,*,#7055,.F.);
#9894=ORIENTED_EDGE('',*,*,#7056,.F.);
#9895=ORIENTED_EDGE('',*,*,#7057,.T.);
#9896=ORIENTED_EDGE('',*,*,#7056,.T.);
#9897=ORIENTED_EDGE('',*,*,#7058,.F.);
#9898=ORIENTED_EDGE('',*,*,#7059,.F.);
#9899=ORIENTED_EDGE('',*,*,#7060,.F.);
#9900=ORIENTED_EDGE('',*,*,#7059,.T.);
#9901=ORIENTED_EDGE('',*,*,#7061,.F.);
#9902=ORIENTED_EDGE('',*,*,#7062,.F.);
#9903=ORIENTED_EDGE('',*,*,#7063,.T.);
#9904=ORIENTED_EDGE('',*,*,#7062,.T.);
#9905=ORIENTED_EDGE('',*,*,#7064,.F.);
#9906=ORIENTED_EDGE('',*,*,#7065,.F.);
#9907=ORIENTED_EDGE('',*,*,#7066,.F.);
#9908=ORIENTED_EDGE('',*,*,#7065,.T.);
#9909=ORIENTED_EDGE('',*,*,#7067,.F.);
#9910=ORIENTED_EDGE('',*,*,#7068,.F.);
#9911=ORIENTED_EDGE('',*,*,#7069,.F.);
#9912=ORIENTED_EDGE('',*,*,#7068,.T.);
#9913=ORIENTED_EDGE('',*,*,#7070,.F.);
#9914=ORIENTED_EDGE('',*,*,#7071,.F.);
#9915=ORIENTED_EDGE('',*,*,#7072,.F.);
#9916=ORIENTED_EDGE('',*,*,#7071,.T.);
#9917=ORIENTED_EDGE('',*,*,#7073,.F.);
#9918=ORIENTED_EDGE('',*,*,#7074,.F.);
#9919=ORIENTED_EDGE('',*,*,#7075,.F.);
#9920=ORIENTED_EDGE('',*,*,#7074,.T.);
#9921=ORIENTED_EDGE('',*,*,#7076,.F.);
#9922=ORIENTED_EDGE('',*,*,#7077,.F.);
#9923=ORIENTED_EDGE('',*,*,#7078,.T.);
#9924=ORIENTED_EDGE('',*,*,#7077,.T.);
#9925=ORIENTED_EDGE('',*,*,#7079,.F.);
#9926=ORIENTED_EDGE('',*,*,#7080,.F.);
#9927=ORIENTED_EDGE('',*,*,#7081,.T.);
#9928=ORIENTED_EDGE('',*,*,#7080,.T.);
#9929=ORIENTED_EDGE('',*,*,#7082,.F.);
#9930=ORIENTED_EDGE('',*,*,#7083,.F.);
#9931=ORIENTED_EDGE('',*,*,#7084,.T.);
#9932=ORIENTED_EDGE('',*,*,#7083,.T.);
#9933=ORIENTED_EDGE('',*,*,#7085,.F.);
#9934=ORIENTED_EDGE('',*,*,#7086,.F.);
#9935=ORIENTED_EDGE('',*,*,#7087,.F.);
#9936=ORIENTED_EDGE('',*,*,#7086,.T.);
#9937=ORIENTED_EDGE('',*,*,#7088,.F.);
#9938=ORIENTED_EDGE('',*,*,#7089,.F.);
#9939=ORIENTED_EDGE('',*,*,#7090,.T.);
#9940=ORIENTED_EDGE('',*,*,#7089,.T.);
#9941=ORIENTED_EDGE('',*,*,#7091,.F.);
#9942=ORIENTED_EDGE('',*,*,#7092,.F.);
#9943=ORIENTED_EDGE('',*,*,#7093,.F.);
#9944=ORIENTED_EDGE('',*,*,#7092,.T.);
#9945=ORIENTED_EDGE('',*,*,#7094,.F.);
#9946=ORIENTED_EDGE('',*,*,#7095,.F.);
#9947=ORIENTED_EDGE('',*,*,#7096,.F.);
#9948=ORIENTED_EDGE('',*,*,#7095,.T.);
#9949=ORIENTED_EDGE('',*,*,#7097,.F.);
#9950=ORIENTED_EDGE('',*,*,#7098,.F.);
#9951=ORIENTED_EDGE('',*,*,#7099,.T.);
#9952=ORIENTED_EDGE('',*,*,#7098,.T.);
#9953=ORIENTED_EDGE('',*,*,#7100,.F.);
#9954=ORIENTED_EDGE('',*,*,#7101,.F.);
#9955=ORIENTED_EDGE('',*,*,#7102,.F.);
#9956=ORIENTED_EDGE('',*,*,#7101,.T.);
#9957=ORIENTED_EDGE('',*,*,#7103,.F.);
#9958=ORIENTED_EDGE('',*,*,#7104,.F.);
#9959=ORIENTED_EDGE('',*,*,#7105,.T.);
#9960=ORIENTED_EDGE('',*,*,#7104,.T.);
#9961=ORIENTED_EDGE('',*,*,#7106,.F.);
#9962=ORIENTED_EDGE('',*,*,#7107,.F.);
#9963=ORIENTED_EDGE('',*,*,#7108,.T.);
#9964=ORIENTED_EDGE('',*,*,#7107,.T.);
#9965=ORIENTED_EDGE('',*,*,#7109,.F.);
#9966=ORIENTED_EDGE('',*,*,#7110,.F.);
#9967=ORIENTED_EDGE('',*,*,#7111,.F.);
#9968=ORIENTED_EDGE('',*,*,#7110,.T.);
#9969=ORIENTED_EDGE('',*,*,#7112,.F.);
#9970=ORIENTED_EDGE('',*,*,#7054,.F.);
#9971=ORIENTED_EDGE('',*,*,#7111,.T.);
#9972=ORIENTED_EDGE('',*,*,#7053,.F.);
#9973=ORIENTED_EDGE('',*,*,#7057,.F.);
#9974=ORIENTED_EDGE('',*,*,#7060,.T.);
#9975=ORIENTED_EDGE('',*,*,#7063,.F.);
#9976=ORIENTED_EDGE('',*,*,#7066,.T.);
#9977=ORIENTED_EDGE('',*,*,#7069,.T.);
#9978=ORIENTED_EDGE('',*,*,#7072,.T.);
#9979=ORIENTED_EDGE('',*,*,#7075,.T.);
#9980=ORIENTED_EDGE('',*,*,#7078,.F.);
#9981=ORIENTED_EDGE('',*,*,#7081,.F.);
#9982=ORIENTED_EDGE('',*,*,#7084,.F.);
#9983=ORIENTED_EDGE('',*,*,#7087,.T.);
#9984=ORIENTED_EDGE('',*,*,#7090,.F.);
#9985=ORIENTED_EDGE('',*,*,#7093,.T.);
#9986=ORIENTED_EDGE('',*,*,#7096,.T.);
#9987=ORIENTED_EDGE('',*,*,#7099,.F.);
#9988=ORIENTED_EDGE('',*,*,#7102,.T.);
#9989=ORIENTED_EDGE('',*,*,#7105,.F.);
#9990=ORIENTED_EDGE('',*,*,#7108,.F.);
#9991=ORIENTED_EDGE('',*,*,#7112,.T.);
#9992=ORIENTED_EDGE('',*,*,#7109,.T.);
#9993=ORIENTED_EDGE('',*,*,#7106,.T.);
#9994=ORIENTED_EDGE('',*,*,#7103,.T.);
#9995=ORIENTED_EDGE('',*,*,#7100,.T.);
#9996=ORIENTED_EDGE('',*,*,#7097,.T.);
#9997=ORIENTED_EDGE('',*,*,#7094,.T.);
#9998=ORIENTED_EDGE('',*,*,#7091,.T.);
#9999=ORIENTED_EDGE('',*,*,#7088,.T.);
#10000=ORIENTED_EDGE('',*,*,#7085,.T.);
#10001=ORIENTED_EDGE('',*,*,#7082,.T.);
#10002=ORIENTED_EDGE('',*,*,#7079,.T.);
#10003=ORIENTED_EDGE('',*,*,#7076,.T.);
#10004=ORIENTED_EDGE('',*,*,#7073,.T.);
#10005=ORIENTED_EDGE('',*,*,#7070,.T.);
#10006=ORIENTED_EDGE('',*,*,#7067,.T.);
#10007=ORIENTED_EDGE('',*,*,#7064,.T.);
#10008=ORIENTED_EDGE('',*,*,#7061,.T.);
#10009=ORIENTED_EDGE('',*,*,#7058,.T.);
#10010=ORIENTED_EDGE('',*,*,#7055,.T.);
#10011=ORIENTED_EDGE('',*,*,#7113,.T.);
#10012=ORIENTED_EDGE('',*,*,#7114,.T.);
#10013=ORIENTED_EDGE('',*,*,#7115,.F.);
#10014=ORIENTED_EDGE('',*,*,#7116,.F.);
#10015=ORIENTED_EDGE('',*,*,#7117,.T.);
#10016=ORIENTED_EDGE('',*,*,#7116,.T.);
#10017=ORIENTED_EDGE('',*,*,#7118,.F.);
#10018=ORIENTED_EDGE('',*,*,#7119,.F.);
#10019=ORIENTED_EDGE('',*,*,#7120,.F.);
#10020=ORIENTED_EDGE('',*,*,#7119,.T.);
#10021=ORIENTED_EDGE('',*,*,#7121,.F.);
#10022=ORIENTED_EDGE('',*,*,#7122,.F.);
#10023=ORIENTED_EDGE('',*,*,#7123,.T.);
#10024=ORIENTED_EDGE('',*,*,#7122,.T.);
#10025=ORIENTED_EDGE('',*,*,#7124,.F.);
#10026=ORIENTED_EDGE('',*,*,#7125,.F.);
#10027=ORIENTED_EDGE('',*,*,#7126,.F.);
#10028=ORIENTED_EDGE('',*,*,#7125,.T.);
#10029=ORIENTED_EDGE('',*,*,#7127,.F.);
#10030=ORIENTED_EDGE('',*,*,#7128,.F.);
#10031=ORIENTED_EDGE('',*,*,#7129,.F.);
#10032=ORIENTED_EDGE('',*,*,#7128,.T.);
#10033=ORIENTED_EDGE('',*,*,#7130,.F.);
#10034=ORIENTED_EDGE('',*,*,#7131,.F.);
#10035=ORIENTED_EDGE('',*,*,#7132,.F.);
#10036=ORIENTED_EDGE('',*,*,#7131,.T.);
#10037=ORIENTED_EDGE('',*,*,#7133,.F.);
#10038=ORIENTED_EDGE('',*,*,#7134,.F.);
#10039=ORIENTED_EDGE('',*,*,#7135,.F.);
#10040=ORIENTED_EDGE('',*,*,#7134,.T.);
#10041=ORIENTED_EDGE('',*,*,#7136,.F.);
#10042=ORIENTED_EDGE('',*,*,#7137,.F.);
#10043=ORIENTED_EDGE('',*,*,#7138,.T.);
#10044=ORIENTED_EDGE('',*,*,#7137,.T.);
#10045=ORIENTED_EDGE('',*,*,#7139,.F.);
#10046=ORIENTED_EDGE('',*,*,#7140,.F.);
#10047=ORIENTED_EDGE('',*,*,#7141,.T.);
#10048=ORIENTED_EDGE('',*,*,#7140,.T.);
#10049=ORIENTED_EDGE('',*,*,#7142,.F.);
#10050=ORIENTED_EDGE('',*,*,#7143,.F.);
#10051=ORIENTED_EDGE('',*,*,#7144,.T.);
#10052=ORIENTED_EDGE('',*,*,#7143,.T.);
#10053=ORIENTED_EDGE('',*,*,#7145,.F.);
#10054=ORIENTED_EDGE('',*,*,#7146,.F.);
#10055=ORIENTED_EDGE('',*,*,#7147,.F.);
#10056=ORIENTED_EDGE('',*,*,#7146,.T.);
#10057=ORIENTED_EDGE('',*,*,#7148,.F.);
#10058=ORIENTED_EDGE('',*,*,#7149,.F.);
#10059=ORIENTED_EDGE('',*,*,#7150,.T.);
#10060=ORIENTED_EDGE('',*,*,#7149,.T.);
#10061=ORIENTED_EDGE('',*,*,#7151,.F.);
#10062=ORIENTED_EDGE('',*,*,#7152,.F.);
#10063=ORIENTED_EDGE('',*,*,#7153,.F.);
#10064=ORIENTED_EDGE('',*,*,#7152,.T.);
#10065=ORIENTED_EDGE('',*,*,#7154,.F.);
#10066=ORIENTED_EDGE('',*,*,#7155,.F.);
#10067=ORIENTED_EDGE('',*,*,#7156,.F.);
#10068=ORIENTED_EDGE('',*,*,#7155,.T.);
#10069=ORIENTED_EDGE('',*,*,#7157,.F.);
#10070=ORIENTED_EDGE('',*,*,#7158,.F.);
#10071=ORIENTED_EDGE('',*,*,#7159,.T.);
#10072=ORIENTED_EDGE('',*,*,#7158,.T.);
#10073=ORIENTED_EDGE('',*,*,#7160,.F.);
#10074=ORIENTED_EDGE('',*,*,#7161,.F.);
#10075=ORIENTED_EDGE('',*,*,#7162,.F.);
#10076=ORIENTED_EDGE('',*,*,#7161,.T.);
#10077=ORIENTED_EDGE('',*,*,#7163,.F.);
#10078=ORIENTED_EDGE('',*,*,#7164,.F.);
#10079=ORIENTED_EDGE('',*,*,#7165,.T.);
#10080=ORIENTED_EDGE('',*,*,#7164,.T.);
#10081=ORIENTED_EDGE('',*,*,#7166,.F.);
#10082=ORIENTED_EDGE('',*,*,#7167,.F.);
#10083=ORIENTED_EDGE('',*,*,#7168,.T.);
#10084=ORIENTED_EDGE('',*,*,#7167,.T.);
#10085=ORIENTED_EDGE('',*,*,#7169,.F.);
#10086=ORIENTED_EDGE('',*,*,#7170,.F.);
#10087=ORIENTED_EDGE('',*,*,#7171,.F.);
#10088=ORIENTED_EDGE('',*,*,#7170,.T.);
#10089=ORIENTED_EDGE('',*,*,#7172,.F.);
#10090=ORIENTED_EDGE('',*,*,#7114,.F.);
#10091=ORIENTED_EDGE('',*,*,#7171,.T.);
#10092=ORIENTED_EDGE('',*,*,#7113,.F.);
#10093=ORIENTED_EDGE('',*,*,#7117,.F.);
#10094=ORIENTED_EDGE('',*,*,#7120,.T.);
#10095=ORIENTED_EDGE('',*,*,#7123,.F.);
#10096=ORIENTED_EDGE('',*,*,#7126,.T.);
#10097=ORIENTED_EDGE('',*,*,#7129,.T.);
#10098=ORIENTED_EDGE('',*,*,#7132,.T.);
#10099=ORIENTED_EDGE('',*,*,#7135,.T.);
#10100=ORIENTED_EDGE('',*,*,#7138,.F.);
#10101=ORIENTED_EDGE('',*,*,#7141,.F.);
#10102=ORIENTED_EDGE('',*,*,#7144,.F.);
#10103=ORIENTED_EDGE('',*,*,#7147,.T.);
#10104=ORIENTED_EDGE('',*,*,#7150,.F.);
#10105=ORIENTED_EDGE('',*,*,#7153,.T.);
#10106=ORIENTED_EDGE('',*,*,#7156,.T.);
#10107=ORIENTED_EDGE('',*,*,#7159,.F.);
#10108=ORIENTED_EDGE('',*,*,#7162,.T.);
#10109=ORIENTED_EDGE('',*,*,#7165,.F.);
#10110=ORIENTED_EDGE('',*,*,#7168,.F.);
#10111=ORIENTED_EDGE('',*,*,#7172,.T.);
#10112=ORIENTED_EDGE('',*,*,#7169,.T.);
#10113=ORIENTED_EDGE('',*,*,#7166,.T.);
#10114=ORIENTED_EDGE('',*,*,#7163,.T.);
#10115=ORIENTED_EDGE('',*,*,#7160,.T.);
#10116=ORIENTED_EDGE('',*,*,#7157,.T.);
#10117=ORIENTED_EDGE('',*,*,#7154,.T.);
#10118=ORIENTED_EDGE('',*,*,#7151,.T.);
#10119=ORIENTED_EDGE('',*,*,#7148,.T.);
#10120=ORIENTED_EDGE('',*,*,#7145,.T.);
#10121=ORIENTED_EDGE('',*,*,#7142,.T.);
#10122=ORIENTED_EDGE('',*,*,#7139,.T.);
#10123=ORIENTED_EDGE('',*,*,#7136,.T.);
#10124=ORIENTED_EDGE('',*,*,#7133,.T.);
#10125=ORIENTED_EDGE('',*,*,#7130,.T.);
#10126=ORIENTED_EDGE('',*,*,#7127,.T.);
#10127=ORIENTED_EDGE('',*,*,#7124,.T.);
#10128=ORIENTED_EDGE('',*,*,#7121,.T.);
#10129=ORIENTED_EDGE('',*,*,#7118,.T.);
#10130=ORIENTED_EDGE('',*,*,#7115,.T.);
#10131=ORIENTED_EDGE('',*,*,#7173,.T.);
#10132=ORIENTED_EDGE('',*,*,#7174,.T.);
#10133=ORIENTED_EDGE('',*,*,#7175,.F.);
#10134=ORIENTED_EDGE('',*,*,#7176,.F.);
#10135=ORIENTED_EDGE('',*,*,#7177,.T.);
#10136=ORIENTED_EDGE('',*,*,#7176,.T.);
#10137=ORIENTED_EDGE('',*,*,#7178,.F.);
#10138=ORIENTED_EDGE('',*,*,#7179,.F.);
#10139=ORIENTED_EDGE('',*,*,#7180,.F.);
#10140=ORIENTED_EDGE('',*,*,#7179,.T.);
#10141=ORIENTED_EDGE('',*,*,#7181,.F.);
#10142=ORIENTED_EDGE('',*,*,#7182,.F.);
#10143=ORIENTED_EDGE('',*,*,#7183,.T.);
#10144=ORIENTED_EDGE('',*,*,#7182,.T.);
#10145=ORIENTED_EDGE('',*,*,#7184,.F.);
#10146=ORIENTED_EDGE('',*,*,#7185,.F.);
#10147=ORIENTED_EDGE('',*,*,#7186,.F.);
#10148=ORIENTED_EDGE('',*,*,#7185,.T.);
#10149=ORIENTED_EDGE('',*,*,#7187,.F.);
#10150=ORIENTED_EDGE('',*,*,#7188,.F.);
#10151=ORIENTED_EDGE('',*,*,#7189,.F.);
#10152=ORIENTED_EDGE('',*,*,#7188,.T.);
#10153=ORIENTED_EDGE('',*,*,#7190,.F.);
#10154=ORIENTED_EDGE('',*,*,#7191,.F.);
#10155=ORIENTED_EDGE('',*,*,#7192,.F.);
#10156=ORIENTED_EDGE('',*,*,#7191,.T.);
#10157=ORIENTED_EDGE('',*,*,#7193,.F.);
#10158=ORIENTED_EDGE('',*,*,#7194,.F.);
#10159=ORIENTED_EDGE('',*,*,#7195,.F.);
#10160=ORIENTED_EDGE('',*,*,#7194,.T.);
#10161=ORIENTED_EDGE('',*,*,#7196,.F.);
#10162=ORIENTED_EDGE('',*,*,#7197,.F.);
#10163=ORIENTED_EDGE('',*,*,#7198,.T.);
#10164=ORIENTED_EDGE('',*,*,#7197,.T.);
#10165=ORIENTED_EDGE('',*,*,#7199,.F.);
#10166=ORIENTED_EDGE('',*,*,#7200,.F.);
#10167=ORIENTED_EDGE('',*,*,#7201,.T.);
#10168=ORIENTED_EDGE('',*,*,#7200,.T.);
#10169=ORIENTED_EDGE('',*,*,#7202,.F.);
#10170=ORIENTED_EDGE('',*,*,#7203,.F.);
#10171=ORIENTED_EDGE('',*,*,#7204,.T.);
#10172=ORIENTED_EDGE('',*,*,#7203,.T.);
#10173=ORIENTED_EDGE('',*,*,#7205,.F.);
#10174=ORIENTED_EDGE('',*,*,#7206,.F.);
#10175=ORIENTED_EDGE('',*,*,#7207,.F.);
#10176=ORIENTED_EDGE('',*,*,#7206,.T.);
#10177=ORIENTED_EDGE('',*,*,#7208,.F.);
#10178=ORIENTED_EDGE('',*,*,#7209,.F.);
#10179=ORIENTED_EDGE('',*,*,#7210,.T.);
#10180=ORIENTED_EDGE('',*,*,#7209,.T.);
#10181=ORIENTED_EDGE('',*,*,#7211,.F.);
#10182=ORIENTED_EDGE('',*,*,#7212,.F.);
#10183=ORIENTED_EDGE('',*,*,#7213,.F.);
#10184=ORIENTED_EDGE('',*,*,#7212,.T.);
#10185=ORIENTED_EDGE('',*,*,#7214,.F.);
#10186=ORIENTED_EDGE('',*,*,#7215,.F.);
#10187=ORIENTED_EDGE('',*,*,#7216,.F.);
#10188=ORIENTED_EDGE('',*,*,#7215,.T.);
#10189=ORIENTED_EDGE('',*,*,#7217,.F.);
#10190=ORIENTED_EDGE('',*,*,#7218,.F.);
#10191=ORIENTED_EDGE('',*,*,#7219,.T.);
#10192=ORIENTED_EDGE('',*,*,#7218,.T.);
#10193=ORIENTED_EDGE('',*,*,#7220,.F.);
#10194=ORIENTED_EDGE('',*,*,#7221,.F.);
#10195=ORIENTED_EDGE('',*,*,#7222,.F.);
#10196=ORIENTED_EDGE('',*,*,#7221,.T.);
#10197=ORIENTED_EDGE('',*,*,#7223,.F.);
#10198=ORIENTED_EDGE('',*,*,#7224,.F.);
#10199=ORIENTED_EDGE('',*,*,#7225,.T.);
#10200=ORIENTED_EDGE('',*,*,#7224,.T.);
#10201=ORIENTED_EDGE('',*,*,#7226,.F.);
#10202=ORIENTED_EDGE('',*,*,#7227,.F.);
#10203=ORIENTED_EDGE('',*,*,#7228,.T.);
#10204=ORIENTED_EDGE('',*,*,#7227,.T.);
#10205=ORIENTED_EDGE('',*,*,#7229,.F.);
#10206=ORIENTED_EDGE('',*,*,#7230,.F.);
#10207=ORIENTED_EDGE('',*,*,#7231,.F.);
#10208=ORIENTED_EDGE('',*,*,#7230,.T.);
#10209=ORIENTED_EDGE('',*,*,#7232,.F.);
#10210=ORIENTED_EDGE('',*,*,#7174,.F.);
#10211=ORIENTED_EDGE('',*,*,#7231,.T.);
#10212=ORIENTED_EDGE('',*,*,#7173,.F.);
#10213=ORIENTED_EDGE('',*,*,#7177,.F.);
#10214=ORIENTED_EDGE('',*,*,#7180,.T.);
#10215=ORIENTED_EDGE('',*,*,#7183,.F.);
#10216=ORIENTED_EDGE('',*,*,#7186,.T.);
#10217=ORIENTED_EDGE('',*,*,#7189,.T.);
#10218=ORIENTED_EDGE('',*,*,#7192,.T.);
#10219=ORIENTED_EDGE('',*,*,#7195,.T.);
#10220=ORIENTED_EDGE('',*,*,#7198,.F.);
#10221=ORIENTED_EDGE('',*,*,#7201,.F.);
#10222=ORIENTED_EDGE('',*,*,#7204,.F.);
#10223=ORIENTED_EDGE('',*,*,#7207,.T.);
#10224=ORIENTED_EDGE('',*,*,#7210,.F.);
#10225=ORIENTED_EDGE('',*,*,#7213,.T.);
#10226=ORIENTED_EDGE('',*,*,#7216,.T.);
#10227=ORIENTED_EDGE('',*,*,#7219,.F.);
#10228=ORIENTED_EDGE('',*,*,#7222,.T.);
#10229=ORIENTED_EDGE('',*,*,#7225,.F.);
#10230=ORIENTED_EDGE('',*,*,#7228,.F.);
#10231=ORIENTED_EDGE('',*,*,#7232,.T.);
#10232=ORIENTED_EDGE('',*,*,#7229,.T.);
#10233=ORIENTED_EDGE('',*,*,#7226,.T.);
#10234=ORIENTED_EDGE('',*,*,#7223,.T.);
#10235=ORIENTED_EDGE('',*,*,#7220,.T.);
#10236=ORIENTED_EDGE('',*,*,#7217,.T.);
#10237=ORIENTED_EDGE('',*,*,#7214,.T.);
#10238=ORIENTED_EDGE('',*,*,#7211,.T.);
#10239=ORIENTED_EDGE('',*,*,#7208,.T.);
#10240=ORIENTED_EDGE('',*,*,#7205,.T.);
#10241=ORIENTED_EDGE('',*,*,#7202,.T.);
#10242=ORIENTED_EDGE('',*,*,#7199,.T.);
#10243=ORIENTED_EDGE('',*,*,#7196,.T.);
#10244=ORIENTED_EDGE('',*,*,#7193,.T.);
#10245=ORIENTED_EDGE('',*,*,#7190,.T.);
#10246=ORIENTED_EDGE('',*,*,#7187,.T.);
#10247=ORIENTED_EDGE('',*,*,#7184,.T.);
#10248=ORIENTED_EDGE('',*,*,#7181,.T.);
#10249=ORIENTED_EDGE('',*,*,#7178,.T.);
#10250=ORIENTED_EDGE('',*,*,#7175,.T.);
#10251=ORIENTED_EDGE('',*,*,#7233,.T.);
#10252=ORIENTED_EDGE('',*,*,#7234,.T.);
#10253=ORIENTED_EDGE('',*,*,#7235,.F.);
#10254=ORIENTED_EDGE('',*,*,#7236,.F.);
#10255=ORIENTED_EDGE('',*,*,#7237,.T.);
#10256=ORIENTED_EDGE('',*,*,#7236,.T.);
#10257=ORIENTED_EDGE('',*,*,#7238,.F.);
#10258=ORIENTED_EDGE('',*,*,#7239,.F.);
#10259=ORIENTED_EDGE('',*,*,#7240,.F.);
#10260=ORIENTED_EDGE('',*,*,#7239,.T.);
#10261=ORIENTED_EDGE('',*,*,#7241,.F.);
#10262=ORIENTED_EDGE('',*,*,#7242,.F.);
#10263=ORIENTED_EDGE('',*,*,#7243,.T.);
#10264=ORIENTED_EDGE('',*,*,#7242,.T.);
#10265=ORIENTED_EDGE('',*,*,#7244,.F.);
#10266=ORIENTED_EDGE('',*,*,#7245,.F.);
#10267=ORIENTED_EDGE('',*,*,#7246,.F.);
#10268=ORIENTED_EDGE('',*,*,#7245,.T.);
#10269=ORIENTED_EDGE('',*,*,#7247,.F.);
#10270=ORIENTED_EDGE('',*,*,#7248,.F.);
#10271=ORIENTED_EDGE('',*,*,#7249,.F.);
#10272=ORIENTED_EDGE('',*,*,#7248,.T.);
#10273=ORIENTED_EDGE('',*,*,#7250,.F.);
#10274=ORIENTED_EDGE('',*,*,#7251,.F.);
#10275=ORIENTED_EDGE('',*,*,#7252,.F.);
#10276=ORIENTED_EDGE('',*,*,#7251,.T.);
#10277=ORIENTED_EDGE('',*,*,#7253,.F.);
#10278=ORIENTED_EDGE('',*,*,#7254,.F.);
#10279=ORIENTED_EDGE('',*,*,#7255,.F.);
#10280=ORIENTED_EDGE('',*,*,#7254,.T.);
#10281=ORIENTED_EDGE('',*,*,#7256,.F.);
#10282=ORIENTED_EDGE('',*,*,#7257,.F.);
#10283=ORIENTED_EDGE('',*,*,#7258,.T.);
#10284=ORIENTED_EDGE('',*,*,#7257,.T.);
#10285=ORIENTED_EDGE('',*,*,#7259,.F.);
#10286=ORIENTED_EDGE('',*,*,#7260,.F.);
#10287=ORIENTED_EDGE('',*,*,#7261,.T.);
#10288=ORIENTED_EDGE('',*,*,#7260,.T.);
#10289=ORIENTED_EDGE('',*,*,#7262,.F.);
#10290=ORIENTED_EDGE('',*,*,#7263,.F.);
#10291=ORIENTED_EDGE('',*,*,#7264,.T.);
#10292=ORIENTED_EDGE('',*,*,#7263,.T.);
#10293=ORIENTED_EDGE('',*,*,#7265,.F.);
#10294=ORIENTED_EDGE('',*,*,#7266,.F.);
#10295=ORIENTED_EDGE('',*,*,#7267,.F.);
#10296=ORIENTED_EDGE('',*,*,#7266,.T.);
#10297=ORIENTED_EDGE('',*,*,#7268,.F.);
#10298=ORIENTED_EDGE('',*,*,#7269,.F.);
#10299=ORIENTED_EDGE('',*,*,#7270,.T.);
#10300=ORIENTED_EDGE('',*,*,#7269,.T.);
#10301=ORIENTED_EDGE('',*,*,#7271,.F.);
#10302=ORIENTED_EDGE('',*,*,#7272,.F.);
#10303=ORIENTED_EDGE('',*,*,#7273,.F.);
#10304=ORIENTED_EDGE('',*,*,#7272,.T.);
#10305=ORIENTED_EDGE('',*,*,#7274,.F.);
#10306=ORIENTED_EDGE('',*,*,#7275,.F.);
#10307=ORIENTED_EDGE('',*,*,#7276,.F.);
#10308=ORIENTED_EDGE('',*,*,#7275,.T.);
#10309=ORIENTED_EDGE('',*,*,#7277,.F.);
#10310=ORIENTED_EDGE('',*,*,#7278,.F.);
#10311=ORIENTED_EDGE('',*,*,#7279,.T.);
#10312=ORIENTED_EDGE('',*,*,#7278,.T.);
#10313=ORIENTED_EDGE('',*,*,#7280,.F.);
#10314=ORIENTED_EDGE('',*,*,#7281,.F.);
#10315=ORIENTED_EDGE('',*,*,#7282,.F.);
#10316=ORIENTED_EDGE('',*,*,#7281,.T.);
#10317=ORIENTED_EDGE('',*,*,#7283,.F.);
#10318=ORIENTED_EDGE('',*,*,#7284,.F.);
#10319=ORIENTED_EDGE('',*,*,#7285,.T.);
#10320=ORIENTED_EDGE('',*,*,#7284,.T.);
#10321=ORIENTED_EDGE('',*,*,#7286,.F.);
#10322=ORIENTED_EDGE('',*,*,#7287,.F.);
#10323=ORIENTED_EDGE('',*,*,#7288,.T.);
#10324=ORIENTED_EDGE('',*,*,#7287,.T.);
#10325=ORIENTED_EDGE('',*,*,#7289,.F.);
#10326=ORIENTED_EDGE('',*,*,#7290,.F.);
#10327=ORIENTED_EDGE('',*,*,#7291,.F.);
#10328=ORIENTED_EDGE('',*,*,#7290,.T.);
#10329=ORIENTED_EDGE('',*,*,#7292,.F.);
#10330=ORIENTED_EDGE('',*,*,#7234,.F.);
#10331=ORIENTED_EDGE('',*,*,#7291,.T.);
#10332=ORIENTED_EDGE('',*,*,#7233,.F.);
#10333=ORIENTED_EDGE('',*,*,#7237,.F.);
#10334=ORIENTED_EDGE('',*,*,#7240,.T.);
#10335=ORIENTED_EDGE('',*,*,#7243,.F.);
#10336=ORIENTED_EDGE('',*,*,#7246,.T.);
#10337=ORIENTED_EDGE('',*,*,#7249,.T.);
#10338=ORIENTED_EDGE('',*,*,#7252,.T.);
#10339=ORIENTED_EDGE('',*,*,#7255,.T.);
#10340=ORIENTED_EDGE('',*,*,#7258,.F.);
#10341=ORIENTED_EDGE('',*,*,#7261,.F.);
#10342=ORIENTED_EDGE('',*,*,#7264,.F.);
#10343=ORIENTED_EDGE('',*,*,#7267,.T.);
#10344=ORIENTED_EDGE('',*,*,#7270,.F.);
#10345=ORIENTED_EDGE('',*,*,#7273,.T.);
#10346=ORIENTED_EDGE('',*,*,#7276,.T.);
#10347=ORIENTED_EDGE('',*,*,#7279,.F.);
#10348=ORIENTED_EDGE('',*,*,#7282,.T.);
#10349=ORIENTED_EDGE('',*,*,#7285,.F.);
#10350=ORIENTED_EDGE('',*,*,#7288,.F.);
#10351=ORIENTED_EDGE('',*,*,#7292,.T.);
#10352=ORIENTED_EDGE('',*,*,#7289,.T.);
#10353=ORIENTED_EDGE('',*,*,#7286,.T.);
#10354=ORIENTED_EDGE('',*,*,#7283,.T.);
#10355=ORIENTED_EDGE('',*,*,#7280,.T.);
#10356=ORIENTED_EDGE('',*,*,#7277,.T.);
#10357=ORIENTED_EDGE('',*,*,#7274,.T.);
#10358=ORIENTED_EDGE('',*,*,#7271,.T.);
#10359=ORIENTED_EDGE('',*,*,#7268,.T.);
#10360=ORIENTED_EDGE('',*,*,#7265,.T.);
#10361=ORIENTED_EDGE('',*,*,#7262,.T.);
#10362=ORIENTED_EDGE('',*,*,#7259,.T.);
#10363=ORIENTED_EDGE('',*,*,#7256,.T.);
#10364=ORIENTED_EDGE('',*,*,#7253,.T.);
#10365=ORIENTED_EDGE('',*,*,#7250,.T.);
#10366=ORIENTED_EDGE('',*,*,#7247,.T.);
#10367=ORIENTED_EDGE('',*,*,#7244,.T.);
#10368=ORIENTED_EDGE('',*,*,#7241,.T.);
#10369=ORIENTED_EDGE('',*,*,#7238,.T.);
#10370=ORIENTED_EDGE('',*,*,#7235,.T.);
#10371=ORIENTED_EDGE('',*,*,#7293,.T.);
#10372=ORIENTED_EDGE('',*,*,#7294,.T.);
#10373=ORIENTED_EDGE('',*,*,#7295,.F.);
#10374=ORIENTED_EDGE('',*,*,#7296,.F.);
#10375=ORIENTED_EDGE('',*,*,#7297,.T.);
#10376=ORIENTED_EDGE('',*,*,#7296,.T.);
#10377=ORIENTED_EDGE('',*,*,#7298,.F.);
#10378=ORIENTED_EDGE('',*,*,#7299,.F.);
#10379=ORIENTED_EDGE('',*,*,#7300,.F.);
#10380=ORIENTED_EDGE('',*,*,#7299,.T.);
#10381=ORIENTED_EDGE('',*,*,#7301,.F.);
#10382=ORIENTED_EDGE('',*,*,#7302,.F.);
#10383=ORIENTED_EDGE('',*,*,#7303,.T.);
#10384=ORIENTED_EDGE('',*,*,#7302,.T.);
#10385=ORIENTED_EDGE('',*,*,#7304,.F.);
#10386=ORIENTED_EDGE('',*,*,#7305,.F.);
#10387=ORIENTED_EDGE('',*,*,#7306,.F.);
#10388=ORIENTED_EDGE('',*,*,#7305,.T.);
#10389=ORIENTED_EDGE('',*,*,#7307,.F.);
#10390=ORIENTED_EDGE('',*,*,#7308,.F.);
#10391=ORIENTED_EDGE('',*,*,#7309,.F.);
#10392=ORIENTED_EDGE('',*,*,#7308,.T.);
#10393=ORIENTED_EDGE('',*,*,#7310,.F.);
#10394=ORIENTED_EDGE('',*,*,#7311,.F.);
#10395=ORIENTED_EDGE('',*,*,#7312,.F.);
#10396=ORIENTED_EDGE('',*,*,#7311,.T.);
#10397=ORIENTED_EDGE('',*,*,#7313,.F.);
#10398=ORIENTED_EDGE('',*,*,#7314,.F.);
#10399=ORIENTED_EDGE('',*,*,#7315,.F.);
#10400=ORIENTED_EDGE('',*,*,#7314,.T.);
#10401=ORIENTED_EDGE('',*,*,#7316,.F.);
#10402=ORIENTED_EDGE('',*,*,#7317,.F.);
#10403=ORIENTED_EDGE('',*,*,#7318,.T.);
#10404=ORIENTED_EDGE('',*,*,#7317,.T.);
#10405=ORIENTED_EDGE('',*,*,#7319,.F.);
#10406=ORIENTED_EDGE('',*,*,#7320,.F.);
#10407=ORIENTED_EDGE('',*,*,#7321,.T.);
#10408=ORIENTED_EDGE('',*,*,#7320,.T.);
#10409=ORIENTED_EDGE('',*,*,#7322,.F.);
#10410=ORIENTED_EDGE('',*,*,#7323,.F.);
#10411=ORIENTED_EDGE('',*,*,#7324,.T.);
#10412=ORIENTED_EDGE('',*,*,#7323,.T.);
#10413=ORIENTED_EDGE('',*,*,#7325,.F.);
#10414=ORIENTED_EDGE('',*,*,#7326,.F.);
#10415=ORIENTED_EDGE('',*,*,#7327,.F.);
#10416=ORIENTED_EDGE('',*,*,#7326,.T.);
#10417=ORIENTED_EDGE('',*,*,#7328,.F.);
#10418=ORIENTED_EDGE('',*,*,#7329,.F.);
#10419=ORIENTED_EDGE('',*,*,#7330,.T.);
#10420=ORIENTED_EDGE('',*,*,#7329,.T.);
#10421=ORIENTED_EDGE('',*,*,#7331,.F.);
#10422=ORIENTED_EDGE('',*,*,#7332,.F.);
#10423=ORIENTED_EDGE('',*,*,#7333,.F.);
#10424=ORIENTED_EDGE('',*,*,#7332,.T.);
#10425=ORIENTED_EDGE('',*,*,#7334,.F.);
#10426=ORIENTED_EDGE('',*,*,#7335,.F.);
#10427=ORIENTED_EDGE('',*,*,#7336,.F.);
#10428=ORIENTED_EDGE('',*,*,#7335,.T.);
#10429=ORIENTED_EDGE('',*,*,#7337,.F.);
#10430=ORIENTED_EDGE('',*,*,#7338,.F.);
#10431=ORIENTED_EDGE('',*,*,#7339,.T.);
#10432=ORIENTED_EDGE('',*,*,#7338,.T.);
#10433=ORIENTED_EDGE('',*,*,#7340,.F.);
#10434=ORIENTED_EDGE('',*,*,#7341,.F.);
#10435=ORIENTED_EDGE('',*,*,#7342,.F.);
#10436=ORIENTED_EDGE('',*,*,#7341,.T.);
#10437=ORIENTED_EDGE('',*,*,#7343,.F.);
#10438=ORIENTED_EDGE('',*,*,#7344,.F.);
#10439=ORIENTED_EDGE('',*,*,#7345,.T.);
#10440=ORIENTED_EDGE('',*,*,#7344,.T.);
#10441=ORIENTED_EDGE('',*,*,#7346,.F.);
#10442=ORIENTED_EDGE('',*,*,#7347,.F.);
#10443=ORIENTED_EDGE('',*,*,#7348,.T.);
#10444=ORIENTED_EDGE('',*,*,#7347,.T.);
#10445=ORIENTED_EDGE('',*,*,#7349,.F.);
#10446=ORIENTED_EDGE('',*,*,#7350,.F.);
#10447=ORIENTED_EDGE('',*,*,#7351,.F.);
#10448=ORIENTED_EDGE('',*,*,#7350,.T.);
#10449=ORIENTED_EDGE('',*,*,#7352,.F.);
#10450=ORIENTED_EDGE('',*,*,#7294,.F.);
#10451=ORIENTED_EDGE('',*,*,#7351,.T.);
#10452=ORIENTED_EDGE('',*,*,#7293,.F.);
#10453=ORIENTED_EDGE('',*,*,#7297,.F.);
#10454=ORIENTED_EDGE('',*,*,#7300,.T.);
#10455=ORIENTED_EDGE('',*,*,#7303,.F.);
#10456=ORIENTED_EDGE('',*,*,#7306,.T.);
#10457=ORIENTED_EDGE('',*,*,#7309,.T.);
#10458=ORIENTED_EDGE('',*,*,#7312,.T.);
#10459=ORIENTED_EDGE('',*,*,#7315,.T.);
#10460=ORIENTED_EDGE('',*,*,#7318,.F.);
#10461=ORIENTED_EDGE('',*,*,#7321,.F.);
#10462=ORIENTED_EDGE('',*,*,#7324,.F.);
#10463=ORIENTED_EDGE('',*,*,#7327,.T.);
#10464=ORIENTED_EDGE('',*,*,#7330,.F.);
#10465=ORIENTED_EDGE('',*,*,#7333,.T.);
#10466=ORIENTED_EDGE('',*,*,#7336,.T.);
#10467=ORIENTED_EDGE('',*,*,#7339,.F.);
#10468=ORIENTED_EDGE('',*,*,#7342,.T.);
#10469=ORIENTED_EDGE('',*,*,#7345,.F.);
#10470=ORIENTED_EDGE('',*,*,#7348,.F.);
#10471=ORIENTED_EDGE('',*,*,#7352,.T.);
#10472=ORIENTED_EDGE('',*,*,#7349,.T.);
#10473=ORIENTED_EDGE('',*,*,#7346,.T.);
#10474=ORIENTED_EDGE('',*,*,#7343,.T.);
#10475=ORIENTED_EDGE('',*,*,#7340,.T.);
#10476=ORIENTED_EDGE('',*,*,#7337,.T.);
#10477=ORIENTED_EDGE('',*,*,#7334,.T.);
#10478=ORIENTED_EDGE('',*,*,#7331,.T.);
#10479=ORIENTED_EDGE('',*,*,#7328,.T.);
#10480=ORIENTED_EDGE('',*,*,#7325,.T.);
#10481=ORIENTED_EDGE('',*,*,#7322,.T.);
#10482=ORIENTED_EDGE('',*,*,#7319,.T.);
#10483=ORIENTED_EDGE('',*,*,#7316,.T.);
#10484=ORIENTED_EDGE('',*,*,#7313,.T.);
#10485=ORIENTED_EDGE('',*,*,#7310,.T.);
#10486=ORIENTED_EDGE('',*,*,#7307,.T.);
#10487=ORIENTED_EDGE('',*,*,#7304,.T.);
#10488=ORIENTED_EDGE('',*,*,#7301,.T.);
#10489=ORIENTED_EDGE('',*,*,#7298,.T.);
#10490=ORIENTED_EDGE('',*,*,#7295,.T.);
#10491=ORIENTED_EDGE('',*,*,#7353,.T.);
#10492=ORIENTED_EDGE('',*,*,#7354,.T.);
#10493=ORIENTED_EDGE('',*,*,#7355,.F.);
#10494=ORIENTED_EDGE('',*,*,#7356,.F.);
#10495=ORIENTED_EDGE('',*,*,#7357,.T.);
#10496=ORIENTED_EDGE('',*,*,#7356,.T.);
#10497=ORIENTED_EDGE('',*,*,#7358,.F.);
#10498=ORIENTED_EDGE('',*,*,#7359,.F.);
#10499=ORIENTED_EDGE('',*,*,#7360,.F.);
#10500=ORIENTED_EDGE('',*,*,#7359,.T.);
#10501=ORIENTED_EDGE('',*,*,#7361,.F.);
#10502=ORIENTED_EDGE('',*,*,#7362,.F.);
#10503=ORIENTED_EDGE('',*,*,#7363,.T.);
#10504=ORIENTED_EDGE('',*,*,#7362,.T.);
#10505=ORIENTED_EDGE('',*,*,#7364,.F.);
#10506=ORIENTED_EDGE('',*,*,#7365,.F.);
#10507=ORIENTED_EDGE('',*,*,#7366,.F.);
#10508=ORIENTED_EDGE('',*,*,#7365,.T.);
#10509=ORIENTED_EDGE('',*,*,#7367,.F.);
#10510=ORIENTED_EDGE('',*,*,#7368,.F.);
#10511=ORIENTED_EDGE('',*,*,#7369,.F.);
#10512=ORIENTED_EDGE('',*,*,#7368,.T.);
#10513=ORIENTED_EDGE('',*,*,#7370,.F.);
#10514=ORIENTED_EDGE('',*,*,#7371,.F.);
#10515=ORIENTED_EDGE('',*,*,#7372,.F.);
#10516=ORIENTED_EDGE('',*,*,#7371,.T.);
#10517=ORIENTED_EDGE('',*,*,#7373,.F.);
#10518=ORIENTED_EDGE('',*,*,#7374,.F.);
#10519=ORIENTED_EDGE('',*,*,#7375,.F.);
#10520=ORIENTED_EDGE('',*,*,#7374,.T.);
#10521=ORIENTED_EDGE('',*,*,#7376,.F.);
#10522=ORIENTED_EDGE('',*,*,#7377,.F.);
#10523=ORIENTED_EDGE('',*,*,#7378,.T.);
#10524=ORIENTED_EDGE('',*,*,#7377,.T.);
#10525=ORIENTED_EDGE('',*,*,#7379,.F.);
#10526=ORIENTED_EDGE('',*,*,#7380,.F.);
#10527=ORIENTED_EDGE('',*,*,#7381,.T.);
#10528=ORIENTED_EDGE('',*,*,#7380,.T.);
#10529=ORIENTED_EDGE('',*,*,#7382,.F.);
#10530=ORIENTED_EDGE('',*,*,#7383,.F.);
#10531=ORIENTED_EDGE('',*,*,#7384,.T.);
#10532=ORIENTED_EDGE('',*,*,#7383,.T.);
#10533=ORIENTED_EDGE('',*,*,#7385,.F.);
#10534=ORIENTED_EDGE('',*,*,#7386,.F.);
#10535=ORIENTED_EDGE('',*,*,#7387,.F.);
#10536=ORIENTED_EDGE('',*,*,#7386,.T.);
#10537=ORIENTED_EDGE('',*,*,#7388,.F.);
#10538=ORIENTED_EDGE('',*,*,#7389,.F.);
#10539=ORIENTED_EDGE('',*,*,#7390,.T.);
#10540=ORIENTED_EDGE('',*,*,#7389,.T.);
#10541=ORIENTED_EDGE('',*,*,#7391,.F.);
#10542=ORIENTED_EDGE('',*,*,#7392,.F.);
#10543=ORIENTED_EDGE('',*,*,#7393,.F.);
#10544=ORIENTED_EDGE('',*,*,#7392,.T.);
#10545=ORIENTED_EDGE('',*,*,#7394,.F.);
#10546=ORIENTED_EDGE('',*,*,#7395,.F.);
#10547=ORIENTED_EDGE('',*,*,#7396,.F.);
#10548=ORIENTED_EDGE('',*,*,#7395,.T.);
#10549=ORIENTED_EDGE('',*,*,#7397,.F.);
#10550=ORIENTED_EDGE('',*,*,#7398,.F.);
#10551=ORIENTED_EDGE('',*,*,#7399,.T.);
#10552=ORIENTED_EDGE('',*,*,#7398,.T.);
#10553=ORIENTED_EDGE('',*,*,#7400,.F.);
#10554=ORIENTED_EDGE('',*,*,#7401,.F.);
#10555=ORIENTED_EDGE('',*,*,#7402,.F.);
#10556=ORIENTED_EDGE('',*,*,#7401,.T.);
#10557=ORIENTED_EDGE('',*,*,#7403,.F.);
#10558=ORIENTED_EDGE('',*,*,#7404,.F.);
#10559=ORIENTED_EDGE('',*,*,#7405,.T.);
#10560=ORIENTED_EDGE('',*,*,#7404,.T.);
#10561=ORIENTED_EDGE('',*,*,#7406,.F.);
#10562=ORIENTED_EDGE('',*,*,#7407,.F.);
#10563=ORIENTED_EDGE('',*,*,#7408,.T.);
#10564=ORIENTED_EDGE('',*,*,#7407,.T.);
#10565=ORIENTED_EDGE('',*,*,#7409,.F.);
#10566=ORIENTED_EDGE('',*,*,#7410,.F.);
#10567=ORIENTED_EDGE('',*,*,#7411,.F.);
#10568=ORIENTED_EDGE('',*,*,#7410,.T.);
#10569=ORIENTED_EDGE('',*,*,#7412,.F.);
#10570=ORIENTED_EDGE('',*,*,#7354,.F.);
#10571=ORIENTED_EDGE('',*,*,#7411,.T.);
#10572=ORIENTED_EDGE('',*,*,#7353,.F.);
#10573=ORIENTED_EDGE('',*,*,#7357,.F.);
#10574=ORIENTED_EDGE('',*,*,#7360,.T.);
#10575=ORIENTED_EDGE('',*,*,#7363,.F.);
#10576=ORIENTED_EDGE('',*,*,#7366,.T.);
#10577=ORIENTED_EDGE('',*,*,#7369,.T.);
#10578=ORIENTED_EDGE('',*,*,#7372,.T.);
#10579=ORIENTED_EDGE('',*,*,#7375,.T.);
#10580=ORIENTED_EDGE('',*,*,#7378,.F.);
#10581=ORIENTED_EDGE('',*,*,#7381,.F.);
#10582=ORIENTED_EDGE('',*,*,#7384,.F.);
#10583=ORIENTED_EDGE('',*,*,#7387,.T.);
#10584=ORIENTED_EDGE('',*,*,#7390,.F.);
#10585=ORIENTED_EDGE('',*,*,#7393,.T.);
#10586=ORIENTED_EDGE('',*,*,#7396,.T.);
#10587=ORIENTED_EDGE('',*,*,#7399,.F.);
#10588=ORIENTED_EDGE('',*,*,#7402,.T.);
#10589=ORIENTED_EDGE('',*,*,#7405,.F.);
#10590=ORIENTED_EDGE('',*,*,#7408,.F.);
#10591=ORIENTED_EDGE('',*,*,#7412,.T.);
#10592=ORIENTED_EDGE('',*,*,#7409,.T.);
#10593=ORIENTED_EDGE('',*,*,#7406,.T.);
#10594=ORIENTED_EDGE('',*,*,#7403,.T.);
#10595=ORIENTED_EDGE('',*,*,#7400,.T.);
#10596=ORIENTED_EDGE('',*,*,#7397,.T.);
#10597=ORIENTED_EDGE('',*,*,#7394,.T.);
#10598=ORIENTED_EDGE('',*,*,#7391,.T.);
#10599=ORIENTED_EDGE('',*,*,#7388,.T.);
#10600=ORIENTED_EDGE('',*,*,#7385,.T.);
#10601=ORIENTED_EDGE('',*,*,#7382,.T.);
#10602=ORIENTED_EDGE('',*,*,#7379,.T.);
#10603=ORIENTED_EDGE('',*,*,#7376,.T.);
#10604=ORIENTED_EDGE('',*,*,#7373,.T.);
#10605=ORIENTED_EDGE('',*,*,#7370,.T.);
#10606=ORIENTED_EDGE('',*,*,#7367,.T.);
#10607=ORIENTED_EDGE('',*,*,#7364,.T.);
#10608=ORIENTED_EDGE('',*,*,#7361,.T.);
#10609=ORIENTED_EDGE('',*,*,#7358,.T.);
#10610=ORIENTED_EDGE('',*,*,#7355,.T.);
#10611=ORIENTED_EDGE('',*,*,#7413,.T.);
#10612=ORIENTED_EDGE('',*,*,#7414,.T.);
#10613=ORIENTED_EDGE('',*,*,#7415,.F.);
#10614=ORIENTED_EDGE('',*,*,#7416,.F.);
#10615=ORIENTED_EDGE('',*,*,#7417,.T.);
#10616=ORIENTED_EDGE('',*,*,#7416,.T.);
#10617=ORIENTED_EDGE('',*,*,#7418,.F.);
#10618=ORIENTED_EDGE('',*,*,#7419,.F.);
#10619=ORIENTED_EDGE('',*,*,#7420,.F.);
#10620=ORIENTED_EDGE('',*,*,#7419,.T.);
#10621=ORIENTED_EDGE('',*,*,#7421,.F.);
#10622=ORIENTED_EDGE('',*,*,#7422,.F.);
#10623=ORIENTED_EDGE('',*,*,#7423,.T.);
#10624=ORIENTED_EDGE('',*,*,#7422,.T.);
#10625=ORIENTED_EDGE('',*,*,#7424,.F.);
#10626=ORIENTED_EDGE('',*,*,#7425,.F.);
#10627=ORIENTED_EDGE('',*,*,#7426,.F.);
#10628=ORIENTED_EDGE('',*,*,#7425,.T.);
#10629=ORIENTED_EDGE('',*,*,#7427,.F.);
#10630=ORIENTED_EDGE('',*,*,#7428,.F.);
#10631=ORIENTED_EDGE('',*,*,#7429,.F.);
#10632=ORIENTED_EDGE('',*,*,#7428,.T.);
#10633=ORIENTED_EDGE('',*,*,#7430,.F.);
#10634=ORIENTED_EDGE('',*,*,#7431,.F.);
#10635=ORIENTED_EDGE('',*,*,#7432,.F.);
#10636=ORIENTED_EDGE('',*,*,#7431,.T.);
#10637=ORIENTED_EDGE('',*,*,#7433,.F.);
#10638=ORIENTED_EDGE('',*,*,#7434,.F.);
#10639=ORIENTED_EDGE('',*,*,#7435,.F.);
#10640=ORIENTED_EDGE('',*,*,#7434,.T.);
#10641=ORIENTED_EDGE('',*,*,#7436,.F.);
#10642=ORIENTED_EDGE('',*,*,#7437,.F.);
#10643=ORIENTED_EDGE('',*,*,#7438,.T.);
#10644=ORIENTED_EDGE('',*,*,#7437,.T.);
#10645=ORIENTED_EDGE('',*,*,#7439,.F.);
#10646=ORIENTED_EDGE('',*,*,#7440,.F.);
#10647=ORIENTED_EDGE('',*,*,#7441,.T.);
#10648=ORIENTED_EDGE('',*,*,#7440,.T.);
#10649=ORIENTED_EDGE('',*,*,#7442,.F.);
#10650=ORIENTED_EDGE('',*,*,#7443,.F.);
#10651=ORIENTED_EDGE('',*,*,#7444,.T.);
#10652=ORIENTED_EDGE('',*,*,#7443,.T.);
#10653=ORIENTED_EDGE('',*,*,#7445,.F.);
#10654=ORIENTED_EDGE('',*,*,#7446,.F.);
#10655=ORIENTED_EDGE('',*,*,#7447,.F.);
#10656=ORIENTED_EDGE('',*,*,#7446,.T.);
#10657=ORIENTED_EDGE('',*,*,#7448,.F.);
#10658=ORIENTED_EDGE('',*,*,#7449,.F.);
#10659=ORIENTED_EDGE('',*,*,#7450,.T.);
#10660=ORIENTED_EDGE('',*,*,#7449,.T.);
#10661=ORIENTED_EDGE('',*,*,#7451,.F.);
#10662=ORIENTED_EDGE('',*,*,#7452,.F.);
#10663=ORIENTED_EDGE('',*,*,#7453,.F.);
#10664=ORIENTED_EDGE('',*,*,#7452,.T.);
#10665=ORIENTED_EDGE('',*,*,#7454,.F.);
#10666=ORIENTED_EDGE('',*,*,#7455,.F.);
#10667=ORIENTED_EDGE('',*,*,#7456,.F.);
#10668=ORIENTED_EDGE('',*,*,#7455,.T.);
#10669=ORIENTED_EDGE('',*,*,#7457,.F.);
#10670=ORIENTED_EDGE('',*,*,#7458,.F.);
#10671=ORIENTED_EDGE('',*,*,#7459,.T.);
#10672=ORIENTED_EDGE('',*,*,#7458,.T.);
#10673=ORIENTED_EDGE('',*,*,#7460,.F.);
#10674=ORIENTED_EDGE('',*,*,#7461,.F.);
#10675=ORIENTED_EDGE('',*,*,#7462,.F.);
#10676=ORIENTED_EDGE('',*,*,#7461,.T.);
#10677=ORIENTED_EDGE('',*,*,#7463,.F.);
#10678=ORIENTED_EDGE('',*,*,#7464,.F.);
#10679=ORIENTED_EDGE('',*,*,#7465,.T.);
#10680=ORIENTED_EDGE('',*,*,#7464,.T.);
#10681=ORIENTED_EDGE('',*,*,#7466,.F.);
#10682=ORIENTED_EDGE('',*,*,#7467,.F.);
#10683=ORIENTED_EDGE('',*,*,#7468,.T.);
#10684=ORIENTED_EDGE('',*,*,#7467,.T.);
#10685=ORIENTED_EDGE('',*,*,#7469,.F.);
#10686=ORIENTED_EDGE('',*,*,#7470,.F.);
#10687=ORIENTED_EDGE('',*,*,#7471,.F.);
#10688=ORIENTED_EDGE('',*,*,#7470,.T.);
#10689=ORIENTED_EDGE('',*,*,#7472,.F.);
#10690=ORIENTED_EDGE('',*,*,#7414,.F.);
#10691=ORIENTED_EDGE('',*,*,#7471,.T.);
#10692=ORIENTED_EDGE('',*,*,#7413,.F.);
#10693=ORIENTED_EDGE('',*,*,#7417,.F.);
#10694=ORIENTED_EDGE('',*,*,#7420,.T.);
#10695=ORIENTED_EDGE('',*,*,#7423,.F.);
#10696=ORIENTED_EDGE('',*,*,#7426,.T.);
#10697=ORIENTED_EDGE('',*,*,#7429,.T.);
#10698=ORIENTED_EDGE('',*,*,#7432,.T.);
#10699=ORIENTED_EDGE('',*,*,#7435,.T.);
#10700=ORIENTED_EDGE('',*,*,#7438,.F.);
#10701=ORIENTED_EDGE('',*,*,#7441,.F.);
#10702=ORIENTED_EDGE('',*,*,#7444,.F.);
#10703=ORIENTED_EDGE('',*,*,#7447,.T.);
#10704=ORIENTED_EDGE('',*,*,#7450,.F.);
#10705=ORIENTED_EDGE('',*,*,#7453,.T.);
#10706=ORIENTED_EDGE('',*,*,#7456,.T.);
#10707=ORIENTED_EDGE('',*,*,#7459,.F.);
#10708=ORIENTED_EDGE('',*,*,#7462,.T.);
#10709=ORIENTED_EDGE('',*,*,#7465,.F.);
#10710=ORIENTED_EDGE('',*,*,#7468,.F.);
#10711=ORIENTED_EDGE('',*,*,#7472,.T.);
#10712=ORIENTED_EDGE('',*,*,#7469,.T.);
#10713=ORIENTED_EDGE('',*,*,#7466,.T.);
#10714=ORIENTED_EDGE('',*,*,#7463,.T.);
#10715=ORIENTED_EDGE('',*,*,#7460,.T.);
#10716=ORIENTED_EDGE('',*,*,#7457,.T.);
#10717=ORIENTED_EDGE('',*,*,#7454,.T.);
#10718=ORIENTED_EDGE('',*,*,#7451,.T.);
#10719=ORIENTED_EDGE('',*,*,#7448,.T.);
#10720=ORIENTED_EDGE('',*,*,#7445,.T.);
#10721=ORIENTED_EDGE('',*,*,#7442,.T.);
#10722=ORIENTED_EDGE('',*,*,#7439,.T.);
#10723=ORIENTED_EDGE('',*,*,#7436,.T.);
#10724=ORIENTED_EDGE('',*,*,#7433,.T.);
#10725=ORIENTED_EDGE('',*,*,#7430,.T.);
#10726=ORIENTED_EDGE('',*,*,#7427,.T.);
#10727=ORIENTED_EDGE('',*,*,#7424,.T.);
#10728=ORIENTED_EDGE('',*,*,#7421,.T.);
#10729=ORIENTED_EDGE('',*,*,#7418,.T.);
#10730=ORIENTED_EDGE('',*,*,#7415,.T.);
#10731=ORIENTED_EDGE('',*,*,#7473,.T.);
#10732=ORIENTED_EDGE('',*,*,#7474,.T.);
#10733=ORIENTED_EDGE('',*,*,#7475,.F.);
#10734=ORIENTED_EDGE('',*,*,#7476,.F.);
#10735=ORIENTED_EDGE('',*,*,#7477,.T.);
#10736=ORIENTED_EDGE('',*,*,#7476,.T.);
#10737=ORIENTED_EDGE('',*,*,#7478,.F.);
#10738=ORIENTED_EDGE('',*,*,#7479,.F.);
#10739=ORIENTED_EDGE('',*,*,#7480,.F.);
#10740=ORIENTED_EDGE('',*,*,#7479,.T.);
#10741=ORIENTED_EDGE('',*,*,#7481,.F.);
#10742=ORIENTED_EDGE('',*,*,#7482,.F.);
#10743=ORIENTED_EDGE('',*,*,#7483,.T.);
#10744=ORIENTED_EDGE('',*,*,#7482,.T.);
#10745=ORIENTED_EDGE('',*,*,#7484,.F.);
#10746=ORIENTED_EDGE('',*,*,#7485,.F.);
#10747=ORIENTED_EDGE('',*,*,#7486,.F.);
#10748=ORIENTED_EDGE('',*,*,#7485,.T.);
#10749=ORIENTED_EDGE('',*,*,#7487,.F.);
#10750=ORIENTED_EDGE('',*,*,#7488,.F.);
#10751=ORIENTED_EDGE('',*,*,#7489,.F.);
#10752=ORIENTED_EDGE('',*,*,#7488,.T.);
#10753=ORIENTED_EDGE('',*,*,#7490,.F.);
#10754=ORIENTED_EDGE('',*,*,#7491,.F.);
#10755=ORIENTED_EDGE('',*,*,#7492,.F.);
#10756=ORIENTED_EDGE('',*,*,#7491,.T.);
#10757=ORIENTED_EDGE('',*,*,#7493,.F.);
#10758=ORIENTED_EDGE('',*,*,#7494,.F.);
#10759=ORIENTED_EDGE('',*,*,#7495,.F.);
#10760=ORIENTED_EDGE('',*,*,#7494,.T.);
#10761=ORIENTED_EDGE('',*,*,#7496,.F.);
#10762=ORIENTED_EDGE('',*,*,#7497,.F.);
#10763=ORIENTED_EDGE('',*,*,#7498,.T.);
#10764=ORIENTED_EDGE('',*,*,#7497,.T.);
#10765=ORIENTED_EDGE('',*,*,#7499,.F.);
#10766=ORIENTED_EDGE('',*,*,#7500,.F.);
#10767=ORIENTED_EDGE('',*,*,#7501,.T.);
#10768=ORIENTED_EDGE('',*,*,#7500,.T.);
#10769=ORIENTED_EDGE('',*,*,#7502,.F.);
#10770=ORIENTED_EDGE('',*,*,#7503,.F.);
#10771=ORIENTED_EDGE('',*,*,#7504,.T.);
#10772=ORIENTED_EDGE('',*,*,#7503,.T.);
#10773=ORIENTED_EDGE('',*,*,#7505,.F.);
#10774=ORIENTED_EDGE('',*,*,#7506,.F.);
#10775=ORIENTED_EDGE('',*,*,#7507,.F.);
#10776=ORIENTED_EDGE('',*,*,#7506,.T.);
#10777=ORIENTED_EDGE('',*,*,#7508,.F.);
#10778=ORIENTED_EDGE('',*,*,#7509,.F.);
#10779=ORIENTED_EDGE('',*,*,#7510,.T.);
#10780=ORIENTED_EDGE('',*,*,#7509,.T.);
#10781=ORIENTED_EDGE('',*,*,#7511,.F.);
#10782=ORIENTED_EDGE('',*,*,#7512,.F.);
#10783=ORIENTED_EDGE('',*,*,#7513,.F.);
#10784=ORIENTED_EDGE('',*,*,#7512,.T.);
#10785=ORIENTED_EDGE('',*,*,#7514,.F.);
#10786=ORIENTED_EDGE('',*,*,#7515,.F.);
#10787=ORIENTED_EDGE('',*,*,#7516,.F.);
#10788=ORIENTED_EDGE('',*,*,#7515,.T.);
#10789=ORIENTED_EDGE('',*,*,#7517,.F.);
#10790=ORIENTED_EDGE('',*,*,#7518,.F.);
#10791=ORIENTED_EDGE('',*,*,#7519,.T.);
#10792=ORIENTED_EDGE('',*,*,#7518,.T.);
#10793=ORIENTED_EDGE('',*,*,#7520,.F.);
#10794=ORIENTED_EDGE('',*,*,#7521,.F.);
#10795=ORIENTED_EDGE('',*,*,#7522,.F.);
#10796=ORIENTED_EDGE('',*,*,#7521,.T.);
#10797=ORIENTED_EDGE('',*,*,#7523,.F.);
#10798=ORIENTED_EDGE('',*,*,#7524,.F.);
#10799=ORIENTED_EDGE('',*,*,#7525,.T.);
#10800=ORIENTED_EDGE('',*,*,#7524,.T.);
#10801=ORIENTED_EDGE('',*,*,#7526,.F.);
#10802=ORIENTED_EDGE('',*,*,#7527,.F.);
#10803=ORIENTED_EDGE('',*,*,#7528,.T.);
#10804=ORIENTED_EDGE('',*,*,#7527,.T.);
#10805=ORIENTED_EDGE('',*,*,#7529,.F.);
#10806=ORIENTED_EDGE('',*,*,#7530,.F.);
#10807=ORIENTED_EDGE('',*,*,#7531,.F.);
#10808=ORIENTED_EDGE('',*,*,#7530,.T.);
#10809=ORIENTED_EDGE('',*,*,#7532,.F.);
#10810=ORIENTED_EDGE('',*,*,#7474,.F.);
#10811=ORIENTED_EDGE('',*,*,#7531,.T.);
#10812=ORIENTED_EDGE('',*,*,#7473,.F.);
#10813=ORIENTED_EDGE('',*,*,#7477,.F.);
#10814=ORIENTED_EDGE('',*,*,#7480,.T.);
#10815=ORIENTED_EDGE('',*,*,#7483,.F.);
#10816=ORIENTED_EDGE('',*,*,#7486,.T.);
#10817=ORIENTED_EDGE('',*,*,#7489,.T.);
#10818=ORIENTED_EDGE('',*,*,#7492,.T.);
#10819=ORIENTED_EDGE('',*,*,#7495,.T.);
#10820=ORIENTED_EDGE('',*,*,#7498,.F.);
#10821=ORIENTED_EDGE('',*,*,#7501,.F.);
#10822=ORIENTED_EDGE('',*,*,#7504,.F.);
#10823=ORIENTED_EDGE('',*,*,#7507,.T.);
#10824=ORIENTED_EDGE('',*,*,#7510,.F.);
#10825=ORIENTED_EDGE('',*,*,#7513,.T.);
#10826=ORIENTED_EDGE('',*,*,#7516,.T.);
#10827=ORIENTED_EDGE('',*,*,#7519,.F.);
#10828=ORIENTED_EDGE('',*,*,#7522,.T.);
#10829=ORIENTED_EDGE('',*,*,#7525,.F.);
#10830=ORIENTED_EDGE('',*,*,#7528,.F.);
#10831=ORIENTED_EDGE('',*,*,#7532,.T.);
#10832=ORIENTED_EDGE('',*,*,#7529,.T.);
#10833=ORIENTED_EDGE('',*,*,#7526,.T.);
#10834=ORIENTED_EDGE('',*,*,#7523,.T.);
#10835=ORIENTED_EDGE('',*,*,#7520,.T.);
#10836=ORIENTED_EDGE('',*,*,#7517,.T.);
#10837=ORIENTED_EDGE('',*,*,#7514,.T.);
#10838=ORIENTED_EDGE('',*,*,#7511,.T.);
#10839=ORIENTED_EDGE('',*,*,#7508,.T.);
#10840=ORIENTED_EDGE('',*,*,#7505,.T.);
#10841=ORIENTED_EDGE('',*,*,#7502,.T.);
#10842=ORIENTED_EDGE('',*,*,#7499,.T.);
#10843=ORIENTED_EDGE('',*,*,#7496,.T.);
#10844=ORIENTED_EDGE('',*,*,#7493,.T.);
#10845=ORIENTED_EDGE('',*,*,#7490,.T.);
#10846=ORIENTED_EDGE('',*,*,#7487,.T.);
#10847=ORIENTED_EDGE('',*,*,#7484,.T.);
#10848=ORIENTED_EDGE('',*,*,#7481,.T.);
#10849=ORIENTED_EDGE('',*,*,#7478,.T.);
#10850=ORIENTED_EDGE('',*,*,#7475,.T.);
#10851=B_SPLINE_SURFACE_WITH_KNOTS('',3,3,((#15840,#15841,#15842,#15843,
#15844,#15845,#15846),(#15847,#15848,#15849,#15850,#15851,#15852,#15853),
(#15854,#15855,#15856,#15857,#15858,#15859,#15860),(#15861,#15862,#15863,
#15864,#15865,#15866,#15867)),.UNSPECIFIED.,.F.,.F.,.F.,(4,4),(4,1,1,1,
4),(0.,1.),(0.,0.357142857142857,0.571428571428571,0.857142857142857,1.),
 .UNSPECIFIED.);
#10852=B_SPLINE_SURFACE_WITH_KNOTS('',3,3,((#16011,#16012,#16013,#16014,
#16015,#16016,#16017),(#16018,#16019,#16020,#16021,#16022,#16023,#16024),
(#16025,#16026,#16027,#16028,#16029,#16030,#16031),(#16032,#16033,#16034,
#16035,#16036,#16037,#16038)),.UNSPECIFIED.,.F.,.F.,.F.,(4,4),(4,1,1,1,
4),(0.,1.),(0.,0.357142857142857,0.571428571428571,0.857142857142857,1.),
 .UNSPECIFIED.);
#10853=B_SPLINE_SURFACE_WITH_KNOTS('',3,3,((#16182,#16183,#16184,#16185),
(#16186,#16187,#16188,#16189),(#16190,#16191,#16192,#16193),(#16194,#16195,
#16196,#16197)),.UNSPECIFIED.,.F.,.F.,.F.,(4,4),(4,4),(0.,1.),(1.97857874651595,
2.3561944901925),.UNSPECIFIED.);
#10854=B_SPLINE_SURFACE_WITH_KNOTS('',3,3,((#16209,#16210,#16211,#16212),
(#16213,#16214,#16215,#16216),(#16217,#16218,#16219,#16220),(#16221,#16222,
#16223,#16224)),.UNSPECIFIED.,.F.,.F.,.F.,(4,4),(4,4),(0.,1.),(0.978214763696248,
1.57079632679489),.UNSPECIFIED.);
#10855=B_SPLINE_SURFACE_WITH_KNOTS('',3,3,((#16239,#16240,#16241,#16242),
(#16243,#16244,#16245,#16246),(#16247,#16248,#16249,#16250),(#16251,#16252,
#16253,#16254)),.UNSPECIFIED.,.F.,.F.,.F.,(4,4),(4,4),(0.,1.),(0.785398163397558,
0.978214763696248),.UNSPECIFIED.);
#10856=B_SPLINE_SURFACE_WITH_KNOTS('',3,3,((#16272,#16273,#16274,#16275),
(#16276,#16277,#16278,#16279),(#16280,#16281,#16282,#16283),(#16284,#16285,
#16286,#16287)),.UNSPECIFIED.,.F.,.F.,.F.,(4,4),(4,4),(0.,1.),(-0.782474746830628,
-0.672474746830624),.UNSPECIFIED.);
#10857=B_SPLINE_SURFACE_WITH_KNOTS('',3,3,((#16296,#16297,#16298,#16299,
#16300,#16301,#16302,#16303,#16304,#16305),(#16306,#16307,#16308,#16309,
#16310,#16311,#16312,#16313,#16314,#16315),(#16316,#16317,#16318,#16319,
#16320,#16321,#16322,#16323,#16324,#16325),(#16326,#16327,#16328,#16329,
#16330,#16331,#16332,#16333,#16334,#16335)),.UNSPECIFIED.,.F.,.F.,.F.,(4,
4),(4,1,1,1,1,1,1,4),(0.,1.),(-4.57138124652981,-4.16287021997552,-3.75435919342123,
-3.34584816686694,-2.93733714031265,-2.52882611375836,-2.12031508720407,
-1.71180406064977),.UNSPECIFIED.);
#10858=B_SPLINE_SURFACE_WITH_KNOTS('',3,3,((#16362,#16363,#16364,#16365),
(#16366,#16367,#16368,#16369),(#16370,#16371,#16372,#16373),(#16374,#16375,
#16376,#16377)),.UNSPECIFIED.,.F.,.F.,.F.,(4,4),(4,4),(0.,1.),(1.5707963267949,
1.71180406064977),.UNSPECIFIED.);
#10859=B_SPLINE_SURFACE_WITH_KNOTS('',3,3,((#16395,#16396,#16397,#16398),
(#16399,#16400,#16401,#16402),(#16403,#16404,#16405,#16406),(#16407,#16408,
#16409,#16410)),.UNSPECIFIED.,.F.,.F.,.F.,(4,4),(4,4),(0.,1.),(-1.71180406064977,
-1.5707963267949),.UNSPECIFIED.);
#10860=B_SPLINE_SURFACE_WITH_KNOTS('',3,3,((#16419,#16420,#16421,#16422),
(#16423,#16424,#16425,#16426),(#16427,#16428,#16429,#16430),(#16431,#16432,
#16433,#16434)),.UNSPECIFIED.,.F.,.F.,.F.,(4,4),(4,4),(0.,1.),(-1.57079632679489,
-0.978214763696158),.UNSPECIFIED.);
#10861=B_SPLINE_SURFACE_WITH_KNOTS('',3,3,((#16449,#16450,#16451,#16452),
(#16453,#16454,#16455,#16456),(#16457,#16458,#16459,#16460),(#16461,#16462,
#16463,#16464)),.UNSPECIFIED.,.F.,.F.,.F.,(4,4),(4,4),(0.,1.),(0.389632034355984,
0.499632034355987),.UNSPECIFIED.);
#10862=B_SPLINE_SURFACE_WITH_KNOTS('',3,3,((#16473,#16474,#16475,#16476),
(#16477,#16478,#16479,#16480),(#16481,#16482,#16483,#16484),(#16485,#16486,
#16487,#16488)),.UNSPECIFIED.,.F.,.F.,.F.,(4,4),(4,4),(0.,1.),(0.785398163397385,
1.16301390707381),.UNSPECIFIED.);
#10863=B_SPLINE_SURFACE_WITH_KNOTS('',3,3,((#16500,#16501,#16502,#16503),
(#16504,#16505,#16506,#16507),(#16508,#16509,#16510,#16511),(#16512,#16513,
#16514,#16515)),.UNSPECIFIED.,.F.,.F.,.F.,(4,4),(4,4),(0.,1.),(-0.978214763696163,
-0.785398163397489),.UNSPECIFIED.);
#10864=B_SPLINE_SURFACE_WITH_KNOTS('',3,3,((#16558,#16559,#16560,#16561),
(#16562,#16563,#16564,#16565),(#16566,#16567,#16568,#16569),(#16570,#16571,
#16572,#16573),(#16574,#16575,#16576,#16577)),.UNSPECIFIED.,.F.,.F.,.F.,
(4,1,4),(4,4),(0.,0.571428571428571,1.),(1.13806179252797,1.5707963267949),
 .UNSPECIFIED.);
#10865=B_SPLINE_SURFACE_WITH_KNOTS('',3,3,((#16624,#16625,#16626,#16627),
(#16628,#16629,#16630,#16631),(#16632,#16633,#16634,#16635),(#16636,#16637,
#16638,#16639),(#16640,#16641,#16642,#16643)),.UNSPECIFIED.,.F.,.F.,.F.,
(4,1,4),(4,4),(0.,0.571428571428571,1.),(-1.5707963267949,-1.13806179252797),
 .UNSPECIFIED.);
#10866=ADVANCED_FACE('',(#1113),#10851,.T.);
#10867=ADVANCED_FACE('',(#1114),#10852,.T.);
#10868=ADVANCED_FACE('',(#1115),#10853,.T.);
#10869=ADVANCED_FACE('',(#1116),#10854,.T.);
#10870=ADVANCED_FACE('',(#1117),#10855,.T.);
#10871=ADVANCED_FACE('',(#1118),#720,.T.);
#10872=ADVANCED_FACE('',(#1119),#10856,.T.);
#10873=ADVANCED_FACE('',(#1120),#10857,.T.);
#10874=ADVANCED_FACE('',(#1121),#10858,.T.);
#10875=ADVANCED_FACE('',(#1122),#721,.T.);
#10876=ADVANCED_FACE('',(#1123),#10859,.T.);
#10877=ADVANCED_FACE('',(#1124),#10860,.T.);
#10878=ADVANCED_FACE('',(#1125),#10861,.T.);
#10879=ADVANCED_FACE('',(#1126),#10862,.T.);
#10880=ADVANCED_FACE('',(#1127),#10863,.T.);
#10881=ADVANCED_FACE('',(#1128),#722,.T.);
#10882=ADVANCED_FACE('',(#1129),#519,.T.);
#10883=ADVANCED_FACE('',(#1130),#723,.T.);
#10884=ADVANCED_FACE('',(#1131),#520,.F.);
#10885=ADVANCED_FACE('',(#1132),#10864,.T.);
#10886=ADVANCED_FACE('',(#1133),#521,.F.);
#10887=ADVANCED_FACE('',(#1134),#522,.F.);
#10888=ADVANCED_FACE('',(#1135),#523,.F.);
#10889=ADVANCED_FACE('',(#1136),#524,.F.);
#10890=ADVANCED_FACE('',(#1137),#525,.F.);
#10891=ADVANCED_FACE('',(#1138),#526,.F.);
#10892=ADVANCED_FACE('',(#1139),#10865,.T.);
#10893=ADVANCED_FACE('',(#1140),#527,.F.);
#10894=ADVANCED_FACE('',(#1141),#528,.F.);
#10895=ADVANCED_FACE('',(#1142),#529,.F.);
#10896=ADVANCED_FACE('',(#1143),#530,.F.);
#10897=ADVANCED_FACE('',(#1144,#92),#724,.F.);
#10898=ADVANCED_FACE('',(#1145),#725,.T.);
#10899=ADVANCED_FACE('',(#1146),#77,.T.);
#10900=ADVANCED_FACE('',(#1147),#726,.T.);
#10901=ADVANCED_FACE('',(#1148),#78,.T.);
#10902=ADVANCED_FACE('',(#1149),#79,.T.);
#10903=ADVANCED_FACE('',(#1150,#93,#94),#727,.T.);
#10904=ADVANCED_FACE('',(#1151),#728,.T.);
#10905=ADVANCED_FACE('',(#1152),#80,.T.);
#10906=ADVANCED_FACE('',(#1153),#729,.T.);
#10907=ADVANCED_FACE('',(#1154),#81,.T.);
#10908=ADVANCED_FACE('',(#1155),#730,.T.);
#10909=ADVANCED_FACE('',(#1156),#82,.T.);
#10910=ADVANCED_FACE('',(#1157),#731,.T.);
#10911=ADVANCED_FACE('',(#1158),#83,.T.);
#10912=ADVANCED_FACE('',(#1159),#732,.T.);
#10913=ADVANCED_FACE('',(#1160),#733,.T.);
#10914=ADVANCED_FACE('',(#1161),#531,.T.);
#10915=ADVANCED_FACE('',(#1162),#734,.T.);
#10916=ADVANCED_FACE('',(#1163),#532,.T.);
#10917=ADVANCED_FACE('',(#1164),#735,.T.);
#10918=ADVANCED_FACE('',(#1165),#533,.T.);
#10919=ADVANCED_FACE('',(#1166),#736,.T.);
#10920=ADVANCED_FACE('',(#1167),#534,.T.);
#10921=ADVANCED_FACE('',(#1168),#737,.T.);
#10922=ADVANCED_FACE('',(#1169),#738,.T.);
#10923=ADVANCED_FACE('',(#1170),#739,.T.);
#10924=ADVANCED_FACE('',(#1171),#740,.T.);
#10925=ADVANCED_FACE('',(#1172),#741,.T.);
#10926=ADVANCED_FACE('',(#1173),#742,.T.);
#10927=ADVANCED_FACE('',(#1174),#743,.T.);
#10928=ADVANCED_FACE('',(#1175),#744,.T.);
#10929=ADVANCED_FACE('',(#1176),#745,.T.);
#10930=ADVANCED_FACE('',(#1177),#746,.T.);
#10931=ADVANCED_FACE('',(#1178),#747,.T.);
#10932=ADVANCED_FACE('',(#1179),#535,.F.);
#10933=ADVANCED_FACE('',(#1180),#748,.T.);
#10934=ADVANCED_FACE('',(#1181),#749,.T.);
#10935=ADVANCED_FACE('',(#1182),#750,.T.);
#10936=ADVANCED_FACE('',(#1183),#751,.T.);
#10937=ADVANCED_FACE('',(#1184),#84,.T.);
#10938=ADVANCED_FACE('',(#1185),#752,.T.);
#10939=ADVANCED_FACE('',(#1186),#85,.T.);
#10940=ADVANCED_FACE('',(#1187),#536,.T.);
#10941=ADVANCED_FACE('',(#1188),#753,.T.);
#10942=ADVANCED_FACE('',(#1189),#537,.T.);
#10943=ADVANCED_FACE('',(#1190),#754,.F.);
#10944=ADVANCED_FACE('',(#1191),#755,.T.);
#10945=ADVANCED_FACE('',(#1192),#756,.T.);
#10946=ADVANCED_FACE('',(#1193),#757,.T.);
#10947=ADVANCED_FACE('',(#1194),#758,.T.);
#10948=ADVANCED_FACE('',(#1195),#86,.T.);
#10949=ADVANCED_FACE('',(#1196),#759,.T.);
#10950=ADVANCED_FACE('',(#1197),#87,.T.);
#10951=ADVANCED_FACE('',(#1198),#538,.T.);
#10952=ADVANCED_FACE('',(#1199),#539,.T.);
#10953=ADVANCED_FACE('',(#1200),#760,.F.);
#10954=ADVANCED_FACE('',(#1201),#761,.F.);
#10955=ADVANCED_FACE('',(#1202),#762,.T.);
#10956=ADVANCED_FACE('',(#1203),#763,.F.);
#10957=ADVANCED_FACE('',(#1204),#764,.T.);
#10958=ADVANCED_FACE('',(#1205),#765,.F.);
#10959=ADVANCED_FACE('',(#1206),#766,.F.);
#10960=ADVANCED_FACE('',(#1207),#767,.F.);
#10961=ADVANCED_FACE('',(#1208),#768,.F.);
#10962=ADVANCED_FACE('',(#1209),#540,.T.);
#10963=ADVANCED_FACE('',(#1210),#541,.T.);
#10964=ADVANCED_FACE('',(#1211),#769,.T.);
#10965=ADVANCED_FACE('',(#1212),#770,.T.);
#10966=ADVANCED_FACE('',(#1213),#771,.T.);
#10967=ADVANCED_FACE('',(#1214),#542,.T.);
#10968=ADVANCED_FACE('',(#1215),#543,.T.);
#10969=ADVANCED_FACE('',(#1216),#544,.T.);
#10970=ADVANCED_FACE('',(#1217),#545,.T.);
#10971=ADVANCED_FACE('',(#1218),#772,.T.);
#10972=ADVANCED_FACE('',(#1219),#773,.T.);
#10973=ADVANCED_FACE('',(#1220),#774,.T.);
#10974=ADVANCED_FACE('',(#1221),#775,.T.);
#10975=ADVANCED_FACE('',(#1222),#776,.T.);
#10976=ADVANCED_FACE('',(#1223),#546,.T.);
#10977=ADVANCED_FACE('',(#1224),#547,.T.);
#10978=ADVANCED_FACE('',(#1225),#548,.T.);
#10979=ADVANCED_FACE('',(#1226),#549,.T.);
#10980=ADVANCED_FACE('',(#1227),#777,.T.);
#10981=ADVANCED_FACE('',(#1228),#778,.T.);
#10982=ADVANCED_FACE('',(#1229),#779,.T.);
#10983=ADVANCED_FACE('',(#1230),#780,.T.);
#10984=ADVANCED_FACE('',(#1231),#781,.T.);
#10985=ADVANCED_FACE('',(#1232),#782,.T.);
#10986=ADVANCED_FACE('',(#1233),#550,.T.);
#10987=ADVANCED_FACE('',(#1234),#783,.T.);
#10988=ADVANCED_FACE('',(#1235),#784,.T.);
#10989=ADVANCED_FACE('',(#1236),#785,.T.);
#10990=ADVANCED_FACE('',(#1237),#551,.T.);
#10991=ADVANCED_FACE('',(#1238),#552,.T.);
#10992=ADVANCED_FACE('',(#1239),#553,.T.);
#10993=ADVANCED_FACE('',(#1240),#554,.T.);
#10994=ADVANCED_FACE('',(#1241),#555,.T.);
#10995=ADVANCED_FACE('',(#1242),#556,.T.);
#10996=ADVANCED_FACE('',(#1243),#557,.T.);
#10997=ADVANCED_FACE('',(#1244),#558,.T.);
#10998=ADVANCED_FACE('',(#1245),#559,.T.);
#10999=ADVANCED_FACE('',(#1246),#786,.T.);
#11000=ADVANCED_FACE('',(#1247),#787,.T.);
#11001=ADVANCED_FACE('',(#1248),#788,.T.);
#11002=ADVANCED_FACE('',(#1249),#789,.T.);
#11003=ADVANCED_FACE('',(#1250),#790,.T.);
#11004=ADVANCED_FACE('',(#1251,#95),#791,.T.);
#11005=ADVANCED_FACE('',(#1252),#792,.T.);
#11006=ADVANCED_FACE('',(#1253),#793,.T.);
#11007=ADVANCED_FACE('',(#1254),#794,.T.);
#11008=ADVANCED_FACE('',(#1255),#795,.T.);
#11009=ADVANCED_FACE('',(#1256),#796,.T.);
#11010=ADVANCED_FACE('',(#1257),#797,.T.);
#11011=ADVANCED_FACE('',(#1258),#798,.T.);
#11012=ADVANCED_FACE('',(#1259),#799,.T.);
#11013=ADVANCED_FACE('',(#1260),#800,.T.);
#11014=ADVANCED_FACE('',(#1261),#801,.T.);
#11015=ADVANCED_FACE('',(#1262),#802,.T.);
#11016=ADVANCED_FACE('',(#1263,#96),#803,.T.);
#11017=ADVANCED_FACE('',(#1264),#804,.T.);
#11018=ADVANCED_FACE('',(#1265),#805,.T.);
#11019=ADVANCED_FACE('',(#1266),#806,.T.);
#11020=ADVANCED_FACE('',(#1267),#807,.T.);
#11021=ADVANCED_FACE('',(#1268),#808,.T.);
#11022=ADVANCED_FACE('',(#1269),#809,.T.);
#11023=ADVANCED_FACE('',(#1270),#810,.T.);
#11024=ADVANCED_FACE('',(#1271),#811,.T.);
#11025=ADVANCED_FACE('',(#1272),#812,.T.);
#11026=ADVANCED_FACE('',(#1273),#813,.T.);
#11027=ADVANCED_FACE('',(#1274),#814,.T.);
#11028=ADVANCED_FACE('',(#1275),#815,.T.);
#11029=ADVANCED_FACE('',(#1276),#816,.T.);
#11030=ADVANCED_FACE('',(#1277),#817,.T.);
#11031=ADVANCED_FACE('',(#1278),#818,.T.);
#11032=ADVANCED_FACE('',(#1279),#819,.T.);
#11033=ADVANCED_FACE('',(#1280),#820,.T.);
#11034=ADVANCED_FACE('',(#1281),#821,.T.);
#11035=ADVANCED_FACE('',(#1282),#822,.T.);
#11036=ADVANCED_FACE('',(#1283),#823,.T.);
#11037=ADVANCED_FACE('',(#1284),#824,.T.);
#11038=ADVANCED_FACE('',(#1285),#825,.T.);
#11039=ADVANCED_FACE('',(#1286),#826,.T.);
#11040=ADVANCED_FACE('',(#1287),#827,.T.);
#11041=ADVANCED_FACE('',(#1288),#828,.T.);
#11042=ADVANCED_FACE('',(#1289),#829,.T.);
#11043=ADVANCED_FACE('',(#1290),#830,.T.);
#11044=ADVANCED_FACE('',(#1291),#831,.T.);
#11045=ADVANCED_FACE('',(#1292),#832,.T.);
#11046=ADVANCED_FACE('',(#1293),#833,.T.);
#11047=ADVANCED_FACE('',(#1294),#560,.F.);
#11048=ADVANCED_FACE('',(#1295),#834,.T.);
#11049=ADVANCED_FACE('',(#1296),#561,.F.);
#11050=ADVANCED_FACE('',(#1297),#835,.T.);
#11051=ADVANCED_FACE('',(#1298),#562,.T.);
#11052=ADVANCED_FACE('',(#1299),#836,.T.);
#11053=ADVANCED_FACE('',(#1300),#837,.T.);
#11054=ADVANCED_FACE('',(#1301),#838,.T.);
#11055=ADVANCED_FACE('',(#1302),#563,.F.);
#11056=ADVANCED_FACE('',(#1303),#839,.T.);
#11057=ADVANCED_FACE('',(#1304),#564,.T.);
#11058=ADVANCED_FACE('',(#1305),#840,.T.);
#11059=ADVANCED_FACE('',(#1306),#565,.T.);
#11060=ADVANCED_FACE('',(#1307),#841,.T.);
#11061=ADVANCED_FACE('',(#1308),#566,.F.);
#11062=ADVANCED_FACE('',(#1309),#842,.T.);
#11063=ADVANCED_FACE('',(#1310),#843,.T.);
#11064=ADVANCED_FACE('',(#1311),#844,.T.);
#11065=ADVANCED_FACE('',(#1312),#567,.T.);
#11066=ADVANCED_FACE('',(#1313),#845,.T.);
#11067=ADVANCED_FACE('',(#1314),#846,.F.);
#11068=ADVANCED_FACE('',(#1315),#847,.T.);
#11069=ADVANCED_FACE('',(#1316),#568,.F.);
#11070=ADVANCED_FACE('',(#1317),#848,.T.);
#11071=ADVANCED_FACE('',(#1318),#569,.F.);
#11072=ADVANCED_FACE('',(#1319),#849,.T.);
#11073=ADVANCED_FACE('',(#1320),#570,.T.);
#11074=ADVANCED_FACE('',(#1321),#850,.T.);
#11075=ADVANCED_FACE('',(#1322),#851,.T.);
#11076=ADVANCED_FACE('',(#1323),#852,.T.);
#11077=ADVANCED_FACE('',(#1324),#571,.F.);
#11078=ADVANCED_FACE('',(#1325),#853,.T.);
#11079=ADVANCED_FACE('',(#1326),#572,.T.);
#11080=ADVANCED_FACE('',(#1327),#854,.T.);
#11081=ADVANCED_FACE('',(#1328),#573,.T.);
#11082=ADVANCED_FACE('',(#1329),#855,.T.);
#11083=ADVANCED_FACE('',(#1330),#574,.F.);
#11084=ADVANCED_FACE('',(#1331),#856,.T.);
#11085=ADVANCED_FACE('',(#1332),#857,.T.);
#11086=ADVANCED_FACE('',(#1333),#858,.T.);
#11087=ADVANCED_FACE('',(#1334),#575,.T.);
#11088=ADVANCED_FACE('',(#1335),#859,.T.);
#11089=ADVANCED_FACE('',(#1336),#860,.F.);
#11090=ADVANCED_FACE('',(#1337),#861,.T.);
#11091=ADVANCED_FACE('',(#1338),#576,.F.);
#11092=ADVANCED_FACE('',(#1339),#862,.T.);
#11093=ADVANCED_FACE('',(#1340),#577,.F.);
#11094=ADVANCED_FACE('',(#1341),#863,.T.);
#11095=ADVANCED_FACE('',(#1342),#578,.T.);
#11096=ADVANCED_FACE('',(#1343),#864,.T.);
#11097=ADVANCED_FACE('',(#1344),#865,.T.);
#11098=ADVANCED_FACE('',(#1345),#866,.T.);
#11099=ADVANCED_FACE('',(#1346),#579,.F.);
#11100=ADVANCED_FACE('',(#1347),#867,.T.);
#11101=ADVANCED_FACE('',(#1348),#580,.T.);
#11102=ADVANCED_FACE('',(#1349),#868,.T.);
#11103=ADVANCED_FACE('',(#1350),#581,.T.);
#11104=ADVANCED_FACE('',(#1351),#869,.T.);
#11105=ADVANCED_FACE('',(#1352),#582,.F.);
#11106=ADVANCED_FACE('',(#1353),#870,.T.);
#11107=ADVANCED_FACE('',(#1354),#871,.T.);
#11108=ADVANCED_FACE('',(#1355),#872,.T.);
#11109=ADVANCED_FACE('',(#1356),#583,.T.);
#11110=ADVANCED_FACE('',(#1357),#873,.T.);
#11111=ADVANCED_FACE('',(#1358),#874,.F.);
#11112=ADVANCED_FACE('',(#1359),#875,.T.);
#11113=ADVANCED_FACE('',(#1360),#584,.F.);
#11114=ADVANCED_FACE('',(#1361),#876,.T.);
#11115=ADVANCED_FACE('',(#1362),#585,.F.);
#11116=ADVANCED_FACE('',(#1363),#877,.T.);
#11117=ADVANCED_FACE('',(#1364),#586,.T.);
#11118=ADVANCED_FACE('',(#1365),#878,.T.);
#11119=ADVANCED_FACE('',(#1366),#879,.T.);
#11120=ADVANCED_FACE('',(#1367),#880,.T.);
#11121=ADVANCED_FACE('',(#1368),#587,.F.);
#11122=ADVANCED_FACE('',(#1369),#881,.T.);
#11123=ADVANCED_FACE('',(#1370),#588,.T.);
#11124=ADVANCED_FACE('',(#1371),#882,.T.);
#11125=ADVANCED_FACE('',(#1372),#589,.T.);
#11126=ADVANCED_FACE('',(#1373),#883,.T.);
#11127=ADVANCED_FACE('',(#1374),#590,.F.);
#11128=ADVANCED_FACE('',(#1375),#884,.T.);
#11129=ADVANCED_FACE('',(#1376),#885,.T.);
#11130=ADVANCED_FACE('',(#1377),#886,.T.);
#11131=ADVANCED_FACE('',(#1378),#591,.T.);
#11132=ADVANCED_FACE('',(#1379),#887,.T.);
#11133=ADVANCED_FACE('',(#1380),#888,.F.);
#11134=ADVANCED_FACE('',(#1381),#889,.T.);
#11135=ADVANCED_FACE('',(#1382),#592,.F.);
#11136=ADVANCED_FACE('',(#1383),#890,.T.);
#11137=ADVANCED_FACE('',(#1384),#593,.F.);
#11138=ADVANCED_FACE('',(#1385),#891,.T.);
#11139=ADVANCED_FACE('',(#1386),#594,.T.);
#11140=ADVANCED_FACE('',(#1387),#892,.T.);
#11141=ADVANCED_FACE('',(#1388),#893,.T.);
#11142=ADVANCED_FACE('',(#1389),#894,.T.);
#11143=ADVANCED_FACE('',(#1390),#595,.F.);
#11144=ADVANCED_FACE('',(#1391),#895,.T.);
#11145=ADVANCED_FACE('',(#1392),#596,.T.);
#11146=ADVANCED_FACE('',(#1393),#896,.T.);
#11147=ADVANCED_FACE('',(#1394),#597,.T.);
#11148=ADVANCED_FACE('',(#1395),#897,.T.);
#11149=ADVANCED_FACE('',(#1396),#598,.F.);
#11150=ADVANCED_FACE('',(#1397),#898,.T.);
#11151=ADVANCED_FACE('',(#1398),#899,.T.);
#11152=ADVANCED_FACE('',(#1399),#900,.T.);
#11153=ADVANCED_FACE('',(#1400),#599,.T.);
#11154=ADVANCED_FACE('',(#1401),#901,.T.);
#11155=ADVANCED_FACE('',(#1402),#902,.F.);
#11156=ADVANCED_FACE('',(#1403),#903,.T.);
#11157=ADVANCED_FACE('',(#1404),#600,.F.);
#11158=ADVANCED_FACE('',(#1405),#904,.T.);
#11159=ADVANCED_FACE('',(#1406),#601,.F.);
#11160=ADVANCED_FACE('',(#1407),#905,.T.);
#11161=ADVANCED_FACE('',(#1408),#602,.T.);
#11162=ADVANCED_FACE('',(#1409),#906,.T.);
#11163=ADVANCED_FACE('',(#1410),#907,.T.);
#11164=ADVANCED_FACE('',(#1411),#908,.T.);
#11165=ADVANCED_FACE('',(#1412),#603,.F.);
#11166=ADVANCED_FACE('',(#1413),#909,.T.);
#11167=ADVANCED_FACE('',(#1414),#604,.T.);
#11168=ADVANCED_FACE('',(#1415),#910,.T.);
#11169=ADVANCED_FACE('',(#1416),#605,.T.);
#11170=ADVANCED_FACE('',(#1417),#911,.T.);
#11171=ADVANCED_FACE('',(#1418),#606,.F.);
#11172=ADVANCED_FACE('',(#1419),#912,.T.);
#11173=ADVANCED_FACE('',(#1420),#913,.T.);
#11174=ADVANCED_FACE('',(#1421),#914,.T.);
#11175=ADVANCED_FACE('',(#1422),#607,.T.);
#11176=ADVANCED_FACE('',(#1423),#915,.T.);
#11177=ADVANCED_FACE('',(#1424),#916,.F.);
#11178=ADVANCED_FACE('',(#1425),#917,.T.);
#11179=ADVANCED_FACE('',(#1426),#608,.F.);
#11180=ADVANCED_FACE('',(#1427),#918,.T.);
#11181=ADVANCED_FACE('',(#1428),#609,.F.);
#11182=ADVANCED_FACE('',(#1429),#919,.T.);
#11183=ADVANCED_FACE('',(#1430),#610,.T.);
#11184=ADVANCED_FACE('',(#1431),#920,.T.);
#11185=ADVANCED_FACE('',(#1432),#921,.T.);
#11186=ADVANCED_FACE('',(#1433),#922,.T.);
#11187=ADVANCED_FACE('',(#1434),#611,.F.);
#11188=ADVANCED_FACE('',(#1435),#923,.T.);
#11189=ADVANCED_FACE('',(#1436),#612,.T.);
#11190=ADVANCED_FACE('',(#1437),#924,.T.);
#11191=ADVANCED_FACE('',(#1438),#613,.T.);
#11192=ADVANCED_FACE('',(#1439),#925,.T.);
#11193=ADVANCED_FACE('',(#1440),#614,.F.);
#11194=ADVANCED_FACE('',(#1441),#926,.T.);
#11195=ADVANCED_FACE('',(#1442),#927,.T.);
#11196=ADVANCED_FACE('',(#1443),#928,.T.);
#11197=ADVANCED_FACE('',(#1444),#615,.T.);
#11198=ADVANCED_FACE('',(#1445),#929,.T.);
#11199=ADVANCED_FACE('',(#1446),#930,.F.);
#11200=ADVANCED_FACE('',(#1447),#931,.T.);
#11201=ADVANCED_FACE('',(#1448),#616,.F.);
#11202=ADVANCED_FACE('',(#1449),#932,.T.);
#11203=ADVANCED_FACE('',(#1450),#617,.F.);
#11204=ADVANCED_FACE('',(#1451),#933,.T.);
#11205=ADVANCED_FACE('',(#1452),#618,.T.);
#11206=ADVANCED_FACE('',(#1453),#934,.T.);
#11207=ADVANCED_FACE('',(#1454),#935,.T.);
#11208=ADVANCED_FACE('',(#1455),#936,.T.);
#11209=ADVANCED_FACE('',(#1456),#619,.F.);
#11210=ADVANCED_FACE('',(#1457),#937,.T.);
#11211=ADVANCED_FACE('',(#1458),#620,.T.);
#11212=ADVANCED_FACE('',(#1459),#938,.T.);
#11213=ADVANCED_FACE('',(#1460),#621,.T.);
#11214=ADVANCED_FACE('',(#1461),#939,.T.);
#11215=ADVANCED_FACE('',(#1462),#622,.F.);
#11216=ADVANCED_FACE('',(#1463),#940,.T.);
#11217=ADVANCED_FACE('',(#1464),#941,.T.);
#11218=ADVANCED_FACE('',(#1465),#942,.T.);
#11219=ADVANCED_FACE('',(#1466),#623,.T.);
#11220=ADVANCED_FACE('',(#1467),#943,.T.);
#11221=ADVANCED_FACE('',(#1468),#944,.F.);
#11222=ADVANCED_FACE('',(#1469),#945,.T.);
#11223=ADVANCED_FACE('',(#1470),#624,.F.);
#11224=ADVANCED_FACE('',(#1471),#946,.T.);
#11225=ADVANCED_FACE('',(#1472),#625,.F.);
#11226=ADVANCED_FACE('',(#1473),#947,.T.);
#11227=ADVANCED_FACE('',(#1474),#626,.T.);
#11228=ADVANCED_FACE('',(#1475),#948,.T.);
#11229=ADVANCED_FACE('',(#1476),#949,.T.);
#11230=ADVANCED_FACE('',(#1477),#950,.T.);
#11231=ADVANCED_FACE('',(#1478),#627,.F.);
#11232=ADVANCED_FACE('',(#1479),#951,.T.);
#11233=ADVANCED_FACE('',(#1480),#628,.T.);
#11234=ADVANCED_FACE('',(#1481),#952,.T.);
#11235=ADVANCED_FACE('',(#1482),#629,.T.);
#11236=ADVANCED_FACE('',(#1483),#953,.T.);
#11237=ADVANCED_FACE('',(#1484),#630,.F.);
#11238=ADVANCED_FACE('',(#1485),#954,.T.);
#11239=ADVANCED_FACE('',(#1486),#955,.T.);
#11240=ADVANCED_FACE('',(#1487),#956,.T.);
#11241=ADVANCED_FACE('',(#1488),#631,.T.);
#11242=ADVANCED_FACE('',(#1489),#957,.T.);
#11243=ADVANCED_FACE('',(#1490),#958,.F.);
#11244=ADVANCED_FACE('',(#1491),#959,.T.);
#11245=ADVANCED_FACE('',(#1492),#632,.F.);
#11246=ADVANCED_FACE('',(#1493),#960,.T.);
#11247=ADVANCED_FACE('',(#1494),#633,.F.);
#11248=ADVANCED_FACE('',(#1495),#961,.T.);
#11249=ADVANCED_FACE('',(#1496),#634,.T.);
#11250=ADVANCED_FACE('',(#1497),#962,.T.);
#11251=ADVANCED_FACE('',(#1498),#963,.T.);
#11252=ADVANCED_FACE('',(#1499),#964,.T.);
#11253=ADVANCED_FACE('',(#1500),#635,.F.);
#11254=ADVANCED_FACE('',(#1501),#965,.T.);
#11255=ADVANCED_FACE('',(#1502),#636,.T.);
#11256=ADVANCED_FACE('',(#1503),#966,.T.);
#11257=ADVANCED_FACE('',(#1504),#637,.T.);
#11258=ADVANCED_FACE('',(#1505),#967,.T.);
#11259=ADVANCED_FACE('',(#1506),#638,.F.);
#11260=ADVANCED_FACE('',(#1507),#968,.T.);
#11261=ADVANCED_FACE('',(#1508),#969,.T.);
#11262=ADVANCED_FACE('',(#1509),#970,.T.);
#11263=ADVANCED_FACE('',(#1510),#639,.T.);
#11264=ADVANCED_FACE('',(#1511),#971,.T.);
#11265=ADVANCED_FACE('',(#1512),#972,.F.);
#11266=ADVANCED_FACE('',(#1513),#973,.T.);
#11267=ADVANCED_FACE('',(#1514),#640,.F.);
#11268=ADVANCED_FACE('',(#1515),#974,.T.);
#11269=ADVANCED_FACE('',(#1516),#641,.F.);
#11270=ADVANCED_FACE('',(#1517),#975,.T.);
#11271=ADVANCED_FACE('',(#1518),#642,.T.);
#11272=ADVANCED_FACE('',(#1519),#976,.T.);
#11273=ADVANCED_FACE('',(#1520),#977,.T.);
#11274=ADVANCED_FACE('',(#1521),#978,.T.);
#11275=ADVANCED_FACE('',(#1522),#643,.F.);
#11276=ADVANCED_FACE('',(#1523),#979,.T.);
#11277=ADVANCED_FACE('',(#1524),#644,.T.);
#11278=ADVANCED_FACE('',(#1525),#980,.T.);
#11279=ADVANCED_FACE('',(#1526),#645,.T.);
#11280=ADVANCED_FACE('',(#1527),#981,.T.);
#11281=ADVANCED_FACE('',(#1528),#646,.F.);
#11282=ADVANCED_FACE('',(#1529),#982,.T.);
#11283=ADVANCED_FACE('',(#1530),#983,.T.);
#11284=ADVANCED_FACE('',(#1531),#984,.T.);
#11285=ADVANCED_FACE('',(#1532),#647,.T.);
#11286=ADVANCED_FACE('',(#1533),#985,.T.);
#11287=ADVANCED_FACE('',(#1534),#986,.F.);
#11288=ADVANCED_FACE('',(#1535),#987,.T.);
#11289=ADVANCED_FACE('',(#1536),#648,.F.);
#11290=ADVANCED_FACE('',(#1537),#988,.T.);
#11291=ADVANCED_FACE('',(#1538),#649,.F.);
#11292=ADVANCED_FACE('',(#1539),#989,.T.);
#11293=ADVANCED_FACE('',(#1540),#650,.T.);
#11294=ADVANCED_FACE('',(#1541),#990,.T.);
#11295=ADVANCED_FACE('',(#1542),#991,.T.);
#11296=ADVANCED_FACE('',(#1543),#992,.T.);
#11297=ADVANCED_FACE('',(#1544),#651,.F.);
#11298=ADVANCED_FACE('',(#1545),#993,.T.);
#11299=ADVANCED_FACE('',(#1546),#652,.T.);
#11300=ADVANCED_FACE('',(#1547),#994,.T.);
#11301=ADVANCED_FACE('',(#1548),#653,.T.);
#11302=ADVANCED_FACE('',(#1549),#995,.T.);
#11303=ADVANCED_FACE('',(#1550),#654,.F.);
#11304=ADVANCED_FACE('',(#1551),#996,.T.);
#11305=ADVANCED_FACE('',(#1552),#997,.T.);
#11306=ADVANCED_FACE('',(#1553),#998,.T.);
#11307=ADVANCED_FACE('',(#1554),#655,.T.);
#11308=ADVANCED_FACE('',(#1555),#999,.T.);
#11309=ADVANCED_FACE('',(#1556),#1000,.F.);
#11310=ADVANCED_FACE('',(#1557),#1001,.T.);
#11311=ADVANCED_FACE('',(#1558),#656,.F.);
#11312=ADVANCED_FACE('',(#1559),#1002,.T.);
#11313=ADVANCED_FACE('',(#1560),#657,.F.);
#11314=ADVANCED_FACE('',(#1561),#1003,.T.);
#11315=ADVANCED_FACE('',(#1562),#658,.T.);
#11316=ADVANCED_FACE('',(#1563),#1004,.T.);
#11317=ADVANCED_FACE('',(#1564),#1005,.T.);
#11318=ADVANCED_FACE('',(#1565),#1006,.T.);
#11319=ADVANCED_FACE('',(#1566),#659,.F.);
#11320=ADVANCED_FACE('',(#1567),#1007,.T.);
#11321=ADVANCED_FACE('',(#1568),#660,.T.);
#11322=ADVANCED_FACE('',(#1569),#1008,.T.);
#11323=ADVANCED_FACE('',(#1570),#661,.T.);
#11324=ADVANCED_FACE('',(#1571),#1009,.T.);
#11325=ADVANCED_FACE('',(#1572),#662,.F.);
#11326=ADVANCED_FACE('',(#1573),#1010,.T.);
#11327=ADVANCED_FACE('',(#1574),#1011,.T.);
#11328=ADVANCED_FACE('',(#1575),#1012,.T.);
#11329=ADVANCED_FACE('',(#1576),#663,.T.);
#11330=ADVANCED_FACE('',(#1577),#1013,.T.);
#11331=ADVANCED_FACE('',(#1578),#1014,.F.);
#11332=ADVANCED_FACE('',(#1579),#1015,.T.);
#11333=ADVANCED_FACE('',(#1580),#664,.F.);
#11334=ADVANCED_FACE('',(#1581),#1016,.T.);
#11335=ADVANCED_FACE('',(#1582),#665,.F.);
#11336=ADVANCED_FACE('',(#1583),#1017,.T.);
#11337=ADVANCED_FACE('',(#1584),#666,.T.);
#11338=ADVANCED_FACE('',(#1585),#1018,.T.);
#11339=ADVANCED_FACE('',(#1586),#1019,.T.);
#11340=ADVANCED_FACE('',(#1587),#1020,.T.);
#11341=ADVANCED_FACE('',(#1588),#667,.F.);
#11342=ADVANCED_FACE('',(#1589),#1021,.T.);
#11343=ADVANCED_FACE('',(#1590),#668,.T.);
#11344=ADVANCED_FACE('',(#1591),#1022,.T.);
#11345=ADVANCED_FACE('',(#1592),#669,.T.);
#11346=ADVANCED_FACE('',(#1593),#1023,.T.);
#11347=ADVANCED_FACE('',(#1594),#670,.F.);
#11348=ADVANCED_FACE('',(#1595),#1024,.T.);
#11349=ADVANCED_FACE('',(#1596),#1025,.T.);
#11350=ADVANCED_FACE('',(#1597),#1026,.T.);
#11351=ADVANCED_FACE('',(#1598),#671,.T.);
#11352=ADVANCED_FACE('',(#1599),#1027,.T.);
#11353=ADVANCED_FACE('',(#1600),#1028,.F.);
#11354=ADVANCED_FACE('',(#1601),#1029,.T.);
#11355=ADVANCED_FACE('',(#1602),#672,.F.);
#11356=ADVANCED_FACE('',(#1603),#1030,.T.);
#11357=ADVANCED_FACE('',(#1604),#673,.F.);
#11358=ADVANCED_FACE('',(#1605),#1031,.T.);
#11359=ADVANCED_FACE('',(#1606),#674,.T.);
#11360=ADVANCED_FACE('',(#1607),#1032,.T.);
#11361=ADVANCED_FACE('',(#1608),#1033,.T.);
#11362=ADVANCED_FACE('',(#1609),#1034,.T.);
#11363=ADVANCED_FACE('',(#1610),#675,.F.);
#11364=ADVANCED_FACE('',(#1611),#1035,.T.);
#11365=ADVANCED_FACE('',(#1612),#676,.T.);
#11366=ADVANCED_FACE('',(#1613),#1036,.T.);
#11367=ADVANCED_FACE('',(#1614),#677,.T.);
#11368=ADVANCED_FACE('',(#1615),#1037,.T.);
#11369=ADVANCED_FACE('',(#1616),#678,.F.);
#11370=ADVANCED_FACE('',(#1617),#1038,.T.);
#11371=ADVANCED_FACE('',(#1618),#1039,.T.);
#11372=ADVANCED_FACE('',(#1619),#1040,.T.);
#11373=ADVANCED_FACE('',(#1620),#679,.T.);
#11374=ADVANCED_FACE('',(#1621),#1041,.T.);
#11375=ADVANCED_FACE('',(#1622),#1042,.F.);
#11376=ADVANCED_FACE('',(#1623),#1043,.T.);
#11377=ADVANCED_FACE('',(#1624),#680,.F.);
#11378=ADVANCED_FACE('',(#1625),#1044,.T.);
#11379=ADVANCED_FACE('',(#1626),#681,.F.);
#11380=ADVANCED_FACE('',(#1627),#1045,.T.);
#11381=ADVANCED_FACE('',(#1628),#682,.T.);
#11382=ADVANCED_FACE('',(#1629),#1046,.T.);
#11383=ADVANCED_FACE('',(#1630),#1047,.T.);
#11384=ADVANCED_FACE('',(#1631),#1048,.T.);
#11385=ADVANCED_FACE('',(#1632),#683,.F.);
#11386=ADVANCED_FACE('',(#1633),#1049,.T.);
#11387=ADVANCED_FACE('',(#1634),#684,.T.);
#11388=ADVANCED_FACE('',(#1635),#1050,.T.);
#11389=ADVANCED_FACE('',(#1636),#685,.T.);
#11390=ADVANCED_FACE('',(#1637),#1051,.T.);
#11391=ADVANCED_FACE('',(#1638),#686,.F.);
#11392=ADVANCED_FACE('',(#1639),#1052,.T.);
#11393=ADVANCED_FACE('',(#1640),#1053,.T.);
#11394=ADVANCED_FACE('',(#1641),#1054,.T.);
#11395=ADVANCED_FACE('',(#1642),#687,.T.);
#11396=ADVANCED_FACE('',(#1643),#1055,.T.);
#11397=ADVANCED_FACE('',(#1644),#1056,.F.);
#11398=ADVANCED_FACE('',(#1645),#1057,.T.);
#11399=ADVANCED_FACE('',(#1646),#688,.F.);
#11400=ADVANCED_FACE('',(#1647),#1058,.T.);
#11401=ADVANCED_FACE('',(#1648),#689,.F.);
#11402=ADVANCED_FACE('',(#1649),#1059,.T.);
#11403=ADVANCED_FACE('',(#1650),#690,.T.);
#11404=ADVANCED_FACE('',(#1651),#1060,.T.);
#11405=ADVANCED_FACE('',(#1652),#1061,.T.);
#11406=ADVANCED_FACE('',(#1653),#1062,.T.);
#11407=ADVANCED_FACE('',(#1654),#691,.F.);
#11408=ADVANCED_FACE('',(#1655),#1063,.T.);
#11409=ADVANCED_FACE('',(#1656),#692,.T.);
#11410=ADVANCED_FACE('',(#1657),#1064,.T.);
#11411=ADVANCED_FACE('',(#1658),#693,.T.);
#11412=ADVANCED_FACE('',(#1659),#1065,.T.);
#11413=ADVANCED_FACE('',(#1660),#694,.F.);
#11414=ADVANCED_FACE('',(#1661),#1066,.T.);
#11415=ADVANCED_FACE('',(#1662),#1067,.T.);
#11416=ADVANCED_FACE('',(#1663),#1068,.T.);
#11417=ADVANCED_FACE('',(#1664),#695,.T.);
#11418=ADVANCED_FACE('',(#1665),#1069,.T.);
#11419=ADVANCED_FACE('',(#1666),#1070,.F.);
#11420=ADVANCED_FACE('',(#1667),#1071,.T.);
#11421=ADVANCED_FACE('',(#1668),#696,.F.);
#11422=ADVANCED_FACE('',(#1669),#1072,.T.);
#11423=ADVANCED_FACE('',(#1670),#697,.F.);
#11424=ADVANCED_FACE('',(#1671),#1073,.T.);
#11425=ADVANCED_FACE('',(#1672),#698,.T.);
#11426=ADVANCED_FACE('',(#1673),#1074,.T.);
#11427=ADVANCED_FACE('',(#1674),#1075,.T.);
#11428=ADVANCED_FACE('',(#1675),#1076,.T.);
#11429=ADVANCED_FACE('',(#1676),#699,.F.);
#11430=ADVANCED_FACE('',(#1677),#1077,.T.);
#11431=ADVANCED_FACE('',(#1678),#700,.T.);
#11432=ADVANCED_FACE('',(#1679),#1078,.T.);
#11433=ADVANCED_FACE('',(#1680),#701,.T.);
#11434=ADVANCED_FACE('',(#1681),#1079,.T.);
#11435=ADVANCED_FACE('',(#1682),#702,.F.);
#11436=ADVANCED_FACE('',(#1683),#1080,.T.);
#11437=ADVANCED_FACE('',(#1684),#1081,.T.);
#11438=ADVANCED_FACE('',(#1685),#1082,.T.);
#11439=ADVANCED_FACE('',(#1686),#703,.T.);
#11440=ADVANCED_FACE('',(#1687),#1083,.T.);
#11441=ADVANCED_FACE('',(#1688),#1084,.F.);
#11442=ADVANCED_FACE('',(#1689),#1085,.T.);
#11443=ADVANCED_FACE('',(#1690),#704,.F.);
#11444=ADVANCED_FACE('',(#1691),#1086,.T.);
#11445=ADVANCED_FACE('',(#1692),#705,.F.);
#11446=ADVANCED_FACE('',(#1693),#1087,.T.);
#11447=ADVANCED_FACE('',(#1694),#706,.T.);
#11448=ADVANCED_FACE('',(#1695),#1088,.T.);
#11449=ADVANCED_FACE('',(#1696),#1089,.T.);
#11450=ADVANCED_FACE('',(#1697),#1090,.T.);
#11451=ADVANCED_FACE('',(#1698),#707,.F.);
#11452=ADVANCED_FACE('',(#1699),#1091,.T.);
#11453=ADVANCED_FACE('',(#1700),#708,.T.);
#11454=ADVANCED_FACE('',(#1701),#1092,.T.);
#11455=ADVANCED_FACE('',(#1702),#709,.T.);
#11456=ADVANCED_FACE('',(#1703),#1093,.T.);
#11457=ADVANCED_FACE('',(#1704),#710,.F.);
#11458=ADVANCED_FACE('',(#1705),#1094,.T.);
#11459=ADVANCED_FACE('',(#1706),#1095,.T.);
#11460=ADVANCED_FACE('',(#1707),#1096,.T.);
#11461=ADVANCED_FACE('',(#1708),#711,.T.);
#11462=ADVANCED_FACE('',(#1709),#1097,.T.);
#11463=ADVANCED_FACE('',(#1710),#1098,.F.);
#11464=ADVANCED_FACE('',(#1711),#1099,.T.);
#11465=ADVANCED_FACE('',(#1712),#712,.F.);
#11466=ADVANCED_FACE('',(#1713),#1100,.T.);
#11467=ADVANCED_FACE('',(#1714),#713,.F.);
#11468=ADVANCED_FACE('',(#1715),#1101,.T.);
#11469=ADVANCED_FACE('',(#1716),#714,.T.);
#11470=ADVANCED_FACE('',(#1717),#1102,.T.);
#11471=ADVANCED_FACE('',(#1718),#1103,.T.);
#11472=ADVANCED_FACE('',(#1719),#1104,.T.);
#11473=ADVANCED_FACE('',(#1720),#715,.F.);
#11474=ADVANCED_FACE('',(#1721),#1105,.T.);
#11475=ADVANCED_FACE('',(#1722),#716,.T.);
#11476=ADVANCED_FACE('',(#1723),#1106,.T.);
#11477=ADVANCED_FACE('',(#1724),#717,.T.);
#11478=ADVANCED_FACE('',(#1725),#1107,.T.);
#11479=ADVANCED_FACE('',(#1726),#718,.F.);
#11480=ADVANCED_FACE('',(#1727),#1108,.T.);
#11481=ADVANCED_FACE('',(#1728),#1109,.T.);
#11482=ADVANCED_FACE('',(#1729),#1110,.T.);
#11483=ADVANCED_FACE('',(#1730),#719,.T.);
#11484=ADVANCED_FACE('',(#1731),#1111,.T.);
#11485=ADVANCED_FACE('',(#1732),#1112,.F.);
#11486=CLOSED_SHELL('',(#10866,#10867,#10868,#10869,#10870,#10871,#10872,
#10873,#10874,#10875,#10876,#10877,#10878,#10879,#10880,#10881,#10882,#10883,
#10884,#10885,#10886,#10887,#10888,#10889,#10890,#10891,#10892,#10893,#10894,
#10895,#10896,#10897,#10898,#10899,#10900,#10901,#10902,#10903,#10904,#10905,
#10906,#10907,#10908,#10909,#10910,#10911,#10912,#10913,#10914,#10915,#10916,
#10917,#10918,#10919,#10920,#10921,#10922,#10923,#10924,#10925,#10926,#10927,
#10928,#10929,#10930,#10931,#10932,#10933,#10934,#10935,#10936,#10937,#10938,
#10939,#10940,#10941,#10942,#10943,#10944,#10945,#10946,#10947,#10948,#10949,
#10950,#10951,#10952,#10953,#10954,#10955,#10956,#10957,#10958,#10959,#10960,
#10961,#10962,#10963,#10964,#10965,#10966,#10967,#10968,#10969,#10970,#10971,
#10972,#10973,#10974,#10975,#10976,#10977,#10978,#10979,#10980,#10981,#10982,
#10983,#10984,#10985,#10986,#10987,#10988,#10989,#10990,#10991,#10992,#10993,
#10994,#10995,#10996,#10997,#10998,#10999,#11000,#11001,#11002,#11003,#11004,
#11005,#11006,#11007,#11008,#11009,#11010,#11011,#11012,#11013,#11014,#11015,
#11016,#11017));
#11487=CLOSED_SHELL('',(#11018,#11019,#11020,#11021,#11022,#11023,#11024));
#11488=CLOSED_SHELL('',(#11025,#11026,#11027,#11028,#11029,#11030,#11031));
#11489=CLOSED_SHELL('',(#11032,#11033,#11034,#11035,#11036,#11037,#11038));
#11490=CLOSED_SHELL('',(#11039,#11040,#11041,#11042,#11043,#11044,#11045));
#11491=CLOSED_SHELL('',(#11046,#11047,#11048,#11049,#11050,#11051,#11052,
#11053,#11054,#11055,#11056,#11057,#11058,#11059,#11060,#11061,#11062,#11063,
#11064,#11065,#11066,#11067));
#11492=CLOSED_SHELL('',(#11068,#11069,#11070,#11071,#11072,#11073,#11074,
#11075,#11076,#11077,#11078,#11079,#11080,#11081,#11082,#11083,#11084,#11085,
#11086,#11087,#11088,#11089));
#11493=CLOSED_SHELL('',(#11090,#11091,#11092,#11093,#11094,#11095,#11096,
#11097,#11098,#11099,#11100,#11101,#11102,#11103,#11104,#11105,#11106,#11107,
#11108,#11109,#11110,#11111));
#11494=CLOSED_SHELL('',(#11112,#11113,#11114,#11115,#11116,#11117,#11118,
#11119,#11120,#11121,#11122,#11123,#11124,#11125,#11126,#11127,#11128,#11129,
#11130,#11131,#11132,#11133));
#11495=CLOSED_SHELL('',(#11134,#11135,#11136,#11137,#11138,#11139,#11140,
#11141,#11142,#11143,#11144,#11145,#11146,#11147,#11148,#11149,#11150,#11151,
#11152,#11153,#11154,#11155));
#11496=CLOSED_SHELL('',(#11156,#11157,#11158,#11159,#11160,#11161,#11162,
#11163,#11164,#11165,#11166,#11167,#11168,#11169,#11170,#11171,#11172,#11173,
#11174,#11175,#11176,#11177));
#11497=CLOSED_SHELL('',(#11178,#11179,#11180,#11181,#11182,#11183,#11184,
#11185,#11186,#11187,#11188,#11189,#11190,#11191,#11192,#11193,#11194,#11195,
#11196,#11197,#11198,#11199));
#11498=CLOSED_SHELL('',(#11200,#11201,#11202,#11203,#11204,#11205,#11206,
#11207,#11208,#11209,#11210,#11211,#11212,#11213,#11214,#11215,#11216,#11217,
#11218,#11219,#11220,#11221));
#11499=CLOSED_SHELL('',(#11222,#11223,#11224,#11225,#11226,#11227,#11228,
#11229,#11230,#11231,#11232,#11233,#11234,#11235,#11236,#11237,#11238,#11239,
#11240,#11241,#11242,#11243));
#11500=CLOSED_SHELL('',(#11244,#11245,#11246,#11247,#11248,#11249,#11250,
#11251,#11252,#11253,#11254,#11255,#11256,#11257,#11258,#11259,#11260,#11261,
#11262,#11263,#11264,#11265));
#11501=CLOSED_SHELL('',(#11266,#11267,#11268,#11269,#11270,#11271,#11272,
#11273,#11274,#11275,#11276,#11277,#11278,#11279,#11280,#11281,#11282,#11283,
#11284,#11285,#11286,#11287));
#11502=CLOSED_SHELL('',(#11288,#11289,#11290,#11291,#11292,#11293,#11294,
#11295,#11296,#11297,#11298,#11299,#11300,#11301,#11302,#11303,#11304,#11305,
#11306,#11307,#11308,#11309));
#11503=CLOSED_SHELL('',(#11310,#11311,#11312,#11313,#11314,#11315,#11316,
#11317,#11318,#11319,#11320,#11321,#11322,#11323,#11324,#11325,#11326,#11327,
#11328,#11329,#11330,#11331));
#11504=CLOSED_SHELL('',(#11332,#11333,#11334,#11335,#11336,#11337,#11338,
#11339,#11340,#11341,#11342,#11343,#11344,#11345,#11346,#11347,#11348,#11349,
#11350,#11351,#11352,#11353));
#11505=CLOSED_SHELL('',(#11354,#11355,#11356,#11357,#11358,#11359,#11360,
#11361,#11362,#11363,#11364,#11365,#11366,#11367,#11368,#11369,#11370,#11371,
#11372,#11373,#11374,#11375));
#11506=CLOSED_SHELL('',(#11376,#11377,#11378,#11379,#11380,#11381,#11382,
#11383,#11384,#11385,#11386,#11387,#11388,#11389,#11390,#11391,#11392,#11393,
#11394,#11395,#11396,#11397));
#11507=CLOSED_SHELL('',(#11398,#11399,#11400,#11401,#11402,#11403,#11404,
#11405,#11406,#11407,#11408,#11409,#11410,#11411,#11412,#11413,#11414,#11415,
#11416,#11417,#11418,#11419));
#11508=CLOSED_SHELL('',(#11420,#11421,#11422,#11423,#11424,#11425,#11426,
#11427,#11428,#11429,#11430,#11431,#11432,#11433,#11434,#11435,#11436,#11437,
#11438,#11439,#11440,#11441));
#11509=CLOSED_SHELL('',(#11442,#11443,#11444,#11445,#11446,#11447,#11448,
#11449,#11450,#11451,#11452,#11453,#11454,#11455,#11456,#11457,#11458,#11459,
#11460,#11461,#11462,#11463));
#11510=CLOSED_SHELL('',(#11464,#11465,#11466,#11467,#11468,#11469,#11470,
#11471,#11472,#11473,#11474,#11475,#11476,#11477,#11478,#11479,#11480,#11481,
#11482,#11483,#11484,#11485));
#11511=DERIVED_UNIT_ELEMENT(#11517,1.);
#11512=DERIVED_UNIT_ELEMENT(#19986,-3.);
#11513=DERIVED_UNIT_ELEMENT(#11517,1.);
#11514=DERIVED_UNIT_ELEMENT(#19986,-3.);
#11515=DERIVED_UNIT_ELEMENT(#11517,1.);
#11516=DERIVED_UNIT_ELEMENT(#19986,-3.);
#11517=(
MASS_UNIT()
NAMED_UNIT(*)
SI_UNIT(.KILO.,.GRAM.)
);
#11518=DERIVED_UNIT((#11511,#11512));
#11519=DERIVED_UNIT((#11513,#11514));
#11520=DERIVED_UNIT((#11515,#11516));
#11521=MEASURE_REPRESENTATION_ITEM('density measure',
POSITIVE_RATIO_MEASURE(7850.),#11518);
#11522=MEASURE_REPRESENTATION_ITEM('density measure',
POSITIVE_RATIO_MEASURE(7850.),#11519);
#11523=MEASURE_REPRESENTATION_ITEM('density measure',
POSITIVE_RATIO_MEASURE(7850.),#11520);
#11524=PROPERTY_DEFINITION_REPRESENTATION(#11539,#11530);
#11525=PROPERTY_DEFINITION_REPRESENTATION(#11540,#11531);
#11526=PROPERTY_DEFINITION_REPRESENTATION(#11541,#11532);
#11527=PROPERTY_DEFINITION_REPRESENTATION(#11542,#11533);
#11528=PROPERTY_DEFINITION_REPRESENTATION(#11543,#11534);
#11529=PROPERTY_DEFINITION_REPRESENTATION(#11544,#11535);
#11530=REPRESENTATION('material name',(#11536),#19981);
#11531=REPRESENTATION('density',(#11521),#19981);
#11532=REPRESENTATION('material name',(#11537),#19982);
#11533=REPRESENTATION('density',(#11522),#19982);
#11534=REPRESENTATION('material name',(#11538),#19983);
#11535=REPRESENTATION('density',(#11523),#19983);
#11536=DESCRIPTIVE_REPRESENTATION_ITEM('Steel','Steel');
#11537=DESCRIPTIVE_REPRESENTATION_ITEM('Steel','Steel');
#11538=DESCRIPTIVE_REPRESENTATION_ITEM('Steel','Steel');
#11539=PROPERTY_DEFINITION('material property','material name',#20006);
#11540=PROPERTY_DEFINITION('material property','density of part',#20006);
#11541=PROPERTY_DEFINITION('material property','material name',#20007);
#11542=PROPERTY_DEFINITION('material property','density of part',#20007);
#11543=PROPERTY_DEFINITION('material property','material name',#20008);
#11544=PROPERTY_DEFINITION('material property','density of part',#20008);
#11545=AXIS2_PLACEMENT_3D('',#15838,#12579,#12580);
#11546=AXIS2_PLACEMENT_3D('',#15839,#12581,#12582);
#11547=AXIS2_PLACEMENT_3D('',#16263,#12588,#12589);
#11548=AXIS2_PLACEMENT_3D('',#16386,#12596,#12597);
#11549=AXIS2_PLACEMENT_3D('',#16524,#12605,#12606);
#11550=AXIS2_PLACEMENT_3D('',#16534,#12612,#12613);
#11551=AXIS2_PLACEMENT_3D('',#16538,#12615,#12616);
#11552=AXIS2_PLACEMENT_3D('',#16542,#12618,#12619);
#11553=AXIS2_PLACEMENT_3D('',#16545,#12621,#12622);
#11554=AXIS2_PLACEMENT_3D('',#16546,#12623,#12624);
#11555=AXIS2_PLACEMENT_3D('',#16554,#12629,#12630);
#11556=AXIS2_PLACEMENT_3D('',#16557,#12632,#12633);
#11557=AXIS2_PLACEMENT_3D('',#16579,#12634,#12635);
#11558=AXIS2_PLACEMENT_3D('',#16581,#12636,#12637);
#11559=AXIS2_PLACEMENT_3D('',#16600,#12638,#12639);
#11560=AXIS2_PLACEMENT_3D('',#16603,#12641,#12642);
#11561=AXIS2_PLACEMENT_3D('',#16604,#12643,#12644);
#11562=AXIS2_PLACEMENT_3D('',#16607,#12646,#12647);
#11563=AXIS2_PLACEMENT_3D('',#16608,#12648,#12649);
#11564=AXIS2_PLACEMENT_3D('',#16610,#12650,#12651);
#11565=AXIS2_PLACEMENT_3D('',#16612,#12653,#12654);
#11566=AXIS2_PLACEMENT_3D('',#16614,#12655,#12656);
#11567=AXIS2_PLACEMENT_3D('',#16616,#12658,#12659);
#11568=AXIS2_PLACEMENT_3D('',#16618,#12660,#12661);
#11569=AXIS2_PLACEMENT_3D('',#16620,#12663,#12664);
#11570=AXIS2_PLACEMENT_3D('',#16622,#12665,#12666);
#11571=AXIS2_PLACEMENT_3D('',#16645,#12668,#12669);
#11572=AXIS2_PLACEMENT_3D('',#16664,#12670,#12671);
#11573=AXIS2_PLACEMENT_3D('',#16673,#12672,#12673);
#11574=AXIS2_PLACEMENT_3D('',#16675,#12675,#12676);
#11575=AXIS2_PLACEMENT_3D('',#16678,#12679,#12680);
#11576=AXIS2_PLACEMENT_3D('',#16680,#12682,#12683);
#11577=AXIS2_PLACEMENT_3D('',#16684,#12685,#12686);
#11578=AXIS2_PLACEMENT_3D('',#16691,#12687,#12688);
#11579=AXIS2_PLACEMENT_3D('',#16693,#12689,#12690);
#11580=AXIS2_PLACEMENT_3D('',#16694,#12691,#12692);
#11581=AXIS2_PLACEMENT_3D('',#16709,#12696,#12697);
#11582=AXIS2_PLACEMENT_3D('',#16716,#12698,#12699);
#11583=AXIS2_PLACEMENT_3D('',#16719,#12701,#12702);
#11584=AXIS2_PLACEMENT_3D('',#16720,#12703,#12704);
#11585=AXIS2_PLACEMENT_3D('',#16732,#12707,#12708);
#11586=AXIS2_PLACEMENT_3D('',#16733,#12709,#12710);
#11587=AXIS2_PLACEMENT_3D('',#16734,#12711,#12712);
#11588=AXIS2_PLACEMENT_3D('',#16740,#12713,#12714);
#11589=AXIS2_PLACEMENT_3D('',#16741,#12715,#12716);
#11590=AXIS2_PLACEMENT_3D('',#16742,#12717,#12718);
#11591=AXIS2_PLACEMENT_3D('',#16757,#12726,#12727);
#11592=AXIS2_PLACEMENT_3D('',#16758,#12728,#12729);
#11593=AXIS2_PLACEMENT_3D('',#16770,#12733,#12734);
#11594=AXIS2_PLACEMENT_3D('',#16772,#12735,#12736);
#11595=AXIS2_PLACEMENT_3D('',#16775,#12738,#12739);
#11596=AXIS2_PLACEMENT_3D('',#16776,#12740,#12741);
#11597=AXIS2_PLACEMENT_3D('',#16782,#12745,#12746);
#11598=AXIS2_PLACEMENT_3D('',#16786,#12748,#12749);
#11599=AXIS2_PLACEMENT_3D('',#16787,#12750,#12751);
#11600=AXIS2_PLACEMENT_3D('',#16788,#12752,#12753);
#11601=AXIS2_PLACEMENT_3D('',#16794,#12757,#12758);
#11602=AXIS2_PLACEMENT_3D('',#16798,#12760,#12761);
#11603=AXIS2_PLACEMENT_3D('',#16799,#12762,#12763);
#11604=AXIS2_PLACEMENT_3D('',#16800,#12764,#12765);
#11605=AXIS2_PLACEMENT_3D('',#16806,#12769,#12770);
#11606=AXIS2_PLACEMENT_3D('',#16808,#12771,#12772);
#11607=AXIS2_PLACEMENT_3D('',#16810,#12773,#12774);
#11608=AXIS2_PLACEMENT_3D('',#16815,#12775,#12776);
#11609=AXIS2_PLACEMENT_3D('',#16821,#12780,#12781);
#11610=AXIS2_PLACEMENT_3D('',#16824,#12784,#12785);
#11611=AXIS2_PLACEMENT_3D('',#16828,#12787,#12788);
#11612=AXIS2_PLACEMENT_3D('',#16830,#12789,#12790);
#11613=AXIS2_PLACEMENT_3D('',#16832,#12791,#12792);
#11614=AXIS2_PLACEMENT_3D('',#16834,#12794,#12795);
#11615=AXIS2_PLACEMENT_3D('',#16838,#12798,#12799);
#11616=AXIS2_PLACEMENT_3D('',#16842,#12801,#12802);
#11617=AXIS2_PLACEMENT_3D('',#16844,#12803,#12804);
#11618=AXIS2_PLACEMENT_3D('',#16845,#12805,#12806);
#11619=AXIS2_PLACEMENT_3D('',#16846,#12807,#12808);
#11620=AXIS2_PLACEMENT_3D('',#16850,#12811,#12812);
#11621=AXIS2_PLACEMENT_3D('',#16854,#12814,#12815);
#11622=AXIS2_PLACEMENT_3D('',#16856,#12816,#12817);
#11623=AXIS2_PLACEMENT_3D('',#16857,#12818,#12819);
#11624=AXIS2_PLACEMENT_3D('',#16858,#12820,#12821);
#11625=AXIS2_PLACEMENT_3D('',#16862,#12824,#12825);
#11626=AXIS2_PLACEMENT_3D('',#16866,#12827,#12828);
#11627=AXIS2_PLACEMENT_3D('',#16868,#12829,#12830);
#11628=AXIS2_PLACEMENT_3D('',#16869,#12831,#12832);
#11629=AXIS2_PLACEMENT_3D('',#16871,#12834,#12835);
#11630=AXIS2_PLACEMENT_3D('',#16873,#12837,#12838);
#11631=AXIS2_PLACEMENT_3D('',#16882,#12843,#12844);
#11632=AXIS2_PLACEMENT_3D('',#16885,#12847,#12848);
#11633=AXIS2_PLACEMENT_3D('',#16887,#12850,#12851);
#11634=AXIS2_PLACEMENT_3D('',#16892,#12854,#12855);
#11635=AXIS2_PLACEMENT_3D('',#16894,#12857,#12858);
#11636=AXIS2_PLACEMENT_3D('',#16898,#12860,#12861);
#11637=AXIS2_PLACEMENT_3D('',#16900,#12863,#12864);
#11638=AXIS2_PLACEMENT_3D('',#16904,#12867,#12868);
#11639=AXIS2_PLACEMENT_3D('',#16908,#12871,#12872);
#11640=AXIS2_PLACEMENT_3D('',#16918,#12878,#12879);
#11641=AXIS2_PLACEMENT_3D('',#16920,#12880,#12881);
#11642=AXIS2_PLACEMENT_3D('',#16923,#12883,#12884);
#11643=AXIS2_PLACEMENT_3D('',#16924,#12885,#12886);
#11644=AXIS2_PLACEMENT_3D('',#16926,#12887,#12888);
#11645=AXIS2_PLACEMENT_3D('',#16929,#12890,#12891);
#11646=AXIS2_PLACEMENT_3D('',#16930,#12892,#12893);
#11647=AXIS2_PLACEMENT_3D('',#16932,#12895,#12896);
#11648=AXIS2_PLACEMENT_3D('',#16941,#12901,#12902);
#11649=AXIS2_PLACEMENT_3D('',#16950,#12907,#12908);
#11650=AXIS2_PLACEMENT_3D('',#16956,#12912,#12913);
#11651=AXIS2_PLACEMENT_3D('',#16961,#12917,#12918);
#11652=AXIS2_PLACEMENT_3D('',#16962,#12919,#12920);
#11653=AXIS2_PLACEMENT_3D('',#16963,#12921,#12922);
#11654=AXIS2_PLACEMENT_3D('',#16971,#12927,#12928);
#11655=AXIS2_PLACEMENT_3D('',#16972,#12929,#12930);
#11656=AXIS2_PLACEMENT_3D('',#16973,#12931,#12932);
#11657=AXIS2_PLACEMENT_3D('',#16997,#12935,#12936);
#11658=AXIS2_PLACEMENT_3D('',#17001,#12938,#12939);
#11659=AXIS2_PLACEMENT_3D('',#17005,#12941,#12942);
#11660=AXIS2_PLACEMENT_3D('',#17017,#12948,#12949);
#11661=AXIS2_PLACEMENT_3D('',#17020,#12951,#12952);
#11662=AXIS2_PLACEMENT_3D('',#17021,#12953,#12954);
#11663=AXIS2_PLACEMENT_3D('',#17043,#12956,#12957);
#11664=AXIS2_PLACEMENT_3D('',#17048,#12960,#12961);
#11665=AXIS2_PLACEMENT_3D('',#17049,#12962,#12963);
#11666=AXIS2_PLACEMENT_3D('',#17058,#12968,#12969);
#11667=AXIS2_PLACEMENT_3D('',#17064,#12973,#12974);
#11668=AXIS2_PLACEMENT_3D('',#17068,#12977,#12978);
#11669=AXIS2_PLACEMENT_3D('',#17071,#12981,#12982);
#11670=AXIS2_PLACEMENT_3D('',#17072,#12983,#12984);
#11671=AXIS2_PLACEMENT_3D('',#17073,#12985,#12986);
#11672=AXIS2_PLACEMENT_3D('',#17081,#12991,#12992);
#11673=AXIS2_PLACEMENT_3D('',#17082,#12993,#12994);
#11674=AXIS2_PLACEMENT_3D('',#17083,#12995,#12996);
#11675=AXIS2_PLACEMENT_3D('',#17104,#12998,#12999);
#11676=AXIS2_PLACEMENT_3D('',#17125,#13001,#13002);
#11677=AXIS2_PLACEMENT_3D('',#17130,#13005,#13006);
#11678=AXIS2_PLACEMENT_3D('',#17131,#13007,#13008);
#11679=AXIS2_PLACEMENT_3D('',#17133,#13010,#13011);
#11680=AXIS2_PLACEMENT_3D('',#17135,#13013,#13014);
#11681=AXIS2_PLACEMENT_3D('',#17137,#13016,#13017);
#11682=AXIS2_PLACEMENT_3D('',#17139,#13019,#13020);
#11683=AXIS2_PLACEMENT_3D('',#17141,#13021,#13022);
#11684=AXIS2_PLACEMENT_3D('',#17145,#13025,#13026);
#11685=AXIS2_PLACEMENT_3D('',#17147,#13027,#13028);
#11686=AXIS2_PLACEMENT_3D('',#17151,#13031,#13032);
#11687=AXIS2_PLACEMENT_3D('',#17157,#13036,#13037);
#11688=AXIS2_PLACEMENT_3D('',#17163,#13041,#13042);
#11689=AXIS2_PLACEMENT_3D('',#17165,#13043,#13044);
#11690=AXIS2_PLACEMENT_3D('',#17168,#13046,#13047);
#11691=AXIS2_PLACEMENT_3D('',#17169,#13048,#13049);
#11692=AXIS2_PLACEMENT_3D('',#17171,#13050,#13051);
#11693=AXIS2_PLACEMENT_3D('',#17174,#13053,#13054);
#11694=AXIS2_PLACEMENT_3D('',#17175,#13055,#13056);
#11695=AXIS2_PLACEMENT_3D('',#17182,#13061,#13062);
#11696=AXIS2_PLACEMENT_3D('',#17186,#13065,#13066);
#11697=AXIS2_PLACEMENT_3D('',#17188,#13068,#13069);
#11698=AXIS2_PLACEMENT_3D('',#17192,#13071,#13072);
#11699=AXIS2_PLACEMENT_3D('',#17194,#13074,#13075);
#11700=AXIS2_PLACEMENT_3D('',#17198,#13077,#13078);
#11701=AXIS2_PLACEMENT_3D('',#17200,#13079,#13080);
#11702=AXIS2_PLACEMENT_3D('',#17204,#13082,#13083);
#11703=AXIS2_PLACEMENT_3D('',#17206,#13084,#13085);
#11704=AXIS2_PLACEMENT_3D('',#17207,#13086,#13087);
#11705=AXIS2_PLACEMENT_3D('',#17208,#13088,#13089);
#11706=AXIS2_PLACEMENT_3D('',#17212,#13091,#13092);
#11707=AXIS2_PLACEMENT_3D('',#17214,#13094,#13095);
#11708=AXIS2_PLACEMENT_3D('',#17217,#13096,#13097);
#11709=AXIS2_PLACEMENT_3D('',#17220,#13099,#13100);
#11710=AXIS2_PLACEMENT_3D('',#17222,#13101,#13102);
#11711=AXIS2_PLACEMENT_3D('',#17224,#13104,#13105);
#11712=AXIS2_PLACEMENT_3D('',#17226,#13107,#13108);
#11713=AXIS2_PLACEMENT_3D('',#17230,#13110,#13111);
#11714=AXIS2_PLACEMENT_3D('',#17232,#13113,#13114);
#11715=AXIS2_PLACEMENT_3D('',#17236,#13117,#13118);
#11716=AXIS2_PLACEMENT_3D('',#17240,#13120,#13121);
#11717=AXIS2_PLACEMENT_3D('',#17243,#13123,#13124);
#11718=AXIS2_PLACEMENT_3D('',#17244,#13125,#13126);
#11719=AXIS2_PLACEMENT_3D('',#17248,#13129,#13130);
#11720=AXIS2_PLACEMENT_3D('',#17253,#13132,#13133);
#11721=AXIS2_PLACEMENT_3D('',#17254,#13134,#13135);
#11722=AXIS2_PLACEMENT_3D('',#17256,#13136,#13137);
#11723=AXIS2_PLACEMENT_3D('',#17257,#13138,#13139);
#11724=AXIS2_PLACEMENT_3D('',#17258,#13140,#13141);
#11725=AXIS2_PLACEMENT_3D('',#17260,#13142,#13143);
#11726=AXIS2_PLACEMENT_3D('',#17264,#13145,#13146);
#11727=AXIS2_PLACEMENT_3D('',#17265,#13147,#13148);
#11728=AXIS2_PLACEMENT_3D('',#17266,#13149,#13150);
#11729=AXIS2_PLACEMENT_3D('',#17268,#13152,#13153);
#11730=AXIS2_PLACEMENT_3D('',#17270,#13155,#13156);
#11731=AXIS2_PLACEMENT_3D('',#17274,#13158,#13159);
#11732=AXIS2_PLACEMENT_3D('',#17276,#13161,#13162);
#11733=AXIS2_PLACEMENT_3D('',#17280,#13165,#13166);
#11734=AXIS2_PLACEMENT_3D('',#17284,#13168,#13169);
#11735=AXIS2_PLACEMENT_3D('',#17287,#13171,#13172);
#11736=AXIS2_PLACEMENT_3D('',#17288,#13173,#13174);
#11737=AXIS2_PLACEMENT_3D('',#17292,#13177,#13178);
#11738=AXIS2_PLACEMENT_3D('',#17296,#13181,#13182);
#11739=AXIS2_PLACEMENT_3D('',#17297,#13183,#13184);
#11740=AXIS2_PLACEMENT_3D('',#17299,#13185,#13186);
#11741=AXIS2_PLACEMENT_3D('',#17302,#13188,#13189);
#11742=AXIS2_PLACEMENT_3D('',#17303,#13190,#13191);
#11743=AXIS2_PLACEMENT_3D('',#17307,#13194,#13195);
#11744=AXIS2_PLACEMENT_3D('',#17308,#13196,#13197);
#11745=AXIS2_PLACEMENT_3D('',#17312,#13200,#13201);
#11746=AXIS2_PLACEMENT_3D('',#17313,#13202,#13203);
#11747=AXIS2_PLACEMENT_3D('',#17314,#13204,#13205);
#11748=AXIS2_PLACEMENT_3D('',#17315,#13206,#13207);
#11749=AXIS2_PLACEMENT_3D('',#17316,#13208,#13209);
#11750=AXIS2_PLACEMENT_3D('',#17317,#13210,#13211);
#11751=AXIS2_PLACEMENT_3D('',#17318,#13212,#13213);
#11752=AXIS2_PLACEMENT_3D('',#17319,#13214,#13215);
#11753=AXIS2_PLACEMENT_3D('',#17320,#13216,#13217);
#11754=AXIS2_PLACEMENT_3D('',#17321,#13218,#13219);
#11755=AXIS2_PLACEMENT_3D('',#17322,#13220,#13221);
#11756=AXIS2_PLACEMENT_3D('',#17323,#13222,#13223);
#11757=AXIS2_PLACEMENT_3D('',#17325,#13224,#13225);
#11758=AXIS2_PLACEMENT_3D('',#17329,#13227,#13228);
#11759=AXIS2_PLACEMENT_3D('',#17330,#13229,#13230);
#11760=AXIS2_PLACEMENT_3D('',#17331,#13231,#13232);
#11761=AXIS2_PLACEMENT_3D('',#17333,#13233,#13234);
#11762=AXIS2_PLACEMENT_3D('',#17335,#13235,#13236);
#11763=AXIS2_PLACEMENT_3D('',#17339,#13238,#13239);
#11764=AXIS2_PLACEMENT_3D('',#17340,#13240,#13241);
#11765=AXIS2_PLACEMENT_3D('',#17341,#13242,#13243);
#11766=AXIS2_PLACEMENT_3D('',#17343,#13245,#13246);
#11767=AXIS2_PLACEMENT_3D('',#17345,#13248,#13249);
#11768=AXIS2_PLACEMENT_3D('',#17346,#13250,#13251);
#11769=AXIS2_PLACEMENT_3D('',#17350,#13254,#13255);
#11770=AXIS2_PLACEMENT_3D('',#17354,#13258,#13259);
#11771=AXIS2_PLACEMENT_3D('',#17356,#13261,#13262);
#11772=AXIS2_PLACEMENT_3D('',#17360,#13265,#13266);
#11773=AXIS2_PLACEMENT_3D('',#17362,#13268,#13269);
#11774=AXIS2_PLACEMENT_3D('',#17365,#13272,#13273);
#11775=AXIS2_PLACEMENT_3D('',#17367,#13275,#13276);
#11776=AXIS2_PLACEMENT_3D('',#17368,#13277,#13278);
#11777=AXIS2_PLACEMENT_3D('',#17369,#13279,#13280);
#11778=AXIS2_PLACEMENT_3D('',#17373,#13283,#13284);
#11779=AXIS2_PLACEMENT_3D('',#17375,#13286,#13287);
#11780=AXIS2_PLACEMENT_3D('',#17376,#13288,#13289);
#11781=AXIS2_PLACEMENT_3D('',#17385,#13294,#13295);
#11782=AXIS2_PLACEMENT_3D('',#17391,#13299,#13300);
#11783=AXIS2_PLACEMENT_3D('',#17397,#13304,#13305);
#11784=AXIS2_PLACEMENT_3D('',#17400,#13308,#13309);
#11785=AXIS2_PLACEMENT_3D('',#17401,#13310,#13311);
#11786=AXIS2_PLACEMENT_3D('',#17402,#13312,#13313);
#11787=AXIS2_PLACEMENT_3D('',#17411,#13318,#13319);
#11788=AXIS2_PLACEMENT_3D('',#17417,#13323,#13324);
#11789=AXIS2_PLACEMENT_3D('',#17423,#13328,#13329);
#11790=AXIS2_PLACEMENT_3D('',#17429,#13333,#13334);
#11791=AXIS2_PLACEMENT_3D('',#17432,#13337,#13338);
#11792=AXIS2_PLACEMENT_3D('',#17433,#13339,#13340);
#11793=AXIS2_PLACEMENT_3D('',#17434,#13341,#13342);
#11794=AXIS2_PLACEMENT_3D('',#17443,#13347,#13348);
#11795=AXIS2_PLACEMENT_3D('',#17449,#13352,#13353);
#11796=AXIS2_PLACEMENT_3D('',#17455,#13357,#13358);
#11797=AXIS2_PLACEMENT_3D('',#17461,#13362,#13363);
#11798=AXIS2_PLACEMENT_3D('',#17464,#13366,#13367);
#11799=AXIS2_PLACEMENT_3D('',#17465,#13368,#13369);
#11800=AXIS2_PLACEMENT_3D('',#17466,#13370,#13371);
#11801=AXIS2_PLACEMENT_3D('',#17475,#13376,#13377);
#11802=AXIS2_PLACEMENT_3D('',#17481,#13381,#13382);
#11803=AXIS2_PLACEMENT_3D('',#17487,#13386,#13387);
#11804=AXIS2_PLACEMENT_3D('',#17493,#13391,#13392);
#11805=AXIS2_PLACEMENT_3D('',#17496,#13395,#13396);
#11806=AXIS2_PLACEMENT_3D('',#17497,#13397,#13398);
#11807=AXIS2_PLACEMENT_3D('',#17498,#13399,#13400);
#11808=AXIS2_PLACEMENT_3D('',#17507,#13405,#13406);
#11809=AXIS2_PLACEMENT_3D('',#17513,#13410,#13411);
#11810=AXIS2_PLACEMENT_3D('',#17519,#13415,#13416);
#11811=AXIS2_PLACEMENT_3D('',#17525,#13420,#13421);
#11812=AXIS2_PLACEMENT_3D('',#17528,#13424,#13425);
#11813=AXIS2_PLACEMENT_3D('',#17529,#13426,#13427);
#11814=AXIS2_PLACEMENT_3D('',#17530,#13428,#13429);
#11815=AXIS2_PLACEMENT_3D('',#17531,#13430,#13431);
#11816=AXIS2_PLACEMENT_3D('',#17540,#13436,#13437);
#11817=AXIS2_PLACEMENT_3D('',#17542,#13438,#13439);
#11818=AXIS2_PLACEMENT_3D('',#17544,#13440,#13441);
#11819=AXIS2_PLACEMENT_3D('',#17546,#13443,#13444);
#11820=AXIS2_PLACEMENT_3D('',#17552,#13448,#13449);
#11821=AXIS2_PLACEMENT_3D('',#17554,#13450,#13451);
#11822=AXIS2_PLACEMENT_3D('',#17556,#13452,#13453);
#11823=AXIS2_PLACEMENT_3D('',#17558,#13455,#13456);
#11824=AXIS2_PLACEMENT_3D('',#17564,#13460,#13461);
#11825=AXIS2_PLACEMENT_3D('',#17566,#13462,#13463);
#11826=AXIS2_PLACEMENT_3D('',#17568,#13464,#13465);
#11827=AXIS2_PLACEMENT_3D('',#17570,#13467,#13468);
#11828=AXIS2_PLACEMENT_3D('',#17576,#13472,#13473);
#11829=AXIS2_PLACEMENT_3D('',#17582,#13477,#13478);
#11830=AXIS2_PLACEMENT_3D('',#17588,#13482,#13483);
#11831=AXIS2_PLACEMENT_3D('',#17590,#13484,#13485);
#11832=AXIS2_PLACEMENT_3D('',#17592,#13486,#13487);
#11833=AXIS2_PLACEMENT_3D('',#17594,#13489,#13490);
#11834=AXIS2_PLACEMENT_3D('',#17600,#13494,#13495);
#11835=AXIS2_PLACEMENT_3D('',#17602,#13496,#13497);
#11836=AXIS2_PLACEMENT_3D('',#17604,#13498,#13499);
#11837=AXIS2_PLACEMENT_3D('',#17606,#13501,#13502);
#11838=AXIS2_PLACEMENT_3D('',#17612,#13506,#13507);
#11839=AXIS2_PLACEMENT_3D('',#17614,#13508,#13509);
#11840=AXIS2_PLACEMENT_3D('',#17616,#13510,#13511);
#11841=AXIS2_PLACEMENT_3D('',#17618,#13513,#13514);
#11842=AXIS2_PLACEMENT_3D('',#17624,#13518,#13519);
#11843=AXIS2_PLACEMENT_3D('',#17626,#13520,#13521);
#11844=AXIS2_PLACEMENT_3D('',#17628,#13522,#13523);
#11845=AXIS2_PLACEMENT_3D('',#17630,#13525,#13526);
#11846=AXIS2_PLACEMENT_3D('',#17636,#13530,#13531);
#11847=AXIS2_PLACEMENT_3D('',#17642,#13535,#13536);
#11848=AXIS2_PLACEMENT_3D('',#17648,#13540,#13541);
#11849=AXIS2_PLACEMENT_3D('',#17649,#13542,#13543);
#11850=AXIS2_PLACEMENT_3D('',#17650,#13544,#13545);
#11851=AXIS2_PLACEMENT_3D('',#17651,#13546,#13547);
#11852=AXIS2_PLACEMENT_3D('',#17652,#13548,#13549);
#11853=AXIS2_PLACEMENT_3D('',#17653,#13550,#13551);
#11854=AXIS2_PLACEMENT_3D('',#17662,#13556,#13557);
#11855=AXIS2_PLACEMENT_3D('',#17664,#13558,#13559);
#11856=AXIS2_PLACEMENT_3D('',#17666,#13560,#13561);
#11857=AXIS2_PLACEMENT_3D('',#17668,#13563,#13564);
#11858=AXIS2_PLACEMENT_3D('',#17674,#13568,#13569);
#11859=AXIS2_PLACEMENT_3D('',#17676,#13570,#13571);
#11860=AXIS2_PLACEMENT_3D('',#17678,#13572,#13573);
#11861=AXIS2_PLACEMENT_3D('',#17680,#13575,#13576);
#11862=AXIS2_PLACEMENT_3D('',#17686,#13580,#13581);
#11863=AXIS2_PLACEMENT_3D('',#17688,#13582,#13583);
#11864=AXIS2_PLACEMENT_3D('',#17690,#13584,#13585);
#11865=AXIS2_PLACEMENT_3D('',#17692,#13587,#13588);
#11866=AXIS2_PLACEMENT_3D('',#17698,#13592,#13593);
#11867=AXIS2_PLACEMENT_3D('',#17704,#13597,#13598);
#11868=AXIS2_PLACEMENT_3D('',#17710,#13602,#13603);
#11869=AXIS2_PLACEMENT_3D('',#17712,#13604,#13605);
#11870=AXIS2_PLACEMENT_3D('',#17714,#13606,#13607);
#11871=AXIS2_PLACEMENT_3D('',#17716,#13609,#13610);
#11872=AXIS2_PLACEMENT_3D('',#17722,#13614,#13615);
#11873=AXIS2_PLACEMENT_3D('',#17724,#13616,#13617);
#11874=AXIS2_PLACEMENT_3D('',#17726,#13618,#13619);
#11875=AXIS2_PLACEMENT_3D('',#17728,#13621,#13622);
#11876=AXIS2_PLACEMENT_3D('',#17734,#13626,#13627);
#11877=AXIS2_PLACEMENT_3D('',#17736,#13628,#13629);
#11878=AXIS2_PLACEMENT_3D('',#17738,#13630,#13631);
#11879=AXIS2_PLACEMENT_3D('',#17740,#13633,#13634);
#11880=AXIS2_PLACEMENT_3D('',#17746,#13638,#13639);
#11881=AXIS2_PLACEMENT_3D('',#17748,#13640,#13641);
#11882=AXIS2_PLACEMENT_3D('',#17750,#13642,#13643);
#11883=AXIS2_PLACEMENT_3D('',#17752,#13645,#13646);
#11884=AXIS2_PLACEMENT_3D('',#17758,#13650,#13651);
#11885=AXIS2_PLACEMENT_3D('',#17764,#13655,#13656);
#11886=AXIS2_PLACEMENT_3D('',#17770,#13660,#13661);
#11887=AXIS2_PLACEMENT_3D('',#17771,#13662,#13663);
#11888=AXIS2_PLACEMENT_3D('',#17772,#13664,#13665);
#11889=AXIS2_PLACEMENT_3D('',#17773,#13666,#13667);
#11890=AXIS2_PLACEMENT_3D('',#17774,#13668,#13669);
#11891=AXIS2_PLACEMENT_3D('',#17775,#13670,#13671);
#11892=AXIS2_PLACEMENT_3D('',#17784,#13676,#13677);
#11893=AXIS2_PLACEMENT_3D('',#17786,#13678,#13679);
#11894=AXIS2_PLACEMENT_3D('',#17788,#13680,#13681);
#11895=AXIS2_PLACEMENT_3D('',#17790,#13683,#13684);
#11896=AXIS2_PLACEMENT_3D('',#17796,#13688,#13689);
#11897=AXIS2_PLACEMENT_3D('',#17798,#13690,#13691);
#11898=AXIS2_PLACEMENT_3D('',#17800,#13692,#13693);
#11899=AXIS2_PLACEMENT_3D('',#17802,#13695,#13696);
#11900=AXIS2_PLACEMENT_3D('',#17808,#13700,#13701);
#11901=AXIS2_PLACEMENT_3D('',#17810,#13702,#13703);
#11902=AXIS2_PLACEMENT_3D('',#17812,#13704,#13705);
#11903=AXIS2_PLACEMENT_3D('',#17814,#13707,#13708);
#11904=AXIS2_PLACEMENT_3D('',#17820,#13712,#13713);
#11905=AXIS2_PLACEMENT_3D('',#17826,#13717,#13718);
#11906=AXIS2_PLACEMENT_3D('',#17832,#13722,#13723);
#11907=AXIS2_PLACEMENT_3D('',#17834,#13724,#13725);
#11908=AXIS2_PLACEMENT_3D('',#17836,#13726,#13727);
#11909=AXIS2_PLACEMENT_3D('',#17838,#13729,#13730);
#11910=AXIS2_PLACEMENT_3D('',#17844,#13734,#13735);
#11911=AXIS2_PLACEMENT_3D('',#17846,#13736,#13737);
#11912=AXIS2_PLACEMENT_3D('',#17848,#13738,#13739);
#11913=AXIS2_PLACEMENT_3D('',#17850,#13741,#13742);
#11914=AXIS2_PLACEMENT_3D('',#17856,#13746,#13747);
#11915=AXIS2_PLACEMENT_3D('',#17858,#13748,#13749);
#11916=AXIS2_PLACEMENT_3D('',#17860,#13750,#13751);
#11917=AXIS2_PLACEMENT_3D('',#17862,#13753,#13754);
#11918=AXIS2_PLACEMENT_3D('',#17868,#13758,#13759);
#11919=AXIS2_PLACEMENT_3D('',#17870,#13760,#13761);
#11920=AXIS2_PLACEMENT_3D('',#17872,#13762,#13763);
#11921=AXIS2_PLACEMENT_3D('',#17874,#13765,#13766);
#11922=AXIS2_PLACEMENT_3D('',#17880,#13770,#13771);
#11923=AXIS2_PLACEMENT_3D('',#17886,#13775,#13776);
#11924=AXIS2_PLACEMENT_3D('',#17892,#13780,#13781);
#11925=AXIS2_PLACEMENT_3D('',#17893,#13782,#13783);
#11926=AXIS2_PLACEMENT_3D('',#17894,#13784,#13785);
#11927=AXIS2_PLACEMENT_3D('',#17895,#13786,#13787);
#11928=AXIS2_PLACEMENT_3D('',#17896,#13788,#13789);
#11929=AXIS2_PLACEMENT_3D('',#17897,#13790,#13791);
#11930=AXIS2_PLACEMENT_3D('',#17906,#13796,#13797);
#11931=AXIS2_PLACEMENT_3D('',#17908,#13798,#13799);
#11932=AXIS2_PLACEMENT_3D('',#17910,#13800,#13801);
#11933=AXIS2_PLACEMENT_3D('',#17912,#13803,#13804);
#11934=AXIS2_PLACEMENT_3D('',#17918,#13808,#13809);
#11935=AXIS2_PLACEMENT_3D('',#17920,#13810,#13811);
#11936=AXIS2_PLACEMENT_3D('',#17922,#13812,#13813);
#11937=AXIS2_PLACEMENT_3D('',#17924,#13815,#13816);
#11938=AXIS2_PLACEMENT_3D('',#17930,#13820,#13821);
#11939=AXIS2_PLACEMENT_3D('',#17932,#13822,#13823);
#11940=AXIS2_PLACEMENT_3D('',#17934,#13824,#13825);
#11941=AXIS2_PLACEMENT_3D('',#17936,#13827,#13828);
#11942=AXIS2_PLACEMENT_3D('',#17942,#13832,#13833);
#11943=AXIS2_PLACEMENT_3D('',#17948,#13837,#13838);
#11944=AXIS2_PLACEMENT_3D('',#17954,#13842,#13843);
#11945=AXIS2_PLACEMENT_3D('',#17956,#13844,#13845);
#11946=AXIS2_PLACEMENT_3D('',#17958,#13846,#13847);
#11947=AXIS2_PLACEMENT_3D('',#17960,#13849,#13850);
#11948=AXIS2_PLACEMENT_3D('',#17966,#13854,#13855);
#11949=AXIS2_PLACEMENT_3D('',#17968,#13856,#13857);
#11950=AXIS2_PLACEMENT_3D('',#17970,#13858,#13859);
#11951=AXIS2_PLACEMENT_3D('',#17972,#13861,#13862);
#11952=AXIS2_PLACEMENT_3D('',#17978,#13866,#13867);
#11953=AXIS2_PLACEMENT_3D('',#17980,#13868,#13869);
#11954=AXIS2_PLACEMENT_3D('',#17982,#13870,#13871);
#11955=AXIS2_PLACEMENT_3D('',#17984,#13873,#13874);
#11956=AXIS2_PLACEMENT_3D('',#17990,#13878,#13879);
#11957=AXIS2_PLACEMENT_3D('',#17992,#13880,#13881);
#11958=AXIS2_PLACEMENT_3D('',#17994,#13882,#13883);
#11959=AXIS2_PLACEMENT_3D('',#17996,#13885,#13886);
#11960=AXIS2_PLACEMENT_3D('',#18002,#13890,#13891);
#11961=AXIS2_PLACEMENT_3D('',#18008,#13895,#13896);
#11962=AXIS2_PLACEMENT_3D('',#18014,#13900,#13901);
#11963=AXIS2_PLACEMENT_3D('',#18015,#13902,#13903);
#11964=AXIS2_PLACEMENT_3D('',#18016,#13904,#13905);
#11965=AXIS2_PLACEMENT_3D('',#18017,#13906,#13907);
#11966=AXIS2_PLACEMENT_3D('',#18018,#13908,#13909);
#11967=AXIS2_PLACEMENT_3D('',#18019,#13910,#13911);
#11968=AXIS2_PLACEMENT_3D('',#18028,#13916,#13917);
#11969=AXIS2_PLACEMENT_3D('',#18030,#13918,#13919);
#11970=AXIS2_PLACEMENT_3D('',#18032,#13920,#13921);
#11971=AXIS2_PLACEMENT_3D('',#18034,#13923,#13924);
#11972=AXIS2_PLACEMENT_3D('',#18040,#13928,#13929);
#11973=AXIS2_PLACEMENT_3D('',#18042,#13930,#13931);
#11974=AXIS2_PLACEMENT_3D('',#18044,#13932,#13933);
#11975=AXIS2_PLACEMENT_3D('',#18046,#13935,#13936);
#11976=AXIS2_PLACEMENT_3D('',#18052,#13940,#13941);
#11977=AXIS2_PLACEMENT_3D('',#18054,#13942,#13943);
#11978=AXIS2_PLACEMENT_3D('',#18056,#13944,#13945);
#11979=AXIS2_PLACEMENT_3D('',#18058,#13947,#13948);
#11980=AXIS2_PLACEMENT_3D('',#18064,#13952,#13953);
#11981=AXIS2_PLACEMENT_3D('',#18070,#13957,#13958);
#11982=AXIS2_PLACEMENT_3D('',#18076,#13962,#13963);
#11983=AXIS2_PLACEMENT_3D('',#18078,#13964,#13965);
#11984=AXIS2_PLACEMENT_3D('',#18080,#13966,#13967);
#11985=AXIS2_PLACEMENT_3D('',#18082,#13969,#13970);
#11986=AXIS2_PLACEMENT_3D('',#18088,#13974,#13975);
#11987=AXIS2_PLACEMENT_3D('',#18090,#13976,#13977);
#11988=AXIS2_PLACEMENT_3D('',#18092,#13978,#13979);
#11989=AXIS2_PLACEMENT_3D('',#18094,#13981,#13982);
#11990=AXIS2_PLACEMENT_3D('',#18100,#13986,#13987);
#11991=AXIS2_PLACEMENT_3D('',#18102,#13988,#13989);
#11992=AXIS2_PLACEMENT_3D('',#18104,#13990,#13991);
#11993=AXIS2_PLACEMENT_3D('',#18106,#13993,#13994);
#11994=AXIS2_PLACEMENT_3D('',#18112,#13998,#13999);
#11995=AXIS2_PLACEMENT_3D('',#18114,#14000,#14001);
#11996=AXIS2_PLACEMENT_3D('',#18116,#14002,#14003);
#11997=AXIS2_PLACEMENT_3D('',#18118,#14005,#14006);
#11998=AXIS2_PLACEMENT_3D('',#18124,#14010,#14011);
#11999=AXIS2_PLACEMENT_3D('',#18130,#14015,#14016);
#12000=AXIS2_PLACEMENT_3D('',#18136,#14020,#14021);
#12001=AXIS2_PLACEMENT_3D('',#18137,#14022,#14023);
#12002=AXIS2_PLACEMENT_3D('',#18138,#14024,#14025);
#12003=AXIS2_PLACEMENT_3D('',#18139,#14026,#14027);
#12004=AXIS2_PLACEMENT_3D('',#18140,#14028,#14029);
#12005=AXIS2_PLACEMENT_3D('',#18141,#14030,#14031);
#12006=AXIS2_PLACEMENT_3D('',#18150,#14036,#14037);
#12007=AXIS2_PLACEMENT_3D('',#18152,#14038,#14039);
#12008=AXIS2_PLACEMENT_3D('',#18154,#14040,#14041);
#12009=AXIS2_PLACEMENT_3D('',#18156,#14043,#14044);
#12010=AXIS2_PLACEMENT_3D('',#18162,#14048,#14049);
#12011=AXIS2_PLACEMENT_3D('',#18164,#14050,#14051);
#12012=AXIS2_PLACEMENT_3D('',#18166,#14052,#14053);
#12013=AXIS2_PLACEMENT_3D('',#18168,#14055,#14056);
#12014=AXIS2_PLACEMENT_3D('',#18174,#14060,#14061);
#12015=AXIS2_PLACEMENT_3D('',#18176,#14062,#14063);
#12016=AXIS2_PLACEMENT_3D('',#18178,#14064,#14065);
#12017=AXIS2_PLACEMENT_3D('',#18180,#14067,#14068);
#12018=AXIS2_PLACEMENT_3D('',#18186,#14072,#14073);
#12019=AXIS2_PLACEMENT_3D('',#18192,#14077,#14078);
#12020=AXIS2_PLACEMENT_3D('',#18198,#14082,#14083);
#12021=AXIS2_PLACEMENT_3D('',#18200,#14084,#14085);
#12022=AXIS2_PLACEMENT_3D('',#18202,#14086,#14087);
#12023=AXIS2_PLACEMENT_3D('',#18204,#14089,#14090);
#12024=AXIS2_PLACEMENT_3D('',#18210,#14094,#14095);
#12025=AXIS2_PLACEMENT_3D('',#18212,#14096,#14097);
#12026=AXIS2_PLACEMENT_3D('',#18214,#14098,#14099);
#12027=AXIS2_PLACEMENT_3D('',#18216,#14101,#14102);
#12028=AXIS2_PLACEMENT_3D('',#18222,#14106,#14107);
#12029=AXIS2_PLACEMENT_3D('',#18224,#14108,#14109);
#12030=AXIS2_PLACEMENT_3D('',#18226,#14110,#14111);
#12031=AXIS2_PLACEMENT_3D('',#18228,#14113,#14114);
#12032=AXIS2_PLACEMENT_3D('',#18234,#14118,#14119);
#12033=AXIS2_PLACEMENT_3D('',#18236,#14120,#14121);
#12034=AXIS2_PLACEMENT_3D('',#18238,#14122,#14123);
#12035=AXIS2_PLACEMENT_3D('',#18240,#14125,#14126);
#12036=AXIS2_PLACEMENT_3D('',#18246,#14130,#14131);
#12037=AXIS2_PLACEMENT_3D('',#18252,#14135,#14136);
#12038=AXIS2_PLACEMENT_3D('',#18258,#14140,#14141);
#12039=AXIS2_PLACEMENT_3D('',#18259,#14142,#14143);
#12040=AXIS2_PLACEMENT_3D('',#18260,#14144,#14145);
#12041=AXIS2_PLACEMENT_3D('',#18261,#14146,#14147);
#12042=AXIS2_PLACEMENT_3D('',#18262,#14148,#14149);
#12043=AXIS2_PLACEMENT_3D('',#18263,#14150,#14151);
#12044=AXIS2_PLACEMENT_3D('',#18272,#14156,#14157);
#12045=AXIS2_PLACEMENT_3D('',#18274,#14158,#14159);
#12046=AXIS2_PLACEMENT_3D('',#18276,#14160,#14161);
#12047=AXIS2_PLACEMENT_3D('',#18278,#14163,#14164);
#12048=AXIS2_PLACEMENT_3D('',#18284,#14168,#14169);
#12049=AXIS2_PLACEMENT_3D('',#18286,#14170,#14171);
#12050=AXIS2_PLACEMENT_3D('',#18288,#14172,#14173);
#12051=AXIS2_PLACEMENT_3D('',#18290,#14175,#14176);
#12052=AXIS2_PLACEMENT_3D('',#18296,#14180,#14181);
#12053=AXIS2_PLACEMENT_3D('',#18298,#14182,#14183);
#12054=AXIS2_PLACEMENT_3D('',#18300,#14184,#14185);
#12055=AXIS2_PLACEMENT_3D('',#18302,#14187,#14188);
#12056=AXIS2_PLACEMENT_3D('',#18308,#14192,#14193);
#12057=AXIS2_PLACEMENT_3D('',#18314,#14197,#14198);
#12058=AXIS2_PLACEMENT_3D('',#18320,#14202,#14203);
#12059=AXIS2_PLACEMENT_3D('',#18322,#14204,#14205);
#12060=AXIS2_PLACEMENT_3D('',#18324,#14206,#14207);
#12061=AXIS2_PLACEMENT_3D('',#18326,#14209,#14210);
#12062=AXIS2_PLACEMENT_3D('',#18332,#14214,#14215);
#12063=AXIS2_PLACEMENT_3D('',#18334,#14216,#14217);
#12064=AXIS2_PLACEMENT_3D('',#18336,#14218,#14219);
#12065=AXIS2_PLACEMENT_3D('',#18338,#14221,#14222);
#12066=AXIS2_PLACEMENT_3D('',#18344,#14226,#14227);
#12067=AXIS2_PLACEMENT_3D('',#18346,#14228,#14229);
#12068=AXIS2_PLACEMENT_3D('',#18348,#14230,#14231);
#12069=AXIS2_PLACEMENT_3D('',#18350,#14233,#14234);
#12070=AXIS2_PLACEMENT_3D('',#18356,#14238,#14239);
#12071=AXIS2_PLACEMENT_3D('',#18358,#14240,#14241);
#12072=AXIS2_PLACEMENT_3D('',#18360,#14242,#14243);
#12073=AXIS2_PLACEMENT_3D('',#18362,#14245,#14246);
#12074=AXIS2_PLACEMENT_3D('',#18368,#14250,#14251);
#12075=AXIS2_PLACEMENT_3D('',#18374,#14255,#14256);
#12076=AXIS2_PLACEMENT_3D('',#18380,#14260,#14261);
#12077=AXIS2_PLACEMENT_3D('',#18381,#14262,#14263);
#12078=AXIS2_PLACEMENT_3D('',#18382,#14264,#14265);
#12079=AXIS2_PLACEMENT_3D('',#18383,#14266,#14267);
#12080=AXIS2_PLACEMENT_3D('',#18384,#14268,#14269);
#12081=AXIS2_PLACEMENT_3D('',#18385,#14270,#14271);
#12082=AXIS2_PLACEMENT_3D('',#18394,#14276,#14277);
#12083=AXIS2_PLACEMENT_3D('',#18396,#14278,#14279);
#12084=AXIS2_PLACEMENT_3D('',#18398,#14280,#14281);
#12085=AXIS2_PLACEMENT_3D('',#18400,#14283,#14284);
#12086=AXIS2_PLACEMENT_3D('',#18406,#14288,#14289);
#12087=AXIS2_PLACEMENT_3D('',#18408,#14290,#14291);
#12088=AXIS2_PLACEMENT_3D('',#18410,#14292,#14293);
#12089=AXIS2_PLACEMENT_3D('',#18412,#14295,#14296);
#12090=AXIS2_PLACEMENT_3D('',#18418,#14300,#14301);
#12091=AXIS2_PLACEMENT_3D('',#18420,#14302,#14303);
#12092=AXIS2_PLACEMENT_3D('',#18422,#14304,#14305);
#12093=AXIS2_PLACEMENT_3D('',#18424,#14307,#14308);
#12094=AXIS2_PLACEMENT_3D('',#18430,#14312,#14313);
#12095=AXIS2_PLACEMENT_3D('',#18436,#14317,#14318);
#12096=AXIS2_PLACEMENT_3D('',#18442,#14322,#14323);
#12097=AXIS2_PLACEMENT_3D('',#18444,#14324,#14325);
#12098=AXIS2_PLACEMENT_3D('',#18446,#14326,#14327);
#12099=AXIS2_PLACEMENT_3D('',#18448,#14329,#14330);
#12100=AXIS2_PLACEMENT_3D('',#18454,#14334,#14335);
#12101=AXIS2_PLACEMENT_3D('',#18456,#14336,#14337);
#12102=AXIS2_PLACEMENT_3D('',#18458,#14338,#14339);
#12103=AXIS2_PLACEMENT_3D('',#18460,#14341,#14342);
#12104=AXIS2_PLACEMENT_3D('',#18466,#14346,#14347);
#12105=AXIS2_PLACEMENT_3D('',#18468,#14348,#14349);
#12106=AXIS2_PLACEMENT_3D('',#18470,#14350,#14351);
#12107=AXIS2_PLACEMENT_3D('',#18472,#14353,#14354);
#12108=AXIS2_PLACEMENT_3D('',#18478,#14358,#14359);
#12109=AXIS2_PLACEMENT_3D('',#18480,#14360,#14361);
#12110=AXIS2_PLACEMENT_3D('',#18482,#14362,#14363);
#12111=AXIS2_PLACEMENT_3D('',#18484,#14365,#14366);
#12112=AXIS2_PLACEMENT_3D('',#18490,#14370,#14371);
#12113=AXIS2_PLACEMENT_3D('',#18496,#14375,#14376);
#12114=AXIS2_PLACEMENT_3D('',#18502,#14380,#14381);
#12115=AXIS2_PLACEMENT_3D('',#18503,#14382,#14383);
#12116=AXIS2_PLACEMENT_3D('',#18504,#14384,#14385);
#12117=AXIS2_PLACEMENT_3D('',#18505,#14386,#14387);
#12118=AXIS2_PLACEMENT_3D('',#18506,#14388,#14389);
#12119=AXIS2_PLACEMENT_3D('',#18507,#14390,#14391);
#12120=AXIS2_PLACEMENT_3D('',#18516,#14396,#14397);
#12121=AXIS2_PLACEMENT_3D('',#18518,#14398,#14399);
#12122=AXIS2_PLACEMENT_3D('',#18520,#14400,#14401);
#12123=AXIS2_PLACEMENT_3D('',#18522,#14403,#14404);
#12124=AXIS2_PLACEMENT_3D('',#18528,#14408,#14409);
#12125=AXIS2_PLACEMENT_3D('',#18530,#14410,#14411);
#12126=AXIS2_PLACEMENT_3D('',#18532,#14412,#14413);
#12127=AXIS2_PLACEMENT_3D('',#18534,#14415,#14416);
#12128=AXIS2_PLACEMENT_3D('',#18540,#14420,#14421);
#12129=AXIS2_PLACEMENT_3D('',#18542,#14422,#14423);
#12130=AXIS2_PLACEMENT_3D('',#18544,#14424,#14425);
#12131=AXIS2_PLACEMENT_3D('',#18546,#14427,#14428);
#12132=AXIS2_PLACEMENT_3D('',#18552,#14432,#14433);
#12133=AXIS2_PLACEMENT_3D('',#18558,#14437,#14438);
#12134=AXIS2_PLACEMENT_3D('',#18564,#14442,#14443);
#12135=AXIS2_PLACEMENT_3D('',#18566,#14444,#14445);
#12136=AXIS2_PLACEMENT_3D('',#18568,#14446,#14447);
#12137=AXIS2_PLACEMENT_3D('',#18570,#14449,#14450);
#12138=AXIS2_PLACEMENT_3D('',#18576,#14454,#14455);
#12139=AXIS2_PLACEMENT_3D('',#18578,#14456,#14457);
#12140=AXIS2_PLACEMENT_3D('',#18580,#14458,#14459);
#12141=AXIS2_PLACEMENT_3D('',#18582,#14461,#14462);
#12142=AXIS2_PLACEMENT_3D('',#18588,#14466,#14467);
#12143=AXIS2_PLACEMENT_3D('',#18590,#14468,#14469);
#12144=AXIS2_PLACEMENT_3D('',#18592,#14470,#14471);
#12145=AXIS2_PLACEMENT_3D('',#18594,#14473,#14474);
#12146=AXIS2_PLACEMENT_3D('',#18600,#14478,#14479);
#12147=AXIS2_PLACEMENT_3D('',#18602,#14480,#14481);
#12148=AXIS2_PLACEMENT_3D('',#18604,#14482,#14483);
#12149=AXIS2_PLACEMENT_3D('',#18606,#14485,#14486);
#12150=AXIS2_PLACEMENT_3D('',#18612,#14490,#14491);
#12151=AXIS2_PLACEMENT_3D('',#18618,#14495,#14496);
#12152=AXIS2_PLACEMENT_3D('',#18624,#14500,#14501);
#12153=AXIS2_PLACEMENT_3D('',#18625,#14502,#14503);
#12154=AXIS2_PLACEMENT_3D('',#18626,#14504,#14505);
#12155=AXIS2_PLACEMENT_3D('',#18627,#14506,#14507);
#12156=AXIS2_PLACEMENT_3D('',#18628,#14508,#14509);
#12157=AXIS2_PLACEMENT_3D('',#18629,#14510,#14511);
#12158=AXIS2_PLACEMENT_3D('',#18638,#14516,#14517);
#12159=AXIS2_PLACEMENT_3D('',#18640,#14518,#14519);
#12160=AXIS2_PLACEMENT_3D('',#18642,#14520,#14521);
#12161=AXIS2_PLACEMENT_3D('',#18644,#14523,#14524);
#12162=AXIS2_PLACEMENT_3D('',#18650,#14528,#14529);
#12163=AXIS2_PLACEMENT_3D('',#18652,#14530,#14531);
#12164=AXIS2_PLACEMENT_3D('',#18654,#14532,#14533);
#12165=AXIS2_PLACEMENT_3D('',#18656,#14535,#14536);
#12166=AXIS2_PLACEMENT_3D('',#18662,#14540,#14541);
#12167=AXIS2_PLACEMENT_3D('',#18664,#14542,#14543);
#12168=AXIS2_PLACEMENT_3D('',#18666,#14544,#14545);
#12169=AXIS2_PLACEMENT_3D('',#18668,#14547,#14548);
#12170=AXIS2_PLACEMENT_3D('',#18674,#14552,#14553);
#12171=AXIS2_PLACEMENT_3D('',#18680,#14557,#14558);
#12172=AXIS2_PLACEMENT_3D('',#18686,#14562,#14563);
#12173=AXIS2_PLACEMENT_3D('',#18688,#14564,#14565);
#12174=AXIS2_PLACEMENT_3D('',#18690,#14566,#14567);
#12175=AXIS2_PLACEMENT_3D('',#18692,#14569,#14570);
#12176=AXIS2_PLACEMENT_3D('',#18698,#14574,#14575);
#12177=AXIS2_PLACEMENT_3D('',#18700,#14576,#14577);
#12178=AXIS2_PLACEMENT_3D('',#18702,#14578,#14579);
#12179=AXIS2_PLACEMENT_3D('',#18704,#14581,#14582);
#12180=AXIS2_PLACEMENT_3D('',#18710,#14586,#14587);
#12181=AXIS2_PLACEMENT_3D('',#18712,#14588,#14589);
#12182=AXIS2_PLACEMENT_3D('',#18714,#14590,#14591);
#12183=AXIS2_PLACEMENT_3D('',#18716,#14593,#14594);
#12184=AXIS2_PLACEMENT_3D('',#18722,#14598,#14599);
#12185=AXIS2_PLACEMENT_3D('',#18724,#14600,#14601);
#12186=AXIS2_PLACEMENT_3D('',#18726,#14602,#14603);
#12187=AXIS2_PLACEMENT_3D('',#18728,#14605,#14606);
#12188=AXIS2_PLACEMENT_3D('',#18734,#14610,#14611);
#12189=AXIS2_PLACEMENT_3D('',#18740,#14615,#14616);
#12190=AXIS2_PLACEMENT_3D('',#18746,#14620,#14621);
#12191=AXIS2_PLACEMENT_3D('',#18747,#14622,#14623);
#12192=AXIS2_PLACEMENT_3D('',#18748,#14624,#14625);
#12193=AXIS2_PLACEMENT_3D('',#18749,#14626,#14627);
#12194=AXIS2_PLACEMENT_3D('',#18750,#14628,#14629);
#12195=AXIS2_PLACEMENT_3D('',#18751,#14630,#14631);
#12196=AXIS2_PLACEMENT_3D('',#18760,#14636,#14637);
#12197=AXIS2_PLACEMENT_3D('',#18762,#14638,#14639);
#12198=AXIS2_PLACEMENT_3D('',#18764,#14640,#14641);
#12199=AXIS2_PLACEMENT_3D('',#18766,#14643,#14644);
#12200=AXIS2_PLACEMENT_3D('',#18772,#14648,#14649);
#12201=AXIS2_PLACEMENT_3D('',#18774,#14650,#14651);
#12202=AXIS2_PLACEMENT_3D('',#18776,#14652,#14653);
#12203=AXIS2_PLACEMENT_3D('',#18778,#14655,#14656);
#12204=AXIS2_PLACEMENT_3D('',#18784,#14660,#14661);
#12205=AXIS2_PLACEMENT_3D('',#18786,#14662,#14663);
#12206=AXIS2_PLACEMENT_3D('',#18788,#14664,#14665);
#12207=AXIS2_PLACEMENT_3D('',#18790,#14667,#14668);
#12208=AXIS2_PLACEMENT_3D('',#18796,#14672,#14673);
#12209=AXIS2_PLACEMENT_3D('',#18802,#14677,#14678);
#12210=AXIS2_PLACEMENT_3D('',#18808,#14682,#14683);
#12211=AXIS2_PLACEMENT_3D('',#18810,#14684,#14685);
#12212=AXIS2_PLACEMENT_3D('',#18812,#14686,#14687);
#12213=AXIS2_PLACEMENT_3D('',#18814,#14689,#14690);
#12214=AXIS2_PLACEMENT_3D('',#18820,#14694,#14695);
#12215=AXIS2_PLACEMENT_3D('',#18822,#14696,#14697);
#12216=AXIS2_PLACEMENT_3D('',#18824,#14698,#14699);
#12217=AXIS2_PLACEMENT_3D('',#18826,#14701,#14702);
#12218=AXIS2_PLACEMENT_3D('',#18832,#14706,#14707);
#12219=AXIS2_PLACEMENT_3D('',#18834,#14708,#14709);
#12220=AXIS2_PLACEMENT_3D('',#18836,#14710,#14711);
#12221=AXIS2_PLACEMENT_3D('',#18838,#14713,#14714);
#12222=AXIS2_PLACEMENT_3D('',#18844,#14718,#14719);
#12223=AXIS2_PLACEMENT_3D('',#18846,#14720,#14721);
#12224=AXIS2_PLACEMENT_3D('',#18848,#14722,#14723);
#12225=AXIS2_PLACEMENT_3D('',#18850,#14725,#14726);
#12226=AXIS2_PLACEMENT_3D('',#18856,#14730,#14731);
#12227=AXIS2_PLACEMENT_3D('',#18862,#14735,#14736);
#12228=AXIS2_PLACEMENT_3D('',#18868,#14740,#14741);
#12229=AXIS2_PLACEMENT_3D('',#18869,#14742,#14743);
#12230=AXIS2_PLACEMENT_3D('',#18870,#14744,#14745);
#12231=AXIS2_PLACEMENT_3D('',#18871,#14746,#14747);
#12232=AXIS2_PLACEMENT_3D('',#18872,#14748,#14749);
#12233=AXIS2_PLACEMENT_3D('',#18873,#14750,#14751);
#12234=AXIS2_PLACEMENT_3D('',#18882,#14756,#14757);
#12235=AXIS2_PLACEMENT_3D('',#18884,#14758,#14759);
#12236=AXIS2_PLACEMENT_3D('',#18886,#14760,#14761);
#12237=AXIS2_PLACEMENT_3D('',#18888,#14763,#14764);
#12238=AXIS2_PLACEMENT_3D('',#18894,#14768,#14769);
#12239=AXIS2_PLACEMENT_3D('',#18896,#14770,#14771);
#12240=AXIS2_PLACEMENT_3D('',#18898,#14772,#14773);
#12241=AXIS2_PLACEMENT_3D('',#18900,#14775,#14776);
#12242=AXIS2_PLACEMENT_3D('',#18906,#14780,#14781);
#12243=AXIS2_PLACEMENT_3D('',#18908,#14782,#14783);
#12244=AXIS2_PLACEMENT_3D('',#18910,#14784,#14785);
#12245=AXIS2_PLACEMENT_3D('',#18912,#14787,#14788);
#12246=AXIS2_PLACEMENT_3D('',#18918,#14792,#14793);
#12247=AXIS2_PLACEMENT_3D('',#18924,#14797,#14798);
#12248=AXIS2_PLACEMENT_3D('',#18930,#14802,#14803);
#12249=AXIS2_PLACEMENT_3D('',#18932,#14804,#14805);
#12250=AXIS2_PLACEMENT_3D('',#18934,#14806,#14807);
#12251=AXIS2_PLACEMENT_3D('',#18936,#14809,#14810);
#12252=AXIS2_PLACEMENT_3D('',#18942,#14814,#14815);
#12253=AXIS2_PLACEMENT_3D('',#18944,#14816,#14817);
#12254=AXIS2_PLACEMENT_3D('',#18946,#14818,#14819);
#12255=AXIS2_PLACEMENT_3D('',#18948,#14821,#14822);
#12256=AXIS2_PLACEMENT_3D('',#18954,#14826,#14827);
#12257=AXIS2_PLACEMENT_3D('',#18956,#14828,#14829);
#12258=AXIS2_PLACEMENT_3D('',#18958,#14830,#14831);
#12259=AXIS2_PLACEMENT_3D('',#18960,#14833,#14834);
#12260=AXIS2_PLACEMENT_3D('',#18966,#14838,#14839);
#12261=AXIS2_PLACEMENT_3D('',#18968,#14840,#14841);
#12262=AXIS2_PLACEMENT_3D('',#18970,#14842,#14843);
#12263=AXIS2_PLACEMENT_3D('',#18972,#14845,#14846);
#12264=AXIS2_PLACEMENT_3D('',#18978,#14850,#14851);
#12265=AXIS2_PLACEMENT_3D('',#18984,#14855,#14856);
#12266=AXIS2_PLACEMENT_3D('',#18990,#14860,#14861);
#12267=AXIS2_PLACEMENT_3D('',#18991,#14862,#14863);
#12268=AXIS2_PLACEMENT_3D('',#18992,#14864,#14865);
#12269=AXIS2_PLACEMENT_3D('',#18993,#14866,#14867);
#12270=AXIS2_PLACEMENT_3D('',#18994,#14868,#14869);
#12271=AXIS2_PLACEMENT_3D('',#18995,#14870,#14871);
#12272=AXIS2_PLACEMENT_3D('',#19004,#14876,#14877);
#12273=AXIS2_PLACEMENT_3D('',#19006,#14878,#14879);
#12274=AXIS2_PLACEMENT_3D('',#19008,#14880,#14881);
#12275=AXIS2_PLACEMENT_3D('',#19010,#14883,#14884);
#12276=AXIS2_PLACEMENT_3D('',#19016,#14888,#14889);
#12277=AXIS2_PLACEMENT_3D('',#19018,#14890,#14891);
#12278=AXIS2_PLACEMENT_3D('',#19020,#14892,#14893);
#12279=AXIS2_PLACEMENT_3D('',#19022,#14895,#14896);
#12280=AXIS2_PLACEMENT_3D('',#19028,#14900,#14901);
#12281=AXIS2_PLACEMENT_3D('',#19030,#14902,#14903);
#12282=AXIS2_PLACEMENT_3D('',#19032,#14904,#14905);
#12283=AXIS2_PLACEMENT_3D('',#19034,#14907,#14908);
#12284=AXIS2_PLACEMENT_3D('',#19040,#14912,#14913);
#12285=AXIS2_PLACEMENT_3D('',#19046,#14917,#14918);
#12286=AXIS2_PLACEMENT_3D('',#19052,#14922,#14923);
#12287=AXIS2_PLACEMENT_3D('',#19054,#14924,#14925);
#12288=AXIS2_PLACEMENT_3D('',#19056,#14926,#14927);
#12289=AXIS2_PLACEMENT_3D('',#19058,#14929,#14930);
#12290=AXIS2_PLACEMENT_3D('',#19064,#14934,#14935);
#12291=AXIS2_PLACEMENT_3D('',#19066,#14936,#14937);
#12292=AXIS2_PLACEMENT_3D('',#19068,#14938,#14939);
#12293=AXIS2_PLACEMENT_3D('',#19070,#14941,#14942);
#12294=AXIS2_PLACEMENT_3D('',#19076,#14946,#14947);
#12295=AXIS2_PLACEMENT_3D('',#19078,#14948,#14949);
#12296=AXIS2_PLACEMENT_3D('',#19080,#14950,#14951);
#12297=AXIS2_PLACEMENT_3D('',#19082,#14953,#14954);
#12298=AXIS2_PLACEMENT_3D('',#19088,#14958,#14959);
#12299=AXIS2_PLACEMENT_3D('',#19090,#14960,#14961);
#12300=AXIS2_PLACEMENT_3D('',#19092,#14962,#14963);
#12301=AXIS2_PLACEMENT_3D('',#19094,#14965,#14966);
#12302=AXIS2_PLACEMENT_3D('',#19100,#14970,#14971);
#12303=AXIS2_PLACEMENT_3D('',#19106,#14975,#14976);
#12304=AXIS2_PLACEMENT_3D('',#19112,#14980,#14981);
#12305=AXIS2_PLACEMENT_3D('',#19113,#14982,#14983);
#12306=AXIS2_PLACEMENT_3D('',#19114,#14984,#14985);
#12307=AXIS2_PLACEMENT_3D('',#19115,#14986,#14987);
#12308=AXIS2_PLACEMENT_3D('',#19116,#14988,#14989);
#12309=AXIS2_PLACEMENT_3D('',#19117,#14990,#14991);
#12310=AXIS2_PLACEMENT_3D('',#19126,#14996,#14997);
#12311=AXIS2_PLACEMENT_3D('',#19128,#14998,#14999);
#12312=AXIS2_PLACEMENT_3D('',#19130,#15000,#15001);
#12313=AXIS2_PLACEMENT_3D('',#19132,#15003,#15004);
#12314=AXIS2_PLACEMENT_3D('',#19138,#15008,#15009);
#12315=AXIS2_PLACEMENT_3D('',#19140,#15010,#15011);
#12316=AXIS2_PLACEMENT_3D('',#19142,#15012,#15013);
#12317=AXIS2_PLACEMENT_3D('',#19144,#15015,#15016);
#12318=AXIS2_PLACEMENT_3D('',#19150,#15020,#15021);
#12319=AXIS2_PLACEMENT_3D('',#19152,#15022,#15023);
#12320=AXIS2_PLACEMENT_3D('',#19154,#15024,#15025);
#12321=AXIS2_PLACEMENT_3D('',#19156,#15027,#15028);
#12322=AXIS2_PLACEMENT_3D('',#19162,#15032,#15033);
#12323=AXIS2_PLACEMENT_3D('',#19168,#15037,#15038);
#12324=AXIS2_PLACEMENT_3D('',#19174,#15042,#15043);
#12325=AXIS2_PLACEMENT_3D('',#19176,#15044,#15045);
#12326=AXIS2_PLACEMENT_3D('',#19178,#15046,#15047);
#12327=AXIS2_PLACEMENT_3D('',#19180,#15049,#15050);
#12328=AXIS2_PLACEMENT_3D('',#19186,#15054,#15055);
#12329=AXIS2_PLACEMENT_3D('',#19188,#15056,#15057);
#12330=AXIS2_PLACEMENT_3D('',#19190,#15058,#15059);
#12331=AXIS2_PLACEMENT_3D('',#19192,#15061,#15062);
#12332=AXIS2_PLACEMENT_3D('',#19198,#15066,#15067);
#12333=AXIS2_PLACEMENT_3D('',#19200,#15068,#15069);
#12334=AXIS2_PLACEMENT_3D('',#19202,#15070,#15071);
#12335=AXIS2_PLACEMENT_3D('',#19204,#15073,#15074);
#12336=AXIS2_PLACEMENT_3D('',#19210,#15078,#15079);
#12337=AXIS2_PLACEMENT_3D('',#19212,#15080,#15081);
#12338=AXIS2_PLACEMENT_3D('',#19214,#15082,#15083);
#12339=AXIS2_PLACEMENT_3D('',#19216,#15085,#15086);
#12340=AXIS2_PLACEMENT_3D('',#19222,#15090,#15091);
#12341=AXIS2_PLACEMENT_3D('',#19228,#15095,#15096);
#12342=AXIS2_PLACEMENT_3D('',#19234,#15100,#15101);
#12343=AXIS2_PLACEMENT_3D('',#19235,#15102,#15103);
#12344=AXIS2_PLACEMENT_3D('',#19236,#15104,#15105);
#12345=AXIS2_PLACEMENT_3D('',#19237,#15106,#15107);
#12346=AXIS2_PLACEMENT_3D('',#19238,#15108,#15109);
#12347=AXIS2_PLACEMENT_3D('',#19239,#15110,#15111);
#12348=AXIS2_PLACEMENT_3D('',#19248,#15116,#15117);
#12349=AXIS2_PLACEMENT_3D('',#19250,#15118,#15119);
#12350=AXIS2_PLACEMENT_3D('',#19252,#15120,#15121);
#12351=AXIS2_PLACEMENT_3D('',#19254,#15123,#15124);
#12352=AXIS2_PLACEMENT_3D('',#19260,#15128,#15129);
#12353=AXIS2_PLACEMENT_3D('',#19262,#15130,#15131);
#12354=AXIS2_PLACEMENT_3D('',#19264,#15132,#15133);
#12355=AXIS2_PLACEMENT_3D('',#19266,#15135,#15136);
#12356=AXIS2_PLACEMENT_3D('',#19272,#15140,#15141);
#12357=AXIS2_PLACEMENT_3D('',#19274,#15142,#15143);
#12358=AXIS2_PLACEMENT_3D('',#19276,#15144,#15145);
#12359=AXIS2_PLACEMENT_3D('',#19278,#15147,#15148);
#12360=AXIS2_PLACEMENT_3D('',#19284,#15152,#15153);
#12361=AXIS2_PLACEMENT_3D('',#19290,#15157,#15158);
#12362=AXIS2_PLACEMENT_3D('',#19296,#15162,#15163);
#12363=AXIS2_PLACEMENT_3D('',#19298,#15164,#15165);
#12364=AXIS2_PLACEMENT_3D('',#19300,#15166,#15167);
#12365=AXIS2_PLACEMENT_3D('',#19302,#15169,#15170);
#12366=AXIS2_PLACEMENT_3D('',#19308,#15174,#15175);
#12367=AXIS2_PLACEMENT_3D('',#19310,#15176,#15177);
#12368=AXIS2_PLACEMENT_3D('',#19312,#15178,#15179);
#12369=AXIS2_PLACEMENT_3D('',#19314,#15181,#15182);
#12370=AXIS2_PLACEMENT_3D('',#19320,#15186,#15187);
#12371=AXIS2_PLACEMENT_3D('',#19322,#15188,#15189);
#12372=AXIS2_PLACEMENT_3D('',#19324,#15190,#15191);
#12373=AXIS2_PLACEMENT_3D('',#19326,#15193,#15194);
#12374=AXIS2_PLACEMENT_3D('',#19332,#15198,#15199);
#12375=AXIS2_PLACEMENT_3D('',#19334,#15200,#15201);
#12376=AXIS2_PLACEMENT_3D('',#19336,#15202,#15203);
#12377=AXIS2_PLACEMENT_3D('',#19338,#15205,#15206);
#12378=AXIS2_PLACEMENT_3D('',#19344,#15210,#15211);
#12379=AXIS2_PLACEMENT_3D('',#19350,#15215,#15216);
#12380=AXIS2_PLACEMENT_3D('',#19356,#15220,#15221);
#12381=AXIS2_PLACEMENT_3D('',#19357,#15222,#15223);
#12382=AXIS2_PLACEMENT_3D('',#19358,#15224,#15225);
#12383=AXIS2_PLACEMENT_3D('',#19359,#15226,#15227);
#12384=AXIS2_PLACEMENT_3D('',#19360,#15228,#15229);
#12385=AXIS2_PLACEMENT_3D('',#19361,#15230,#15231);
#12386=AXIS2_PLACEMENT_3D('',#19370,#15236,#15237);
#12387=AXIS2_PLACEMENT_3D('',#19372,#15238,#15239);
#12388=AXIS2_PLACEMENT_3D('',#19374,#15240,#15241);
#12389=AXIS2_PLACEMENT_3D('',#19376,#15243,#15244);
#12390=AXIS2_PLACEMENT_3D('',#19382,#15248,#15249);
#12391=AXIS2_PLACEMENT_3D('',#19384,#15250,#15251);
#12392=AXIS2_PLACEMENT_3D('',#19386,#15252,#15253);
#12393=AXIS2_PLACEMENT_3D('',#19388,#15255,#15256);
#12394=AXIS2_PLACEMENT_3D('',#19394,#15260,#15261);
#12395=AXIS2_PLACEMENT_3D('',#19396,#15262,#15263);
#12396=AXIS2_PLACEMENT_3D('',#19398,#15264,#15265);
#12397=AXIS2_PLACEMENT_3D('',#19400,#15267,#15268);
#12398=AXIS2_PLACEMENT_3D('',#19406,#15272,#15273);
#12399=AXIS2_PLACEMENT_3D('',#19412,#15277,#15278);
#12400=AXIS2_PLACEMENT_3D('',#19418,#15282,#15283);
#12401=AXIS2_PLACEMENT_3D('',#19420,#15284,#15285);
#12402=AXIS2_PLACEMENT_3D('',#19422,#15286,#15287);
#12403=AXIS2_PLACEMENT_3D('',#19424,#15289,#15290);
#12404=AXIS2_PLACEMENT_3D('',#19430,#15294,#15295);
#12405=AXIS2_PLACEMENT_3D('',#19432,#15296,#15297);
#12406=AXIS2_PLACEMENT_3D('',#19434,#15298,#15299);
#12407=AXIS2_PLACEMENT_3D('',#19436,#15301,#15302);
#12408=AXIS2_PLACEMENT_3D('',#19442,#15306,#15307);
#12409=AXIS2_PLACEMENT_3D('',#19444,#15308,#15309);
#12410=AXIS2_PLACEMENT_3D('',#19446,#15310,#15311);
#12411=AXIS2_PLACEMENT_3D('',#19448,#15313,#15314);
#12412=AXIS2_PLACEMENT_3D('',#19454,#15318,#15319);
#12413=AXIS2_PLACEMENT_3D('',#19456,#15320,#15321);
#12414=AXIS2_PLACEMENT_3D('',#19458,#15322,#15323);
#12415=AXIS2_PLACEMENT_3D('',#19460,#15325,#15326);
#12416=AXIS2_PLACEMENT_3D('',#19466,#15330,#15331);
#12417=AXIS2_PLACEMENT_3D('',#19472,#15335,#15336);
#12418=AXIS2_PLACEMENT_3D('',#19478,#15340,#15341);
#12419=AXIS2_PLACEMENT_3D('',#19479,#15342,#15343);
#12420=AXIS2_PLACEMENT_3D('',#19480,#15344,#15345);
#12421=AXIS2_PLACEMENT_3D('',#19481,#15346,#15347);
#12422=AXIS2_PLACEMENT_3D('',#19482,#15348,#15349);
#12423=AXIS2_PLACEMENT_3D('',#19483,#15350,#15351);
#12424=AXIS2_PLACEMENT_3D('',#19492,#15356,#15357);
#12425=AXIS2_PLACEMENT_3D('',#19494,#15358,#15359);
#12426=AXIS2_PLACEMENT_3D('',#19496,#15360,#15361);
#12427=AXIS2_PLACEMENT_3D('',#19498,#15363,#15364);
#12428=AXIS2_PLACEMENT_3D('',#19504,#15368,#15369);
#12429=AXIS2_PLACEMENT_3D('',#19506,#15370,#15371);
#12430=AXIS2_PLACEMENT_3D('',#19508,#15372,#15373);
#12431=AXIS2_PLACEMENT_3D('',#19510,#15375,#15376);
#12432=AXIS2_PLACEMENT_3D('',#19516,#15380,#15381);
#12433=AXIS2_PLACEMENT_3D('',#19518,#15382,#15383);
#12434=AXIS2_PLACEMENT_3D('',#19520,#15384,#15385);
#12435=AXIS2_PLACEMENT_3D('',#19522,#15387,#15388);
#12436=AXIS2_PLACEMENT_3D('',#19528,#15392,#15393);
#12437=AXIS2_PLACEMENT_3D('',#19534,#15397,#15398);
#12438=AXIS2_PLACEMENT_3D('',#19540,#15402,#15403);
#12439=AXIS2_PLACEMENT_3D('',#19542,#15404,#15405);
#12440=AXIS2_PLACEMENT_3D('',#19544,#15406,#15407);
#12441=AXIS2_PLACEMENT_3D('',#19546,#15409,#15410);
#12442=AXIS2_PLACEMENT_3D('',#19552,#15414,#15415);
#12443=AXIS2_PLACEMENT_3D('',#19554,#15416,#15417);
#12444=AXIS2_PLACEMENT_3D('',#19556,#15418,#15419);
#12445=AXIS2_PLACEMENT_3D('',#19558,#15421,#15422);
#12446=AXIS2_PLACEMENT_3D('',#19564,#15426,#15427);
#12447=AXIS2_PLACEMENT_3D('',#19566,#15428,#15429);
#12448=AXIS2_PLACEMENT_3D('',#19568,#15430,#15431);
#12449=AXIS2_PLACEMENT_3D('',#19570,#15433,#15434);
#12450=AXIS2_PLACEMENT_3D('',#19576,#15438,#15439);
#12451=AXIS2_PLACEMENT_3D('',#19578,#15440,#15441);
#12452=AXIS2_PLACEMENT_3D('',#19580,#15442,#15443);
#12453=AXIS2_PLACEMENT_3D('',#19582,#15445,#15446);
#12454=AXIS2_PLACEMENT_3D('',#19588,#15450,#15451);
#12455=AXIS2_PLACEMENT_3D('',#19594,#15455,#15456);
#12456=AXIS2_PLACEMENT_3D('',#19600,#15460,#15461);
#12457=AXIS2_PLACEMENT_3D('',#19601,#15462,#15463);
#12458=AXIS2_PLACEMENT_3D('',#19602,#15464,#15465);
#12459=AXIS2_PLACEMENT_3D('',#19603,#15466,#15467);
#12460=AXIS2_PLACEMENT_3D('',#19604,#15468,#15469);
#12461=AXIS2_PLACEMENT_3D('',#19605,#15470,#15471);
#12462=AXIS2_PLACEMENT_3D('',#19614,#15476,#15477);
#12463=AXIS2_PLACEMENT_3D('',#19616,#15478,#15479);
#12464=AXIS2_PLACEMENT_3D('',#19618,#15480,#15481);
#12465=AXIS2_PLACEMENT_3D('',#19620,#15483,#15484);
#12466=AXIS2_PLACEMENT_3D('',#19626,#15488,#15489);
#12467=AXIS2_PLACEMENT_3D('',#19628,#15490,#15491);
#12468=AXIS2_PLACEMENT_3D('',#19630,#15492,#15493);
#12469=AXIS2_PLACEMENT_3D('',#19632,#15495,#15496);
#12470=AXIS2_PLACEMENT_3D('',#19638,#15500,#15501);
#12471=AXIS2_PLACEMENT_3D('',#19640,#15502,#15503);
#12472=AXIS2_PLACEMENT_3D('',#19642,#15504,#15505);
#12473=AXIS2_PLACEMENT_3D('',#19644,#15507,#15508);
#12474=AXIS2_PLACEMENT_3D('',#19650,#15512,#15513);
#12475=AXIS2_PLACEMENT_3D('',#19656,#15517,#15518);
#12476=AXIS2_PLACEMENT_3D('',#19662,#15522,#15523);
#12477=AXIS2_PLACEMENT_3D('',#19664,#15524,#15525);
#12478=AXIS2_PLACEMENT_3D('',#19666,#15526,#15527);
#12479=AXIS2_PLACEMENT_3D('',#19668,#15529,#15530);
#12480=AXIS2_PLACEMENT_3D('',#19674,#15534,#15535);
#12481=AXIS2_PLACEMENT_3D('',#19676,#15536,#15537);
#12482=AXIS2_PLACEMENT_3D('',#19678,#15538,#15539);
#12483=AXIS2_PLACEMENT_3D('',#19680,#15541,#15542);
#12484=AXIS2_PLACEMENT_3D('',#19686,#15546,#15547);
#12485=AXIS2_PLACEMENT_3D('',#19688,#15548,#15549);
#12486=AXIS2_PLACEMENT_3D('',#19690,#15550,#15551);
#12487=AXIS2_PLACEMENT_3D('',#19692,#15553,#15554);
#12488=AXIS2_PLACEMENT_3D('',#19698,#15558,#15559);
#12489=AXIS2_PLACEMENT_3D('',#19700,#15560,#15561);
#12490=AXIS2_PLACEMENT_3D('',#19702,#15562,#15563);
#12491=AXIS2_PLACEMENT_3D('',#19704,#15565,#15566);
#12492=AXIS2_PLACEMENT_3D('',#19710,#15570,#15571);
#12493=AXIS2_PLACEMENT_3D('',#19716,#15575,#15576);
#12494=AXIS2_PLACEMENT_3D('',#19722,#15580,#15581);
#12495=AXIS2_PLACEMENT_3D('',#19723,#15582,#15583);
#12496=AXIS2_PLACEMENT_3D('',#19724,#15584,#15585);
#12497=AXIS2_PLACEMENT_3D('',#19725,#15586,#15587);
#12498=AXIS2_PLACEMENT_3D('',#19726,#15588,#15589);
#12499=AXIS2_PLACEMENT_3D('',#19727,#15590,#15591);
#12500=AXIS2_PLACEMENT_3D('',#19736,#15596,#15597);
#12501=AXIS2_PLACEMENT_3D('',#19738,#15598,#15599);
#12502=AXIS2_PLACEMENT_3D('',#19740,#15600,#15601);
#12503=AXIS2_PLACEMENT_3D('',#19742,#15603,#15604);
#12504=AXIS2_PLACEMENT_3D('',#19748,#15608,#15609);
#12505=AXIS2_PLACEMENT_3D('',#19750,#15610,#15611);
#12506=AXIS2_PLACEMENT_3D('',#19752,#15612,#15613);
#12507=AXIS2_PLACEMENT_3D('',#19754,#15615,#15616);
#12508=AXIS2_PLACEMENT_3D('',#19760,#15620,#15621);
#12509=AXIS2_PLACEMENT_3D('',#19762,#15622,#15623);
#12510=AXIS2_PLACEMENT_3D('',#19764,#15624,#15625);
#12511=AXIS2_PLACEMENT_3D('',#19766,#15627,#15628);
#12512=AXIS2_PLACEMENT_3D('',#19772,#15632,#15633);
#12513=AXIS2_PLACEMENT_3D('',#19778,#15637,#15638);
#12514=AXIS2_PLACEMENT_3D('',#19784,#15642,#15643);
#12515=AXIS2_PLACEMENT_3D('',#19786,#15644,#15645);
#12516=AXIS2_PLACEMENT_3D('',#19788,#15646,#15647);
#12517=AXIS2_PLACEMENT_3D('',#19790,#15649,#15650);
#12518=AXIS2_PLACEMENT_3D('',#19796,#15654,#15655);
#12519=AXIS2_PLACEMENT_3D('',#19798,#15656,#15657);
#12520=AXIS2_PLACEMENT_3D('',#19800,#15658,#15659);
#12521=AXIS2_PLACEMENT_3D('',#19802,#15661,#15662);
#12522=AXIS2_PLACEMENT_3D('',#19808,#15666,#15667);
#12523=AXIS2_PLACEMENT_3D('',#19810,#15668,#15669);
#12524=AXIS2_PLACEMENT_3D('',#19812,#15670,#15671);
#12525=AXIS2_PLACEMENT_3D('',#19814,#15673,#15674);
#12526=AXIS2_PLACEMENT_3D('',#19820,#15678,#15679);
#12527=AXIS2_PLACEMENT_3D('',#19822,#15680,#15681);
#12528=AXIS2_PLACEMENT_3D('',#19824,#15682,#15683);
#12529=AXIS2_PLACEMENT_3D('',#19826,#15685,#15686);
#12530=AXIS2_PLACEMENT_3D('',#19832,#15690,#15691);
#12531=AXIS2_PLACEMENT_3D('',#19838,#15695,#15696);
#12532=AXIS2_PLACEMENT_3D('',#19844,#15700,#15701);
#12533=AXIS2_PLACEMENT_3D('',#19845,#15702,#15703);
#12534=AXIS2_PLACEMENT_3D('',#19846,#15704,#15705);
#12535=AXIS2_PLACEMENT_3D('',#19847,#15706,#15707);
#12536=AXIS2_PLACEMENT_3D('',#19848,#15708,#15709);
#12537=AXIS2_PLACEMENT_3D('',#19849,#15710,#15711);
#12538=AXIS2_PLACEMENT_3D('',#19858,#15716,#15717);
#12539=AXIS2_PLACEMENT_3D('',#19860,#15718,#15719);
#12540=AXIS2_PLACEMENT_3D('',#19862,#15720,#15721);
#12541=AXIS2_PLACEMENT_3D('',#19864,#15723,#15724);
#12542=AXIS2_PLACEMENT_3D('',#19870,#15728,#15729);
#12543=AXIS2_PLACEMENT_3D('',#19872,#15730,#15731);
#12544=AXIS2_PLACEMENT_3D('',#19874,#15732,#15733);
#12545=AXIS2_PLACEMENT_3D('',#19876,#15735,#15736);
#12546=AXIS2_PLACEMENT_3D('',#19882,#15740,#15741);
#12547=AXIS2_PLACEMENT_3D('',#19884,#15742,#15743);
#12548=AXIS2_PLACEMENT_3D('',#19886,#15744,#15745);
#12549=AXIS2_PLACEMENT_3D('',#19888,#15747,#15748);
#12550=AXIS2_PLACEMENT_3D('',#19894,#15752,#15753);
#12551=AXIS2_PLACEMENT_3D('',#19900,#15757,#15758);
#12552=AXIS2_PLACEMENT_3D('',#19906,#15762,#15763);
#12553=AXIS2_PLACEMENT_3D('',#19908,#15764,#15765);
#12554=AXIS2_PLACEMENT_3D('',#19910,#15766,#15767);
#12555=AXIS2_PLACEMENT_3D('',#19912,#15769,#15770);
#12556=AXIS2_PLACEMENT_3D('',#19918,#15774,#15775);
#12557=AXIS2_PLACEMENT_3D('',#19920,#15776,#15777);
#12558=AXIS2_PLACEMENT_3D('',#19922,#15778,#15779);
#12559=AXIS2_PLACEMENT_3D('',#19924,#15781,#15782);
#12560=AXIS2_PLACEMENT_3D('',#19930,#15786,#15787);
#12561=AXIS2_PLACEMENT_3D('',#19932,#15788,#15789);
#12562=AXIS2_PLACEMENT_3D('',#19934,#15790,#15791);
#12563=AXIS2_PLACEMENT_3D('',#19936,#15793,#15794);
#12564=AXIS2_PLACEMENT_3D('',#19942,#15798,#15799);
#12565=AXIS2_PLACEMENT_3D('',#19944,#15800,#15801);
#12566=AXIS2_PLACEMENT_3D('',#19946,#15802,#15803);
#12567=AXIS2_PLACEMENT_3D('',#19948,#15805,#15806);
#12568=AXIS2_PLACEMENT_3D('',#19954,#15810,#15811);
#12569=AXIS2_PLACEMENT_3D('',#19960,#15815,#15816);
#12570=AXIS2_PLACEMENT_3D('',#19966,#15820,#15821);
#12571=AXIS2_PLACEMENT_3D('',#19967,#15822,#15823);
#12572=AXIS2_PLACEMENT_3D('',#19968,#15824,#15825);
#12573=AXIS2_PLACEMENT_3D('',#19969,#15826,#15827);
#12574=AXIS2_PLACEMENT_3D('',#19970,#15828,#15829);
#12575=AXIS2_PLACEMENT_3D('',#19971,#15830,#15831);
#12576=AXIS2_PLACEMENT_3D('',#19972,#15832,#15833);
#12577=AXIS2_PLACEMENT_3D('',#19973,#15834,#15835);
#12578=AXIS2_PLACEMENT_3D('',#19974,#15836,#15837);
#12579=DIRECTION('axis',(0.,0.,1.));
#12580=DIRECTION('refdir',(1.,0.,0.));
#12581=DIRECTION('axis',(0.,0.,1.));
#12582=DIRECTION('refdir',(1.,0.,0.));
#12583=DIRECTION('',(-0.70710678118657,0.,0.707106781186525));
#12584=DIRECTION('',(-0.7071067811866,0.,-0.707106781186495));
#12585=DIRECTION('',(0.707106781186452,0.,0.707106781186643));
#12586=DIRECTION('',(-0.778218136230112,0.0965522840591931,-0.620527347411445));
#12587=DIRECTION('',(0.749701502461802,-0.467946395010466,0.467946395010396));
#12588=DIRECTION('center_axis',(0.707106781186567,0.499999999999986,-0.499999999999986));
#12589=DIRECTION('ref_axis',(-0.577350269189604,0.,-0.816496580927741));
#12590=DIRECTION('',(-0.707106781186528,0.5,-0.500000000000028));
#12591=DIRECTION('',(0.,0.707106781186548,0.707106781186547));
#12592=DIRECTION('',(0.707106781186528,-0.5,0.500000000000028));
#12593=DIRECTION('',(0.,-0.707106781186548,-0.707106781186547));
#12594=DIRECTION('',(-0.720903305272284,-0.436205741427888,0.538537812593362));
#12595=DIRECTION('',(-0.720903305272273,0.436205741427885,-0.53853781259338));
#12596=DIRECTION('center_axis',(-0.707106781186555,0.499999999999995,-0.499999999999995));
#12597=DIRECTION('ref_axis',(-0.577350269189618,0.,0.816496580927732));
#12598=DIRECTION('',(-0.70710678118654,-0.500000000000008,0.500000000000002));
#12599=DIRECTION('',(0.,0.707106781186548,0.707106781186547));
#12600=DIRECTION('',(0.70710678118654,0.500000000000008,-0.500000000000002));
#12601=DIRECTION('',(0.,-0.707106781186548,-0.707106781186547));
#12602=DIRECTION('',(-0.77821813623011,-0.0965522840591209,0.620527347411458));
#12603=DIRECTION('',(0.749701502461804,0.467946395010464,-0.467946395010394));
#12604=DIRECTION('',(0.707106781186486,0.,-0.707106781186609));
#12605=DIRECTION('center_axis',(1.,0.,0.));
#12606=DIRECTION('ref_axis',(0.,-1.,0.));
#12607=DIRECTION('',(0.,0.,-1.));
#12608=DIRECTION('',(0.,0.707106781186548,0.707106781186547));
#12609=DIRECTION('',(0.,0.,1.));
#12610=DIRECTION('',(0.,0.707106781186544,0.707106781186551));
#12611=DIRECTION('',(0.,0.,1.));
#12612=DIRECTION('center_axis',(0.,0.,-1.));
#12613=DIRECTION('ref_axis',(1.,0.,0.));
#12614=DIRECTION('',(0.,0.,-1.));
#12615=DIRECTION('center_axis',(0.,-0.815507144735218,0.578747005941121));
#12616=DIRECTION('ref_axis',(0.,0.578747005941121,0.815507144735218));
#12617=DIRECTION('',(0.,0.,-1.));
#12618=DIRECTION('center_axis',(0.,0.,1.));
#12619=DIRECTION('ref_axis',(1.,0.,0.));
#12620=DIRECTION('',(0.,0.,1.));
#12621=DIRECTION('center_axis',(0.,-0.815507144735218,0.578747005941121));
#12622=DIRECTION('ref_axis',(0.,0.578747005941121,0.815507144735218));
#12623=DIRECTION('center_axis',(-1.,0.,0.));
#12624=DIRECTION('ref_axis',(0.,1.,0.));
#12625=DIRECTION('',(0.,0.,-1.));
#12626=DIRECTION('',(0.,-0.707106781186544,-0.707106781186551));
#12627=DIRECTION('',(0.,0.,-1.));
#12628=DIRECTION('',(0.,-0.707106781186548,-0.707106781186547));
#12629=DIRECTION('center_axis',(0.,0.,-1.));
#12630=DIRECTION('ref_axis',(0.707106781186557,-0.707106781186538,0.));
#12631=DIRECTION('',(0.,0.,1.));
#12632=DIRECTION('center_axis',(0.,-0.382683432365064,-0.923879532511297));
#12633=DIRECTION('ref_axis',(0.,0.923879532511297,-0.382683432365064));
#12634=DIRECTION('center_axis',(0.,-0.707106781186544,-0.707106781186551));
#12635=DIRECTION('ref_axis',(1.,0.,0.));
#12636=DIRECTION('center_axis',(0.,0.707106781186547,-0.707106781186548));
#12637=DIRECTION('ref_axis',(0.,0.707106781186548,0.707106781186547));
#12638=DIRECTION('center_axis',(0.,-0.707106781186548,-0.707106781186547));
#12639=DIRECTION('ref_axis',(0.707106781186537,-0.500000000000005,0.50000000000001));
#12640=DIRECTION('',(0.,0.707106781186548,0.707106781186547));
#12641=DIRECTION('center_axis',(0.,-0.38268343236515,-0.923879532511262));
#12642=DIRECTION('ref_axis',(0.,0.923879532511262,-0.38268343236515));
#12643=DIRECTION('center_axis',(0.,-0.707106781186544,-0.707106781186551));
#12644=DIRECTION('ref_axis',(0.707106781186545,-0.50000000000001,0.499999999999993));
#12645=DIRECTION('',(0.,0.707106781186544,0.707106781186551));
#12646=DIRECTION('center_axis',(0.,0.382683432365116,0.923879532511276));
#12647=DIRECTION('ref_axis',(0.,0.923879532511276,-0.382683432365116));
#12648=DIRECTION('center_axis',(0.,0.,1.));
#12649=DIRECTION('ref_axis',(-0.707106781186601,-0.707106781186495,0.));
#12650=DIRECTION('center_axis',(0.,0.382683432365155,0.92387953251126));
#12651=DIRECTION('ref_axis',(0.,0.92387953251126,-0.382683432365155));
#12652=DIRECTION('',(0.,0.,-1.));
#12653=DIRECTION('center_axis',(0.,0.707106781186544,0.707106781186551));
#12654=DIRECTION('ref_axis',(-0.707106781186542,-0.50000000000001,0.499999999999999));
#12655=DIRECTION('center_axis',(0.,0.382683432365064,0.923879532511298));
#12656=DIRECTION('ref_axis',(0.,-0.923879532511297,0.382683432365064));
#12657=DIRECTION('',(0.,-0.707106781186544,-0.707106781186551));
#12658=DIRECTION('center_axis',(0.,0.,1.));
#12659=DIRECTION('ref_axis',(-0.707106781186511,-0.707106781186584,0.));
#12660=DIRECTION('center_axis',(0.,0.382683432365039,0.923879532511308));
#12661=DIRECTION('ref_axis',(0.,0.923879532511308,-0.382683432365039));
#12662=DIRECTION('',(0.,0.,-1.));
#12663=DIRECTION('center_axis',(0.,0.707106781186548,0.707106781186547));
#12664=DIRECTION('ref_axis',(-0.70710678118654,-0.500000000000008,0.500000000000003));
#12665=DIRECTION('center_axis',(0.,0.707106781186536,0.707106781186559));
#12666=DIRECTION('ref_axis',(-1.,0.,0.));
#12667=DIRECTION('',(0.,-0.707106781186548,-0.707106781186547));
#12668=DIRECTION('center_axis',(0.,0.707106781186547,-0.707106781186548));
#12669=DIRECTION('ref_axis',(0.,0.707106781186548,0.707106781186547));
#12670=DIRECTION('center_axis',(0.,0.,1.));
#12671=DIRECTION('ref_axis',(-0.538815906080342,-0.842423539174221,0.));
#12672=DIRECTION('center_axis',(0.,0.707106781186566,0.707106781186529));
#12673=DIRECTION('ref_axis',(0.,-0.707106781186529,0.707106781186566));
#12674=DIRECTION('',(0.,0.,-1.));
#12675=DIRECTION('center_axis',(1.,0.,0.));
#12676=DIRECTION('ref_axis',(0.,-0.923879532511294,0.382683432365072));
#12677=DIRECTION('',(-1.,0.,0.));
#12678=DIRECTION('',(-1.,0.,0.));
#12679=DIRECTION('center_axis',(0.,0.,-1.));
#12680=DIRECTION('ref_axis',(0.707106781186557,-0.707106781186538,0.));
#12681=DIRECTION('',(0.,0.,1.));
#12682=DIRECTION('center_axis',(0.,0.,-1.));
#12683=DIRECTION('ref_axis',(0.538815906080344,-0.84242353917422,0.));
#12684=DIRECTION('',(0.,0.,1.));
#12685=DIRECTION('center_axis',(0.,0.707106781186566,0.707106781186529));
#12686=DIRECTION('ref_axis',(-4.36136794078815E-17,-0.707106781186529,0.707106781186566));
#12687=DIRECTION('center_axis',(0.,-0.707106781186547,0.707106781186548));
#12688=DIRECTION('ref_axis',(1.,0.,0.));
#12689=DIRECTION('center_axis',(0.,0.707106781186547,-0.707106781186548));
#12690=DIRECTION('ref_axis',(0.,-0.707106781186548,-0.707106781186547));
#12691=DIRECTION('center_axis',(0.,0.707106781186566,0.707106781186529));
#12692=DIRECTION('ref_axis',(1.,0.,0.));
#12693=DIRECTION('',(1.,0.,0.));
#12694=DIRECTION('',(0.,0.707106781186529,-0.707106781186566));
#12695=DIRECTION('',(-1.,0.,0.));
#12696=DIRECTION('center_axis',(0.,0.,-1.));
#12697=DIRECTION('ref_axis',(-0.707106781186543,0.707106781186552,0.));
#12698=DIRECTION('center_axis',(0.,0.,-1.));
#12699=DIRECTION('ref_axis',(-0.707106781186543,0.707106781186552,0.));
#12700=DIRECTION('',(0.,0.707106781186579,-0.707106781186516));
#12701=DIRECTION('center_axis',(0.,0.,1.));
#12702=DIRECTION('ref_axis',(-0.707106781186543,0.707106781186553,0.));
#12703=DIRECTION('center_axis',(0.,0.707106781186566,0.707106781186529));
#12704=DIRECTION('ref_axis',(1.,0.,0.));
#12705=DIRECTION('',(-1.,0.,0.));
#12706=DIRECTION('',(1.,0.,0.));
#12707=DIRECTION('center_axis',(0.,0.,-1.));
#12708=DIRECTION('ref_axis',(1.,0.,0.));
#12709=DIRECTION('center_axis',(0.,0.,-1.));
#12710=DIRECTION('ref_axis',(1.,0.,0.));
#12711=DIRECTION('center_axis',(0.,0.,-1.));
#12712=DIRECTION('ref_axis',(0.707106781186548,0.707106781186548,0.));
#12713=DIRECTION('center_axis',(0.,0.,1.));
#12714=DIRECTION('ref_axis',(0.707106781186548,0.707106781186548,0.));
#12715=DIRECTION('center_axis',(0.,0.,-1.));
#12716=DIRECTION('ref_axis',(0.707106781186548,0.707106781186548,0.));
#12717=DIRECTION('center_axis',(0.,0.,1.));
#12718=DIRECTION('ref_axis',(1.,0.,0.));
#12719=DIRECTION('',(1.79291138788169E-17,-1.,0.));
#12720=DIRECTION('',(1.,-1.07449229982245E-16,0.));
#12721=DIRECTION('',(0.,1.,0.));
#12722=DIRECTION('',(-1.,0.,0.));
#12723=DIRECTION('',(0.,1.,0.));
#12724=DIRECTION('',(1.,-5.44766192786111E-17,0.));
#12725=DIRECTION('',(-3.93763238962645E-17,-1.,0.));
#12726=DIRECTION('center_axis',(0.,0.,-1.));
#12727=DIRECTION('ref_axis',(1.,0.,0.));
#12728=DIRECTION('center_axis',(-0.707106781186516,0.,0.707106781186579));
#12729=DIRECTION('ref_axis',(0.707106781186579,0.,0.707106781186516));
#12730=DIRECTION('',(0.,-1.,0.));
#12731=DIRECTION('',(-0.707106781186579,7.59780791537216E-17,-0.707106781186516));
#12732=DIRECTION('',(0.,1.,0.));
#12733=DIRECTION('center_axis',(0.,0.,-1.));
#12734=DIRECTION('ref_axis',(0.707106781186548,0.707106781186548,0.));
#12735=DIRECTION('center_axis',(0.,0.,-1.));
#12736=DIRECTION('ref_axis',(0.707106781186548,0.707106781186548,0.));
#12737=DIRECTION('',(0.707106781186554,0.,-0.707106781186541));
#12738=DIRECTION('center_axis',(0.,0.,1.));
#12739=DIRECTION('ref_axis',(0.707106781186548,0.707106781186548,0.));
#12740=DIRECTION('center_axis',(0.707106781186541,0.,0.707106781186554));
#12741=DIRECTION('ref_axis',(0.707106781186554,0.,-0.707106781186541));
#12742=DIRECTION('',(0.,-1.,0.));
#12743=DIRECTION('',(0.707106781186554,0.,-0.707106781186541));
#12744=DIRECTION('',(0.,1.,0.));
#12745=DIRECTION('center_axis',(0.,0.,-1.));
#12746=DIRECTION('ref_axis',(0.707106781186557,-0.707106781186538,0.));
#12747=DIRECTION('',(0.,-0.707106781186543,-0.707106781186552));
#12748=DIRECTION('center_axis',(0.,0.,1.));
#12749=DIRECTION('ref_axis',(0.707106781186557,-0.707106781186538,0.));
#12750=DIRECTION('center_axis',(0.,0.,-1.));
#12751=DIRECTION('ref_axis',(0.707106781186557,-0.707106781186538,0.));
#12752=DIRECTION('center_axis',(7.262621402659E-17,-0.707106781186538,0.707106781186557));
#12753=DIRECTION('ref_axis',(1.,0.,-1.02708976860213E-16));
#12754=DIRECTION('',(-1.,-1.02708976860216E-16,0.));
#12755=DIRECTION('',(-2.47289562242692E-14,-0.707106781186557,-0.707106781186538));
#12756=DIRECTION('',(1.,1.02708976860216E-16,0.));
#12757=DIRECTION('center_axis',(0.,0.,-1.));
#12758=DIRECTION('ref_axis',(-0.707106781186549,-0.707106781186546,0.));
#12759=DIRECTION('',(-0.707106781186555,0.,-0.70710678118654));
#12760=DIRECTION('center_axis',(0.,0.,1.));
#12761=DIRECTION('ref_axis',(-0.707106781186549,-0.707106781186546,0.));
#12762=DIRECTION('center_axis',(0.,0.,-1.));
#12763=DIRECTION('ref_axis',(-0.707106781186549,-0.707106781186546,0.));
#12764=DIRECTION('center_axis',(-0.707106781186545,1.46722921079817E-17,
0.70710678118655));
#12765=DIRECTION('ref_axis',(0.70710678118655,0.,0.707106781186545));
#12766=DIRECTION('',(2.07497544902075E-17,1.,0.));
#12767=DIRECTION('',(-0.70710678118655,0.,-0.707106781186545));
#12768=DIRECTION('',(-2.07497544902075E-17,-1.,0.));
#12769=DIRECTION('center_axis',(0.,0.,-1.));
#12770=DIRECTION('ref_axis',(-0.707106781186542,0.707106781186552,0.));
#12771=DIRECTION('center_axis',(0.,0.,1.));
#12772=DIRECTION('ref_axis',(-0.707106781186543,0.707106781186553,0.));
#12773=DIRECTION('center_axis',(0.,0.,-1.));
#12774=DIRECTION('ref_axis',(-0.707106781186543,0.707106781186552,0.));
#12775=DIRECTION('center_axis',(0.70710678118655,1.26777980043773E-17,0.707106781186545));
#12776=DIRECTION('ref_axis',(0.707106781186545,0.,-0.70710678118655));
#12777=DIRECTION('',(1.79291138788169E-17,-1.,0.));
#12778=DIRECTION('',(-0.707106781186545,7.59780791537179E-17,0.70710678118655));
#12779=DIRECTION('',(-1.79291138788169E-17,1.,0.));
#12780=DIRECTION('center_axis',(-1.,0.,0.));
#12781=DIRECTION('ref_axis',(0.,-1.,0.));
#12782=DIRECTION('',(0.,0.,1.));
#12783=DIRECTION('',(0.,0.,1.));
#12784=DIRECTION('center_axis',(0.,0.,1.));
#12785=DIRECTION('ref_axis',(0.707106781186548,0.707106781186548,0.));
#12786=DIRECTION('',(0.,0.,-1.));
#12787=DIRECTION('center_axis',(-0.707106781186547,0.,0.707106781186548));
#12788=DIRECTION('ref_axis',(0.707106781186548,4.9065389333868E-17,0.707106781186547));
#12789=DIRECTION('center_axis',(0.325057583671851,0.325057583671873,0.88807383397712));
#12790=DIRECTION('ref_axis',(0.627963030199536,0.627963030199579,-0.459700843380974));
#12791=DIRECTION('center_axis',(0.,-0.707106781186547,0.707106781186548));
#12792=DIRECTION('ref_axis',(4.9065389333868E-17,0.707106781186548,0.707106781186547));
#12793=DIRECTION('',(0.,0.,1.));
#12794=DIRECTION('center_axis',(1.,0.,0.));
#12795=DIRECTION('ref_axis',(0.,-1.,0.));
#12796=DIRECTION('',(0.,0.,1.));
#12797=DIRECTION('',(0.,-1.,0.));
#12798=DIRECTION('center_axis',(0.,0.,1.));
#12799=DIRECTION('ref_axis',(0.707106781186557,-0.707106781186538,0.));
#12800=DIRECTION('',(0.,0.,-1.));
#12801=DIRECTION('center_axis',(0.,0.707106781186546,0.707106781186549));
#12802=DIRECTION('ref_axis',(0.,-0.707106781186549,0.707106781186546));
#12803=DIRECTION('center_axis',(0.325057583671885,-0.325057583671851,0.888073833977116));
#12804=DIRECTION('ref_axis',(0.627963030199588,-0.627963030199522,-0.459700843380982));
#12805=DIRECTION('center_axis',(-0.707106781186547,0.,0.707106781186548));
#12806=DIRECTION('ref_axis',(0.707106781186548,0.,0.707106781186547));
#12807=DIRECTION('center_axis',(1.02708976860216E-16,-1.,0.));
#12808=DIRECTION('ref_axis',(-1.,-1.02708976860216E-16,0.));
#12809=DIRECTION('',(0.,0.,1.));
#12810=DIRECTION('',(-1.,-1.02708976860216E-16,0.));
#12811=DIRECTION('center_axis',(0.,0.,-1.));
#12812=DIRECTION('ref_axis',(-0.707106781186549,-0.707106781186546,0.));
#12813=DIRECTION('',(0.,0.,-1.));
#12814=DIRECTION('center_axis',(0.707106781186549,1.27464124102461E-17,
0.707106781186546));
#12815=DIRECTION('ref_axis',(-0.707106781186546,4.90653893338679E-17,0.707106781186549));
#12816=DIRECTION('center_axis',(-0.325057583671873,-0.32505758367186,0.888073833977116));
#12817=DIRECTION('ref_axis',(0.627963030199567,0.627963030199543,0.459700843380981));
#12818=DIRECTION('center_axis',(0.,0.707106781186546,0.707106781186549));
#12819=DIRECTION('ref_axis',(0.,-0.707106781186549,0.707106781186546));
#12820=DIRECTION('center_axis',(-1.,2.07497544902075E-17,0.));
#12821=DIRECTION('ref_axis',(2.07497544902075E-17,1.,0.));
#12822=DIRECTION('',(0.,0.,1.));
#12823=DIRECTION('',(2.07497544902075E-17,1.,0.));
#12824=DIRECTION('center_axis',(0.,0.,1.));
#12825=DIRECTION('ref_axis',(-0.707106781186543,0.707106781186553,0.));
#12826=DIRECTION('',(0.,0.,-1.));
#12827=DIRECTION('center_axis',(0.,-0.707106781186547,0.707106781186548));
#12828=DIRECTION('ref_axis',(-4.9065389333868E-17,0.707106781186548,0.707106781186547));
#12829=DIRECTION('center_axis',(-0.325057583671845,0.32505758367187,0.888073833977123));
#12830=DIRECTION('ref_axis',(-0.627963030199536,0.627963030199583,-0.459700843380968));
#12831=DIRECTION('center_axis',(0.707106781186549,1.27464124102461E-17,
0.707106781186546));
#12832=DIRECTION('ref_axis',(-0.707106781186546,-4.90653893338679E-17,0.707106781186549));
#12833=DIRECTION('',(0.,0.,-1.));
#12834=DIRECTION('center_axis',(1.,1.79291138788169E-17,0.));
#12835=DIRECTION('ref_axis',(-1.79291138788169E-17,1.,0.));
#12836=DIRECTION('',(0.,0.,1.));
#12837=DIRECTION('center_axis',(0.,-1.,0.));
#12838=DIRECTION('ref_axis',(1.,0.,0.));
#12839=DIRECTION('',(-1.,0.,0.));
#12840=DIRECTION('',(0.,0.,1.));
#12841=DIRECTION('',(1.,0.,0.));
#12842=DIRECTION('',(0.,0.,1.));
#12843=DIRECTION('center_axis',(0.,-0.707106781186566,0.707106781186529));
#12844=DIRECTION('ref_axis',(1.,0.,0.));
#12845=DIRECTION('',(-0.577350269189643,-0.577350269189602,-0.577350269189633));
#12846=DIRECTION('',(0.577350269189641,-0.577350269189603,-0.577350269189633));
#12847=DIRECTION('center_axis',(0.,1.,0.));
#12848=DIRECTION('ref_axis',(1.,0.,0.));
#12849=DIRECTION('',(1.,0.,0.));
#12850=DIRECTION('center_axis',(0.,0.707106781186547,-0.707106781186548));
#12851=DIRECTION('ref_axis',(-1.,0.,0.));
#12852=DIRECTION('',(1.,0.,0.));
#12853=DIRECTION('',(-0.577350269189626,-0.577350269189626,-0.577350269189625));
#12854=DIRECTION('center_axis',(0.,0.707106781186547,-0.707106781186548));
#12855=DIRECTION('ref_axis',(-4.9065389333868E-17,0.707106781186548,0.707106781186547));
#12856=DIRECTION('',(-1.,0.,0.));
#12857=DIRECTION('center_axis',(0.,0.707106781186547,-0.707106781186548));
#12858=DIRECTION('ref_axis',(-1.,0.,0.));
#12859=DIRECTION('',(-1.,0.,0.));
#12860=DIRECTION('center_axis',(0.,0.707106781186547,-0.707106781186548));
#12861=DIRECTION('ref_axis',(-4.9065389333868E-17,0.707106781186548,0.707106781186547));
#12862=DIRECTION('',(0.577350269189624,-0.577350269189627,-0.577350269189626));
#12863=DIRECTION('center_axis',(0.,1.,0.));
#12864=DIRECTION('ref_axis',(1.,0.,0.));
#12865=DIRECTION('',(0.,0.,1.));
#12866=DIRECTION('',(1.,0.,0.));
#12867=DIRECTION('center_axis',(0.,1.,0.));
#12868=DIRECTION('ref_axis',(1.,0.,0.));
#12869=DIRECTION('',(1.,0.,0.));
#12870=DIRECTION('',(0.,0.,-1.));
#12871=DIRECTION('center_axis',(0.,1.,0.));
#12872=DIRECTION('ref_axis',(1.,0.,0.));
#12873=DIRECTION('',(-1.,0.,0.));
#12874=DIRECTION('',(0.,0.,1.));
#12875=DIRECTION('',(-1.,0.,0.));
#12876=DIRECTION('',(0.,0.,-1.));
#12877=DIRECTION('',(-1.,0.,0.));
#12878=DIRECTION('center_axis',(0.,0.707106781186551,-0.707106781186544));
#12879=DIRECTION('ref_axis',(-1.,0.,0.));
#12880=DIRECTION('center_axis',(0.,-0.707106781186551,0.707106781186544));
#12881=DIRECTION('ref_axis',(-1.47196168001603E-16,0.707106781186544,0.707106781186551));
#12882=DIRECTION('',(-0.577350269189624,-0.577350269189624,-0.577350269189629));
#12883=DIRECTION('center_axis',(0.,0.707106781186551,-0.707106781186544));
#12884=DIRECTION('ref_axis',(4.90653893338678E-17,0.707106781186544,0.707106781186551));
#12885=DIRECTION('center_axis',(0.,0.707106781186551,-0.707106781186544));
#12886=DIRECTION('ref_axis',(-1.,0.,0.));
#12887=DIRECTION('center_axis',(0.,0.707106781186551,-0.707106781186544));
#12888=DIRECTION('ref_axis',(-1.47196168001603E-16,0.707106781186544,0.707106781186551));
#12889=DIRECTION('',(0.57735026918963,-0.577350269189621,-0.577350269189626));
#12890=DIRECTION('center_axis',(0.,-0.707106781186551,0.707106781186544));
#12891=DIRECTION('ref_axis',(-1.47196168001603E-16,0.707106781186544,0.707106781186551));
#12892=DIRECTION('center_axis',(0.,0.,-1.));
#12893=DIRECTION('ref_axis',(1.,0.,0.));
#12894=DIRECTION('',(0.,0.,-1.));
#12895=DIRECTION('center_axis',(0.500000000000194,-0.707106781186286,0.500000000000176));
#12896=DIRECTION('ref_axis',(0.707106781186534,0.,-0.707106781186561));
#12897=DIRECTION('',(0.,0.577350269189903,0.81649658092753));
#12898=DIRECTION('',(0.707106781186534,0.,-0.707106781186561));
#12899=DIRECTION('',(0.49999999999986,0.707106781186818,0.499999999999757));
#12900=DIRECTION('',(-0.707106781186534,0.,0.707106781186561));
#12901=DIRECTION('center_axis',(0.,0.707106781186493,-0.707106781186603));
#12902=DIRECTION('ref_axis',(-1.,0.,0.));
#12903=DIRECTION('',(1.,0.,0.));
#12904=DIRECTION('',(0.,-0.707106781186602,-0.707106781186493));
#12905=DIRECTION('',(-1.,0.,0.));
#12906=DIRECTION('',(0.577350269189656,0.577350269189656,0.577350269189566));
#12907=DIRECTION('center_axis',(0.707106781186493,0.,-0.707106781186603));
#12908=DIRECTION('ref_axis',(-0.707106781186602,0.,-0.707106781186493));
#12909=DIRECTION('',(0.,1.,0.));
#12910=DIRECTION('',(0.577350269189724,-0.577350269189519,0.577350269189634));
#12911=DIRECTION('',(0.,-1.,0.));
#12912=DIRECTION('center_axis',(0.,-0.707106781186618,-0.707106781186477));
#12913=DIRECTION('ref_axis',(-1.,0.,0.));
#12914=DIRECTION('',(1.,0.,0.));
#12915=DIRECTION('',(0.,-0.707106781186477,0.707106781186618));
#12916=DIRECTION('',(-1.,0.,0.));
#12917=DIRECTION('center_axis',(0.,1.,0.));
#12918=DIRECTION('ref_axis',(0.707106781186495,0.,0.7071067811866));
#12919=DIRECTION('center_axis',(0.,-1.,0.));
#12920=DIRECTION('ref_axis',(0.707106781186495,0.,0.7071067811866));
#12921=DIRECTION('center_axis',(0.500000000000016,0.707106781186538,0.499999999999998));
#12922=DIRECTION('ref_axis',(0.707106781186534,0.,-0.707106781186561));
#12923=DIRECTION('',(0.,0.57735026918963,-0.816496580927723));
#12924=DIRECTION('',(0.707106781186534,0.,-0.707106781186561));
#12925=DIRECTION('',(-0.500000000000037,0.707106781186567,-0.499999999999935));
#12926=DIRECTION('',(-0.707106781186534,0.,0.707106781186561));
#12927=DIRECTION('center_axis',(0.,-1.,0.));
#12928=DIRECTION('ref_axis',(0.707106781186495,0.,0.7071067811866));
#12929=DIRECTION('center_axis',(0.,1.,0.));
#12930=DIRECTION('ref_axis',(0.707106781186495,0.,0.7071067811866));
#12931=DIRECTION('center_axis',(0.,1.,0.));
#12932=DIRECTION('ref_axis',(0.707106781186495,0.,0.7071067811866));
#12933=DIRECTION('',(0.,-1.,0.));
#12934=DIRECTION('',(0.,-1.,0.));
#12935=DIRECTION('center_axis',(0.,0.,-1.));
#12936=DIRECTION('ref_axis',(-1.,0.,0.));
#12937=DIRECTION('',(0.,-1.,0.));
#12938=DIRECTION('center_axis',(0.,0.,1.));
#12939=DIRECTION('ref_axis',(0.707106781186551,-0.707106781186544,0.));
#12940=DIRECTION('',(1.,-1.07648625444982E-16,0.));
#12941=DIRECTION('center_axis',(0.,0.,1.));
#12942=DIRECTION('ref_axis',(-0.707106781186549,-0.707106781186546,0.));
#12943=DIRECTION('',(0.,-1.,0.));
#12944=DIRECTION('',(-1.,0.,0.));
#12945=DIRECTION('',(0.,-1.,0.));
#12946=DIRECTION('',(1.,0.,0.));
#12947=DIRECTION('',(0.,-1.,0.));
#12948=DIRECTION('center_axis',(0.,0.,1.));
#12949=DIRECTION('ref_axis',(-0.707106781186543,0.707106781186553,0.));
#12950=DIRECTION('',(-1.,0.,0.));
#12951=DIRECTION('center_axis',(0.,0.,1.));
#12952=DIRECTION('ref_axis',(0.707106781186548,0.707106781186548,0.));
#12953=DIRECTION('center_axis',(0.,1.,0.));
#12954=DIRECTION('ref_axis',(0.707106781186495,0.,0.7071067811866));
#12955=DIRECTION('',(0.,-1.,0.));
#12956=DIRECTION('center_axis',(-0.707106781186561,0.,-0.707106781186534));
#12957=DIRECTION('ref_axis',(-0.707106781186534,0.,0.707106781186561));
#12958=DIRECTION('',(0.,1.,0.));
#12959=DIRECTION('',(-0.577350269189612,0.577350269189631,0.577350269189634));
#12960=DIRECTION('center_axis',(-0.707106781186561,0.,-0.707106781186534));
#12961=DIRECTION('ref_axis',(0.707106781186534,4.90653893338671E-17,-0.707106781186561));
#12962=DIRECTION('center_axis',(-0.499999999999951,0.707106781186618,0.499999999999949));
#12963=DIRECTION('ref_axis',(0.707106781186546,0.,0.707106781186549));
#12964=DIRECTION('',(0.,-0.577350269189548,0.816496580927781));
#12965=DIRECTION('',(-0.707106781186546,0.,-0.707106781186549));
#12966=DIRECTION('',(-0.500000000000072,-0.707106781186447,0.50000000000007));
#12967=DIRECTION('',(0.707106781186546,0.,0.707106781186549));
#12968=DIRECTION('center_axis',(0.,-0.707106781186618,-0.707106781186477));
#12969=DIRECTION('ref_axis',(-1.,0.,0.));
#12970=DIRECTION('',(-1.,0.,0.));
#12971=DIRECTION('',(0.,0.707106781186477,-0.707106781186618));
#12972=DIRECTION('',(-0.577350269189656,-0.577350269189553,0.577350269189668));
#12973=DIRECTION('center_axis',(-0.707106781186555,0.,-0.70710678118654));
#12974=DIRECTION('ref_axis',(-0.70710678118654,0.,0.707106781186555));
#12975=DIRECTION('',(-0.577350269189587,0.57735026918969,0.5773502691896));
#12976=DIRECTION('',(0.,1.,0.));
#12977=DIRECTION('center_axis',(0.,0.707106781186493,-0.707106781186603));
#12978=DIRECTION('ref_axis',(-1.,0.,0.));
#12979=DIRECTION('',(0.,0.707106781186602,0.707106781186493));
#12980=DIRECTION('',(1.,0.,0.));
#12981=DIRECTION('center_axis',(0.,-1.,0.));
#12982=DIRECTION('ref_axis',(0.,0.,-1.));
#12983=DIRECTION('center_axis',(0.,1.,0.));
#12984=DIRECTION('ref_axis',(0.,0.,-1.));
#12985=DIRECTION('center_axis',(-0.500000000000129,-0.707106781186367,0.500000000000127));
#12986=DIRECTION('ref_axis',(0.707106781186546,0.,0.707106781186549));
#12987=DIRECTION('',(0.,-0.577350269189821,-0.816496580927588));
#12988=DIRECTION('',(-0.707106781186546,0.,-0.707106781186549));
#12989=DIRECTION('',(0.499999999999894,-0.707106781186698,-0.499999999999892));
#12990=DIRECTION('',(0.707106781186546,0.,0.707106781186549));
#12991=DIRECTION('center_axis',(0.,1.,0.));
#12992=DIRECTION('ref_axis',(0.,0.,-1.));
#12993=DIRECTION('center_axis',(0.,-1.,0.));
#12994=DIRECTION('ref_axis',(0.,0.,-1.));
#12995=DIRECTION('center_axis',(0.,1.,0.));
#12996=DIRECTION('ref_axis',(0.,0.,-1.));
#12997=DIRECTION('',(0.,1.,0.));
#12998=DIRECTION('center_axis',(0.,1.,0.));
#12999=DIRECTION('ref_axis',(0.,0.,-1.));
#13000=DIRECTION('',(0.,1.,0.));
#13001=DIRECTION('center_axis',(0.707106781186549,0.,-0.707106781186546));
#13002=DIRECTION('ref_axis',(-0.707106781186546,0.,-0.707106781186549));
#13003=DIRECTION('',(0.,-1.,0.));
#13004=DIRECTION('',(0.577350269189626,-0.577350269189623,0.577350269189628));
#13005=DIRECTION('center_axis',(0.707106781186549,0.,-0.707106781186546));
#13006=DIRECTION('ref_axis',(-0.707106781186546,-4.90653893338679E-17,-0.707106781186549));
#13007=DIRECTION('center_axis',(0.,1.,0.));
#13008=DIRECTION('ref_axis',(1.,0.,0.));
#13009=DIRECTION('',(0.,0.,1.));
#13010=DIRECTION('center_axis',(0.,1.,0.));
#13011=DIRECTION('ref_axis',(1.,0.,0.));
#13012=DIRECTION('',(0.,0.,1.));
#13013=DIRECTION('center_axis',(0.,1.,0.));
#13014=DIRECTION('ref_axis',(1.,0.,0.));
#13015=DIRECTION('',(0.,0.,-1.));
#13016=DIRECTION('center_axis',(0.,1.,0.));
#13017=DIRECTION('ref_axis',(1.,0.,0.));
#13018=DIRECTION('',(0.,0.,-1.));
#13019=DIRECTION('center_axis',(-0.707106781186561,0.,-0.707106781186534));
#13020=DIRECTION('ref_axis',(-0.707106781186534,0.,0.707106781186561));
#13021=DIRECTION('center_axis',(-0.707106781186561,0.,-0.707106781186534));
#13022=DIRECTION('ref_axis',(0.707106781186534,4.90653893338671E-17,-0.707106781186561));
#13023=DIRECTION('',(0.577350269189613,0.577350269189629,-0.577350269189635));
#13024=DIRECTION('',(0.,1.,0.));
#13025=DIRECTION('center_axis',(0.707106781186549,0.,-0.707106781186546));
#13026=DIRECTION('ref_axis',(-0.707106781186546,0.,-0.707106781186549));
#13027=DIRECTION('center_axis',(0.707106781186549,0.,-0.707106781186546));
#13028=DIRECTION('ref_axis',(-0.707106781186546,0.,-0.707106781186549));
#13029=DIRECTION('',(-0.577350269189625,-0.577350269189625,-0.577350269189628));
#13030=DIRECTION('',(0.,-1.,0.));
#13031=DIRECTION('center_axis',(1.,0.,0.));
#13032=DIRECTION('ref_axis',(0.,0.,-1.));
#13033=DIRECTION('',(0.,-0.707106781186546,-0.707106781186549));
#13034=DIRECTION('',(0.,-1.,-1.79532746629409E-17));
#13035=DIRECTION('',(0.,-0.707106781186544,0.707106781186551));
#13036=DIRECTION('center_axis',(-1.,0.,0.));
#13037=DIRECTION('ref_axis',(0.,0.,1.));
#13038=DIRECTION('',(0.,0.707106781186544,-0.707106781186551));
#13039=DIRECTION('',(0.,1.,0.));
#13040=DIRECTION('',(0.,0.707106781186546,0.707106781186549));
#13041=DIRECTION('center_axis',(0.,0.,-1.));
#13042=DIRECTION('ref_axis',(-0.707106781186549,-0.707106781186546,0.));
#13043=DIRECTION('center_axis',(7.61190730375899E-17,0.707106781186852,
0.707106781186243));
#13044=DIRECTION('ref_axis',(-1.96261557335387E-16,-0.707106781186243,0.707106781186852));
#13045=DIRECTION('',(0.,0.,1.));
#13046=DIRECTION('center_axis',(7.61190730375574E-17,0.707106781186549,
-0.707106781186546));
#13047=DIRECTION('ref_axis',(-9.81307786677357E-17,-0.707106781186546,-0.707106781186549));
#13048=DIRECTION('center_axis',(0.,0.,-1.));
#13049=DIRECTION('ref_axis',(0.707106781186551,-0.707106781186544,0.));
#13050=DIRECTION('center_axis',(7.61190730375574E-17,0.707106781186549,
-0.707106781186546));
#13051=DIRECTION('ref_axis',(-4.90653893338678E-17,-0.707106781186546,-0.707106781186549));
#13052=DIRECTION('',(0.,0.,-1.));
#13053=DIRECTION('center_axis',(7.61190730375899E-17,0.707106781186852,
0.707106781186243));
#13054=DIRECTION('ref_axis',(-1.96261557335387E-16,-0.707106781186243,0.707106781186852));
#13055=DIRECTION('center_axis',(-7.61190730375574E-17,-0.707106781186549,
0.707106781186546));
#13056=DIRECTION('ref_axis',(1.,0.,1.07648625444982E-16));
#13057=DIRECTION('',(1.,-1.07648625444982E-16,0.));
#13058=DIRECTION('',(-0.577350269189622,0.577350269189628,0.577350269189628));
#13059=DIRECTION('',(-1.,1.07648625444982E-16,0.));
#13060=DIRECTION('',(-0.577350269189628,-0.577350269189623,-0.577350269189627));
#13061=DIRECTION('center_axis',(-0.707106781186547,-1.26948822586701E-17,
0.707106781186548));
#13062=DIRECTION('ref_axis',(0.707106781186548,0.,0.707106781186547));
#13063=DIRECTION('',(-1.79532746629409E-17,1.,0.));
#13064=DIRECTION('',(0.577350269189628,-0.577350269189622,0.577350269189627));
#13065=DIRECTION('center_axis',(-1.07648625444982E-16,-1.,0.));
#13066=DIRECTION('ref_axis',(-1.,1.07648625444982E-16,0.));
#13067=DIRECTION('',(-1.,1.07648625444982E-16,0.));
#13068=DIRECTION('center_axis',(0.577350269189624,0.577350269189628,-0.577350269189626));
#13069=DIRECTION('ref_axis',(-0.408248290463862,-0.408248290463862,-0.816496580927727));
#13070=DIRECTION('',(0.577350269189624,0.577350269189628,-0.577350269189626));
#13071=DIRECTION('center_axis',(-0.325057583671859,-0.325057583671865,0.88807383397712));
#13072=DIRECTION('ref_axis',(-0.627963030199558,-0.627963030199557,-0.459700843380974));
#13073=DIRECTION('',(-0.577350269189624,-0.577350269189628,0.577350269189626));
#13074=DIRECTION('center_axis',(0.,0.,1.));
#13075=DIRECTION('ref_axis',(-0.707106781186545,-0.70710678118655,0.));
#13076=DIRECTION('',(0.,0.,1.));
#13077=DIRECTION('center_axis',(0.,-0.707106781186546,-0.707106781186549));
#13078=DIRECTION('ref_axis',(-4.90653893338681E-17,-0.707106781186549,0.707106781186546));
#13079=DIRECTION('center_axis',(-0.707106781186549,-1.27464124102461E-17,
-0.707106781186546));
#13080=DIRECTION('ref_axis',(-0.707106781186546,9.81307786677358E-17,0.707106781186549));
#13081=DIRECTION('',(0.,0.,-1.));
#13082=DIRECTION('center_axis',(0.707106781186545,-2.78432656452464E-17,
0.70710678118655));
#13083=DIRECTION('ref_axis',(-0.70710678118655,4.90653893338682E-17,0.707106781186545));
#13084=DIRECTION('center_axis',(-0.325057583671874,-0.32505758367186,0.888073833977116));
#13085=DIRECTION('ref_axis',(-0.627963030199568,-0.627963030199542,-0.459700843380982));
#13086=DIRECTION('center_axis',(0.,0.707106781186546,0.707106781186549));
#13087=DIRECTION('ref_axis',(4.90653893338681E-17,-0.707106781186549,0.707106781186546));
#13088=DIRECTION('center_axis',(0.577350269189628,0.577350269189626,-0.577350269189623));
#13089=DIRECTION('ref_axis',(-0.40824829046386,-0.40824829046386,-0.816496580927729));
#13090=DIRECTION('',(0.577350269189628,0.577350269189626,-0.577350269189623));
#13091=DIRECTION('center_axis',(-0.325057583671883,-0.325057583671869,0.88807383397711));
#13092=DIRECTION('ref_axis',(-0.627963030199538,-0.627963030199563,-0.459700843380994));
#13093=DIRECTION('',(-0.577350269189628,-0.577350269189626,0.577350269189623));
#13094=DIRECTION('center_axis',(0.,0.,1.));
#13095=DIRECTION('ref_axis',(-0.707106781186549,-0.707106781186546,0.));
#13096=DIRECTION('center_axis',(0.,0.,-1.));
#13097=DIRECTION('ref_axis',(-0.707106781186549,-0.707106781186546,0.));
#13098=DIRECTION('',(0.,0.,1.));
#13099=DIRECTION('center_axis',(0.,-0.707106781186546,-0.707106781186549));
#13100=DIRECTION('ref_axis',(9.81307786677362E-17,-0.707106781186549,0.707106781186546));
#13101=DIRECTION('center_axis',(-0.707106781186545,2.78432656452464E-17,
-0.70710678118655));
#13102=DIRECTION('ref_axis',(-0.70710678118655,-4.90653893338681E-17,0.707106781186545));
#13103=DIRECTION('',(0.,0.,-1.));
#13104=DIRECTION('center_axis',(0.,0.,1.));
#13105=DIRECTION('ref_axis',(1.,0.,0.));
#13106=DIRECTION('',(-1.,1.07449229982245E-16,0.));
#13107=DIRECTION('center_axis',(0.,-0.707106781186546,-0.707106781186549));
#13108=DIRECTION('ref_axis',(-1.,0.,0.));
#13109=DIRECTION('',(1.,0.,0.));
#13110=DIRECTION('center_axis',(0.,-0.707106781186546,-0.707106781186549));
#13111=DIRECTION('ref_axis',(9.81307786677362E-17,-0.707106781186549,0.707106781186546));
#13112=DIRECTION('',(-0.577350269189626,0.577350269189627,-0.577350269189625));
#13113=DIRECTION('center_axis',(0.,-1.,0.));
#13114=DIRECTION('ref_axis',(-1.,0.,0.));
#13115=DIRECTION('',(-1.,0.,0.));
#13116=DIRECTION('',(0.,0.,-1.));
#13117=DIRECTION('center_axis',(0.,-0.707106781186546,-0.707106781186549));
#13118=DIRECTION('ref_axis',(-1.,0.,0.));
#13119=DIRECTION('',(1.,0.,0.));
#13120=DIRECTION('center_axis',(0.,-0.707106781186546,-0.707106781186549));
#13121=DIRECTION('ref_axis',(4.90653893338681E-17,-0.707106781186549,0.707106781186546));
#13122=DIRECTION('',(-0.577350269189621,0.57735026918963,-0.577350269189627));
#13123=DIRECTION('center_axis',(0.,0.707106781186546,0.707106781186549));
#13124=DIRECTION('ref_axis',(9.81307786677362E-17,-0.707106781186549,0.707106781186546));
#13125=DIRECTION('center_axis',(0.,-1.,0.));
#13126=DIRECTION('ref_axis',(-1.,0.,0.));
#13127=DIRECTION('',(1.,0.,0.));
#13128=DIRECTION('',(0.,0.,-1.));
#13129=DIRECTION('center_axis',(0.,0.,1.));
#13130=DIRECTION('ref_axis',(0.707106781186543,-0.707106781186553,0.));
#13131=DIRECTION('',(0.,0.,1.));
#13132=DIRECTION('center_axis',(0.707106781186547,0.,-0.707106781186548));
#13133=DIRECTION('ref_axis',(0.707106781186548,9.8130778667736E-17,0.707106781186547));
#13134=DIRECTION('center_axis',(-0.325057583671864,0.325057583671865,-0.888073833977118));
#13135=DIRECTION('ref_axis',(0.627963030199555,-0.627963030199557,-0.459700843380978));
#13136=DIRECTION('center_axis',(0.325057583671852,-0.325057583671868,0.888073833977121));
#13137=DIRECTION('ref_axis',(0.627963030199543,-0.627963030199574,-0.459700843380972));
#13138=DIRECTION('center_axis',(-0.707106781186551,0.,0.707106781186544));
#13139=DIRECTION('ref_axis',(0.707106781186544,9.81307786677355E-17,0.707106781186551));
#13140=DIRECTION('center_axis',(0.,0.,1.));
#13141=DIRECTION('ref_axis',(0.707106781186558,-0.707106781186538,0.));
#13142=DIRECTION('center_axis',(0.,0.,-1.));
#13143=DIRECTION('ref_axis',(0.707106781186558,-0.707106781186538,0.));
#13144=DIRECTION('',(0.,0.,1.));
#13145=DIRECTION('center_axis',(0.707106781186551,0.,-0.707106781186544));
#13146=DIRECTION('ref_axis',(0.707106781186544,0.,0.707106781186551));
#13147=DIRECTION('center_axis',(-0.32505758367187,0.325057583671857,-0.888073833977118));
#13148=DIRECTION('ref_axis',(0.627963030199569,-0.627963030199544,-0.459700843380977));
#13149=DIRECTION('center_axis',(0.577350269189621,-0.57735026918963,0.577350269189627));
#13150=DIRECTION('ref_axis',(0.408248290463863,-0.408248290463863,-0.816496580927726));
#13151=DIRECTION('',(-0.577350269189621,0.57735026918963,-0.577350269189627));
#13152=DIRECTION('center_axis',(0.577350269189626,-0.577350269189627,0.577350269189625));
#13153=DIRECTION('ref_axis',(0.408248290463864,-0.408248290463864,-0.816496580927725));
#13154=DIRECTION('',(-0.577350269189626,0.577350269189627,-0.577350269189625));
#13155=DIRECTION('center_axis',(0.707106781186547,0.,-0.707106781186548));
#13156=DIRECTION('ref_axis',(-0.707106781186548,0.,-0.707106781186547));
#13157=DIRECTION('',(0.,1.,0.));
#13158=DIRECTION('center_axis',(0.707106781186547,0.,-0.707106781186548));
#13159=DIRECTION('ref_axis',(0.707106781186548,9.8130778667736E-17,0.707106781186547));
#13160=DIRECTION('',(-0.577350269189626,-0.577350269189626,-0.577350269189625));
#13161=DIRECTION('center_axis',(1.,0.,0.));
#13162=DIRECTION('ref_axis',(0.,-1.,0.));
#13163=DIRECTION('',(0.,-1.,0.));
#13164=DIRECTION('',(0.,0.,-1.));
#13165=DIRECTION('center_axis',(0.707106781186551,0.,-0.707106781186544));
#13166=DIRECTION('ref_axis',(-0.707106781186544,0.,-0.707106781186551));
#13167=DIRECTION('',(0.,1.,0.));
#13168=DIRECTION('center_axis',(0.707106781186551,0.,-0.707106781186544));
#13169=DIRECTION('ref_axis',(0.707106781186544,4.90653893338678E-17,0.707106781186551));
#13170=DIRECTION('',(-0.577350269189624,-0.577350269189624,-0.577350269189629));
#13171=DIRECTION('center_axis',(-0.707106781186551,0.,0.707106781186544));
#13172=DIRECTION('ref_axis',(0.707106781186544,9.81307786677355E-17,0.707106781186551));
#13173=DIRECTION('center_axis',(1.,0.,0.));
#13174=DIRECTION('ref_axis',(0.,-1.,0.));
#13175=DIRECTION('',(0.,1.,0.));
#13176=DIRECTION('',(0.,0.,-1.));
#13177=DIRECTION('center_axis',(0.707106781186551,0.,0.707106781186544));
#13178=DIRECTION('ref_axis',(0.707106781186544,0.,-0.707106781186551));
#13179=DIRECTION('',(-0.577350269189624,-0.577350269189624,0.57735026918963));
#13180=DIRECTION('',(0.,-1.,0.));
#13181=DIRECTION('center_axis',(-7.61190730375899E-17,-0.707106781186852,
-0.707106781186243));
#13182=DIRECTION('ref_axis',(-1.,0.,1.07648625445074E-16));
#13183=DIRECTION('center_axis',(0.,0.,-1.));
#13184=DIRECTION('ref_axis',(0.707106781186548,0.707106781186548,0.));
#13185=DIRECTION('center_axis',(0.,-0.70710678118486,0.707106781188235));
#13186=DIRECTION('ref_axis',(4.90653893339851E-17,0.707106781188235,0.70710678118486));
#13187=DIRECTION('',(0.,0.,1.));
#13188=DIRECTION('center_axis',(0.,-0.707106781186551,-0.707106781186544));
#13189=DIRECTION('ref_axis',(4.90653893338677E-17,0.707106781186544,-0.707106781186551));
#13190=DIRECTION('center_axis',(0.,0.707106781186551,0.707106781186544));
#13191=DIRECTION('ref_axis',(1.,0.,0.));
#13192=DIRECTION('',(1.,0.,0.));
#13193=DIRECTION('',(-1.,0.,0.));
#13194=DIRECTION('center_axis',(0.,-0.707106781186551,-0.707106781186544));
#13195=DIRECTION('ref_axis',(-4.90653893338677E-17,0.707106781186544,-0.707106781186551));
#13196=DIRECTION('center_axis',(0.,1.,0.));
#13197=DIRECTION('ref_axis',(1.,0.,0.));
#13198=DIRECTION('',(1.,0.,0.));
#13199=DIRECTION('',(0.,0.,-1.));
#13200=DIRECTION('center_axis',(0.,0.70710678118486,-0.707106781188235));
#13201=DIRECTION('ref_axis',(-1.,0.,0.));
#13202=DIRECTION('center_axis',(0.,-0.70710678118486,0.707106781188235));
#13203=DIRECTION('ref_axis',(-4.90653893339851E-17,0.707106781188235,0.70710678118486));
#13204=DIRECTION('center_axis',(0.,0.,1.));
#13205=DIRECTION('ref_axis',(0.707106781186548,0.707106781186548,0.));
#13206=DIRECTION('center_axis',(0.,0.,-1.));
#13207=DIRECTION('ref_axis',(0.707106781186548,0.707106781186548,0.));
#13208=DIRECTION('center_axis',(-0.325057583671874,-0.325057583671866,-0.888073833977114));
#13209=DIRECTION('ref_axis',(0.627963030199561,0.627963030199545,-0.459700843380986));
#13210=DIRECTION('center_axis',(0.,0.,1.));
#13211=DIRECTION('ref_axis',(0.707106781186535,0.70710678118656,0.));
#13212=DIRECTION('center_axis',(-0.325057583671853,-0.325057583671862,-0.888073833977123));
#13213=DIRECTION('ref_axis',(0.627963030199552,0.627963030199568,-0.459700843380968));
#13214=DIRECTION('center_axis',(0.325057583671828,0.325057583671873,0.888073833977128));
#13215=DIRECTION('ref_axis',(0.627963030199521,0.627963030199606,-0.459700843380958));
#13216=DIRECTION('center_axis',(-0.577350269189626,-0.577350269189626,-0.577350269189625));
#13217=DIRECTION('ref_axis',(0.408248290463859,0.408248290463879,-0.81649658092772));
#13218=DIRECTION('center_axis',(-0.577350269189624,-0.577350269189624,-0.577350269189629));
#13219=DIRECTION('ref_axis',(0.40824829046386,0.408248290463881,-0.816496580927718));
#13220=DIRECTION('center_axis',(0.,0.,-1.));
#13221=DIRECTION('ref_axis',(-0.707106781186543,0.707106781186553,0.));
#13222=DIRECTION('center_axis',(0.,0.,-1.));
#13223=DIRECTION('ref_axis',(-0.707106781186542,0.707106781186553,0.));
#13224=DIRECTION('center_axis',(0.,0.,-1.));
#13225=DIRECTION('ref_axis',(-0.707106781186542,0.707106781186553,0.));
#13226=DIRECTION('',(0.,0.,1.));
#13227=DIRECTION('center_axis',(-0.707106781186545,2.78432656452464E-17,
-0.70710678118655));
#13228=DIRECTION('ref_axis',(-0.70710678118655,4.90653893338682E-17,0.707106781186545));
#13229=DIRECTION('center_axis',(0.325057583671853,-0.325057583671861,-0.888073833977123));
#13230=DIRECTION('ref_axis',(0.627963030199553,-0.627963030199567,0.459700843380967));
#13231=DIRECTION('center_axis',(0.,0.,-1.));
#13232=DIRECTION('ref_axis',(-0.707106781186542,0.707106781186553,0.));
#13233=DIRECTION('center_axis',(-0.325057583671825,0.325057583671861,0.888073833977134));
#13234=DIRECTION('ref_axis',(0.627963030199532,-0.627963030199602,0.459700843380948));
#13235=DIRECTION('center_axis',(0.707106781186545,-2.78432656452464E-17,
0.70710678118655));
#13236=DIRECTION('ref_axis',(-0.70710678118655,4.90653893338682E-17,0.707106781186545));
#13237=DIRECTION('',(0.,0.,1.));
#13238=DIRECTION('center_axis',(-0.707106781186549,-1.27464124102461E-17,
-0.707106781186546));
#13239=DIRECTION('ref_axis',(-0.707106781186546,4.90653893338679E-17,0.707106781186549));
#13240=DIRECTION('center_axis',(0.325057583671857,-0.325057583671868,-0.888073833977119));
#13241=DIRECTION('ref_axis',(0.627963030199547,-0.627963030199568,0.459700843380975));
#13242=DIRECTION('center_axis',(0.577350269189624,-0.577350269189627,-0.577350269189626));
#13243=DIRECTION('ref_axis',(-0.408248290463863,0.408248290463863,-0.816496580927726));
#13244=DIRECTION('',(0.577350269189624,-0.577350269189627,-0.577350269189626));
#13245=DIRECTION('center_axis',(0.57735026918963,-0.577350269189621,-0.577350269189626));
#13246=DIRECTION('ref_axis',(-0.408248290463865,0.408248290463865,-0.816496580927724));
#13247=DIRECTION('',(0.57735026918963,-0.577350269189621,-0.577350269189626));
#13248=DIRECTION('center_axis',(0.,1.,0.));
#13249=DIRECTION('ref_axis',(1.,0.,0.));
#13250=DIRECTION('center_axis',(0.707106781186543,-2.78432656452463E-17,
0.707106781186552));
#13251=DIRECTION('ref_axis',(0.707106781186552,0.,-0.707106781186543));
#13252=DIRECTION('',(0.577350269189622,0.577350269189626,-0.577350269189629));
#13253=DIRECTION('',(3.93763238962645E-17,1.,0.));
#13254=DIRECTION('center_axis',(3.85207869080238E-17,0.707106781186549,
0.707106781186546));
#13255=DIRECTION('ref_axis',(1.,0.,-5.44766192786114E-17));
#13256=DIRECTION('',(-0.577350269189635,0.577350269189618,-0.577350269189624));
#13257=DIRECTION('',(-1.,5.44766192786111E-17,0.));
#13258=DIRECTION('center_axis',(-0.707106781186541,0.,0.707106781186554));
#13259=DIRECTION('ref_axis',(0.707106781186554,0.,0.707106781186541));
#13260=DIRECTION('',(0.,-1.,0.));
#13261=DIRECTION('center_axis',(1.,-3.93763238962645E-17,0.));
#13262=DIRECTION('ref_axis',(3.93763238962645E-17,1.,0.));
#13263=DIRECTION('',(0.,0.,1.));
#13264=DIRECTION('',(-3.93763238962645E-17,-1.,0.));
#13265=DIRECTION('center_axis',(0.,0.,1.));
#13266=DIRECTION('ref_axis',(1.,0.,0.));
#13267=DIRECTION('',(-3.93763238962645E-17,-1.,0.));
#13268=DIRECTION('center_axis',(-0.707106781186545,2.78432656452464E-17,
-0.70710678118655));
#13269=DIRECTION('ref_axis',(-0.70710678118655,0.,0.707106781186545));
#13270=DIRECTION('',(-1.80261493021708E-17,1.,0.));
#13271=DIRECTION('',(-3.93763238962645E-17,-1.,0.));
#13272=DIRECTION('center_axis',(-0.707106781186549,-1.27464124102461E-17,
-0.707106781186546));
#13273=DIRECTION('ref_axis',(-0.707106781186546,0.,0.707106781186549));
#13274=DIRECTION('',(1.80261493021708E-17,-1.,0.));
#13275=DIRECTION('center_axis',(1.07449229982245E-16,1.,0.));
#13276=DIRECTION('ref_axis',(-1.,1.07449229982245E-16,0.));
#13277=DIRECTION('center_axis',(-1.,3.93763238962645E-17,0.));
#13278=DIRECTION('ref_axis',(3.93763238962645E-17,1.,0.));
#13279=DIRECTION('center_axis',(-1.,0.,0.));
#13280=DIRECTION('ref_axis',(0.,-1.,0.));
#13281=DIRECTION('',(0.,1.,0.));
#13282=DIRECTION('',(0.,0.,1.));
#13283=DIRECTION('center_axis',(5.44766192786111E-17,1.,0.));
#13284=DIRECTION('ref_axis',(-1.,5.44766192786111E-17,0.));
#13285=DIRECTION('',(1.,-5.44766192786111E-17,0.));
#13286=DIRECTION('center_axis',(-1.,-1.80261493021708E-17,0.));
#13287=DIRECTION('ref_axis',(-1.80261493021708E-17,1.,0.));
#13288=DIRECTION('center_axis',(0.,1.,0.));
#13289=DIRECTION('ref_axis',(-1.,0.,0.));
#13290=DIRECTION('',(1.,0.,0.));
#13291=DIRECTION('',(0.,0.,1.));
#13292=DIRECTION('',(-1.,0.,0.));
#13293=DIRECTION('',(0.,0.,1.));
#13294=DIRECTION('center_axis',(-1.,0.,0.));
#13295=DIRECTION('ref_axis',(0.,-1.,0.));
#13296=DIRECTION('',(0.,1.,0.));
#13297=DIRECTION('',(0.,-1.,0.));
#13298=DIRECTION('',(0.,0.,1.));
#13299=DIRECTION('center_axis',(0.,-1.,0.));
#13300=DIRECTION('ref_axis',(1.,0.,0.));
#13301=DIRECTION('',(-1.,0.,0.));
#13302=DIRECTION('',(1.,0.,0.));
#13303=DIRECTION('',(0.,0.,1.));
#13304=DIRECTION('center_axis',(1.,0.,0.));
#13305=DIRECTION('ref_axis',(0.,1.,0.));
#13306=DIRECTION('',(0.,-1.,0.));
#13307=DIRECTION('',(0.,1.,0.));
#13308=DIRECTION('center_axis',(0.,0.,1.));
#13309=DIRECTION('ref_axis',(1.,0.,0.));
#13310=DIRECTION('center_axis',(0.,0.,1.));
#13311=DIRECTION('ref_axis',(1.,0.,0.));
#13312=DIRECTION('center_axis',(-1.,0.,0.));
#13313=DIRECTION('ref_axis',(0.,0.,-1.));
#13314=DIRECTION('',(0.,0.,-1.));
#13315=DIRECTION('',(0.,-1.,0.));
#13316=DIRECTION('',(0.,0.,-1.));
#13317=DIRECTION('',(0.,-1.,0.));
#13318=DIRECTION('center_axis',(0.,0.,1.));
#13319=DIRECTION('ref_axis',(-1.,0.,0.));
#13320=DIRECTION('',(-1.,0.,0.));
#13321=DIRECTION('',(-1.,0.,0.));
#13322=DIRECTION('',(0.,-1.,0.));
#13323=DIRECTION('center_axis',(1.,0.,-8.82668617948367E-16));
#13324=DIRECTION('ref_axis',(8.82668617948367E-16,0.,1.));
#13325=DIRECTION('',(8.82668617948367E-16,0.,1.));
#13326=DIRECTION('',(8.82668617948367E-16,0.,1.));
#13327=DIRECTION('',(0.,-1.,0.));
#13328=DIRECTION('center_axis',(0.70488946263512,0.,-0.709317168455672));
#13329=DIRECTION('ref_axis',(0.709317168455672,0.,0.70488946263512));
#13330=DIRECTION('',(0.709317168455672,0.,0.70488946263512));
#13331=DIRECTION('',(0.709317168455672,0.,0.70488946263512));
#13332=DIRECTION('',(0.,-1.,0.));
#13333=DIRECTION('center_axis',(0.,0.,-1.));
#13334=DIRECTION('ref_axis',(1.,0.,0.));
#13335=DIRECTION('',(1.,0.,0.));
#13336=DIRECTION('',(1.,0.,0.));
#13337=DIRECTION('center_axis',(0.,1.,0.));
#13338=DIRECTION('ref_axis',(1.,0.,0.));
#13339=DIRECTION('center_axis',(0.,-1.,0.));
#13340=DIRECTION('ref_axis',(0.,0.,-1.));
#13341=DIRECTION('center_axis',(0.,0.,1.));
#13342=DIRECTION('ref_axis',(-1.,0.,0.));
#13343=DIRECTION('',(1.,0.,0.));
#13344=DIRECTION('',(0.,-1.,0.));
#13345=DIRECTION('',(-1.,0.,0.));
#13346=DIRECTION('',(0.,-1.,0.));
#13347=DIRECTION('center_axis',(1.,0.,0.));
#13348=DIRECTION('ref_axis',(0.,0.,1.));
#13349=DIRECTION('',(0.,0.,-1.));
#13350=DIRECTION('',(0.,0.,1.));
#13351=DIRECTION('',(0.,-1.,0.));
#13352=DIRECTION('center_axis',(0.,0.,-1.));
#13353=DIRECTION('ref_axis',(1.,0.,0.));
#13354=DIRECTION('',(-1.,0.,0.));
#13355=DIRECTION('',(1.,0.,0.));
#13356=DIRECTION('',(0.,-1.,0.));
#13357=DIRECTION('center_axis',(-0.70488946263512,0.,-0.709317168455672));
#13358=DIRECTION('ref_axis',(0.709317168455672,0.,-0.70488946263512));
#13359=DIRECTION('',(-0.709317168455672,0.,0.70488946263512));
#13360=DIRECTION('',(0.709317168455672,0.,-0.70488946263512));
#13361=DIRECTION('',(0.,-1.,0.));
#13362=DIRECTION('center_axis',(-1.,0.,0.));
#13363=DIRECTION('ref_axis',(0.,0.,-1.));
#13364=DIRECTION('',(0.,0.,1.));
#13365=DIRECTION('',(0.,0.,-1.));
#13366=DIRECTION('center_axis',(0.,1.,0.));
#13367=DIRECTION('ref_axis',(1.,0.,0.));
#13368=DIRECTION('center_axis',(0.,-1.,0.));
#13369=DIRECTION('ref_axis',(0.,0.,-1.));
#13370=DIRECTION('center_axis',(-1.,0.,0.));
#13371=DIRECTION('ref_axis',(0.,0.,-1.));
#13372=DIRECTION('',(0.,0.,-1.));
#13373=DIRECTION('',(0.,-1.,0.));
#13374=DIRECTION('',(0.,0.,-1.));
#13375=DIRECTION('',(0.,-1.,0.));
#13376=DIRECTION('center_axis',(0.,0.,1.));
#13377=DIRECTION('ref_axis',(-1.,0.,0.));
#13378=DIRECTION('',(-1.,0.,0.));
#13379=DIRECTION('',(-1.,0.,0.));
#13380=DIRECTION('',(0.,-1.,0.));
#13381=DIRECTION('center_axis',(1.,0.,-8.82668617948367E-16));
#13382=DIRECTION('ref_axis',(8.82668617948367E-16,0.,1.));
#13383=DIRECTION('',(8.82668617948367E-16,0.,1.));
#13384=DIRECTION('',(8.82668617948367E-16,0.,1.));
#13385=DIRECTION('',(0.,-1.,0.));
#13386=DIRECTION('center_axis',(0.70488946263512,0.,-0.709317168455672));
#13387=DIRECTION('ref_axis',(0.709317168455672,0.,0.70488946263512));
#13388=DIRECTION('',(0.709317168455672,0.,0.70488946263512));
#13389=DIRECTION('',(0.709317168455672,0.,0.70488946263512));
#13390=DIRECTION('',(0.,-1.,0.));
#13391=DIRECTION('center_axis',(0.,0.,-1.));
#13392=DIRECTION('ref_axis',(1.,0.,0.));
#13393=DIRECTION('',(1.,0.,0.));
#13394=DIRECTION('',(1.,0.,0.));
#13395=DIRECTION('center_axis',(0.,1.,0.));
#13396=DIRECTION('ref_axis',(1.,0.,0.));
#13397=DIRECTION('center_axis',(0.,-1.,0.));
#13398=DIRECTION('ref_axis',(0.,0.,-1.));
#13399=DIRECTION('center_axis',(0.,0.,1.));
#13400=DIRECTION('ref_axis',(-1.,0.,0.));
#13401=DIRECTION('',(1.,0.,0.));
#13402=DIRECTION('',(0.,-1.,0.));
#13403=DIRECTION('',(-1.,0.,0.));
#13404=DIRECTION('',(0.,-1.,0.));
#13405=DIRECTION('center_axis',(1.,0.,0.));
#13406=DIRECTION('ref_axis',(0.,0.,1.));
#13407=DIRECTION('',(0.,0.,-1.));
#13408=DIRECTION('',(0.,0.,1.));
#13409=DIRECTION('',(0.,-1.,0.));
#13410=DIRECTION('center_axis',(0.,0.,-1.));
#13411=DIRECTION('ref_axis',(1.,0.,0.));
#13412=DIRECTION('',(-1.,0.,0.));
#13413=DIRECTION('',(1.,0.,0.));
#13414=DIRECTION('',(0.,-1.,0.));
#13415=DIRECTION('center_axis',(-0.70488946263512,0.,-0.709317168455672));
#13416=DIRECTION('ref_axis',(0.709317168455672,0.,-0.70488946263512));
#13417=DIRECTION('',(-0.709317168455672,0.,0.70488946263512));
#13418=DIRECTION('',(0.709317168455672,0.,-0.70488946263512));
#13419=DIRECTION('',(0.,-1.,0.));
#13420=DIRECTION('center_axis',(-1.,0.,0.));
#13421=DIRECTION('ref_axis',(0.,0.,-1.));
#13422=DIRECTION('',(0.,0.,1.));
#13423=DIRECTION('',(0.,0.,-1.));
#13424=DIRECTION('center_axis',(0.,1.,0.));
#13425=DIRECTION('ref_axis',(1.,0.,0.));
#13426=DIRECTION('center_axis',(0.,-1.,0.));
#13427=DIRECTION('ref_axis',(0.,0.,-1.));
#13428=DIRECTION('axis',(0.,0.,1.));
#13429=DIRECTION('refdir',(1.,0.,0.));
#13430=DIRECTION('center_axis',(-0.707106781198204,0.,-0.707106781174891));
#13431=DIRECTION('ref_axis',(0.707106781174891,0.,-0.707106781198204));
#13432=DIRECTION('',(0.707106781174891,0.,-0.707106781198204));
#13433=DIRECTION('',(0.,-1.,0.));
#13434=DIRECTION('',(0.707106781174891,0.,-0.707106781198204));
#13435=DIRECTION('',(0.,-1.,0.));
#13436=DIRECTION('center_axis',(0.,-1.,0.));
#13437=DIRECTION('ref_axis',(-1.,0.,-2.06501482578156E-12));
#13438=DIRECTION('center_axis',(0.,1.,0.));
#13439=DIRECTION('ref_axis',(-1.,0.,-2.06501482578156E-12));
#13440=DIRECTION('center_axis',(0.,1.,0.));
#13441=DIRECTION('ref_axis',(-1.,0.,-2.06501482578156E-12));
#13442=DIRECTION('',(0.,-1.,0.));
#13443=DIRECTION('center_axis',(1.,0.,-4.71526235443861E-13));
#13444=DIRECTION('ref_axis',(4.71526235443861E-13,0.,1.));
#13445=DIRECTION('',(-4.71526235443861E-13,0.,-1.));
#13446=DIRECTION('',(4.71526235443861E-13,0.,1.));
#13447=DIRECTION('',(0.,-1.,0.));
#13448=DIRECTION('center_axis',(0.,-1.,0.));
#13449=DIRECTION('ref_axis',(0.707106781186423,0.,-0.707106781186672));
#13450=DIRECTION('center_axis',(0.,1.,0.));
#13451=DIRECTION('ref_axis',(0.707106781186423,0.,-0.707106781186672));
#13452=DIRECTION('center_axis',(0.,1.,0.));
#13453=DIRECTION('ref_axis',(0.707106781186423,0.,-0.707106781186672));
#13454=DIRECTION('',(0.,-1.,0.));
#13455=DIRECTION('center_axis',(-0.70710678118572,0.,0.707106781187375));
#13456=DIRECTION('ref_axis',(-0.707106781187375,0.,-0.70710678118572));
#13457=DIRECTION('',(0.707106781187375,0.,0.70710678118572));
#13458=DIRECTION('',(-0.707106781187375,0.,-0.70710678118572));
#13459=DIRECTION('',(0.,-1.,0.));
#13460=DIRECTION('center_axis',(0.,-1.,0.));
#13461=DIRECTION('ref_axis',(-0.707106781186464,0.,0.707106781186631));
#13462=DIRECTION('center_axis',(0.,1.,0.));
#13463=DIRECTION('ref_axis',(-0.707106781186464,0.,0.707106781186631));
#13464=DIRECTION('center_axis',(0.,-1.,0.));
#13465=DIRECTION('ref_axis',(-0.707106781186464,0.,0.707106781186631));
#13466=DIRECTION('',(0.,-1.,0.));
#13467=DIRECTION('center_axis',(1.,0.,-4.2632564145606E-13));
#13468=DIRECTION('ref_axis',(4.2632564145606E-13,0.,1.));
#13469=DIRECTION('',(-4.2632564145606E-13,0.,-1.));
#13470=DIRECTION('',(4.2632564145606E-13,0.,1.));
#13471=DIRECTION('',(0.,-1.,0.));
#13472=DIRECTION('center_axis',(1.94488869460852E-10,0.,-1.));
#13473=DIRECTION('ref_axis',(1.,0.,1.94488869460852E-10));
#13474=DIRECTION('',(-1.,0.,-1.94488869460852E-10));
#13475=DIRECTION('',(1.,0.,1.94488869460852E-10));
#13476=DIRECTION('',(0.,-1.,0.));
#13477=DIRECTION('center_axis',(-1.,0.,0.));
#13478=DIRECTION('ref_axis',(0.,0.,-1.));
#13479=DIRECTION('',(0.,0.,-1.));
#13480=DIRECTION('',(0.,0.,-1.));
#13481=DIRECTION('',(0.,-1.,0.));
#13482=DIRECTION('center_axis',(0.,-1.,0.));
#13483=DIRECTION('ref_axis',(-0.707083658028068,0.,0.7071299035889));
#13484=DIRECTION('center_axis',(0.,1.,0.));
#13485=DIRECTION('ref_axis',(-0.707083658028068,0.,0.7071299035889));
#13486=DIRECTION('center_axis',(0.,1.,0.));
#13487=DIRECTION('ref_axis',(-0.707083658028068,0.,0.7071299035889));
#13488=DIRECTION('',(0.,-1.,0.));
#13489=DIRECTION('center_axis',(0.707106781180913,0.,-0.707106781192182));
#13490=DIRECTION('ref_axis',(0.707106781192182,0.,0.707106781180913));
#13491=DIRECTION('',(0.707106781192182,0.,0.707106781180913));
#13492=DIRECTION('',(0.707106781192182,0.,0.707106781180913));
#13493=DIRECTION('',(0.,-1.,0.));
#13494=DIRECTION('center_axis',(0.,-1.,0.));
#13495=DIRECTION('ref_axis',(0.707126043642826,0.,-0.707087518205522));
#13496=DIRECTION('center_axis',(0.,1.,0.));
#13497=DIRECTION('ref_axis',(0.707126043642826,0.,-0.707087518205522));
#13498=DIRECTION('center_axis',(0.,-1.,0.));
#13499=DIRECTION('ref_axis',(0.707126043642826,0.,-0.707087518205522));
#13500=DIRECTION('',(0.,-1.,0.));
#13501=DIRECTION('center_axis',(-1.,0.,0.));
#13502=DIRECTION('ref_axis',(0.,0.,-1.));
#13503=DIRECTION('',(0.,0.,-1.));
#13504=DIRECTION('',(0.,0.,-1.));
#13505=DIRECTION('',(0.,-1.,0.));
#13506=DIRECTION('center_axis',(0.,-1.,0.));
#13507=DIRECTION('ref_axis',(-0.999999999999795,0.,-6.39904055669373E-7));
#13508=DIRECTION('center_axis',(0.,1.,0.));
#13509=DIRECTION('ref_axis',(-0.999999999999795,0.,-6.39904055669373E-7));
#13510=DIRECTION('center_axis',(0.,-1.,0.));
#13511=DIRECTION('ref_axis',(-0.999999999999795,0.,-6.39904055669373E-7));
#13512=DIRECTION('',(0.,-1.,0.));
#13513=DIRECTION('center_axis',(0.707106781190878,0.,0.707106781182217));
#13514=DIRECTION('ref_axis',(-0.707106781182217,0.,0.707106781190878));
#13515=DIRECTION('',(0.707106781182217,0.,-0.707106781190878));
#13516=DIRECTION('',(-0.707106781182217,0.,0.707106781190878));
#13517=DIRECTION('',(0.,-1.,0.));
#13518=DIRECTION('center_axis',(0.,-1.,0.));
#13519=DIRECTION('ref_axis',(0.999999999998349,0.,1.81691561785547E-6));
#13520=DIRECTION('center_axis',(0.,1.,0.));
#13521=DIRECTION('ref_axis',(0.999999999998349,0.,1.81691561785547E-6));
#13522=DIRECTION('center_axis',(0.,1.,0.));
#13523=DIRECTION('ref_axis',(0.999999999998349,0.,1.81691561785547E-6));
#13524=DIRECTION('',(0.,-1.,0.));
#13525=DIRECTION('center_axis',(-1.,0.,0.));
#13526=DIRECTION('ref_axis',(0.,0.,-1.));
#13527=DIRECTION('',(0.,0.,1.));
#13528=DIRECTION('',(0.,0.,-1.));
#13529=DIRECTION('',(0.,-1.,0.));
#13530=DIRECTION('center_axis',(-5.55111512317027E-15,0.,1.));
#13531=DIRECTION('ref_axis',(-1.,0.,-5.55111512317027E-15));
#13532=DIRECTION('',(-1.,0.,-5.55111512317027E-15));
#13533=DIRECTION('',(-1.,0.,-5.55111512317027E-15));
#13534=DIRECTION('',(0.,-1.,0.));
#13535=DIRECTION('center_axis',(1.,0.,2.35367281220533E-13));
#13536=DIRECTION('ref_axis',(-2.35367281220533E-13,0.,1.));
#13537=DIRECTION('',(-2.35367281220533E-13,0.,1.));
#13538=DIRECTION('',(-2.35367281220533E-13,0.,1.));
#13539=DIRECTION('',(0.,-1.,0.));
#13540=DIRECTION('center_axis',(0.,-1.,0.));
#13541=DIRECTION('ref_axis',(1.,0.,1.09356967924522E-11));
#13542=DIRECTION('center_axis',(0.,1.,0.));
#13543=DIRECTION('ref_axis',(1.,0.,1.09356967924522E-11));
#13544=DIRECTION('center_axis',(0.,-1.,0.));
#13545=DIRECTION('ref_axis',(1.,0.,1.09356967924522E-11));
#13546=DIRECTION('center_axis',(0.,1.,0.));
#13547=DIRECTION('ref_axis',(1.,0.,0.));
#13548=DIRECTION('center_axis',(0.,1.,0.));
#13549=DIRECTION('ref_axis',(1.,0.,0.));
#13550=DIRECTION('center_axis',(-0.707106781198204,0.,-0.707106781174891));
#13551=DIRECTION('ref_axis',(0.707106781174891,0.,-0.707106781198204));
#13552=DIRECTION('',(0.707106781174891,0.,-0.707106781198204));
#13553=DIRECTION('',(0.,-1.,0.));
#13554=DIRECTION('',(0.707106781174891,0.,-0.707106781198204));
#13555=DIRECTION('',(0.,-1.,0.));
#13556=DIRECTION('center_axis',(0.,-1.,0.));
#13557=DIRECTION('ref_axis',(-1.,0.,-2.06501482578156E-12));
#13558=DIRECTION('center_axis',(0.,1.,0.));
#13559=DIRECTION('ref_axis',(-1.,0.,-2.06501482578156E-12));
#13560=DIRECTION('center_axis',(0.,1.,0.));
#13561=DIRECTION('ref_axis',(-1.,0.,-2.06501482578156E-12));
#13562=DIRECTION('',(0.,-1.,0.));
#13563=DIRECTION('center_axis',(1.,0.,-4.71526235443861E-13));
#13564=DIRECTION('ref_axis',(4.71526235443861E-13,0.,1.));
#13565=DIRECTION('',(-4.71526235443861E-13,0.,-1.));
#13566=DIRECTION('',(4.71526235443861E-13,0.,1.));
#13567=DIRECTION('',(0.,-1.,0.));
#13568=DIRECTION('center_axis',(0.,-1.,0.));
#13569=DIRECTION('ref_axis',(0.707106781186423,0.,-0.707106781186672));
#13570=DIRECTION('center_axis',(0.,1.,0.));
#13571=DIRECTION('ref_axis',(0.707106781186423,0.,-0.707106781186672));
#13572=DIRECTION('center_axis',(0.,1.,0.));
#13573=DIRECTION('ref_axis',(0.707106781186423,0.,-0.707106781186672));
#13574=DIRECTION('',(0.,-1.,0.));
#13575=DIRECTION('center_axis',(-0.70710678118572,0.,0.707106781187375));
#13576=DIRECTION('ref_axis',(-0.707106781187375,0.,-0.70710678118572));
#13577=DIRECTION('',(0.707106781187375,0.,0.70710678118572));
#13578=DIRECTION('',(-0.707106781187375,0.,-0.70710678118572));
#13579=DIRECTION('',(0.,-1.,0.));
#13580=DIRECTION('center_axis',(0.,-1.,0.));
#13581=DIRECTION('ref_axis',(-0.707106781186464,0.,0.707106781186631));
#13582=DIRECTION('center_axis',(0.,1.,0.));
#13583=DIRECTION('ref_axis',(-0.707106781186464,0.,0.707106781186631));
#13584=DIRECTION('center_axis',(0.,-1.,0.));
#13585=DIRECTION('ref_axis',(-0.707106781186464,0.,0.707106781186631));
#13586=DIRECTION('',(0.,-1.,0.));
#13587=DIRECTION('center_axis',(1.,0.,-4.2632564145606E-13));
#13588=DIRECTION('ref_axis',(4.2632564145606E-13,0.,1.));
#13589=DIRECTION('',(-4.2632564145606E-13,0.,-1.));
#13590=DIRECTION('',(4.2632564145606E-13,0.,1.));
#13591=DIRECTION('',(0.,-1.,0.));
#13592=DIRECTION('center_axis',(1.94488869460852E-10,0.,-1.));
#13593=DIRECTION('ref_axis',(1.,0.,1.94488869460852E-10));
#13594=DIRECTION('',(-1.,0.,-1.94488869460852E-10));
#13595=DIRECTION('',(1.,0.,1.94488869460852E-10));
#13596=DIRECTION('',(0.,-1.,0.));
#13597=DIRECTION('center_axis',(-1.,0.,0.));
#13598=DIRECTION('ref_axis',(0.,0.,-1.));
#13599=DIRECTION('',(0.,0.,-1.));
#13600=DIRECTION('',(0.,0.,-1.));
#13601=DIRECTION('',(0.,-1.,0.));
#13602=DIRECTION('center_axis',(0.,-1.,0.));
#13603=DIRECTION('ref_axis',(-0.707083658028068,0.,0.7071299035889));
#13604=DIRECTION('center_axis',(0.,1.,0.));
#13605=DIRECTION('ref_axis',(-0.707083658028068,0.,0.7071299035889));
#13606=DIRECTION('center_axis',(0.,1.,0.));
#13607=DIRECTION('ref_axis',(-0.707083658028068,0.,0.7071299035889));
#13608=DIRECTION('',(0.,-1.,0.));
#13609=DIRECTION('center_axis',(0.707106781180913,0.,-0.707106781192182));
#13610=DIRECTION('ref_axis',(0.707106781192182,0.,0.707106781180913));
#13611=DIRECTION('',(0.707106781192182,0.,0.707106781180913));
#13612=DIRECTION('',(0.707106781192182,0.,0.707106781180913));
#13613=DIRECTION('',(0.,-1.,0.));
#13614=DIRECTION('center_axis',(0.,-1.,0.));
#13615=DIRECTION('ref_axis',(0.707126043642826,0.,-0.707087518205522));
#13616=DIRECTION('center_axis',(0.,1.,0.));
#13617=DIRECTION('ref_axis',(0.707126043642826,0.,-0.707087518205522));
#13618=DIRECTION('center_axis',(0.,-1.,0.));
#13619=DIRECTION('ref_axis',(0.707126043642826,0.,-0.707087518205522));
#13620=DIRECTION('',(0.,-1.,0.));
#13621=DIRECTION('center_axis',(-1.,0.,0.));
#13622=DIRECTION('ref_axis',(0.,0.,-1.));
#13623=DIRECTION('',(0.,0.,-1.));
#13624=DIRECTION('',(0.,0.,-1.));
#13625=DIRECTION('',(0.,-1.,0.));
#13626=DIRECTION('center_axis',(0.,-1.,0.));
#13627=DIRECTION('ref_axis',(-0.999999999999795,0.,-6.39904055669373E-7));
#13628=DIRECTION('center_axis',(0.,1.,0.));
#13629=DIRECTION('ref_axis',(-0.999999999999795,0.,-6.39904055669373E-7));
#13630=DIRECTION('center_axis',(0.,-1.,0.));
#13631=DIRECTION('ref_axis',(-0.999999999999795,0.,-6.39904055669373E-7));
#13632=DIRECTION('',(0.,-1.,0.));
#13633=DIRECTION('center_axis',(0.707106781190878,0.,0.707106781182217));
#13634=DIRECTION('ref_axis',(-0.707106781182217,0.,0.707106781190878));
#13635=DIRECTION('',(0.707106781182217,0.,-0.707106781190878));
#13636=DIRECTION('',(-0.707106781182217,0.,0.707106781190878));
#13637=DIRECTION('',(0.,-1.,0.));
#13638=DIRECTION('center_axis',(0.,-1.,0.));
#13639=DIRECTION('ref_axis',(0.999999999998349,0.,1.81691561785547E-6));
#13640=DIRECTION('center_axis',(0.,1.,0.));
#13641=DIRECTION('ref_axis',(0.999999999998349,0.,1.81691561785547E-6));
#13642=DIRECTION('center_axis',(0.,1.,0.));
#13643=DIRECTION('ref_axis',(0.999999999998349,0.,1.81691561785547E-6));
#13644=DIRECTION('',(0.,-1.,0.));
#13645=DIRECTION('center_axis',(-1.,0.,0.));
#13646=DIRECTION('ref_axis',(0.,0.,-1.));
#13647=DIRECTION('',(0.,0.,1.));
#13648=DIRECTION('',(0.,0.,-1.));
#13649=DIRECTION('',(0.,-1.,0.));
#13650=DIRECTION('center_axis',(-5.55111512317027E-15,0.,1.));
#13651=DIRECTION('ref_axis',(-1.,0.,-5.55111512317027E-15));
#13652=DIRECTION('',(-1.,0.,-5.55111512317027E-15));
#13653=DIRECTION('',(-1.,0.,-5.55111512317027E-15));
#13654=DIRECTION('',(0.,-1.,0.));
#13655=DIRECTION('center_axis',(1.,0.,2.35367281220533E-13));
#13656=DIRECTION('ref_axis',(-2.35367281220533E-13,0.,1.));
#13657=DIRECTION('',(-2.35367281220533E-13,0.,1.));
#13658=DIRECTION('',(-2.35367281220533E-13,0.,1.));
#13659=DIRECTION('',(0.,-1.,0.));
#13660=DIRECTION('center_axis',(0.,-1.,0.));
#13661=DIRECTION('ref_axis',(1.,0.,1.09356967924522E-11));
#13662=DIRECTION('center_axis',(0.,1.,0.));
#13663=DIRECTION('ref_axis',(1.,0.,1.09356967924522E-11));
#13664=DIRECTION('center_axis',(0.,-1.,0.));
#13665=DIRECTION('ref_axis',(1.,0.,1.09356967924522E-11));
#13666=DIRECTION('center_axis',(0.,1.,0.));
#13667=DIRECTION('ref_axis',(1.,0.,0.));
#13668=DIRECTION('center_axis',(0.,1.,0.));
#13669=DIRECTION('ref_axis',(1.,0.,0.));
#13670=DIRECTION('center_axis',(-0.707106781198204,0.,-0.707106781174891));
#13671=DIRECTION('ref_axis',(0.707106781174891,0.,-0.707106781198204));
#13672=DIRECTION('',(0.707106781174891,0.,-0.707106781198204));
#13673=DIRECTION('',(0.,-1.,0.));
#13674=DIRECTION('',(0.707106781174891,0.,-0.707106781198204));
#13675=DIRECTION('',(0.,-1.,0.));
#13676=DIRECTION('center_axis',(0.,-1.,0.));
#13677=DIRECTION('ref_axis',(-1.,0.,-2.06501482578156E-12));
#13678=DIRECTION('center_axis',(0.,1.,0.));
#13679=DIRECTION('ref_axis',(-1.,0.,-2.06501482578156E-12));
#13680=DIRECTION('center_axis',(0.,1.,0.));
#13681=DIRECTION('ref_axis',(-1.,0.,-2.06501482578156E-12));
#13682=DIRECTION('',(0.,-1.,0.));
#13683=DIRECTION('center_axis',(1.,0.,-4.71526235443861E-13));
#13684=DIRECTION('ref_axis',(4.71526235443861E-13,0.,1.));
#13685=DIRECTION('',(-4.71526235443861E-13,0.,-1.));
#13686=DIRECTION('',(4.71526235443861E-13,0.,1.));
#13687=DIRECTION('',(0.,-1.,0.));
#13688=DIRECTION('center_axis',(0.,-1.,0.));
#13689=DIRECTION('ref_axis',(0.707106781186423,0.,-0.707106781186672));
#13690=DIRECTION('center_axis',(0.,1.,0.));
#13691=DIRECTION('ref_axis',(0.707106781186423,0.,-0.707106781186672));
#13692=DIRECTION('center_axis',(0.,1.,0.));
#13693=DIRECTION('ref_axis',(0.707106781186423,0.,-0.707106781186672));
#13694=DIRECTION('',(0.,-1.,0.));
#13695=DIRECTION('center_axis',(-0.70710678118572,0.,0.707106781187375));
#13696=DIRECTION('ref_axis',(-0.707106781187375,0.,-0.70710678118572));
#13697=DIRECTION('',(0.707106781187375,0.,0.70710678118572));
#13698=DIRECTION('',(-0.707106781187375,0.,-0.70710678118572));
#13699=DIRECTION('',(0.,-1.,0.));
#13700=DIRECTION('center_axis',(0.,-1.,0.));
#13701=DIRECTION('ref_axis',(-0.707106781186464,0.,0.707106781186631));
#13702=DIRECTION('center_axis',(0.,1.,0.));
#13703=DIRECTION('ref_axis',(-0.707106781186464,0.,0.707106781186631));
#13704=DIRECTION('center_axis',(0.,-1.,0.));
#13705=DIRECTION('ref_axis',(-0.707106781186464,0.,0.707106781186631));
#13706=DIRECTION('',(0.,-1.,0.));
#13707=DIRECTION('center_axis',(1.,0.,-4.2632564145606E-13));
#13708=DIRECTION('ref_axis',(4.2632564145606E-13,0.,1.));
#13709=DIRECTION('',(-4.2632564145606E-13,0.,-1.));
#13710=DIRECTION('',(4.2632564145606E-13,0.,1.));
#13711=DIRECTION('',(0.,-1.,0.));
#13712=DIRECTION('center_axis',(1.94488869460852E-10,0.,-1.));
#13713=DIRECTION('ref_axis',(1.,0.,1.94488869460852E-10));
#13714=DIRECTION('',(-1.,0.,-1.94488869460852E-10));
#13715=DIRECTION('',(1.,0.,1.94488869460852E-10));
#13716=DIRECTION('',(0.,-1.,0.));
#13717=DIRECTION('center_axis',(-1.,0.,0.));
#13718=DIRECTION('ref_axis',(0.,0.,-1.));
#13719=DIRECTION('',(0.,0.,-1.));
#13720=DIRECTION('',(0.,0.,-1.));
#13721=DIRECTION('',(0.,-1.,0.));
#13722=DIRECTION('center_axis',(0.,-1.,0.));
#13723=DIRECTION('ref_axis',(-0.707083658028068,0.,0.7071299035889));
#13724=DIRECTION('center_axis',(0.,1.,0.));
#13725=DIRECTION('ref_axis',(-0.707083658028068,0.,0.7071299035889));
#13726=DIRECTION('center_axis',(0.,1.,0.));
#13727=DIRECTION('ref_axis',(-0.707083658028068,0.,0.7071299035889));
#13728=DIRECTION('',(0.,-1.,0.));
#13729=DIRECTION('center_axis',(0.707106781180913,0.,-0.707106781192182));
#13730=DIRECTION('ref_axis',(0.707106781192182,0.,0.707106781180913));
#13731=DIRECTION('',(0.707106781192182,0.,0.707106781180913));
#13732=DIRECTION('',(0.707106781192182,0.,0.707106781180913));
#13733=DIRECTION('',(0.,-1.,0.));
#13734=DIRECTION('center_axis',(0.,-1.,0.));
#13735=DIRECTION('ref_axis',(0.707126043642826,0.,-0.707087518205522));
#13736=DIRECTION('center_axis',(0.,1.,0.));
#13737=DIRECTION('ref_axis',(0.707126043642826,0.,-0.707087518205522));
#13738=DIRECTION('center_axis',(0.,-1.,0.));
#13739=DIRECTION('ref_axis',(0.707126043642826,0.,-0.707087518205522));
#13740=DIRECTION('',(0.,-1.,0.));
#13741=DIRECTION('center_axis',(-1.,0.,0.));
#13742=DIRECTION('ref_axis',(0.,0.,-1.));
#13743=DIRECTION('',(0.,0.,-1.));
#13744=DIRECTION('',(0.,0.,-1.));
#13745=DIRECTION('',(0.,-1.,0.));
#13746=DIRECTION('center_axis',(0.,-1.,0.));
#13747=DIRECTION('ref_axis',(-0.999999999999795,0.,-6.39904055669373E-7));
#13748=DIRECTION('center_axis',(0.,1.,0.));
#13749=DIRECTION('ref_axis',(-0.999999999999795,0.,-6.39904055669373E-7));
#13750=DIRECTION('center_axis',(0.,-1.,0.));
#13751=DIRECTION('ref_axis',(-0.999999999999795,0.,-6.39904055669373E-7));
#13752=DIRECTION('',(0.,-1.,0.));
#13753=DIRECTION('center_axis',(0.707106781190878,0.,0.707106781182217));
#13754=DIRECTION('ref_axis',(-0.707106781182217,0.,0.707106781190878));
#13755=DIRECTION('',(0.707106781182217,0.,-0.707106781190878));
#13756=DIRECTION('',(-0.707106781182217,0.,0.707106781190878));
#13757=DIRECTION('',(0.,-1.,0.));
#13758=DIRECTION('center_axis',(0.,-1.,0.));
#13759=DIRECTION('ref_axis',(0.999999999998349,0.,1.81691561785547E-6));
#13760=DIRECTION('center_axis',(0.,1.,0.));
#13761=DIRECTION('ref_axis',(0.999999999998349,0.,1.81691561785547E-6));
#13762=DIRECTION('center_axis',(0.,1.,0.));
#13763=DIRECTION('ref_axis',(0.999999999998349,0.,1.81691561785547E-6));
#13764=DIRECTION('',(0.,-1.,0.));
#13765=DIRECTION('center_axis',(-1.,0.,0.));
#13766=DIRECTION('ref_axis',(0.,0.,-1.));
#13767=DIRECTION('',(0.,0.,1.));
#13768=DIRECTION('',(0.,0.,-1.));
#13769=DIRECTION('',(0.,-1.,0.));
#13770=DIRECTION('center_axis',(-5.55111512317027E-15,0.,1.));
#13771=DIRECTION('ref_axis',(-1.,0.,-5.55111512317027E-15));
#13772=DIRECTION('',(-1.,0.,-5.55111512317027E-15));
#13773=DIRECTION('',(-1.,0.,-5.55111512317027E-15));
#13774=DIRECTION('',(0.,-1.,0.));
#13775=DIRECTION('center_axis',(1.,0.,2.35367281220533E-13));
#13776=DIRECTION('ref_axis',(-2.35367281220533E-13,0.,1.));
#13777=DIRECTION('',(-2.35367281220533E-13,0.,1.));
#13778=DIRECTION('',(-2.35367281220533E-13,0.,1.));
#13779=DIRECTION('',(0.,-1.,0.));
#13780=DIRECTION('center_axis',(0.,-1.,0.));
#13781=DIRECTION('ref_axis',(1.,0.,1.09356967924522E-11));
#13782=DIRECTION('center_axis',(0.,1.,0.));
#13783=DIRECTION('ref_axis',(1.,0.,1.09356967924522E-11));
#13784=DIRECTION('center_axis',(0.,-1.,0.));
#13785=DIRECTION('ref_axis',(1.,0.,1.09356967924522E-11));
#13786=DIRECTION('center_axis',(0.,1.,0.));
#13787=DIRECTION('ref_axis',(1.,0.,0.));
#13788=DIRECTION('center_axis',(0.,1.,0.));
#13789=DIRECTION('ref_axis',(1.,0.,0.));
#13790=DIRECTION('center_axis',(-0.707106781198204,0.,-0.707106781174891));
#13791=DIRECTION('ref_axis',(0.707106781174891,0.,-0.707106781198204));
#13792=DIRECTION('',(0.707106781174891,0.,-0.707106781198204));
#13793=DIRECTION('',(0.,-1.,0.));
#13794=DIRECTION('',(0.707106781174891,0.,-0.707106781198204));
#13795=DIRECTION('',(0.,-1.,0.));
#13796=DIRECTION('center_axis',(0.,-1.,0.));
#13797=DIRECTION('ref_axis',(-1.,0.,-2.06501482578156E-12));
#13798=DIRECTION('center_axis',(0.,1.,0.));
#13799=DIRECTION('ref_axis',(-1.,0.,-2.06501482578156E-12));
#13800=DIRECTION('center_axis',(0.,1.,0.));
#13801=DIRECTION('ref_axis',(-1.,0.,-2.06501482578156E-12));
#13802=DIRECTION('',(0.,-1.,0.));
#13803=DIRECTION('center_axis',(1.,0.,-4.71526235443861E-13));
#13804=DIRECTION('ref_axis',(4.71526235443861E-13,0.,1.));
#13805=DIRECTION('',(-4.71526235443861E-13,0.,-1.));
#13806=DIRECTION('',(4.71526235443861E-13,0.,1.));
#13807=DIRECTION('',(0.,-1.,0.));
#13808=DIRECTION('center_axis',(0.,-1.,0.));
#13809=DIRECTION('ref_axis',(0.707106781186423,0.,-0.707106781186672));
#13810=DIRECTION('center_axis',(0.,1.,0.));
#13811=DIRECTION('ref_axis',(0.707106781186423,0.,-0.707106781186672));
#13812=DIRECTION('center_axis',(0.,1.,0.));
#13813=DIRECTION('ref_axis',(0.707106781186423,0.,-0.707106781186672));
#13814=DIRECTION('',(0.,-1.,0.));
#13815=DIRECTION('center_axis',(-0.70710678118572,0.,0.707106781187375));
#13816=DIRECTION('ref_axis',(-0.707106781187375,0.,-0.70710678118572));
#13817=DIRECTION('',(0.707106781187375,0.,0.70710678118572));
#13818=DIRECTION('',(-0.707106781187375,0.,-0.70710678118572));
#13819=DIRECTION('',(0.,-1.,0.));
#13820=DIRECTION('center_axis',(0.,-1.,0.));
#13821=DIRECTION('ref_axis',(-0.707106781186464,0.,0.707106781186631));
#13822=DIRECTION('center_axis',(0.,1.,0.));
#13823=DIRECTION('ref_axis',(-0.707106781186464,0.,0.707106781186631));
#13824=DIRECTION('center_axis',(0.,-1.,0.));
#13825=DIRECTION('ref_axis',(-0.707106781186464,0.,0.707106781186631));
#13826=DIRECTION('',(0.,-1.,0.));
#13827=DIRECTION('center_axis',(1.,0.,-4.2632564145606E-13));
#13828=DIRECTION('ref_axis',(4.2632564145606E-13,0.,1.));
#13829=DIRECTION('',(-4.2632564145606E-13,0.,-1.));
#13830=DIRECTION('',(4.2632564145606E-13,0.,1.));
#13831=DIRECTION('',(0.,-1.,0.));
#13832=DIRECTION('center_axis',(1.94488869460852E-10,0.,-1.));
#13833=DIRECTION('ref_axis',(1.,0.,1.94488869460852E-10));
#13834=DIRECTION('',(-1.,0.,-1.94488869460852E-10));
#13835=DIRECTION('',(1.,0.,1.94488869460852E-10));
#13836=DIRECTION('',(0.,-1.,0.));
#13837=DIRECTION('center_axis',(-1.,0.,0.));
#13838=DIRECTION('ref_axis',(0.,0.,-1.));
#13839=DIRECTION('',(0.,0.,-1.));
#13840=DIRECTION('',(0.,0.,-1.));
#13841=DIRECTION('',(0.,-1.,0.));
#13842=DIRECTION('center_axis',(0.,-1.,0.));
#13843=DIRECTION('ref_axis',(-0.707083658028068,0.,0.7071299035889));
#13844=DIRECTION('center_axis',(0.,1.,0.));
#13845=DIRECTION('ref_axis',(-0.707083658028068,0.,0.7071299035889));
#13846=DIRECTION('center_axis',(0.,1.,0.));
#13847=DIRECTION('ref_axis',(-0.707083658028068,0.,0.7071299035889));
#13848=DIRECTION('',(0.,-1.,0.));
#13849=DIRECTION('center_axis',(0.707106781180913,0.,-0.707106781192182));
#13850=DIRECTION('ref_axis',(0.707106781192182,0.,0.707106781180913));
#13851=DIRECTION('',(0.707106781192182,0.,0.707106781180913));
#13852=DIRECTION('',(0.707106781192182,0.,0.707106781180913));
#13853=DIRECTION('',(0.,-1.,0.));
#13854=DIRECTION('center_axis',(0.,-1.,0.));
#13855=DIRECTION('ref_axis',(0.707126043642826,0.,-0.707087518205522));
#13856=DIRECTION('center_axis',(0.,1.,0.));
#13857=DIRECTION('ref_axis',(0.707126043642826,0.,-0.707087518205522));
#13858=DIRECTION('center_axis',(0.,-1.,0.));
#13859=DIRECTION('ref_axis',(0.707126043642826,0.,-0.707087518205522));
#13860=DIRECTION('',(0.,-1.,0.));
#13861=DIRECTION('center_axis',(-1.,0.,0.));
#13862=DIRECTION('ref_axis',(0.,0.,-1.));
#13863=DIRECTION('',(0.,0.,-1.));
#13864=DIRECTION('',(0.,0.,-1.));
#13865=DIRECTION('',(0.,-1.,0.));
#13866=DIRECTION('center_axis',(0.,-1.,0.));
#13867=DIRECTION('ref_axis',(-0.999999999999795,0.,-6.39904055669373E-7));
#13868=DIRECTION('center_axis',(0.,1.,0.));
#13869=DIRECTION('ref_axis',(-0.999999999999795,0.,-6.39904055669373E-7));
#13870=DIRECTION('center_axis',(0.,-1.,0.));
#13871=DIRECTION('ref_axis',(-0.999999999999795,0.,-6.39904055669373E-7));
#13872=DIRECTION('',(0.,-1.,0.));
#13873=DIRECTION('center_axis',(0.707106781190878,0.,0.707106781182217));
#13874=DIRECTION('ref_axis',(-0.707106781182217,0.,0.707106781190878));
#13875=DIRECTION('',(0.707106781182217,0.,-0.707106781190878));
#13876=DIRECTION('',(-0.707106781182217,0.,0.707106781190878));
#13877=DIRECTION('',(0.,-1.,0.));
#13878=DIRECTION('center_axis',(0.,-1.,0.));
#13879=DIRECTION('ref_axis',(0.999999999998349,0.,1.81691561785547E-6));
#13880=DIRECTION('center_axis',(0.,1.,0.));
#13881=DIRECTION('ref_axis',(0.999999999998349,0.,1.81691561785547E-6));
#13882=DIRECTION('center_axis',(0.,1.,0.));
#13883=DIRECTION('ref_axis',(0.999999999998349,0.,1.81691561785547E-6));
#13884=DIRECTION('',(0.,-1.,0.));
#13885=DIRECTION('center_axis',(-1.,0.,0.));
#13886=DIRECTION('ref_axis',(0.,0.,-1.));
#13887=DIRECTION('',(0.,0.,1.));
#13888=DIRECTION('',(0.,0.,-1.));
#13889=DIRECTION('',(0.,-1.,0.));
#13890=DIRECTION('center_axis',(-5.55111512317027E-15,0.,1.));
#13891=DIRECTION('ref_axis',(-1.,0.,-5.55111512317027E-15));
#13892=DIRECTION('',(-1.,0.,-5.55111512317027E-15));
#13893=DIRECTION('',(-1.,0.,-5.55111512317027E-15));
#13894=DIRECTION('',(0.,-1.,0.));
#13895=DIRECTION('center_axis',(1.,0.,2.35367281220533E-13));
#13896=DIRECTION('ref_axis',(-2.35367281220533E-13,0.,1.));
#13897=DIRECTION('',(-2.35367281220533E-13,0.,1.));
#13898=DIRECTION('',(-2.35367281220533E-13,0.,1.));
#13899=DIRECTION('',(0.,-1.,0.));
#13900=DIRECTION('center_axis',(0.,-1.,0.));
#13901=DIRECTION('ref_axis',(1.,0.,1.09356967924522E-11));
#13902=DIRECTION('center_axis',(0.,1.,0.));
#13903=DIRECTION('ref_axis',(1.,0.,1.09356967924522E-11));
#13904=DIRECTION('center_axis',(0.,-1.,0.));
#13905=DIRECTION('ref_axis',(1.,0.,1.09356967924522E-11));
#13906=DIRECTION('center_axis',(0.,1.,0.));
#13907=DIRECTION('ref_axis',(1.,0.,0.));
#13908=DIRECTION('center_axis',(0.,1.,0.));
#13909=DIRECTION('ref_axis',(1.,0.,0.));
#13910=DIRECTION('center_axis',(-0.707106781186548,0.,-0.707106781186548));
#13911=DIRECTION('ref_axis',(0.707106781186548,0.,-0.707106781186548));
#13912=DIRECTION('',(0.707106781186547,0.,-0.707106781186547));
#13913=DIRECTION('',(0.,-1.,0.));
#13914=DIRECTION('',(0.707106781186547,0.,-0.707106781186547));
#13915=DIRECTION('',(0.,-1.,0.));
#13916=DIRECTION('center_axis',(0.,-1.,0.));
#13917=DIRECTION('ref_axis',(-1.,0.,0.));
#13918=DIRECTION('center_axis',(0.,1.,0.));
#13919=DIRECTION('ref_axis',(-1.,0.,0.));
#13920=DIRECTION('center_axis',(0.,1.,0.));
#13921=DIRECTION('ref_axis',(-1.,0.,0.));
#13922=DIRECTION('',(0.,-1.,0.));
#13923=DIRECTION('center_axis',(1.,0.,0.));
#13924=DIRECTION('ref_axis',(0.,0.,1.));
#13925=DIRECTION('',(0.,0.,-1.));
#13926=DIRECTION('',(0.,0.,1.));
#13927=DIRECTION('',(0.,-1.,0.));
#13928=DIRECTION('center_axis',(0.,-1.,0.));
#13929=DIRECTION('ref_axis',(0.707106781186548,0.,-0.707106781186548));
#13930=DIRECTION('center_axis',(0.,1.,0.));
#13931=DIRECTION('ref_axis',(0.707106781186548,0.,-0.707106781186548));
#13932=DIRECTION('center_axis',(0.,1.,0.));
#13933=DIRECTION('ref_axis',(0.707106781186548,0.,-0.707106781186548));
#13934=DIRECTION('',(0.,-1.,0.));
#13935=DIRECTION('center_axis',(-0.707106781186548,0.,0.707106781186548));
#13936=DIRECTION('ref_axis',(-0.707106781186548,0.,-0.707106781186548));
#13937=DIRECTION('',(0.707106781186548,0.,0.707106781186548));
#13938=DIRECTION('',(-0.707106781186548,0.,-0.707106781186548));
#13939=DIRECTION('',(0.,-1.,0.));
#13940=DIRECTION('center_axis',(0.,-1.,0.));
#13941=DIRECTION('ref_axis',(-0.707106781186548,0.,0.707106781186548));
#13942=DIRECTION('center_axis',(0.,1.,0.));
#13943=DIRECTION('ref_axis',(-0.707106781186548,0.,0.707106781186548));
#13944=DIRECTION('center_axis',(0.,-1.,0.));
#13945=DIRECTION('ref_axis',(-0.707106781186548,0.,0.707106781186548));
#13946=DIRECTION('',(0.,-1.,0.));
#13947=DIRECTION('center_axis',(1.,0.,6.28960996294042E-13));
#13948=DIRECTION('ref_axis',(-6.28960996294042E-13,0.,1.));
#13949=DIRECTION('',(6.28960996294042E-13,0.,-1.));
#13950=DIRECTION('',(-6.28960996294042E-13,0.,1.));
#13951=DIRECTION('',(0.,-1.,0.));
#13952=DIRECTION('center_axis',(-6.24500451334802E-15,0.,-1.));
#13953=DIRECTION('ref_axis',(1.,0.,-6.24500451334802E-15));
#13954=DIRECTION('',(-1.,0.,6.24500451334802E-15));
#13955=DIRECTION('',(1.,0.,-6.24500451334802E-15));
#13956=DIRECTION('',(0.,-1.,0.));
#13957=DIRECTION('center_axis',(-1.,0.,0.));
#13958=DIRECTION('ref_axis',(0.,0.,-1.));
#13959=DIRECTION('',(0.,0.,-1.));
#13960=DIRECTION('',(0.,0.,-1.));
#13961=DIRECTION('',(0.,-1.,0.));
#13962=DIRECTION('center_axis',(0.,-1.,0.));
#13963=DIRECTION('ref_axis',(-0.707107592139554,0.,0.707105970232611));
#13964=DIRECTION('center_axis',(0.,1.,0.));
#13965=DIRECTION('ref_axis',(-0.707107592139554,0.,0.707105970232611));
#13966=DIRECTION('center_axis',(0.,1.,0.));
#13967=DIRECTION('ref_axis',(-0.707107592139554,0.,0.707105970232611));
#13968=DIRECTION('',(0.,-1.,0.));
#13969=DIRECTION('center_axis',(0.707106781186543,0.,-0.707106781186552));
#13970=DIRECTION('ref_axis',(0.707106781186552,0.,0.707106781186543));
#13971=DIRECTION('',(0.707106781186552,0.,0.707106781186543));
#13972=DIRECTION('',(0.707106781186552,0.,0.707106781186543));
#13973=DIRECTION('',(0.,-1.,0.));
#13974=DIRECTION('center_axis',(0.,-1.,0.));
#13975=DIRECTION('ref_axis',(0.707107235683937,0.,-0.707106326688866));
#13976=DIRECTION('center_axis',(0.,1.,0.));
#13977=DIRECTION('ref_axis',(0.707107235683937,0.,-0.707106326688866));
#13978=DIRECTION('center_axis',(0.,-1.,0.));
#13979=DIRECTION('ref_axis',(0.707107235683937,0.,-0.707106326688866));
#13980=DIRECTION('',(0.,-1.,0.));
#13981=DIRECTION('center_axis',(-1.,0.,0.));
#13982=DIRECTION('ref_axis',(0.,0.,-1.));
#13983=DIRECTION('',(0.,0.,-1.));
#13984=DIRECTION('',(0.,0.,-1.));
#13985=DIRECTION('',(0.,-1.,0.));
#13986=DIRECTION('center_axis',(0.,-1.,0.));
#13987=DIRECTION('ref_axis',(-0.999999999999645,0.,-8.42796188393559E-7));
#13988=DIRECTION('center_axis',(0.,1.,0.));
#13989=DIRECTION('ref_axis',(-0.999999999999645,0.,-8.42796188393559E-7));
#13990=DIRECTION('center_axis',(0.,-1.,0.));
#13991=DIRECTION('ref_axis',(-0.999999999999645,0.,-8.42796188393559E-7));
#13992=DIRECTION('',(0.,-1.,0.));
#13993=DIRECTION('center_axis',(0.707106781186553,0.,0.707106781186542));
#13994=DIRECTION('ref_axis',(-0.707106781186542,0.,0.707106781186553));
#13995=DIRECTION('',(0.707106781186542,0.,-0.707106781186553));
#13996=DIRECTION('',(-0.707106781186542,0.,0.707106781186553));
#13997=DIRECTION('',(0.,-1.,0.));
#13998=DIRECTION('center_axis',(0.,-1.,0.));
#13999=DIRECTION('ref_axis',(0.999999999999678,0.,8.02955235634506E-7));
#14000=DIRECTION('center_axis',(0.,1.,0.));
#14001=DIRECTION('ref_axis',(0.999999999999678,0.,8.02955235634506E-7));
#14002=DIRECTION('center_axis',(0.,1.,0.));
#14003=DIRECTION('ref_axis',(0.999999999999678,0.,8.02955235634506E-7));
#14004=DIRECTION('',(0.,-1.,0.));
#14005=DIRECTION('center_axis',(-1.,0.,0.));
#14006=DIRECTION('ref_axis',(0.,0.,-1.));
#14007=DIRECTION('',(0.,0.,1.));
#14008=DIRECTION('',(0.,0.,-1.));
#14009=DIRECTION('',(0.,-1.,0.));
#14010=DIRECTION('center_axis',(0.,0.,1.));
#14011=DIRECTION('ref_axis',(-1.,0.,0.));
#14012=DIRECTION('',(-1.,0.,0.));
#14013=DIRECTION('',(-1.,0.,0.));
#14014=DIRECTION('',(0.,-1.,0.));
#14015=DIRECTION('center_axis',(1.,0.,0.));
#14016=DIRECTION('ref_axis',(0.,0.,1.));
#14017=DIRECTION('',(0.,0.,1.));
#14018=DIRECTION('',(0.,0.,1.));
#14019=DIRECTION('',(0.,-1.,0.));
#14020=DIRECTION('center_axis',(0.,-1.,0.));
#14021=DIRECTION('ref_axis',(1.,0.,0.));
#14022=DIRECTION('center_axis',(0.,1.,0.));
#14023=DIRECTION('ref_axis',(1.,0.,0.));
#14024=DIRECTION('center_axis',(0.,-1.,0.));
#14025=DIRECTION('ref_axis',(1.,0.,0.));
#14026=DIRECTION('center_axis',(0.,1.,0.));
#14027=DIRECTION('ref_axis',(1.,0.,0.));
#14028=DIRECTION('center_axis',(0.,1.,0.));
#14029=DIRECTION('ref_axis',(1.,0.,0.));
#14030=DIRECTION('center_axis',(-0.707106781186548,0.,-0.707106781186548));
#14031=DIRECTION('ref_axis',(0.707106781186548,0.,-0.707106781186548));
#14032=DIRECTION('',(0.707106781186547,0.,-0.707106781186547));
#14033=DIRECTION('',(0.,-1.,0.));
#14034=DIRECTION('',(0.707106781186547,0.,-0.707106781186547));
#14035=DIRECTION('',(0.,-1.,0.));
#14036=DIRECTION('center_axis',(0.,-1.,0.));
#14037=DIRECTION('ref_axis',(-1.,0.,0.));
#14038=DIRECTION('center_axis',(0.,1.,0.));
#14039=DIRECTION('ref_axis',(-1.,0.,0.));
#14040=DIRECTION('center_axis',(0.,1.,0.));
#14041=DIRECTION('ref_axis',(-1.,0.,0.));
#14042=DIRECTION('',(0.,-1.,0.));
#14043=DIRECTION('center_axis',(1.,0.,0.));
#14044=DIRECTION('ref_axis',(0.,0.,1.));
#14045=DIRECTION('',(0.,0.,-1.));
#14046=DIRECTION('',(0.,0.,1.));
#14047=DIRECTION('',(0.,-1.,0.));
#14048=DIRECTION('center_axis',(0.,-1.,0.));
#14049=DIRECTION('ref_axis',(0.707106781186548,0.,-0.707106781186548));
#14050=DIRECTION('center_axis',(0.,1.,0.));
#14051=DIRECTION('ref_axis',(0.707106781186548,0.,-0.707106781186548));
#14052=DIRECTION('center_axis',(0.,1.,0.));
#14053=DIRECTION('ref_axis',(0.707106781186548,0.,-0.707106781186548));
#14054=DIRECTION('',(0.,-1.,0.));
#14055=DIRECTION('center_axis',(-0.707106781186548,0.,0.707106781186548));
#14056=DIRECTION('ref_axis',(-0.707106781186548,0.,-0.707106781186548));
#14057=DIRECTION('',(0.707106781186548,0.,0.707106781186548));
#14058=DIRECTION('',(-0.707106781186548,0.,-0.707106781186548));
#14059=DIRECTION('',(0.,-1.,0.));
#14060=DIRECTION('center_axis',(0.,-1.,0.));
#14061=DIRECTION('ref_axis',(-0.707106781186548,0.,0.707106781186548));
#14062=DIRECTION('center_axis',(0.,1.,0.));
#14063=DIRECTION('ref_axis',(-0.707106781186548,0.,0.707106781186548));
#14064=DIRECTION('center_axis',(0.,-1.,0.));
#14065=DIRECTION('ref_axis',(-0.707106781186548,0.,0.707106781186548));
#14066=DIRECTION('',(0.,-1.,0.));
#14067=DIRECTION('center_axis',(1.,0.,6.28960996294042E-13));
#14068=DIRECTION('ref_axis',(-6.28960996294042E-13,0.,1.));
#14069=DIRECTION('',(6.28960996294042E-13,0.,-1.));
#14070=DIRECTION('',(-6.28960996294042E-13,0.,1.));
#14071=DIRECTION('',(0.,-1.,0.));
#14072=DIRECTION('center_axis',(-6.24500451334802E-15,0.,-1.));
#14073=DIRECTION('ref_axis',(1.,0.,-6.24500451334802E-15));
#14074=DIRECTION('',(-1.,0.,6.24500451334802E-15));
#14075=DIRECTION('',(1.,0.,-6.24500451334802E-15));
#14076=DIRECTION('',(0.,-1.,0.));
#14077=DIRECTION('center_axis',(-1.,0.,0.));
#14078=DIRECTION('ref_axis',(0.,0.,-1.));
#14079=DIRECTION('',(0.,0.,-1.));
#14080=DIRECTION('',(0.,0.,-1.));
#14081=DIRECTION('',(0.,-1.,0.));
#14082=DIRECTION('center_axis',(0.,-1.,0.));
#14083=DIRECTION('ref_axis',(-0.707107592139554,0.,0.707105970232611));
#14084=DIRECTION('center_axis',(0.,1.,0.));
#14085=DIRECTION('ref_axis',(-0.707107592139554,0.,0.707105970232611));
#14086=DIRECTION('center_axis',(0.,1.,0.));
#14087=DIRECTION('ref_axis',(-0.707107592139554,0.,0.707105970232611));
#14088=DIRECTION('',(0.,-1.,0.));
#14089=DIRECTION('center_axis',(0.707106781186543,0.,-0.707106781186552));
#14090=DIRECTION('ref_axis',(0.707106781186552,0.,0.707106781186543));
#14091=DIRECTION('',(0.707106781186552,0.,0.707106781186543));
#14092=DIRECTION('',(0.707106781186552,0.,0.707106781186543));
#14093=DIRECTION('',(0.,-1.,0.));
#14094=DIRECTION('center_axis',(0.,-1.,0.));
#14095=DIRECTION('ref_axis',(0.707107235683937,0.,-0.707106326688866));
#14096=DIRECTION('center_axis',(0.,1.,0.));
#14097=DIRECTION('ref_axis',(0.707107235683937,0.,-0.707106326688866));
#14098=DIRECTION('center_axis',(0.,-1.,0.));
#14099=DIRECTION('ref_axis',(0.707107235683937,0.,-0.707106326688866));
#14100=DIRECTION('',(0.,-1.,0.));
#14101=DIRECTION('center_axis',(-1.,0.,0.));
#14102=DIRECTION('ref_axis',(0.,0.,-1.));
#14103=DIRECTION('',(0.,0.,-1.));
#14104=DIRECTION('',(0.,0.,-1.));
#14105=DIRECTION('',(0.,-1.,0.));
#14106=DIRECTION('center_axis',(0.,-1.,0.));
#14107=DIRECTION('ref_axis',(-0.999999999999645,0.,-8.42796188393559E-7));
#14108=DIRECTION('center_axis',(0.,1.,0.));
#14109=DIRECTION('ref_axis',(-0.999999999999645,0.,-8.42796188393559E-7));
#14110=DIRECTION('center_axis',(0.,-1.,0.));
#14111=DIRECTION('ref_axis',(-0.999999999999645,0.,-8.42796188393559E-7));
#14112=DIRECTION('',(0.,-1.,0.));
#14113=DIRECTION('center_axis',(0.707106781186553,0.,0.707106781186542));
#14114=DIRECTION('ref_axis',(-0.707106781186542,0.,0.707106781186553));
#14115=DIRECTION('',(0.707106781186542,0.,-0.707106781186553));
#14116=DIRECTION('',(-0.707106781186542,0.,0.707106781186553));
#14117=DIRECTION('',(0.,-1.,0.));
#14118=DIRECTION('center_axis',(0.,-1.,0.));
#14119=DIRECTION('ref_axis',(0.999999999999678,0.,8.02955235634506E-7));
#14120=DIRECTION('center_axis',(0.,1.,0.));
#14121=DIRECTION('ref_axis',(0.999999999999678,0.,8.02955235634506E-7));
#14122=DIRECTION('center_axis',(0.,1.,0.));
#14123=DIRECTION('ref_axis',(0.999999999999678,0.,8.02955235634506E-7));
#14124=DIRECTION('',(0.,-1.,0.));
#14125=DIRECTION('center_axis',(-1.,0.,0.));
#14126=DIRECTION('ref_axis',(0.,0.,-1.));
#14127=DIRECTION('',(0.,0.,1.));
#14128=DIRECTION('',(0.,0.,-1.));
#14129=DIRECTION('',(0.,-1.,0.));
#14130=DIRECTION('center_axis',(0.,0.,1.));
#14131=DIRECTION('ref_axis',(-1.,0.,0.));
#14132=DIRECTION('',(-1.,0.,0.));
#14133=DIRECTION('',(-1.,0.,0.));
#14134=DIRECTION('',(0.,-1.,0.));
#14135=DIRECTION('center_axis',(1.,0.,0.));
#14136=DIRECTION('ref_axis',(0.,0.,1.));
#14137=DIRECTION('',(0.,0.,1.));
#14138=DIRECTION('',(0.,0.,1.));
#14139=DIRECTION('',(0.,-1.,0.));
#14140=DIRECTION('center_axis',(0.,-1.,0.));
#14141=DIRECTION('ref_axis',(1.,0.,0.));
#14142=DIRECTION('center_axis',(0.,1.,0.));
#14143=DIRECTION('ref_axis',(1.,0.,0.));
#14144=DIRECTION('center_axis',(0.,-1.,0.));
#14145=DIRECTION('ref_axis',(1.,0.,0.));
#14146=DIRECTION('center_axis',(0.,1.,0.));
#14147=DIRECTION('ref_axis',(1.,0.,0.));
#14148=DIRECTION('center_axis',(0.,1.,0.));
#14149=DIRECTION('ref_axis',(1.,0.,0.));
#14150=DIRECTION('center_axis',(-0.707106781186548,0.,-0.707106781186548));
#14151=DIRECTION('ref_axis',(0.707106781186548,0.,-0.707106781186548));
#14152=DIRECTION('',(0.707106781186547,0.,-0.707106781186547));
#14153=DIRECTION('',(0.,-1.,0.));
#14154=DIRECTION('',(0.707106781186547,0.,-0.707106781186547));
#14155=DIRECTION('',(0.,-1.,0.));
#14156=DIRECTION('center_axis',(0.,-1.,0.));
#14157=DIRECTION('ref_axis',(-1.,0.,0.));
#14158=DIRECTION('center_axis',(0.,1.,0.));
#14159=DIRECTION('ref_axis',(-1.,0.,0.));
#14160=DIRECTION('center_axis',(0.,1.,0.));
#14161=DIRECTION('ref_axis',(-1.,0.,0.));
#14162=DIRECTION('',(0.,-1.,0.));
#14163=DIRECTION('center_axis',(1.,0.,0.));
#14164=DIRECTION('ref_axis',(0.,0.,1.));
#14165=DIRECTION('',(0.,0.,-1.));
#14166=DIRECTION('',(0.,0.,1.));
#14167=DIRECTION('',(0.,-1.,0.));
#14168=DIRECTION('center_axis',(0.,-1.,0.));
#14169=DIRECTION('ref_axis',(0.707106781186548,0.,-0.707106781186548));
#14170=DIRECTION('center_axis',(0.,1.,0.));
#14171=DIRECTION('ref_axis',(0.707106781186548,0.,-0.707106781186548));
#14172=DIRECTION('center_axis',(0.,1.,0.));
#14173=DIRECTION('ref_axis',(0.707106781186548,0.,-0.707106781186548));
#14174=DIRECTION('',(0.,-1.,0.));
#14175=DIRECTION('center_axis',(-0.707106781186548,0.,0.707106781186548));
#14176=DIRECTION('ref_axis',(-0.707106781186548,0.,-0.707106781186548));
#14177=DIRECTION('',(0.707106781186548,0.,0.707106781186548));
#14178=DIRECTION('',(-0.707106781186548,0.,-0.707106781186548));
#14179=DIRECTION('',(0.,-1.,0.));
#14180=DIRECTION('center_axis',(0.,-1.,0.));
#14181=DIRECTION('ref_axis',(-0.707106781186548,0.,0.707106781186548));
#14182=DIRECTION('center_axis',(0.,1.,0.));
#14183=DIRECTION('ref_axis',(-0.707106781186548,0.,0.707106781186548));
#14184=DIRECTION('center_axis',(0.,-1.,0.));
#14185=DIRECTION('ref_axis',(-0.707106781186548,0.,0.707106781186548));
#14186=DIRECTION('',(0.,-1.,0.));
#14187=DIRECTION('center_axis',(1.,0.,6.28960996294042E-13));
#14188=DIRECTION('ref_axis',(-6.28960996294042E-13,0.,1.));
#14189=DIRECTION('',(6.28960996294042E-13,0.,-1.));
#14190=DIRECTION('',(-6.28960996294042E-13,0.,1.));
#14191=DIRECTION('',(0.,-1.,0.));
#14192=DIRECTION('center_axis',(-6.24500451334802E-15,0.,-1.));
#14193=DIRECTION('ref_axis',(1.,0.,-6.24500451334802E-15));
#14194=DIRECTION('',(-1.,0.,6.24500451334802E-15));
#14195=DIRECTION('',(1.,0.,-6.24500451334802E-15));
#14196=DIRECTION('',(0.,-1.,0.));
#14197=DIRECTION('center_axis',(-1.,0.,0.));
#14198=DIRECTION('ref_axis',(0.,0.,-1.));
#14199=DIRECTION('',(0.,0.,-1.));
#14200=DIRECTION('',(0.,0.,-1.));
#14201=DIRECTION('',(0.,-1.,0.));
#14202=DIRECTION('center_axis',(0.,-1.,0.));
#14203=DIRECTION('ref_axis',(-0.707107592139554,0.,0.707105970232611));
#14204=DIRECTION('center_axis',(0.,1.,0.));
#14205=DIRECTION('ref_axis',(-0.707107592139554,0.,0.707105970232611));
#14206=DIRECTION('center_axis',(0.,1.,0.));
#14207=DIRECTION('ref_axis',(-0.707107592139554,0.,0.707105970232611));
#14208=DIRECTION('',(0.,-1.,0.));
#14209=DIRECTION('center_axis',(0.707106781186543,0.,-0.707106781186552));
#14210=DIRECTION('ref_axis',(0.707106781186552,0.,0.707106781186543));
#14211=DIRECTION('',(0.707106781186552,0.,0.707106781186543));
#14212=DIRECTION('',(0.707106781186552,0.,0.707106781186543));
#14213=DIRECTION('',(0.,-1.,0.));
#14214=DIRECTION('center_axis',(0.,-1.,0.));
#14215=DIRECTION('ref_axis',(0.707107235683937,0.,-0.707106326688866));
#14216=DIRECTION('center_axis',(0.,1.,0.));
#14217=DIRECTION('ref_axis',(0.707107235683937,0.,-0.707106326688866));
#14218=DIRECTION('center_axis',(0.,-1.,0.));
#14219=DIRECTION('ref_axis',(0.707107235683937,0.,-0.707106326688866));
#14220=DIRECTION('',(0.,-1.,0.));
#14221=DIRECTION('center_axis',(-1.,0.,0.));
#14222=DIRECTION('ref_axis',(0.,0.,-1.));
#14223=DIRECTION('',(0.,0.,-1.));
#14224=DIRECTION('',(0.,0.,-1.));
#14225=DIRECTION('',(0.,-1.,0.));
#14226=DIRECTION('center_axis',(0.,-1.,0.));
#14227=DIRECTION('ref_axis',(-0.999999999999645,0.,-8.42796188393559E-7));
#14228=DIRECTION('center_axis',(0.,1.,0.));
#14229=DIRECTION('ref_axis',(-0.999999999999645,0.,-8.42796188393559E-7));
#14230=DIRECTION('center_axis',(0.,-1.,0.));
#14231=DIRECTION('ref_axis',(-0.999999999999645,0.,-8.42796188393559E-7));
#14232=DIRECTION('',(0.,-1.,0.));
#14233=DIRECTION('center_axis',(0.707106781186553,0.,0.707106781186542));
#14234=DIRECTION('ref_axis',(-0.707106781186542,0.,0.707106781186553));
#14235=DIRECTION('',(0.707106781186542,0.,-0.707106781186553));
#14236=DIRECTION('',(-0.707106781186542,0.,0.707106781186553));
#14237=DIRECTION('',(0.,-1.,0.));
#14238=DIRECTION('center_axis',(0.,-1.,0.));
#14239=DIRECTION('ref_axis',(0.999999999999678,0.,8.02955235634506E-7));
#14240=DIRECTION('center_axis',(0.,1.,0.));
#14241=DIRECTION('ref_axis',(0.999999999999678,0.,8.02955235634506E-7));
#14242=DIRECTION('center_axis',(0.,1.,0.));
#14243=DIRECTION('ref_axis',(0.999999999999678,0.,8.02955235634506E-7));
#14244=DIRECTION('',(0.,-1.,0.));
#14245=DIRECTION('center_axis',(-1.,0.,0.));
#14246=DIRECTION('ref_axis',(0.,0.,-1.));
#14247=DIRECTION('',(0.,0.,1.));
#14248=DIRECTION('',(0.,0.,-1.));
#14249=DIRECTION('',(0.,-1.,0.));
#14250=DIRECTION('center_axis',(0.,0.,1.));
#14251=DIRECTION('ref_axis',(-1.,0.,0.));
#14252=DIRECTION('',(-1.,0.,0.));
#14253=DIRECTION('',(-1.,0.,0.));
#14254=DIRECTION('',(0.,-1.,0.));
#14255=DIRECTION('center_axis',(1.,0.,0.));
#14256=DIRECTION('ref_axis',(0.,0.,1.));
#14257=DIRECTION('',(0.,0.,1.));
#14258=DIRECTION('',(0.,0.,1.));
#14259=DIRECTION('',(0.,-1.,0.));
#14260=DIRECTION('center_axis',(0.,-1.,0.));
#14261=DIRECTION('ref_axis',(1.,0.,0.));
#14262=DIRECTION('center_axis',(0.,1.,0.));
#14263=DIRECTION('ref_axis',(1.,0.,0.));
#14264=DIRECTION('center_axis',(0.,-1.,0.));
#14265=DIRECTION('ref_axis',(1.,0.,0.));
#14266=DIRECTION('center_axis',(0.,1.,0.));
#14267=DIRECTION('ref_axis',(1.,0.,0.));
#14268=DIRECTION('center_axis',(0.,1.,0.));
#14269=DIRECTION('ref_axis',(1.,0.,0.));
#14270=DIRECTION('center_axis',(-0.707106781186548,0.,-0.707106781186548));
#14271=DIRECTION('ref_axis',(0.707106781186548,0.,-0.707106781186548));
#14272=DIRECTION('',(0.707106781186547,0.,-0.707106781186547));
#14273=DIRECTION('',(0.,-1.,0.));
#14274=DIRECTION('',(0.707106781186547,0.,-0.707106781186547));
#14275=DIRECTION('',(0.,-1.,0.));
#14276=DIRECTION('center_axis',(0.,-1.,0.));
#14277=DIRECTION('ref_axis',(-1.,0.,0.));
#14278=DIRECTION('center_axis',(0.,1.,0.));
#14279=DIRECTION('ref_axis',(-1.,0.,0.));
#14280=DIRECTION('center_axis',(0.,1.,0.));
#14281=DIRECTION('ref_axis',(-1.,0.,0.));
#14282=DIRECTION('',(0.,-1.,0.));
#14283=DIRECTION('center_axis',(1.,0.,0.));
#14284=DIRECTION('ref_axis',(0.,0.,1.));
#14285=DIRECTION('',(0.,0.,-1.));
#14286=DIRECTION('',(0.,0.,1.));
#14287=DIRECTION('',(0.,-1.,0.));
#14288=DIRECTION('center_axis',(0.,-1.,0.));
#14289=DIRECTION('ref_axis',(0.707106781186548,0.,-0.707106781186548));
#14290=DIRECTION('center_axis',(0.,1.,0.));
#14291=DIRECTION('ref_axis',(0.707106781186548,0.,-0.707106781186548));
#14292=DIRECTION('center_axis',(0.,1.,0.));
#14293=DIRECTION('ref_axis',(0.707106781186548,0.,-0.707106781186548));
#14294=DIRECTION('',(0.,-1.,0.));
#14295=DIRECTION('center_axis',(-0.707106781186548,0.,0.707106781186548));
#14296=DIRECTION('ref_axis',(-0.707106781186548,0.,-0.707106781186548));
#14297=DIRECTION('',(0.707106781186548,0.,0.707106781186548));
#14298=DIRECTION('',(-0.707106781186548,0.,-0.707106781186548));
#14299=DIRECTION('',(0.,-1.,0.));
#14300=DIRECTION('center_axis',(0.,-1.,0.));
#14301=DIRECTION('ref_axis',(-0.707106781186548,0.,0.707106781186548));
#14302=DIRECTION('center_axis',(0.,1.,0.));
#14303=DIRECTION('ref_axis',(-0.707106781186548,0.,0.707106781186548));
#14304=DIRECTION('center_axis',(0.,-1.,0.));
#14305=DIRECTION('ref_axis',(-0.707106781186548,0.,0.707106781186548));
#14306=DIRECTION('',(0.,-1.,0.));
#14307=DIRECTION('center_axis',(1.,0.,6.28960996294042E-13));
#14308=DIRECTION('ref_axis',(-6.28960996294042E-13,0.,1.));
#14309=DIRECTION('',(6.28960996294042E-13,0.,-1.));
#14310=DIRECTION('',(-6.28960996294042E-13,0.,1.));
#14311=DIRECTION('',(0.,-1.,0.));
#14312=DIRECTION('center_axis',(-6.24500451334802E-15,0.,-1.));
#14313=DIRECTION('ref_axis',(1.,0.,-6.24500451334802E-15));
#14314=DIRECTION('',(-1.,0.,6.24500451334802E-15));
#14315=DIRECTION('',(1.,0.,-6.24500451334802E-15));
#14316=DIRECTION('',(0.,-1.,0.));
#14317=DIRECTION('center_axis',(-1.,0.,0.));
#14318=DIRECTION('ref_axis',(0.,0.,-1.));
#14319=DIRECTION('',(0.,0.,-1.));
#14320=DIRECTION('',(0.,0.,-1.));
#14321=DIRECTION('',(0.,-1.,0.));
#14322=DIRECTION('center_axis',(0.,-1.,0.));
#14323=DIRECTION('ref_axis',(-0.707107592139554,0.,0.707105970232611));
#14324=DIRECTION('center_axis',(0.,1.,0.));
#14325=DIRECTION('ref_axis',(-0.707107592139554,0.,0.707105970232611));
#14326=DIRECTION('center_axis',(0.,1.,0.));
#14327=DIRECTION('ref_axis',(-0.707107592139554,0.,0.707105970232611));
#14328=DIRECTION('',(0.,-1.,0.));
#14329=DIRECTION('center_axis',(0.707106781186543,0.,-0.707106781186552));
#14330=DIRECTION('ref_axis',(0.707106781186552,0.,0.707106781186543));
#14331=DIRECTION('',(0.707106781186552,0.,0.707106781186543));
#14332=DIRECTION('',(0.707106781186552,0.,0.707106781186543));
#14333=DIRECTION('',(0.,-1.,0.));
#14334=DIRECTION('center_axis',(0.,-1.,0.));
#14335=DIRECTION('ref_axis',(0.707107235683937,0.,-0.707106326688866));
#14336=DIRECTION('center_axis',(0.,1.,0.));
#14337=DIRECTION('ref_axis',(0.707107235683937,0.,-0.707106326688866));
#14338=DIRECTION('center_axis',(0.,-1.,0.));
#14339=DIRECTION('ref_axis',(0.707107235683937,0.,-0.707106326688866));
#14340=DIRECTION('',(0.,-1.,0.));
#14341=DIRECTION('center_axis',(-1.,0.,0.));
#14342=DIRECTION('ref_axis',(0.,0.,-1.));
#14343=DIRECTION('',(0.,0.,-1.));
#14344=DIRECTION('',(0.,0.,-1.));
#14345=DIRECTION('',(0.,-1.,0.));
#14346=DIRECTION('center_axis',(0.,-1.,0.));
#14347=DIRECTION('ref_axis',(-0.999999999999645,0.,-8.42796188393559E-7));
#14348=DIRECTION('center_axis',(0.,1.,0.));
#14349=DIRECTION('ref_axis',(-0.999999999999645,0.,-8.42796188393559E-7));
#14350=DIRECTION('center_axis',(0.,-1.,0.));
#14351=DIRECTION('ref_axis',(-0.999999999999645,0.,-8.42796188393559E-7));
#14352=DIRECTION('',(0.,-1.,0.));
#14353=DIRECTION('center_axis',(0.707106781186553,0.,0.707106781186542));
#14354=DIRECTION('ref_axis',(-0.707106781186542,0.,0.707106781186553));
#14355=DIRECTION('',(0.707106781186542,0.,-0.707106781186553));
#14356=DIRECTION('',(-0.707106781186542,0.,0.707106781186553));
#14357=DIRECTION('',(0.,-1.,0.));
#14358=DIRECTION('center_axis',(0.,-1.,0.));
#14359=DIRECTION('ref_axis',(0.999999999999678,0.,8.02955235634506E-7));
#14360=DIRECTION('center_axis',(0.,1.,0.));
#14361=DIRECTION('ref_axis',(0.999999999999678,0.,8.02955235634506E-7));
#14362=DIRECTION('center_axis',(0.,1.,0.));
#14363=DIRECTION('ref_axis',(0.999999999999678,0.,8.02955235634506E-7));
#14364=DIRECTION('',(0.,-1.,0.));
#14365=DIRECTION('center_axis',(-1.,0.,0.));
#14366=DIRECTION('ref_axis',(0.,0.,-1.));
#14367=DIRECTION('',(0.,0.,1.));
#14368=DIRECTION('',(0.,0.,-1.));
#14369=DIRECTION('',(0.,-1.,0.));
#14370=DIRECTION('center_axis',(0.,0.,1.));
#14371=DIRECTION('ref_axis',(-1.,0.,0.));
#14372=DIRECTION('',(-1.,0.,0.));
#14373=DIRECTION('',(-1.,0.,0.));
#14374=DIRECTION('',(0.,-1.,0.));
#14375=DIRECTION('center_axis',(1.,0.,0.));
#14376=DIRECTION('ref_axis',(0.,0.,1.));
#14377=DIRECTION('',(0.,0.,1.));
#14378=DIRECTION('',(0.,0.,1.));
#14379=DIRECTION('',(0.,-1.,0.));
#14380=DIRECTION('center_axis',(0.,-1.,0.));
#14381=DIRECTION('ref_axis',(1.,0.,0.));
#14382=DIRECTION('center_axis',(0.,1.,0.));
#14383=DIRECTION('ref_axis',(1.,0.,0.));
#14384=DIRECTION('center_axis',(0.,-1.,0.));
#14385=DIRECTION('ref_axis',(1.,0.,0.));
#14386=DIRECTION('center_axis',(0.,1.,0.));
#14387=DIRECTION('ref_axis',(1.,0.,0.));
#14388=DIRECTION('center_axis',(0.,1.,0.));
#14389=DIRECTION('ref_axis',(1.,0.,0.));
#14390=DIRECTION('center_axis',(-0.707106781186548,0.,-0.707106781186548));
#14391=DIRECTION('ref_axis',(0.707106781186548,0.,-0.707106781186548));
#14392=DIRECTION('',(0.707106781186547,0.,-0.707106781186547));
#14393=DIRECTION('',(0.,-1.,0.));
#14394=DIRECTION('',(0.707106781186547,0.,-0.707106781186547));
#14395=DIRECTION('',(0.,-1.,0.));
#14396=DIRECTION('center_axis',(0.,-1.,0.));
#14397=DIRECTION('ref_axis',(-1.,0.,0.));
#14398=DIRECTION('center_axis',(0.,1.,0.));
#14399=DIRECTION('ref_axis',(-1.,0.,0.));
#14400=DIRECTION('center_axis',(0.,1.,0.));
#14401=DIRECTION('ref_axis',(-1.,0.,0.));
#14402=DIRECTION('',(0.,-1.,0.));
#14403=DIRECTION('center_axis',(1.,0.,0.));
#14404=DIRECTION('ref_axis',(0.,0.,1.));
#14405=DIRECTION('',(0.,0.,-1.));
#14406=DIRECTION('',(0.,0.,1.));
#14407=DIRECTION('',(0.,-1.,0.));
#14408=DIRECTION('center_axis',(0.,-1.,0.));
#14409=DIRECTION('ref_axis',(0.707106781186548,0.,-0.707106781186548));
#14410=DIRECTION('center_axis',(0.,1.,0.));
#14411=DIRECTION('ref_axis',(0.707106781186548,0.,-0.707106781186548));
#14412=DIRECTION('center_axis',(0.,1.,0.));
#14413=DIRECTION('ref_axis',(0.707106781186548,0.,-0.707106781186548));
#14414=DIRECTION('',(0.,-1.,0.));
#14415=DIRECTION('center_axis',(-0.707106781186548,0.,0.707106781186548));
#14416=DIRECTION('ref_axis',(-0.707106781186548,0.,-0.707106781186548));
#14417=DIRECTION('',(0.707106781186548,0.,0.707106781186548));
#14418=DIRECTION('',(-0.707106781186548,0.,-0.707106781186548));
#14419=DIRECTION('',(0.,-1.,0.));
#14420=DIRECTION('center_axis',(0.,-1.,0.));
#14421=DIRECTION('ref_axis',(-0.707106781186548,0.,0.707106781186548));
#14422=DIRECTION('center_axis',(0.,1.,0.));
#14423=DIRECTION('ref_axis',(-0.707106781186548,0.,0.707106781186548));
#14424=DIRECTION('center_axis',(0.,-1.,0.));
#14425=DIRECTION('ref_axis',(-0.707106781186548,0.,0.707106781186548));
#14426=DIRECTION('',(0.,-1.,0.));
#14427=DIRECTION('center_axis',(1.,0.,6.28960996294042E-13));
#14428=DIRECTION('ref_axis',(-6.28960996294042E-13,0.,1.));
#14429=DIRECTION('',(6.28960996294042E-13,0.,-1.));
#14430=DIRECTION('',(-6.28960996294042E-13,0.,1.));
#14431=DIRECTION('',(0.,-1.,0.));
#14432=DIRECTION('center_axis',(-6.24500451334802E-15,0.,-1.));
#14433=DIRECTION('ref_axis',(1.,0.,-6.24500451334802E-15));
#14434=DIRECTION('',(-1.,0.,6.24500451334802E-15));
#14435=DIRECTION('',(1.,0.,-6.24500451334802E-15));
#14436=DIRECTION('',(0.,-1.,0.));
#14437=DIRECTION('center_axis',(-1.,0.,0.));
#14438=DIRECTION('ref_axis',(0.,0.,-1.));
#14439=DIRECTION('',(0.,0.,-1.));
#14440=DIRECTION('',(0.,0.,-1.));
#14441=DIRECTION('',(0.,-1.,0.));
#14442=DIRECTION('center_axis',(0.,-1.,0.));
#14443=DIRECTION('ref_axis',(-0.707107592139554,0.,0.707105970232611));
#14444=DIRECTION('center_axis',(0.,1.,0.));
#14445=DIRECTION('ref_axis',(-0.707107592139554,0.,0.707105970232611));
#14446=DIRECTION('center_axis',(0.,1.,0.));
#14447=DIRECTION('ref_axis',(-0.707107592139554,0.,0.707105970232611));
#14448=DIRECTION('',(0.,-1.,0.));
#14449=DIRECTION('center_axis',(0.707106781186543,0.,-0.707106781186552));
#14450=DIRECTION('ref_axis',(0.707106781186552,0.,0.707106781186543));
#14451=DIRECTION('',(0.707106781186552,0.,0.707106781186543));
#14452=DIRECTION('',(0.707106781186552,0.,0.707106781186543));
#14453=DIRECTION('',(0.,-1.,0.));
#14454=DIRECTION('center_axis',(0.,-1.,0.));
#14455=DIRECTION('ref_axis',(0.707107235683937,0.,-0.707106326688866));
#14456=DIRECTION('center_axis',(0.,1.,0.));
#14457=DIRECTION('ref_axis',(0.707107235683937,0.,-0.707106326688866));
#14458=DIRECTION('center_axis',(0.,-1.,0.));
#14459=DIRECTION('ref_axis',(0.707107235683937,0.,-0.707106326688866));
#14460=DIRECTION('',(0.,-1.,0.));
#14461=DIRECTION('center_axis',(-1.,0.,0.));
#14462=DIRECTION('ref_axis',(0.,0.,-1.));
#14463=DIRECTION('',(0.,0.,-1.));
#14464=DIRECTION('',(0.,0.,-1.));
#14465=DIRECTION('',(0.,-1.,0.));
#14466=DIRECTION('center_axis',(0.,-1.,0.));
#14467=DIRECTION('ref_axis',(-0.999999999999645,0.,-8.42796188393559E-7));
#14468=DIRECTION('center_axis',(0.,1.,0.));
#14469=DIRECTION('ref_axis',(-0.999999999999645,0.,-8.42796188393559E-7));
#14470=DIRECTION('center_axis',(0.,-1.,0.));
#14471=DIRECTION('ref_axis',(-0.999999999999645,0.,-8.42796188393559E-7));
#14472=DIRECTION('',(0.,-1.,0.));
#14473=DIRECTION('center_axis',(0.707106781186553,0.,0.707106781186542));
#14474=DIRECTION('ref_axis',(-0.707106781186542,0.,0.707106781186553));
#14475=DIRECTION('',(0.707106781186542,0.,-0.707106781186553));
#14476=DIRECTION('',(-0.707106781186542,0.,0.707106781186553));
#14477=DIRECTION('',(0.,-1.,0.));
#14478=DIRECTION('center_axis',(0.,-1.,0.));
#14479=DIRECTION('ref_axis',(0.999999999999678,0.,8.02955235634506E-7));
#14480=DIRECTION('center_axis',(0.,1.,0.));
#14481=DIRECTION('ref_axis',(0.999999999999678,0.,8.02955235634506E-7));
#14482=DIRECTION('center_axis',(0.,1.,0.));
#14483=DIRECTION('ref_axis',(0.999999999999678,0.,8.02955235634506E-7));
#14484=DIRECTION('',(0.,-1.,0.));
#14485=DIRECTION('center_axis',(-1.,0.,0.));
#14486=DIRECTION('ref_axis',(0.,0.,-1.));
#14487=DIRECTION('',(0.,0.,1.));
#14488=DIRECTION('',(0.,0.,-1.));
#14489=DIRECTION('',(0.,-1.,0.));
#14490=DIRECTION('center_axis',(0.,0.,1.));
#14491=DIRECTION('ref_axis',(-1.,0.,0.));
#14492=DIRECTION('',(-1.,0.,0.));
#14493=DIRECTION('',(-1.,0.,0.));
#14494=DIRECTION('',(0.,-1.,0.));
#14495=DIRECTION('center_axis',(1.,0.,0.));
#14496=DIRECTION('ref_axis',(0.,0.,1.));
#14497=DIRECTION('',(0.,0.,1.));
#14498=DIRECTION('',(0.,0.,1.));
#14499=DIRECTION('',(0.,-1.,0.));
#14500=DIRECTION('center_axis',(0.,-1.,0.));
#14501=DIRECTION('ref_axis',(1.,0.,0.));
#14502=DIRECTION('center_axis',(0.,1.,0.));
#14503=DIRECTION('ref_axis',(1.,0.,0.));
#14504=DIRECTION('center_axis',(0.,-1.,0.));
#14505=DIRECTION('ref_axis',(1.,0.,0.));
#14506=DIRECTION('center_axis',(0.,1.,0.));
#14507=DIRECTION('ref_axis',(1.,0.,0.));
#14508=DIRECTION('center_axis',(0.,1.,0.));
#14509=DIRECTION('ref_axis',(1.,0.,0.));
#14510=DIRECTION('center_axis',(-0.707106781186548,0.,-0.707106781186548));
#14511=DIRECTION('ref_axis',(0.707106781186548,0.,-0.707106781186548));
#14512=DIRECTION('',(0.707106781186547,0.,-0.707106781186547));
#14513=DIRECTION('',(0.,-1.,0.));
#14514=DIRECTION('',(0.707106781186547,0.,-0.707106781186547));
#14515=DIRECTION('',(0.,-1.,0.));
#14516=DIRECTION('center_axis',(0.,-1.,0.));
#14517=DIRECTION('ref_axis',(-1.,0.,0.));
#14518=DIRECTION('center_axis',(0.,1.,0.));
#14519=DIRECTION('ref_axis',(-1.,0.,0.));
#14520=DIRECTION('center_axis',(0.,1.,0.));
#14521=DIRECTION('ref_axis',(-1.,0.,0.));
#14522=DIRECTION('',(0.,-1.,0.));
#14523=DIRECTION('center_axis',(1.,0.,0.));
#14524=DIRECTION('ref_axis',(0.,0.,1.));
#14525=DIRECTION('',(0.,0.,-1.));
#14526=DIRECTION('',(0.,0.,1.));
#14527=DIRECTION('',(0.,-1.,0.));
#14528=DIRECTION('center_axis',(0.,-1.,0.));
#14529=DIRECTION('ref_axis',(0.707106781186548,0.,-0.707106781186548));
#14530=DIRECTION('center_axis',(0.,1.,0.));
#14531=DIRECTION('ref_axis',(0.707106781186548,0.,-0.707106781186548));
#14532=DIRECTION('center_axis',(0.,1.,0.));
#14533=DIRECTION('ref_axis',(0.707106781186548,0.,-0.707106781186548));
#14534=DIRECTION('',(0.,-1.,0.));
#14535=DIRECTION('center_axis',(-0.707106781186548,0.,0.707106781186548));
#14536=DIRECTION('ref_axis',(-0.707106781186548,0.,-0.707106781186548));
#14537=DIRECTION('',(0.707106781186548,0.,0.707106781186548));
#14538=DIRECTION('',(-0.707106781186548,0.,-0.707106781186548));
#14539=DIRECTION('',(0.,-1.,0.));
#14540=DIRECTION('center_axis',(0.,-1.,0.));
#14541=DIRECTION('ref_axis',(-0.707106781186548,0.,0.707106781186548));
#14542=DIRECTION('center_axis',(0.,1.,0.));
#14543=DIRECTION('ref_axis',(-0.707106781186548,0.,0.707106781186548));
#14544=DIRECTION('center_axis',(0.,-1.,0.));
#14545=DIRECTION('ref_axis',(-0.707106781186548,0.,0.707106781186548));
#14546=DIRECTION('',(0.,-1.,0.));
#14547=DIRECTION('center_axis',(1.,0.,6.28960996294042E-13));
#14548=DIRECTION('ref_axis',(-6.28960996294042E-13,0.,1.));
#14549=DIRECTION('',(6.28960996294042E-13,0.,-1.));
#14550=DIRECTION('',(-6.28960996294042E-13,0.,1.));
#14551=DIRECTION('',(0.,-1.,0.));
#14552=DIRECTION('center_axis',(-6.24500451334802E-15,0.,-1.));
#14553=DIRECTION('ref_axis',(1.,0.,-6.24500451334802E-15));
#14554=DIRECTION('',(-1.,0.,6.24500451334802E-15));
#14555=DIRECTION('',(1.,0.,-6.24500451334802E-15));
#14556=DIRECTION('',(0.,-1.,0.));
#14557=DIRECTION('center_axis',(-1.,0.,0.));
#14558=DIRECTION('ref_axis',(0.,0.,-1.));
#14559=DIRECTION('',(0.,0.,-1.));
#14560=DIRECTION('',(0.,0.,-1.));
#14561=DIRECTION('',(0.,-1.,0.));
#14562=DIRECTION('center_axis',(0.,-1.,0.));
#14563=DIRECTION('ref_axis',(-0.707107592139554,0.,0.707105970232611));
#14564=DIRECTION('center_axis',(0.,1.,0.));
#14565=DIRECTION('ref_axis',(-0.707107592139554,0.,0.707105970232611));
#14566=DIRECTION('center_axis',(0.,1.,0.));
#14567=DIRECTION('ref_axis',(-0.707107592139554,0.,0.707105970232611));
#14568=DIRECTION('',(0.,-1.,0.));
#14569=DIRECTION('center_axis',(0.707106781186543,0.,-0.707106781186552));
#14570=DIRECTION('ref_axis',(0.707106781186552,0.,0.707106781186543));
#14571=DIRECTION('',(0.707106781186552,0.,0.707106781186543));
#14572=DIRECTION('',(0.707106781186552,0.,0.707106781186543));
#14573=DIRECTION('',(0.,-1.,0.));
#14574=DIRECTION('center_axis',(0.,-1.,0.));
#14575=DIRECTION('ref_axis',(0.707107235683937,0.,-0.707106326688866));
#14576=DIRECTION('center_axis',(0.,1.,0.));
#14577=DIRECTION('ref_axis',(0.707107235683937,0.,-0.707106326688866));
#14578=DIRECTION('center_axis',(0.,-1.,0.));
#14579=DIRECTION('ref_axis',(0.707107235683937,0.,-0.707106326688866));
#14580=DIRECTION('',(0.,-1.,0.));
#14581=DIRECTION('center_axis',(-1.,0.,0.));
#14582=DIRECTION('ref_axis',(0.,0.,-1.));
#14583=DIRECTION('',(0.,0.,-1.));
#14584=DIRECTION('',(0.,0.,-1.));
#14585=DIRECTION('',(0.,-1.,0.));
#14586=DIRECTION('center_axis',(0.,-1.,0.));
#14587=DIRECTION('ref_axis',(-0.999999999999645,0.,-8.42796188393559E-7));
#14588=DIRECTION('center_axis',(0.,1.,0.));
#14589=DIRECTION('ref_axis',(-0.999999999999645,0.,-8.42796188393559E-7));
#14590=DIRECTION('center_axis',(0.,-1.,0.));
#14591=DIRECTION('ref_axis',(-0.999999999999645,0.,-8.42796188393559E-7));
#14592=DIRECTION('',(0.,-1.,0.));
#14593=DIRECTION('center_axis',(0.707106781186553,0.,0.707106781186542));
#14594=DIRECTION('ref_axis',(-0.707106781186542,0.,0.707106781186553));
#14595=DIRECTION('',(0.707106781186542,0.,-0.707106781186553));
#14596=DIRECTION('',(-0.707106781186542,0.,0.707106781186553));
#14597=DIRECTION('',(0.,-1.,0.));
#14598=DIRECTION('center_axis',(0.,-1.,0.));
#14599=DIRECTION('ref_axis',(0.999999999999678,0.,8.02955235634506E-7));
#14600=DIRECTION('center_axis',(0.,1.,0.));
#14601=DIRECTION('ref_axis',(0.999999999999678,0.,8.02955235634506E-7));
#14602=DIRECTION('center_axis',(0.,1.,0.));
#14603=DIRECTION('ref_axis',(0.999999999999678,0.,8.02955235634506E-7));
#14604=DIRECTION('',(0.,-1.,0.));
#14605=DIRECTION('center_axis',(-1.,0.,0.));
#14606=DIRECTION('ref_axis',(0.,0.,-1.));
#14607=DIRECTION('',(0.,0.,1.));
#14608=DIRECTION('',(0.,0.,-1.));
#14609=DIRECTION('',(0.,-1.,0.));
#14610=DIRECTION('center_axis',(0.,0.,1.));
#14611=DIRECTION('ref_axis',(-1.,0.,0.));
#14612=DIRECTION('',(-1.,0.,0.));
#14613=DIRECTION('',(-1.,0.,0.));
#14614=DIRECTION('',(0.,-1.,0.));
#14615=DIRECTION('center_axis',(1.,0.,0.));
#14616=DIRECTION('ref_axis',(0.,0.,1.));
#14617=DIRECTION('',(0.,0.,1.));
#14618=DIRECTION('',(0.,0.,1.));
#14619=DIRECTION('',(0.,-1.,0.));
#14620=DIRECTION('center_axis',(0.,-1.,0.));
#14621=DIRECTION('ref_axis',(1.,0.,0.));
#14622=DIRECTION('center_axis',(0.,1.,0.));
#14623=DIRECTION('ref_axis',(1.,0.,0.));
#14624=DIRECTION('center_axis',(0.,-1.,0.));
#14625=DIRECTION('ref_axis',(1.,0.,0.));
#14626=DIRECTION('center_axis',(0.,1.,0.));
#14627=DIRECTION('ref_axis',(1.,0.,0.));
#14628=DIRECTION('center_axis',(0.,1.,0.));
#14629=DIRECTION('ref_axis',(1.,0.,0.));
#14630=DIRECTION('center_axis',(-0.707106781186548,0.,-0.707106781186548));
#14631=DIRECTION('ref_axis',(0.707106781186548,0.,-0.707106781186548));
#14632=DIRECTION('',(0.707106781186547,0.,-0.707106781186547));
#14633=DIRECTION('',(0.,-1.,0.));
#14634=DIRECTION('',(0.707106781186547,0.,-0.707106781186547));
#14635=DIRECTION('',(0.,-1.,0.));
#14636=DIRECTION('center_axis',(0.,-1.,0.));
#14637=DIRECTION('ref_axis',(-1.,0.,0.));
#14638=DIRECTION('center_axis',(0.,1.,0.));
#14639=DIRECTION('ref_axis',(-1.,0.,0.));
#14640=DIRECTION('center_axis',(0.,1.,0.));
#14641=DIRECTION('ref_axis',(-1.,0.,0.));
#14642=DIRECTION('',(0.,-1.,0.));
#14643=DIRECTION('center_axis',(1.,0.,0.));
#14644=DIRECTION('ref_axis',(0.,0.,1.));
#14645=DIRECTION('',(0.,0.,-1.));
#14646=DIRECTION('',(0.,0.,1.));
#14647=DIRECTION('',(0.,-1.,0.));
#14648=DIRECTION('center_axis',(0.,-1.,0.));
#14649=DIRECTION('ref_axis',(0.707106781186548,0.,-0.707106781186548));
#14650=DIRECTION('center_axis',(0.,1.,0.));
#14651=DIRECTION('ref_axis',(0.707106781186548,0.,-0.707106781186548));
#14652=DIRECTION('center_axis',(0.,1.,0.));
#14653=DIRECTION('ref_axis',(0.707106781186548,0.,-0.707106781186548));
#14654=DIRECTION('',(0.,-1.,0.));
#14655=DIRECTION('center_axis',(-0.707106781186548,0.,0.707106781186548));
#14656=DIRECTION('ref_axis',(-0.707106781186548,0.,-0.707106781186548));
#14657=DIRECTION('',(0.707106781186548,0.,0.707106781186548));
#14658=DIRECTION('',(-0.707106781186548,0.,-0.707106781186548));
#14659=DIRECTION('',(0.,-1.,0.));
#14660=DIRECTION('center_axis',(0.,-1.,0.));
#14661=DIRECTION('ref_axis',(-0.707106781186548,0.,0.707106781186548));
#14662=DIRECTION('center_axis',(0.,1.,0.));
#14663=DIRECTION('ref_axis',(-0.707106781186548,0.,0.707106781186548));
#14664=DIRECTION('center_axis',(0.,-1.,0.));
#14665=DIRECTION('ref_axis',(-0.707106781186548,0.,0.707106781186548));
#14666=DIRECTION('',(0.,-1.,0.));
#14667=DIRECTION('center_axis',(1.,0.,6.28960996294042E-13));
#14668=DIRECTION('ref_axis',(-6.28960996294042E-13,0.,1.));
#14669=DIRECTION('',(6.28960996294042E-13,0.,-1.));
#14670=DIRECTION('',(-6.28960996294042E-13,0.,1.));
#14671=DIRECTION('',(0.,-1.,0.));
#14672=DIRECTION('center_axis',(-6.24500451334802E-15,0.,-1.));
#14673=DIRECTION('ref_axis',(1.,0.,-6.24500451334802E-15));
#14674=DIRECTION('',(-1.,0.,6.24500451334802E-15));
#14675=DIRECTION('',(1.,0.,-6.24500451334802E-15));
#14676=DIRECTION('',(0.,-1.,0.));
#14677=DIRECTION('center_axis',(-1.,0.,0.));
#14678=DIRECTION('ref_axis',(0.,0.,-1.));
#14679=DIRECTION('',(0.,0.,-1.));
#14680=DIRECTION('',(0.,0.,-1.));
#14681=DIRECTION('',(0.,-1.,0.));
#14682=DIRECTION('center_axis',(0.,-1.,0.));
#14683=DIRECTION('ref_axis',(-0.707107592139554,0.,0.707105970232611));
#14684=DIRECTION('center_axis',(0.,1.,0.));
#14685=DIRECTION('ref_axis',(-0.707107592139554,0.,0.707105970232611));
#14686=DIRECTION('center_axis',(0.,1.,0.));
#14687=DIRECTION('ref_axis',(-0.707107592139554,0.,0.707105970232611));
#14688=DIRECTION('',(0.,-1.,0.));
#14689=DIRECTION('center_axis',(0.707106781186543,0.,-0.707106781186552));
#14690=DIRECTION('ref_axis',(0.707106781186552,0.,0.707106781186543));
#14691=DIRECTION('',(0.707106781186552,0.,0.707106781186543));
#14692=DIRECTION('',(0.707106781186552,0.,0.707106781186543));
#14693=DIRECTION('',(0.,-1.,0.));
#14694=DIRECTION('center_axis',(0.,-1.,0.));
#14695=DIRECTION('ref_axis',(0.707107235683937,0.,-0.707106326688866));
#14696=DIRECTION('center_axis',(0.,1.,0.));
#14697=DIRECTION('ref_axis',(0.707107235683937,0.,-0.707106326688866));
#14698=DIRECTION('center_axis',(0.,-1.,0.));
#14699=DIRECTION('ref_axis',(0.707107235683937,0.,-0.707106326688866));
#14700=DIRECTION('',(0.,-1.,0.));
#14701=DIRECTION('center_axis',(-1.,0.,0.));
#14702=DIRECTION('ref_axis',(0.,0.,-1.));
#14703=DIRECTION('',(0.,0.,-1.));
#14704=DIRECTION('',(0.,0.,-1.));
#14705=DIRECTION('',(0.,-1.,0.));
#14706=DIRECTION('center_axis',(0.,-1.,0.));
#14707=DIRECTION('ref_axis',(-0.999999999999645,0.,-8.42796188393559E-7));
#14708=DIRECTION('center_axis',(0.,1.,0.));
#14709=DIRECTION('ref_axis',(-0.999999999999645,0.,-8.42796188393559E-7));
#14710=DIRECTION('center_axis',(0.,-1.,0.));
#14711=DIRECTION('ref_axis',(-0.999999999999645,0.,-8.42796188393559E-7));
#14712=DIRECTION('',(0.,-1.,0.));
#14713=DIRECTION('center_axis',(0.707106781186553,0.,0.707106781186542));
#14714=DIRECTION('ref_axis',(-0.707106781186542,0.,0.707106781186553));
#14715=DIRECTION('',(0.707106781186542,0.,-0.707106781186553));
#14716=DIRECTION('',(-0.707106781186542,0.,0.707106781186553));
#14717=DIRECTION('',(0.,-1.,0.));
#14718=DIRECTION('center_axis',(0.,-1.,0.));
#14719=DIRECTION('ref_axis',(0.999999999999678,0.,8.02955235634506E-7));
#14720=DIRECTION('center_axis',(0.,1.,0.));
#14721=DIRECTION('ref_axis',(0.999999999999678,0.,8.02955235634506E-7));
#14722=DIRECTION('center_axis',(0.,1.,0.));
#14723=DIRECTION('ref_axis',(0.999999999999678,0.,8.02955235634506E-7));
#14724=DIRECTION('',(0.,-1.,0.));
#14725=DIRECTION('center_axis',(-1.,0.,0.));
#14726=DIRECTION('ref_axis',(0.,0.,-1.));
#14727=DIRECTION('',(0.,0.,1.));
#14728=DIRECTION('',(0.,0.,-1.));
#14729=DIRECTION('',(0.,-1.,0.));
#14730=DIRECTION('center_axis',(0.,0.,1.));
#14731=DIRECTION('ref_axis',(-1.,0.,0.));
#14732=DIRECTION('',(-1.,0.,0.));
#14733=DIRECTION('',(-1.,0.,0.));
#14734=DIRECTION('',(0.,-1.,0.));
#14735=DIRECTION('center_axis',(1.,0.,0.));
#14736=DIRECTION('ref_axis',(0.,0.,1.));
#14737=DIRECTION('',(0.,0.,1.));
#14738=DIRECTION('',(0.,0.,1.));
#14739=DIRECTION('',(0.,-1.,0.));
#14740=DIRECTION('center_axis',(0.,-1.,0.));
#14741=DIRECTION('ref_axis',(1.,0.,0.));
#14742=DIRECTION('center_axis',(0.,1.,0.));
#14743=DIRECTION('ref_axis',(1.,0.,0.));
#14744=DIRECTION('center_axis',(0.,-1.,0.));
#14745=DIRECTION('ref_axis',(1.,0.,0.));
#14746=DIRECTION('center_axis',(0.,1.,0.));
#14747=DIRECTION('ref_axis',(1.,0.,0.));
#14748=DIRECTION('center_axis',(0.,1.,0.));
#14749=DIRECTION('ref_axis',(1.,0.,0.));
#14750=DIRECTION('center_axis',(-0.707106781186548,0.,-0.707106781186548));
#14751=DIRECTION('ref_axis',(0.707106781186548,0.,-0.707106781186548));
#14752=DIRECTION('',(0.707106781186547,0.,-0.707106781186547));
#14753=DIRECTION('',(0.,-1.,0.));
#14754=DIRECTION('',(0.707106781186547,0.,-0.707106781186547));
#14755=DIRECTION('',(0.,-1.,0.));
#14756=DIRECTION('center_axis',(0.,-1.,0.));
#14757=DIRECTION('ref_axis',(-1.,0.,0.));
#14758=DIRECTION('center_axis',(0.,1.,0.));
#14759=DIRECTION('ref_axis',(-1.,0.,0.));
#14760=DIRECTION('center_axis',(0.,1.,0.));
#14761=DIRECTION('ref_axis',(-1.,0.,0.));
#14762=DIRECTION('',(0.,-1.,0.));
#14763=DIRECTION('center_axis',(1.,0.,0.));
#14764=DIRECTION('ref_axis',(0.,0.,1.));
#14765=DIRECTION('',(0.,0.,-1.));
#14766=DIRECTION('',(0.,0.,1.));
#14767=DIRECTION('',(0.,-1.,0.));
#14768=DIRECTION('center_axis',(0.,-1.,0.));
#14769=DIRECTION('ref_axis',(0.707106781186548,0.,-0.707106781186548));
#14770=DIRECTION('center_axis',(0.,1.,0.));
#14771=DIRECTION('ref_axis',(0.707106781186548,0.,-0.707106781186548));
#14772=DIRECTION('center_axis',(0.,1.,0.));
#14773=DIRECTION('ref_axis',(0.707106781186548,0.,-0.707106781186548));
#14774=DIRECTION('',(0.,-1.,0.));
#14775=DIRECTION('center_axis',(-0.707106781186548,0.,0.707106781186548));
#14776=DIRECTION('ref_axis',(-0.707106781186548,0.,-0.707106781186548));
#14777=DIRECTION('',(0.707106781186548,0.,0.707106781186548));
#14778=DIRECTION('',(-0.707106781186548,0.,-0.707106781186548));
#14779=DIRECTION('',(0.,-1.,0.));
#14780=DIRECTION('center_axis',(0.,-1.,0.));
#14781=DIRECTION('ref_axis',(-0.707106781186548,0.,0.707106781186548));
#14782=DIRECTION('center_axis',(0.,1.,0.));
#14783=DIRECTION('ref_axis',(-0.707106781186548,0.,0.707106781186548));
#14784=DIRECTION('center_axis',(0.,-1.,0.));
#14785=DIRECTION('ref_axis',(-0.707106781186548,0.,0.707106781186548));
#14786=DIRECTION('',(0.,-1.,0.));
#14787=DIRECTION('center_axis',(1.,0.,6.28960996294042E-13));
#14788=DIRECTION('ref_axis',(-6.28960996294042E-13,0.,1.));
#14789=DIRECTION('',(6.28960996294042E-13,0.,-1.));
#14790=DIRECTION('',(-6.28960996294042E-13,0.,1.));
#14791=DIRECTION('',(0.,-1.,0.));
#14792=DIRECTION('center_axis',(-6.24500451334802E-15,0.,-1.));
#14793=DIRECTION('ref_axis',(1.,0.,-6.24500451334802E-15));
#14794=DIRECTION('',(-1.,0.,6.24500451334802E-15));
#14795=DIRECTION('',(1.,0.,-6.24500451334802E-15));
#14796=DIRECTION('',(0.,-1.,0.));
#14797=DIRECTION('center_axis',(-1.,0.,0.));
#14798=DIRECTION('ref_axis',(0.,0.,-1.));
#14799=DIRECTION('',(0.,0.,-1.));
#14800=DIRECTION('',(0.,0.,-1.));
#14801=DIRECTION('',(0.,-1.,0.));
#14802=DIRECTION('center_axis',(0.,-1.,0.));
#14803=DIRECTION('ref_axis',(-0.707107592139554,0.,0.707105970232611));
#14804=DIRECTION('center_axis',(0.,1.,0.));
#14805=DIRECTION('ref_axis',(-0.707107592139554,0.,0.707105970232611));
#14806=DIRECTION('center_axis',(0.,1.,0.));
#14807=DIRECTION('ref_axis',(-0.707107592139554,0.,0.707105970232611));
#14808=DIRECTION('',(0.,-1.,0.));
#14809=DIRECTION('center_axis',(0.707106781186543,0.,-0.707106781186552));
#14810=DIRECTION('ref_axis',(0.707106781186552,0.,0.707106781186543));
#14811=DIRECTION('',(0.707106781186552,0.,0.707106781186543));
#14812=DIRECTION('',(0.707106781186552,0.,0.707106781186543));
#14813=DIRECTION('',(0.,-1.,0.));
#14814=DIRECTION('center_axis',(0.,-1.,0.));
#14815=DIRECTION('ref_axis',(0.707107235683937,0.,-0.707106326688866));
#14816=DIRECTION('center_axis',(0.,1.,0.));
#14817=DIRECTION('ref_axis',(0.707107235683937,0.,-0.707106326688866));
#14818=DIRECTION('center_axis',(0.,-1.,0.));
#14819=DIRECTION('ref_axis',(0.707107235683937,0.,-0.707106326688866));
#14820=DIRECTION('',(0.,-1.,0.));
#14821=DIRECTION('center_axis',(-1.,0.,0.));
#14822=DIRECTION('ref_axis',(0.,0.,-1.));
#14823=DIRECTION('',(0.,0.,-1.));
#14824=DIRECTION('',(0.,0.,-1.));
#14825=DIRECTION('',(0.,-1.,0.));
#14826=DIRECTION('center_axis',(0.,-1.,0.));
#14827=DIRECTION('ref_axis',(-0.999999999999645,0.,-8.42796188393559E-7));
#14828=DIRECTION('center_axis',(0.,1.,0.));
#14829=DIRECTION('ref_axis',(-0.999999999999645,0.,-8.42796188393559E-7));
#14830=DIRECTION('center_axis',(0.,-1.,0.));
#14831=DIRECTION('ref_axis',(-0.999999999999645,0.,-8.42796188393559E-7));
#14832=DIRECTION('',(0.,-1.,0.));
#14833=DIRECTION('center_axis',(0.707106781186553,0.,0.707106781186542));
#14834=DIRECTION('ref_axis',(-0.707106781186542,0.,0.707106781186553));
#14835=DIRECTION('',(0.707106781186542,0.,-0.707106781186553));
#14836=DIRECTION('',(-0.707106781186542,0.,0.707106781186553));
#14837=DIRECTION('',(0.,-1.,0.));
#14838=DIRECTION('center_axis',(0.,-1.,0.));
#14839=DIRECTION('ref_axis',(0.999999999999678,0.,8.02955235634506E-7));
#14840=DIRECTION('center_axis',(0.,1.,0.));
#14841=DIRECTION('ref_axis',(0.999999999999678,0.,8.02955235634506E-7));
#14842=DIRECTION('center_axis',(0.,1.,0.));
#14843=DIRECTION('ref_axis',(0.999999999999678,0.,8.02955235634506E-7));
#14844=DIRECTION('',(0.,-1.,0.));
#14845=DIRECTION('center_axis',(-1.,0.,0.));
#14846=DIRECTION('ref_axis',(0.,0.,-1.));
#14847=DIRECTION('',(0.,0.,1.));
#14848=DIRECTION('',(0.,0.,-1.));
#14849=DIRECTION('',(0.,-1.,0.));
#14850=DIRECTION('center_axis',(0.,0.,1.));
#14851=DIRECTION('ref_axis',(-1.,0.,0.));
#14852=DIRECTION('',(-1.,0.,0.));
#14853=DIRECTION('',(-1.,0.,0.));
#14854=DIRECTION('',(0.,-1.,0.));
#14855=DIRECTION('center_axis',(1.,0.,0.));
#14856=DIRECTION('ref_axis',(0.,0.,1.));
#14857=DIRECTION('',(0.,0.,1.));
#14858=DIRECTION('',(0.,0.,1.));
#14859=DIRECTION('',(0.,-1.,0.));
#14860=DIRECTION('center_axis',(0.,-1.,0.));
#14861=DIRECTION('ref_axis',(1.,0.,0.));
#14862=DIRECTION('center_axis',(0.,1.,0.));
#14863=DIRECTION('ref_axis',(1.,0.,0.));
#14864=DIRECTION('center_axis',(0.,-1.,0.));
#14865=DIRECTION('ref_axis',(1.,0.,0.));
#14866=DIRECTION('center_axis',(0.,1.,0.));
#14867=DIRECTION('ref_axis',(1.,0.,0.));
#14868=DIRECTION('center_axis',(0.,1.,0.));
#14869=DIRECTION('ref_axis',(1.,0.,0.));
#14870=DIRECTION('center_axis',(-0.707106781186548,0.,-0.707106781186548));
#14871=DIRECTION('ref_axis',(0.707106781186548,0.,-0.707106781186548));
#14872=DIRECTION('',(0.707106781186547,0.,-0.707106781186547));
#14873=DIRECTION('',(0.,-1.,0.));
#14874=DIRECTION('',(0.707106781186547,0.,-0.707106781186547));
#14875=DIRECTION('',(0.,-1.,0.));
#14876=DIRECTION('center_axis',(0.,-1.,0.));
#14877=DIRECTION('ref_axis',(-1.,0.,0.));
#14878=DIRECTION('center_axis',(0.,1.,0.));
#14879=DIRECTION('ref_axis',(-1.,0.,0.));
#14880=DIRECTION('center_axis',(0.,1.,0.));
#14881=DIRECTION('ref_axis',(-1.,0.,0.));
#14882=DIRECTION('',(0.,-1.,0.));
#14883=DIRECTION('center_axis',(1.,0.,0.));
#14884=DIRECTION('ref_axis',(0.,0.,1.));
#14885=DIRECTION('',(0.,0.,-1.));
#14886=DIRECTION('',(0.,0.,1.));
#14887=DIRECTION('',(0.,-1.,0.));
#14888=DIRECTION('center_axis',(0.,-1.,0.));
#14889=DIRECTION('ref_axis',(0.707106781186548,0.,-0.707106781186548));
#14890=DIRECTION('center_axis',(0.,1.,0.));
#14891=DIRECTION('ref_axis',(0.707106781186548,0.,-0.707106781186548));
#14892=DIRECTION('center_axis',(0.,1.,0.));
#14893=DIRECTION('ref_axis',(0.707106781186548,0.,-0.707106781186548));
#14894=DIRECTION('',(0.,-1.,0.));
#14895=DIRECTION('center_axis',(-0.707106781186548,0.,0.707106781186548));
#14896=DIRECTION('ref_axis',(-0.707106781186548,0.,-0.707106781186548));
#14897=DIRECTION('',(0.707106781186548,0.,0.707106781186548));
#14898=DIRECTION('',(-0.707106781186548,0.,-0.707106781186548));
#14899=DIRECTION('',(0.,-1.,0.));
#14900=DIRECTION('center_axis',(0.,-1.,0.));
#14901=DIRECTION('ref_axis',(-0.707106781186548,0.,0.707106781186548));
#14902=DIRECTION('center_axis',(0.,1.,0.));
#14903=DIRECTION('ref_axis',(-0.707106781186548,0.,0.707106781186548));
#14904=DIRECTION('center_axis',(0.,-1.,0.));
#14905=DIRECTION('ref_axis',(-0.707106781186548,0.,0.707106781186548));
#14906=DIRECTION('',(0.,-1.,0.));
#14907=DIRECTION('center_axis',(1.,0.,6.28960996294042E-13));
#14908=DIRECTION('ref_axis',(-6.28960996294042E-13,0.,1.));
#14909=DIRECTION('',(6.28960996294042E-13,0.,-1.));
#14910=DIRECTION('',(-6.28960996294042E-13,0.,1.));
#14911=DIRECTION('',(0.,-1.,0.));
#14912=DIRECTION('center_axis',(-6.24500451334802E-15,0.,-1.));
#14913=DIRECTION('ref_axis',(1.,0.,-6.24500451334802E-15));
#14914=DIRECTION('',(-1.,0.,6.24500451334802E-15));
#14915=DIRECTION('',(1.,0.,-6.24500451334802E-15));
#14916=DIRECTION('',(0.,-1.,0.));
#14917=DIRECTION('center_axis',(-1.,0.,0.));
#14918=DIRECTION('ref_axis',(0.,0.,-1.));
#14919=DIRECTION('',(0.,0.,-1.));
#14920=DIRECTION('',(0.,0.,-1.));
#14921=DIRECTION('',(0.,-1.,0.));
#14922=DIRECTION('center_axis',(0.,-1.,0.));
#14923=DIRECTION('ref_axis',(-0.707107592139554,0.,0.707105970232611));
#14924=DIRECTION('center_axis',(0.,1.,0.));
#14925=DIRECTION('ref_axis',(-0.707107592139554,0.,0.707105970232611));
#14926=DIRECTION('center_axis',(0.,1.,0.));
#14927=DIRECTION('ref_axis',(-0.707107592139554,0.,0.707105970232611));
#14928=DIRECTION('',(0.,-1.,0.));
#14929=DIRECTION('center_axis',(0.707106781186543,0.,-0.707106781186552));
#14930=DIRECTION('ref_axis',(0.707106781186552,0.,0.707106781186543));
#14931=DIRECTION('',(0.707106781186552,0.,0.707106781186543));
#14932=DIRECTION('',(0.707106781186552,0.,0.707106781186543));
#14933=DIRECTION('',(0.,-1.,0.));
#14934=DIRECTION('center_axis',(0.,-1.,0.));
#14935=DIRECTION('ref_axis',(0.707107235683937,0.,-0.707106326688866));
#14936=DIRECTION('center_axis',(0.,1.,0.));
#14937=DIRECTION('ref_axis',(0.707107235683937,0.,-0.707106326688866));
#14938=DIRECTION('center_axis',(0.,-1.,0.));
#14939=DIRECTION('ref_axis',(0.707107235683937,0.,-0.707106326688866));
#14940=DIRECTION('',(0.,-1.,0.));
#14941=DIRECTION('center_axis',(-1.,0.,0.));
#14942=DIRECTION('ref_axis',(0.,0.,-1.));
#14943=DIRECTION('',(0.,0.,-1.));
#14944=DIRECTION('',(0.,0.,-1.));
#14945=DIRECTION('',(0.,-1.,0.));
#14946=DIRECTION('center_axis',(0.,-1.,0.));
#14947=DIRECTION('ref_axis',(-0.999999999999645,0.,-8.42796188393559E-7));
#14948=DIRECTION('center_axis',(0.,1.,0.));
#14949=DIRECTION('ref_axis',(-0.999999999999645,0.,-8.42796188393559E-7));
#14950=DIRECTION('center_axis',(0.,-1.,0.));
#14951=DIRECTION('ref_axis',(-0.999999999999645,0.,-8.42796188393559E-7));
#14952=DIRECTION('',(0.,-1.,0.));
#14953=DIRECTION('center_axis',(0.707106781186553,0.,0.707106781186542));
#14954=DIRECTION('ref_axis',(-0.707106781186542,0.,0.707106781186553));
#14955=DIRECTION('',(0.707106781186542,0.,-0.707106781186553));
#14956=DIRECTION('',(-0.707106781186542,0.,0.707106781186553));
#14957=DIRECTION('',(0.,-1.,0.));
#14958=DIRECTION('center_axis',(0.,-1.,0.));
#14959=DIRECTION('ref_axis',(0.999999999999678,0.,8.02955235634506E-7));
#14960=DIRECTION('center_axis',(0.,1.,0.));
#14961=DIRECTION('ref_axis',(0.999999999999678,0.,8.02955235634506E-7));
#14962=DIRECTION('center_axis',(0.,1.,0.));
#14963=DIRECTION('ref_axis',(0.999999999999678,0.,8.02955235634506E-7));
#14964=DIRECTION('',(0.,-1.,0.));
#14965=DIRECTION('center_axis',(-1.,0.,0.));
#14966=DIRECTION('ref_axis',(0.,0.,-1.));
#14967=DIRECTION('',(0.,0.,1.));
#14968=DIRECTION('',(0.,0.,-1.));
#14969=DIRECTION('',(0.,-1.,0.));
#14970=DIRECTION('center_axis',(0.,0.,1.));
#14971=DIRECTION('ref_axis',(-1.,0.,0.));
#14972=DIRECTION('',(-1.,0.,0.));
#14973=DIRECTION('',(-1.,0.,0.));
#14974=DIRECTION('',(0.,-1.,0.));
#14975=DIRECTION('center_axis',(1.,0.,0.));
#14976=DIRECTION('ref_axis',(0.,0.,1.));
#14977=DIRECTION('',(0.,0.,1.));
#14978=DIRECTION('',(0.,0.,1.));
#14979=DIRECTION('',(0.,-1.,0.));
#14980=DIRECTION('center_axis',(0.,-1.,0.));
#14981=DIRECTION('ref_axis',(1.,0.,0.));
#14982=DIRECTION('center_axis',(0.,1.,0.));
#14983=DIRECTION('ref_axis',(1.,0.,0.));
#14984=DIRECTION('center_axis',(0.,-1.,0.));
#14985=DIRECTION('ref_axis',(1.,0.,0.));
#14986=DIRECTION('center_axis',(0.,1.,0.));
#14987=DIRECTION('ref_axis',(1.,0.,0.));
#14988=DIRECTION('center_axis',(0.,1.,0.));
#14989=DIRECTION('ref_axis',(1.,0.,0.));
#14990=DIRECTION('center_axis',(-0.707106781186548,0.,-0.707106781186548));
#14991=DIRECTION('ref_axis',(0.707106781186548,0.,-0.707106781186548));
#14992=DIRECTION('',(0.707106781186547,0.,-0.707106781186547));
#14993=DIRECTION('',(0.,-1.,0.));
#14994=DIRECTION('',(0.707106781186547,0.,-0.707106781186547));
#14995=DIRECTION('',(0.,-1.,0.));
#14996=DIRECTION('center_axis',(0.,-1.,0.));
#14997=DIRECTION('ref_axis',(-1.,0.,0.));
#14998=DIRECTION('center_axis',(0.,1.,0.));
#14999=DIRECTION('ref_axis',(-1.,0.,0.));
#15000=DIRECTION('center_axis',(0.,1.,0.));
#15001=DIRECTION('ref_axis',(-1.,0.,0.));
#15002=DIRECTION('',(0.,-1.,0.));
#15003=DIRECTION('center_axis',(1.,0.,0.));
#15004=DIRECTION('ref_axis',(0.,0.,1.));
#15005=DIRECTION('',(0.,0.,-1.));
#15006=DIRECTION('',(0.,0.,1.));
#15007=DIRECTION('',(0.,-1.,0.));
#15008=DIRECTION('center_axis',(0.,-1.,0.));
#15009=DIRECTION('ref_axis',(0.707106781186548,0.,-0.707106781186548));
#15010=DIRECTION('center_axis',(0.,1.,0.));
#15011=DIRECTION('ref_axis',(0.707106781186548,0.,-0.707106781186548));
#15012=DIRECTION('center_axis',(0.,1.,0.));
#15013=DIRECTION('ref_axis',(0.707106781186548,0.,-0.707106781186548));
#15014=DIRECTION('',(0.,-1.,0.));
#15015=DIRECTION('center_axis',(-0.707106781186548,0.,0.707106781186548));
#15016=DIRECTION('ref_axis',(-0.707106781186548,0.,-0.707106781186548));
#15017=DIRECTION('',(0.707106781186548,0.,0.707106781186548));
#15018=DIRECTION('',(-0.707106781186548,0.,-0.707106781186548));
#15019=DIRECTION('',(0.,-1.,0.));
#15020=DIRECTION('center_axis',(0.,-1.,0.));
#15021=DIRECTION('ref_axis',(-0.707106781186548,0.,0.707106781186548));
#15022=DIRECTION('center_axis',(0.,1.,0.));
#15023=DIRECTION('ref_axis',(-0.707106781186548,0.,0.707106781186548));
#15024=DIRECTION('center_axis',(0.,-1.,0.));
#15025=DIRECTION('ref_axis',(-0.707106781186548,0.,0.707106781186548));
#15026=DIRECTION('',(0.,-1.,0.));
#15027=DIRECTION('center_axis',(1.,0.,6.28960996294042E-13));
#15028=DIRECTION('ref_axis',(-6.28960996294042E-13,0.,1.));
#15029=DIRECTION('',(6.28960996294042E-13,0.,-1.));
#15030=DIRECTION('',(-6.28960996294042E-13,0.,1.));
#15031=DIRECTION('',(0.,-1.,0.));
#15032=DIRECTION('center_axis',(-6.24500451334802E-15,0.,-1.));
#15033=DIRECTION('ref_axis',(1.,0.,-6.24500451334802E-15));
#15034=DIRECTION('',(-1.,0.,6.24500451334802E-15));
#15035=DIRECTION('',(1.,0.,-6.24500451334802E-15));
#15036=DIRECTION('',(0.,-1.,0.));
#15037=DIRECTION('center_axis',(-1.,0.,0.));
#15038=DIRECTION('ref_axis',(0.,0.,-1.));
#15039=DIRECTION('',(0.,0.,-1.));
#15040=DIRECTION('',(0.,0.,-1.));
#15041=DIRECTION('',(0.,-1.,0.));
#15042=DIRECTION('center_axis',(0.,-1.,0.));
#15043=DIRECTION('ref_axis',(-0.707107592139554,0.,0.707105970232611));
#15044=DIRECTION('center_axis',(0.,1.,0.));
#15045=DIRECTION('ref_axis',(-0.707107592139554,0.,0.707105970232611));
#15046=DIRECTION('center_axis',(0.,1.,0.));
#15047=DIRECTION('ref_axis',(-0.707107592139554,0.,0.707105970232611));
#15048=DIRECTION('',(0.,-1.,0.));
#15049=DIRECTION('center_axis',(0.707106781186543,0.,-0.707106781186552));
#15050=DIRECTION('ref_axis',(0.707106781186552,0.,0.707106781186543));
#15051=DIRECTION('',(0.707106781186552,0.,0.707106781186543));
#15052=DIRECTION('',(0.707106781186552,0.,0.707106781186543));
#15053=DIRECTION('',(0.,-1.,0.));
#15054=DIRECTION('center_axis',(0.,-1.,0.));
#15055=DIRECTION('ref_axis',(0.707107235683937,0.,-0.707106326688866));
#15056=DIRECTION('center_axis',(0.,1.,0.));
#15057=DIRECTION('ref_axis',(0.707107235683937,0.,-0.707106326688866));
#15058=DIRECTION('center_axis',(0.,-1.,0.));
#15059=DIRECTION('ref_axis',(0.707107235683937,0.,-0.707106326688866));
#15060=DIRECTION('',(0.,-1.,0.));
#15061=DIRECTION('center_axis',(-1.,0.,0.));
#15062=DIRECTION('ref_axis',(0.,0.,-1.));
#15063=DIRECTION('',(0.,0.,-1.));
#15064=DIRECTION('',(0.,0.,-1.));
#15065=DIRECTION('',(0.,-1.,0.));
#15066=DIRECTION('center_axis',(0.,-1.,0.));
#15067=DIRECTION('ref_axis',(-0.999999999999645,0.,-8.42796188393559E-7));
#15068=DIRECTION('center_axis',(0.,1.,0.));
#15069=DIRECTION('ref_axis',(-0.999999999999645,0.,-8.42796188393559E-7));
#15070=DIRECTION('center_axis',(0.,-1.,0.));
#15071=DIRECTION('ref_axis',(-0.999999999999645,0.,-8.42796188393559E-7));
#15072=DIRECTION('',(0.,-1.,0.));
#15073=DIRECTION('center_axis',(0.707106781186553,0.,0.707106781186542));
#15074=DIRECTION('ref_axis',(-0.707106781186542,0.,0.707106781186553));
#15075=DIRECTION('',(0.707106781186542,0.,-0.707106781186553));
#15076=DIRECTION('',(-0.707106781186542,0.,0.707106781186553));
#15077=DIRECTION('',(0.,-1.,0.));
#15078=DIRECTION('center_axis',(0.,-1.,0.));
#15079=DIRECTION('ref_axis',(0.999999999999678,0.,8.02955235634506E-7));
#15080=DIRECTION('center_axis',(0.,1.,0.));
#15081=DIRECTION('ref_axis',(0.999999999999678,0.,8.02955235634506E-7));
#15082=DIRECTION('center_axis',(0.,1.,0.));
#15083=DIRECTION('ref_axis',(0.999999999999678,0.,8.02955235634506E-7));
#15084=DIRECTION('',(0.,-1.,0.));
#15085=DIRECTION('center_axis',(-1.,0.,0.));
#15086=DIRECTION('ref_axis',(0.,0.,-1.));
#15087=DIRECTION('',(0.,0.,1.));
#15088=DIRECTION('',(0.,0.,-1.));
#15089=DIRECTION('',(0.,-1.,0.));
#15090=DIRECTION('center_axis',(0.,0.,1.));
#15091=DIRECTION('ref_axis',(-1.,0.,0.));
#15092=DIRECTION('',(-1.,0.,0.));
#15093=DIRECTION('',(-1.,0.,0.));
#15094=DIRECTION('',(0.,-1.,0.));
#15095=DIRECTION('center_axis',(1.,0.,0.));
#15096=DIRECTION('ref_axis',(0.,0.,1.));
#15097=DIRECTION('',(0.,0.,1.));
#15098=DIRECTION('',(0.,0.,1.));
#15099=DIRECTION('',(0.,-1.,0.));
#15100=DIRECTION('center_axis',(0.,-1.,0.));
#15101=DIRECTION('ref_axis',(1.,0.,0.));
#15102=DIRECTION('center_axis',(0.,1.,0.));
#15103=DIRECTION('ref_axis',(1.,0.,0.));
#15104=DIRECTION('center_axis',(0.,-1.,0.));
#15105=DIRECTION('ref_axis',(1.,0.,0.));
#15106=DIRECTION('center_axis',(0.,1.,0.));
#15107=DIRECTION('ref_axis',(1.,0.,0.));
#15108=DIRECTION('center_axis',(0.,1.,0.));
#15109=DIRECTION('ref_axis',(1.,0.,0.));
#15110=DIRECTION('center_axis',(-0.707106781186548,0.,-0.707106781186548));
#15111=DIRECTION('ref_axis',(0.707106781186548,0.,-0.707106781186548));
#15112=DIRECTION('',(0.707106781186547,0.,-0.707106781186547));
#15113=DIRECTION('',(0.,-1.,0.));
#15114=DIRECTION('',(0.707106781186547,0.,-0.707106781186547));
#15115=DIRECTION('',(0.,-1.,0.));
#15116=DIRECTION('center_axis',(0.,-1.,0.));
#15117=DIRECTION('ref_axis',(-1.,0.,0.));
#15118=DIRECTION('center_axis',(0.,1.,0.));
#15119=DIRECTION('ref_axis',(-1.,0.,0.));
#15120=DIRECTION('center_axis',(0.,1.,0.));
#15121=DIRECTION('ref_axis',(-1.,0.,0.));
#15122=DIRECTION('',(0.,-1.,0.));
#15123=DIRECTION('center_axis',(1.,0.,0.));
#15124=DIRECTION('ref_axis',(0.,0.,1.));
#15125=DIRECTION('',(0.,0.,-1.));
#15126=DIRECTION('',(0.,0.,1.));
#15127=DIRECTION('',(0.,-1.,0.));
#15128=DIRECTION('center_axis',(0.,-1.,0.));
#15129=DIRECTION('ref_axis',(0.707106781186548,0.,-0.707106781186548));
#15130=DIRECTION('center_axis',(0.,1.,0.));
#15131=DIRECTION('ref_axis',(0.707106781186548,0.,-0.707106781186548));
#15132=DIRECTION('center_axis',(0.,1.,0.));
#15133=DIRECTION('ref_axis',(0.707106781186548,0.,-0.707106781186548));
#15134=DIRECTION('',(0.,-1.,0.));
#15135=DIRECTION('center_axis',(-0.707106781186548,0.,0.707106781186548));
#15136=DIRECTION('ref_axis',(-0.707106781186548,0.,-0.707106781186548));
#15137=DIRECTION('',(0.707106781186548,0.,0.707106781186548));
#15138=DIRECTION('',(-0.707106781186548,0.,-0.707106781186548));
#15139=DIRECTION('',(0.,-1.,0.));
#15140=DIRECTION('center_axis',(0.,-1.,0.));
#15141=DIRECTION('ref_axis',(-0.707106781186548,0.,0.707106781186548));
#15142=DIRECTION('center_axis',(0.,1.,0.));
#15143=DIRECTION('ref_axis',(-0.707106781186548,0.,0.707106781186548));
#15144=DIRECTION('center_axis',(0.,-1.,0.));
#15145=DIRECTION('ref_axis',(-0.707106781186548,0.,0.707106781186548));
#15146=DIRECTION('',(0.,-1.,0.));
#15147=DIRECTION('center_axis',(1.,0.,6.28960996294042E-13));
#15148=DIRECTION('ref_axis',(-6.28960996294042E-13,0.,1.));
#15149=DIRECTION('',(6.28960996294042E-13,0.,-1.));
#15150=DIRECTION('',(-6.28960996294042E-13,0.,1.));
#15151=DIRECTION('',(0.,-1.,0.));
#15152=DIRECTION('center_axis',(-6.24500451334802E-15,0.,-1.));
#15153=DIRECTION('ref_axis',(1.,0.,-6.24500451334802E-15));
#15154=DIRECTION('',(-1.,0.,6.24500451334802E-15));
#15155=DIRECTION('',(1.,0.,-6.24500451334802E-15));
#15156=DIRECTION('',(0.,-1.,0.));
#15157=DIRECTION('center_axis',(-1.,0.,0.));
#15158=DIRECTION('ref_axis',(0.,0.,-1.));
#15159=DIRECTION('',(0.,0.,-1.));
#15160=DIRECTION('',(0.,0.,-1.));
#15161=DIRECTION('',(0.,-1.,0.));
#15162=DIRECTION('center_axis',(0.,-1.,0.));
#15163=DIRECTION('ref_axis',(-0.707107592139554,0.,0.707105970232611));
#15164=DIRECTION('center_axis',(0.,1.,0.));
#15165=DIRECTION('ref_axis',(-0.707107592139554,0.,0.707105970232611));
#15166=DIRECTION('center_axis',(0.,1.,0.));
#15167=DIRECTION('ref_axis',(-0.707107592139554,0.,0.707105970232611));
#15168=DIRECTION('',(0.,-1.,0.));
#15169=DIRECTION('center_axis',(0.707106781186543,0.,-0.707106781186552));
#15170=DIRECTION('ref_axis',(0.707106781186552,0.,0.707106781186543));
#15171=DIRECTION('',(0.707106781186552,0.,0.707106781186543));
#15172=DIRECTION('',(0.707106781186552,0.,0.707106781186543));
#15173=DIRECTION('',(0.,-1.,0.));
#15174=DIRECTION('center_axis',(0.,-1.,0.));
#15175=DIRECTION('ref_axis',(0.707107235683937,0.,-0.707106326688866));
#15176=DIRECTION('center_axis',(0.,1.,0.));
#15177=DIRECTION('ref_axis',(0.707107235683937,0.,-0.707106326688866));
#15178=DIRECTION('center_axis',(0.,-1.,0.));
#15179=DIRECTION('ref_axis',(0.707107235683937,0.,-0.707106326688866));
#15180=DIRECTION('',(0.,-1.,0.));
#15181=DIRECTION('center_axis',(-1.,0.,0.));
#15182=DIRECTION('ref_axis',(0.,0.,-1.));
#15183=DIRECTION('',(0.,0.,-1.));
#15184=DIRECTION('',(0.,0.,-1.));
#15185=DIRECTION('',(0.,-1.,0.));
#15186=DIRECTION('center_axis',(0.,-1.,0.));
#15187=DIRECTION('ref_axis',(-0.999999999999645,0.,-8.42796188393559E-7));
#15188=DIRECTION('center_axis',(0.,1.,0.));
#15189=DIRECTION('ref_axis',(-0.999999999999645,0.,-8.42796188393559E-7));
#15190=DIRECTION('center_axis',(0.,-1.,0.));
#15191=DIRECTION('ref_axis',(-0.999999999999645,0.,-8.42796188393559E-7));
#15192=DIRECTION('',(0.,-1.,0.));
#15193=DIRECTION('center_axis',(0.707106781186553,0.,0.707106781186542));
#15194=DIRECTION('ref_axis',(-0.707106781186542,0.,0.707106781186553));
#15195=DIRECTION('',(0.707106781186542,0.,-0.707106781186553));
#15196=DIRECTION('',(-0.707106781186542,0.,0.707106781186553));
#15197=DIRECTION('',(0.,-1.,0.));
#15198=DIRECTION('center_axis',(0.,-1.,0.));
#15199=DIRECTION('ref_axis',(0.999999999999678,0.,8.02955235634506E-7));
#15200=DIRECTION('center_axis',(0.,1.,0.));
#15201=DIRECTION('ref_axis',(0.999999999999678,0.,8.02955235634506E-7));
#15202=DIRECTION('center_axis',(0.,1.,0.));
#15203=DIRECTION('ref_axis',(0.999999999999678,0.,8.02955235634506E-7));
#15204=DIRECTION('',(0.,-1.,0.));
#15205=DIRECTION('center_axis',(-1.,0.,0.));
#15206=DIRECTION('ref_axis',(0.,0.,-1.));
#15207=DIRECTION('',(0.,0.,1.));
#15208=DIRECTION('',(0.,0.,-1.));
#15209=DIRECTION('',(0.,-1.,0.));
#15210=DIRECTION('center_axis',(0.,0.,1.));
#15211=DIRECTION('ref_axis',(-1.,0.,0.));
#15212=DIRECTION('',(-1.,0.,0.));
#15213=DIRECTION('',(-1.,0.,0.));
#15214=DIRECTION('',(0.,-1.,0.));
#15215=DIRECTION('center_axis',(1.,0.,0.));
#15216=DIRECTION('ref_axis',(0.,0.,1.));
#15217=DIRECTION('',(0.,0.,1.));
#15218=DIRECTION('',(0.,0.,1.));
#15219=DIRECTION('',(0.,-1.,0.));
#15220=DIRECTION('center_axis',(0.,-1.,0.));
#15221=DIRECTION('ref_axis',(1.,0.,0.));
#15222=DIRECTION('center_axis',(0.,1.,0.));
#15223=DIRECTION('ref_axis',(1.,0.,0.));
#15224=DIRECTION('center_axis',(0.,-1.,0.));
#15225=DIRECTION('ref_axis',(1.,0.,0.));
#15226=DIRECTION('center_axis',(0.,1.,0.));
#15227=DIRECTION('ref_axis',(1.,0.,0.));
#15228=DIRECTION('center_axis',(0.,1.,0.));
#15229=DIRECTION('ref_axis',(1.,0.,0.));
#15230=DIRECTION('center_axis',(-0.707106781186548,0.,-0.707106781186548));
#15231=DIRECTION('ref_axis',(0.707106781186548,0.,-0.707106781186548));
#15232=DIRECTION('',(0.707106781186547,0.,-0.707106781186547));
#15233=DIRECTION('',(0.,-1.,0.));
#15234=DIRECTION('',(0.707106781186547,0.,-0.707106781186547));
#15235=DIRECTION('',(0.,-1.,0.));
#15236=DIRECTION('center_axis',(0.,-1.,0.));
#15237=DIRECTION('ref_axis',(-1.,0.,0.));
#15238=DIRECTION('center_axis',(0.,1.,0.));
#15239=DIRECTION('ref_axis',(-1.,0.,0.));
#15240=DIRECTION('center_axis',(0.,1.,0.));
#15241=DIRECTION('ref_axis',(-1.,0.,0.));
#15242=DIRECTION('',(0.,-1.,0.));
#15243=DIRECTION('center_axis',(1.,0.,0.));
#15244=DIRECTION('ref_axis',(0.,0.,1.));
#15245=DIRECTION('',(0.,0.,-1.));
#15246=DIRECTION('',(0.,0.,1.));
#15247=DIRECTION('',(0.,-1.,0.));
#15248=DIRECTION('center_axis',(0.,-1.,0.));
#15249=DIRECTION('ref_axis',(0.707106781186548,0.,-0.707106781186548));
#15250=DIRECTION('center_axis',(0.,1.,0.));
#15251=DIRECTION('ref_axis',(0.707106781186548,0.,-0.707106781186548));
#15252=DIRECTION('center_axis',(0.,1.,0.));
#15253=DIRECTION('ref_axis',(0.707106781186548,0.,-0.707106781186548));
#15254=DIRECTION('',(0.,-1.,0.));
#15255=DIRECTION('center_axis',(-0.707106781186548,0.,0.707106781186548));
#15256=DIRECTION('ref_axis',(-0.707106781186548,0.,-0.707106781186548));
#15257=DIRECTION('',(0.707106781186548,0.,0.707106781186548));
#15258=DIRECTION('',(-0.707106781186548,0.,-0.707106781186548));
#15259=DIRECTION('',(0.,-1.,0.));
#15260=DIRECTION('center_axis',(0.,-1.,0.));
#15261=DIRECTION('ref_axis',(-0.707106781186548,0.,0.707106781186548));
#15262=DIRECTION('center_axis',(0.,1.,0.));
#15263=DIRECTION('ref_axis',(-0.707106781186548,0.,0.707106781186548));
#15264=DIRECTION('center_axis',(0.,-1.,0.));
#15265=DIRECTION('ref_axis',(-0.707106781186548,0.,0.707106781186548));
#15266=DIRECTION('',(0.,-1.,0.));
#15267=DIRECTION('center_axis',(1.,0.,6.28960996294042E-13));
#15268=DIRECTION('ref_axis',(-6.28960996294042E-13,0.,1.));
#15269=DIRECTION('',(6.28960996294042E-13,0.,-1.));
#15270=DIRECTION('',(-6.28960996294042E-13,0.,1.));
#15271=DIRECTION('',(0.,-1.,0.));
#15272=DIRECTION('center_axis',(-6.24500451334802E-15,0.,-1.));
#15273=DIRECTION('ref_axis',(1.,0.,-6.24500451334802E-15));
#15274=DIRECTION('',(-1.,0.,6.24500451334802E-15));
#15275=DIRECTION('',(1.,0.,-6.24500451334802E-15));
#15276=DIRECTION('',(0.,-1.,0.));
#15277=DIRECTION('center_axis',(-1.,0.,0.));
#15278=DIRECTION('ref_axis',(0.,0.,-1.));
#15279=DIRECTION('',(0.,0.,-1.));
#15280=DIRECTION('',(0.,0.,-1.));
#15281=DIRECTION('',(0.,-1.,0.));
#15282=DIRECTION('center_axis',(0.,-1.,0.));
#15283=DIRECTION('ref_axis',(-0.707107592139554,0.,0.707105970232611));
#15284=DIRECTION('center_axis',(0.,1.,0.));
#15285=DIRECTION('ref_axis',(-0.707107592139554,0.,0.707105970232611));
#15286=DIRECTION('center_axis',(0.,1.,0.));
#15287=DIRECTION('ref_axis',(-0.707107592139554,0.,0.707105970232611));
#15288=DIRECTION('',(0.,-1.,0.));
#15289=DIRECTION('center_axis',(0.707106781186543,0.,-0.707106781186552));
#15290=DIRECTION('ref_axis',(0.707106781186552,0.,0.707106781186543));
#15291=DIRECTION('',(0.707106781186552,0.,0.707106781186543));
#15292=DIRECTION('',(0.707106781186552,0.,0.707106781186543));
#15293=DIRECTION('',(0.,-1.,0.));
#15294=DIRECTION('center_axis',(0.,-1.,0.));
#15295=DIRECTION('ref_axis',(0.707107235683937,0.,-0.707106326688866));
#15296=DIRECTION('center_axis',(0.,1.,0.));
#15297=DIRECTION('ref_axis',(0.707107235683937,0.,-0.707106326688866));
#15298=DIRECTION('center_axis',(0.,-1.,0.));
#15299=DIRECTION('ref_axis',(0.707107235683937,0.,-0.707106326688866));
#15300=DIRECTION('',(0.,-1.,0.));
#15301=DIRECTION('center_axis',(-1.,0.,0.));
#15302=DIRECTION('ref_axis',(0.,0.,-1.));
#15303=DIRECTION('',(0.,0.,-1.));
#15304=DIRECTION('',(0.,0.,-1.));
#15305=DIRECTION('',(0.,-1.,0.));
#15306=DIRECTION('center_axis',(0.,-1.,0.));
#15307=DIRECTION('ref_axis',(-0.999999999999645,0.,-8.42796188393559E-7));
#15308=DIRECTION('center_axis',(0.,1.,0.));
#15309=DIRECTION('ref_axis',(-0.999999999999645,0.,-8.42796188393559E-7));
#15310=DIRECTION('center_axis',(0.,-1.,0.));
#15311=DIRECTION('ref_axis',(-0.999999999999645,0.,-8.42796188393559E-7));
#15312=DIRECTION('',(0.,-1.,0.));
#15313=DIRECTION('center_axis',(0.707106781186553,0.,0.707106781186542));
#15314=DIRECTION('ref_axis',(-0.707106781186542,0.,0.707106781186553));
#15315=DIRECTION('',(0.707106781186542,0.,-0.707106781186553));
#15316=DIRECTION('',(-0.707106781186542,0.,0.707106781186553));
#15317=DIRECTION('',(0.,-1.,0.));
#15318=DIRECTION('center_axis',(0.,-1.,0.));
#15319=DIRECTION('ref_axis',(0.999999999999678,0.,8.02955235634506E-7));
#15320=DIRECTION('center_axis',(0.,1.,0.));
#15321=DIRECTION('ref_axis',(0.999999999999678,0.,8.02955235634506E-7));
#15322=DIRECTION('center_axis',(0.,1.,0.));
#15323=DIRECTION('ref_axis',(0.999999999999678,0.,8.02955235634506E-7));
#15324=DIRECTION('',(0.,-1.,0.));
#15325=DIRECTION('center_axis',(-1.,0.,0.));
#15326=DIRECTION('ref_axis',(0.,0.,-1.));
#15327=DIRECTION('',(0.,0.,1.));
#15328=DIRECTION('',(0.,0.,-1.));
#15329=DIRECTION('',(0.,-1.,0.));
#15330=DIRECTION('center_axis',(0.,0.,1.));
#15331=DIRECTION('ref_axis',(-1.,0.,0.));
#15332=DIRECTION('',(-1.,0.,0.));
#15333=DIRECTION('',(-1.,0.,0.));
#15334=DIRECTION('',(0.,-1.,0.));
#15335=DIRECTION('center_axis',(1.,0.,0.));
#15336=DIRECTION('ref_axis',(0.,0.,1.));
#15337=DIRECTION('',(0.,0.,1.));
#15338=DIRECTION('',(0.,0.,1.));
#15339=DIRECTION('',(0.,-1.,0.));
#15340=DIRECTION('center_axis',(0.,-1.,0.));
#15341=DIRECTION('ref_axis',(1.,0.,0.));
#15342=DIRECTION('center_axis',(0.,1.,0.));
#15343=DIRECTION('ref_axis',(1.,0.,0.));
#15344=DIRECTION('center_axis',(0.,-1.,0.));
#15345=DIRECTION('ref_axis',(1.,0.,0.));
#15346=DIRECTION('center_axis',(0.,1.,0.));
#15347=DIRECTION('ref_axis',(1.,0.,0.));
#15348=DIRECTION('center_axis',(0.,1.,0.));
#15349=DIRECTION('ref_axis',(1.,0.,0.));
#15350=DIRECTION('center_axis',(-0.707106781186548,0.,-0.707106781186548));
#15351=DIRECTION('ref_axis',(0.707106781186548,0.,-0.707106781186548));
#15352=DIRECTION('',(0.707106781186547,0.,-0.707106781186547));
#15353=DIRECTION('',(0.,-1.,0.));
#15354=DIRECTION('',(0.707106781186547,0.,-0.707106781186547));
#15355=DIRECTION('',(0.,-1.,0.));
#15356=DIRECTION('center_axis',(0.,-1.,0.));
#15357=DIRECTION('ref_axis',(-1.,0.,0.));
#15358=DIRECTION('center_axis',(0.,1.,0.));
#15359=DIRECTION('ref_axis',(-1.,0.,0.));
#15360=DIRECTION('center_axis',(0.,1.,0.));
#15361=DIRECTION('ref_axis',(-1.,0.,0.));
#15362=DIRECTION('',(0.,-1.,0.));
#15363=DIRECTION('center_axis',(1.,0.,0.));
#15364=DIRECTION('ref_axis',(0.,0.,1.));
#15365=DIRECTION('',(0.,0.,-1.));
#15366=DIRECTION('',(0.,0.,1.));
#15367=DIRECTION('',(0.,-1.,0.));
#15368=DIRECTION('center_axis',(0.,-1.,0.));
#15369=DIRECTION('ref_axis',(0.707106781186548,0.,-0.707106781186548));
#15370=DIRECTION('center_axis',(0.,1.,0.));
#15371=DIRECTION('ref_axis',(0.707106781186548,0.,-0.707106781186548));
#15372=DIRECTION('center_axis',(0.,1.,0.));
#15373=DIRECTION('ref_axis',(0.707106781186548,0.,-0.707106781186548));
#15374=DIRECTION('',(0.,-1.,0.));
#15375=DIRECTION('center_axis',(-0.707106781186548,0.,0.707106781186548));
#15376=DIRECTION('ref_axis',(-0.707106781186548,0.,-0.707106781186548));
#15377=DIRECTION('',(0.707106781186548,0.,0.707106781186548));
#15378=DIRECTION('',(-0.707106781186548,0.,-0.707106781186548));
#15379=DIRECTION('',(0.,-1.,0.));
#15380=DIRECTION('center_axis',(0.,-1.,0.));
#15381=DIRECTION('ref_axis',(-0.707106781186548,0.,0.707106781186548));
#15382=DIRECTION('center_axis',(0.,1.,0.));
#15383=DIRECTION('ref_axis',(-0.707106781186548,0.,0.707106781186548));
#15384=DIRECTION('center_axis',(0.,-1.,0.));
#15385=DIRECTION('ref_axis',(-0.707106781186548,0.,0.707106781186548));
#15386=DIRECTION('',(0.,-1.,0.));
#15387=DIRECTION('center_axis',(1.,0.,6.28960996294042E-13));
#15388=DIRECTION('ref_axis',(-6.28960996294042E-13,0.,1.));
#15389=DIRECTION('',(6.28960996294042E-13,0.,-1.));
#15390=DIRECTION('',(-6.28960996294042E-13,0.,1.));
#15391=DIRECTION('',(0.,-1.,0.));
#15392=DIRECTION('center_axis',(-6.24500451334802E-15,0.,-1.));
#15393=DIRECTION('ref_axis',(1.,0.,-6.24500451334802E-15));
#15394=DIRECTION('',(-1.,0.,6.24500451334802E-15));
#15395=DIRECTION('',(1.,0.,-6.24500451334802E-15));
#15396=DIRECTION('',(0.,-1.,0.));
#15397=DIRECTION('center_axis',(-1.,0.,0.));
#15398=DIRECTION('ref_axis',(0.,0.,-1.));
#15399=DIRECTION('',(0.,0.,-1.));
#15400=DIRECTION('',(0.,0.,-1.));
#15401=DIRECTION('',(0.,-1.,0.));
#15402=DIRECTION('center_axis',(0.,-1.,0.));
#15403=DIRECTION('ref_axis',(-0.707107592139554,0.,0.707105970232611));
#15404=DIRECTION('center_axis',(0.,1.,0.));
#15405=DIRECTION('ref_axis',(-0.707107592139554,0.,0.707105970232611));
#15406=DIRECTION('center_axis',(0.,1.,0.));
#15407=DIRECTION('ref_axis',(-0.707107592139554,0.,0.707105970232611));
#15408=DIRECTION('',(0.,-1.,0.));
#15409=DIRECTION('center_axis',(0.707106781186543,0.,-0.707106781186552));
#15410=DIRECTION('ref_axis',(0.707106781186552,0.,0.707106781186543));
#15411=DIRECTION('',(0.707106781186552,0.,0.707106781186543));
#15412=DIRECTION('',(0.707106781186552,0.,0.707106781186543));
#15413=DIRECTION('',(0.,-1.,0.));
#15414=DIRECTION('center_axis',(0.,-1.,0.));
#15415=DIRECTION('ref_axis',(0.707107235683937,0.,-0.707106326688866));
#15416=DIRECTION('center_axis',(0.,1.,0.));
#15417=DIRECTION('ref_axis',(0.707107235683937,0.,-0.707106326688866));
#15418=DIRECTION('center_axis',(0.,-1.,0.));
#15419=DIRECTION('ref_axis',(0.707107235683937,0.,-0.707106326688866));
#15420=DIRECTION('',(0.,-1.,0.));
#15421=DIRECTION('center_axis',(-1.,0.,0.));
#15422=DIRECTION('ref_axis',(0.,0.,-1.));
#15423=DIRECTION('',(0.,0.,-1.));
#15424=DIRECTION('',(0.,0.,-1.));
#15425=DIRECTION('',(0.,-1.,0.));
#15426=DIRECTION('center_axis',(0.,-1.,0.));
#15427=DIRECTION('ref_axis',(-0.999999999999645,0.,-8.42796188393559E-7));
#15428=DIRECTION('center_axis',(0.,1.,0.));
#15429=DIRECTION('ref_axis',(-0.999999999999645,0.,-8.42796188393559E-7));
#15430=DIRECTION('center_axis',(0.,-1.,0.));
#15431=DIRECTION('ref_axis',(-0.999999999999645,0.,-8.42796188393559E-7));
#15432=DIRECTION('',(0.,-1.,0.));
#15433=DIRECTION('center_axis',(0.707106781186553,0.,0.707106781186542));
#15434=DIRECTION('ref_axis',(-0.707106781186542,0.,0.707106781186553));
#15435=DIRECTION('',(0.707106781186542,0.,-0.707106781186553));
#15436=DIRECTION('',(-0.707106781186542,0.,0.707106781186553));
#15437=DIRECTION('',(0.,-1.,0.));
#15438=DIRECTION('center_axis',(0.,-1.,0.));
#15439=DIRECTION('ref_axis',(0.999999999999678,0.,8.02955235634506E-7));
#15440=DIRECTION('center_axis',(0.,1.,0.));
#15441=DIRECTION('ref_axis',(0.999999999999678,0.,8.02955235634506E-7));
#15442=DIRECTION('center_axis',(0.,1.,0.));
#15443=DIRECTION('ref_axis',(0.999999999999678,0.,8.02955235634506E-7));
#15444=DIRECTION('',(0.,-1.,0.));
#15445=DIRECTION('center_axis',(-1.,0.,0.));
#15446=DIRECTION('ref_axis',(0.,0.,-1.));
#15447=DIRECTION('',(0.,0.,1.));
#15448=DIRECTION('',(0.,0.,-1.));
#15449=DIRECTION('',(0.,-1.,0.));
#15450=DIRECTION('center_axis',(0.,0.,1.));
#15451=DIRECTION('ref_axis',(-1.,0.,0.));
#15452=DIRECTION('',(-1.,0.,0.));
#15453=DIRECTION('',(-1.,0.,0.));
#15454=DIRECTION('',(0.,-1.,0.));
#15455=DIRECTION('center_axis',(1.,0.,0.));
#15456=DIRECTION('ref_axis',(0.,0.,1.));
#15457=DIRECTION('',(0.,0.,1.));
#15458=DIRECTION('',(0.,0.,1.));
#15459=DIRECTION('',(0.,-1.,0.));
#15460=DIRECTION('center_axis',(0.,-1.,0.));
#15461=DIRECTION('ref_axis',(1.,0.,0.));
#15462=DIRECTION('center_axis',(0.,1.,0.));
#15463=DIRECTION('ref_axis',(1.,0.,0.));
#15464=DIRECTION('center_axis',(0.,-1.,0.));
#15465=DIRECTION('ref_axis',(1.,0.,0.));
#15466=DIRECTION('center_axis',(0.,1.,0.));
#15467=DIRECTION('ref_axis',(1.,0.,0.));
#15468=DIRECTION('center_axis',(0.,1.,0.));
#15469=DIRECTION('ref_axis',(1.,0.,0.));
#15470=DIRECTION('center_axis',(-0.707106781186548,0.,-0.707106781186548));
#15471=DIRECTION('ref_axis',(0.707106781186548,0.,-0.707106781186548));
#15472=DIRECTION('',(0.707106781186547,0.,-0.707106781186547));
#15473=DIRECTION('',(0.,-1.,0.));
#15474=DIRECTION('',(0.707106781186547,0.,-0.707106781186547));
#15475=DIRECTION('',(0.,-1.,0.));
#15476=DIRECTION('center_axis',(0.,-1.,0.));
#15477=DIRECTION('ref_axis',(-1.,0.,0.));
#15478=DIRECTION('center_axis',(0.,1.,0.));
#15479=DIRECTION('ref_axis',(-1.,0.,0.));
#15480=DIRECTION('center_axis',(0.,1.,0.));
#15481=DIRECTION('ref_axis',(-1.,0.,0.));
#15482=DIRECTION('',(0.,-1.,0.));
#15483=DIRECTION('center_axis',(1.,0.,0.));
#15484=DIRECTION('ref_axis',(0.,0.,1.));
#15485=DIRECTION('',(0.,0.,-1.));
#15486=DIRECTION('',(0.,0.,1.));
#15487=DIRECTION('',(0.,-1.,0.));
#15488=DIRECTION('center_axis',(0.,-1.,0.));
#15489=DIRECTION('ref_axis',(0.707106781186548,0.,-0.707106781186548));
#15490=DIRECTION('center_axis',(0.,1.,0.));
#15491=DIRECTION('ref_axis',(0.707106781186548,0.,-0.707106781186548));
#15492=DIRECTION('center_axis',(0.,1.,0.));
#15493=DIRECTION('ref_axis',(0.707106781186548,0.,-0.707106781186548));
#15494=DIRECTION('',(0.,-1.,0.));
#15495=DIRECTION('center_axis',(-0.707106781186548,0.,0.707106781186548));
#15496=DIRECTION('ref_axis',(-0.707106781186548,0.,-0.707106781186548));
#15497=DIRECTION('',(0.707106781186548,0.,0.707106781186548));
#15498=DIRECTION('',(-0.707106781186548,0.,-0.707106781186548));
#15499=DIRECTION('',(0.,-1.,0.));
#15500=DIRECTION('center_axis',(0.,-1.,0.));
#15501=DIRECTION('ref_axis',(-0.707106781186548,0.,0.707106781186548));
#15502=DIRECTION('center_axis',(0.,1.,0.));
#15503=DIRECTION('ref_axis',(-0.707106781186548,0.,0.707106781186548));
#15504=DIRECTION('center_axis',(0.,-1.,0.));
#15505=DIRECTION('ref_axis',(-0.707106781186548,0.,0.707106781186548));
#15506=DIRECTION('',(0.,-1.,0.));
#15507=DIRECTION('center_axis',(1.,0.,6.28960996294042E-13));
#15508=DIRECTION('ref_axis',(-6.28960996294042E-13,0.,1.));
#15509=DIRECTION('',(6.28960996294042E-13,0.,-1.));
#15510=DIRECTION('',(-6.28960996294042E-13,0.,1.));
#15511=DIRECTION('',(0.,-1.,0.));
#15512=DIRECTION('center_axis',(-6.24500451334802E-15,0.,-1.));
#15513=DIRECTION('ref_axis',(1.,0.,-6.24500451334802E-15));
#15514=DIRECTION('',(-1.,0.,6.24500451334802E-15));
#15515=DIRECTION('',(1.,0.,-6.24500451334802E-15));
#15516=DIRECTION('',(0.,-1.,0.));
#15517=DIRECTION('center_axis',(-1.,0.,0.));
#15518=DIRECTION('ref_axis',(0.,0.,-1.));
#15519=DIRECTION('',(0.,0.,-1.));
#15520=DIRECTION('',(0.,0.,-1.));
#15521=DIRECTION('',(0.,-1.,0.));
#15522=DIRECTION('center_axis',(0.,-1.,0.));
#15523=DIRECTION('ref_axis',(-0.707107592139554,0.,0.707105970232611));
#15524=DIRECTION('center_axis',(0.,1.,0.));
#15525=DIRECTION('ref_axis',(-0.707107592139554,0.,0.707105970232611));
#15526=DIRECTION('center_axis',(0.,1.,0.));
#15527=DIRECTION('ref_axis',(-0.707107592139554,0.,0.707105970232611));
#15528=DIRECTION('',(0.,-1.,0.));
#15529=DIRECTION('center_axis',(0.707106781186543,0.,-0.707106781186552));
#15530=DIRECTION('ref_axis',(0.707106781186552,0.,0.707106781186543));
#15531=DIRECTION('',(0.707106781186552,0.,0.707106781186543));
#15532=DIRECTION('',(0.707106781186552,0.,0.707106781186543));
#15533=DIRECTION('',(0.,-1.,0.));
#15534=DIRECTION('center_axis',(0.,-1.,0.));
#15535=DIRECTION('ref_axis',(0.707107235683937,0.,-0.707106326688866));
#15536=DIRECTION('center_axis',(0.,1.,0.));
#15537=DIRECTION('ref_axis',(0.707107235683937,0.,-0.707106326688866));
#15538=DIRECTION('center_axis',(0.,-1.,0.));
#15539=DIRECTION('ref_axis',(0.707107235683937,0.,-0.707106326688866));
#15540=DIRECTION('',(0.,-1.,0.));
#15541=DIRECTION('center_axis',(-1.,0.,0.));
#15542=DIRECTION('ref_axis',(0.,0.,-1.));
#15543=DIRECTION('',(0.,0.,-1.));
#15544=DIRECTION('',(0.,0.,-1.));
#15545=DIRECTION('',(0.,-1.,0.));
#15546=DIRECTION('center_axis',(0.,-1.,0.));
#15547=DIRECTION('ref_axis',(-0.999999999999645,0.,-8.42796188393559E-7));
#15548=DIRECTION('center_axis',(0.,1.,0.));
#15549=DIRECTION('ref_axis',(-0.999999999999645,0.,-8.42796188393559E-7));
#15550=DIRECTION('center_axis',(0.,-1.,0.));
#15551=DIRECTION('ref_axis',(-0.999999999999645,0.,-8.42796188393559E-7));
#15552=DIRECTION('',(0.,-1.,0.));
#15553=DIRECTION('center_axis',(0.707106781186553,0.,0.707106781186542));
#15554=DIRECTION('ref_axis',(-0.707106781186542,0.,0.707106781186553));
#15555=DIRECTION('',(0.707106781186542,0.,-0.707106781186553));
#15556=DIRECTION('',(-0.707106781186542,0.,0.707106781186553));
#15557=DIRECTION('',(0.,-1.,0.));
#15558=DIRECTION('center_axis',(0.,-1.,0.));
#15559=DIRECTION('ref_axis',(0.999999999999678,0.,8.02955235634506E-7));
#15560=DIRECTION('center_axis',(0.,1.,0.));
#15561=DIRECTION('ref_axis',(0.999999999999678,0.,8.02955235634506E-7));
#15562=DIRECTION('center_axis',(0.,1.,0.));
#15563=DIRECTION('ref_axis',(0.999999999999678,0.,8.02955235634506E-7));
#15564=DIRECTION('',(0.,-1.,0.));
#15565=DIRECTION('center_axis',(-1.,0.,0.));
#15566=DIRECTION('ref_axis',(0.,0.,-1.));
#15567=DIRECTION('',(0.,0.,1.));
#15568=DIRECTION('',(0.,0.,-1.));
#15569=DIRECTION('',(0.,-1.,0.));
#15570=DIRECTION('center_axis',(0.,0.,1.));
#15571=DIRECTION('ref_axis',(-1.,0.,0.));
#15572=DIRECTION('',(-1.,0.,0.));
#15573=DIRECTION('',(-1.,0.,0.));
#15574=DIRECTION('',(0.,-1.,0.));
#15575=DIRECTION('center_axis',(1.,0.,0.));
#15576=DIRECTION('ref_axis',(0.,0.,1.));
#15577=DIRECTION('',(0.,0.,1.));
#15578=DIRECTION('',(0.,0.,1.));
#15579=DIRECTION('',(0.,-1.,0.));
#15580=DIRECTION('center_axis',(0.,-1.,0.));
#15581=DIRECTION('ref_axis',(1.,0.,0.));
#15582=DIRECTION('center_axis',(0.,1.,0.));
#15583=DIRECTION('ref_axis',(1.,0.,0.));
#15584=DIRECTION('center_axis',(0.,-1.,0.));
#15585=DIRECTION('ref_axis',(1.,0.,0.));
#15586=DIRECTION('center_axis',(0.,1.,0.));
#15587=DIRECTION('ref_axis',(1.,0.,0.));
#15588=DIRECTION('center_axis',(0.,1.,0.));
#15589=DIRECTION('ref_axis',(1.,0.,0.));
#15590=DIRECTION('center_axis',(-0.707106781186548,0.,-0.707106781186548));
#15591=DIRECTION('ref_axis',(0.707106781186548,0.,-0.707106781186548));
#15592=DIRECTION('',(0.707106781186547,0.,-0.707106781186547));
#15593=DIRECTION('',(0.,-1.,0.));
#15594=DIRECTION('',(0.707106781186547,0.,-0.707106781186547));
#15595=DIRECTION('',(0.,-1.,0.));
#15596=DIRECTION('center_axis',(0.,-1.,0.));
#15597=DIRECTION('ref_axis',(-1.,0.,0.));
#15598=DIRECTION('center_axis',(0.,1.,0.));
#15599=DIRECTION('ref_axis',(-1.,0.,0.));
#15600=DIRECTION('center_axis',(0.,1.,0.));
#15601=DIRECTION('ref_axis',(-1.,0.,0.));
#15602=DIRECTION('',(0.,-1.,0.));
#15603=DIRECTION('center_axis',(1.,0.,0.));
#15604=DIRECTION('ref_axis',(0.,0.,1.));
#15605=DIRECTION('',(0.,0.,-1.));
#15606=DIRECTION('',(0.,0.,1.));
#15607=DIRECTION('',(0.,-1.,0.));
#15608=DIRECTION('center_axis',(0.,-1.,0.));
#15609=DIRECTION('ref_axis',(0.707106781186548,0.,-0.707106781186548));
#15610=DIRECTION('center_axis',(0.,1.,0.));
#15611=DIRECTION('ref_axis',(0.707106781186548,0.,-0.707106781186548));
#15612=DIRECTION('center_axis',(0.,1.,0.));
#15613=DIRECTION('ref_axis',(0.707106781186548,0.,-0.707106781186548));
#15614=DIRECTION('',(0.,-1.,0.));
#15615=DIRECTION('center_axis',(-0.707106781186548,0.,0.707106781186548));
#15616=DIRECTION('ref_axis',(-0.707106781186548,0.,-0.707106781186548));
#15617=DIRECTION('',(0.707106781186548,0.,0.707106781186548));
#15618=DIRECTION('',(-0.707106781186548,0.,-0.707106781186548));
#15619=DIRECTION('',(0.,-1.,0.));
#15620=DIRECTION('center_axis',(0.,-1.,0.));
#15621=DIRECTION('ref_axis',(-0.707106781186548,0.,0.707106781186548));
#15622=DIRECTION('center_axis',(0.,1.,0.));
#15623=DIRECTION('ref_axis',(-0.707106781186548,0.,0.707106781186548));
#15624=DIRECTION('center_axis',(0.,-1.,0.));
#15625=DIRECTION('ref_axis',(-0.707106781186548,0.,0.707106781186548));
#15626=DIRECTION('',(0.,-1.,0.));
#15627=DIRECTION('center_axis',(1.,0.,6.28960996294042E-13));
#15628=DIRECTION('ref_axis',(-6.28960996294042E-13,0.,1.));
#15629=DIRECTION('',(6.28960996294042E-13,0.,-1.));
#15630=DIRECTION('',(-6.28960996294042E-13,0.,1.));
#15631=DIRECTION('',(0.,-1.,0.));
#15632=DIRECTION('center_axis',(-6.24500451334802E-15,0.,-1.));
#15633=DIRECTION('ref_axis',(1.,0.,-6.24500451334802E-15));
#15634=DIRECTION('',(-1.,0.,6.24500451334802E-15));
#15635=DIRECTION('',(1.,0.,-6.24500451334802E-15));
#15636=DIRECTION('',(0.,-1.,0.));
#15637=DIRECTION('center_axis',(-1.,0.,0.));
#15638=DIRECTION('ref_axis',(0.,0.,-1.));
#15639=DIRECTION('',(0.,0.,-1.));
#15640=DIRECTION('',(0.,0.,-1.));
#15641=DIRECTION('',(0.,-1.,0.));
#15642=DIRECTION('center_axis',(0.,-1.,0.));
#15643=DIRECTION('ref_axis',(-0.707107592139554,0.,0.707105970232611));
#15644=DIRECTION('center_axis',(0.,1.,0.));
#15645=DIRECTION('ref_axis',(-0.707107592139554,0.,0.707105970232611));
#15646=DIRECTION('center_axis',(0.,1.,0.));
#15647=DIRECTION('ref_axis',(-0.707107592139554,0.,0.707105970232611));
#15648=DIRECTION('',(0.,-1.,0.));
#15649=DIRECTION('center_axis',(0.707106781186543,0.,-0.707106781186552));
#15650=DIRECTION('ref_axis',(0.707106781186552,0.,0.707106781186543));
#15651=DIRECTION('',(0.707106781186552,0.,0.707106781186543));
#15652=DIRECTION('',(0.707106781186552,0.,0.707106781186543));
#15653=DIRECTION('',(0.,-1.,0.));
#15654=DIRECTION('center_axis',(0.,-1.,0.));
#15655=DIRECTION('ref_axis',(0.707107235683937,0.,-0.707106326688866));
#15656=DIRECTION('center_axis',(0.,1.,0.));
#15657=DIRECTION('ref_axis',(0.707107235683937,0.,-0.707106326688866));
#15658=DIRECTION('center_axis',(0.,-1.,0.));
#15659=DIRECTION('ref_axis',(0.707107235683937,0.,-0.707106326688866));
#15660=DIRECTION('',(0.,-1.,0.));
#15661=DIRECTION('center_axis',(-1.,0.,0.));
#15662=DIRECTION('ref_axis',(0.,0.,-1.));
#15663=DIRECTION('',(0.,0.,-1.));
#15664=DIRECTION('',(0.,0.,-1.));
#15665=DIRECTION('',(0.,-1.,0.));
#15666=DIRECTION('center_axis',(0.,-1.,0.));
#15667=DIRECTION('ref_axis',(-0.999999999999645,0.,-8.42796188393559E-7));
#15668=DIRECTION('center_axis',(0.,1.,0.));
#15669=DIRECTION('ref_axis',(-0.999999999999645,0.,-8.42796188393559E-7));
#15670=DIRECTION('center_axis',(0.,-1.,0.));
#15671=DIRECTION('ref_axis',(-0.999999999999645,0.,-8.42796188393559E-7));
#15672=DIRECTION('',(0.,-1.,0.));
#15673=DIRECTION('center_axis',(0.707106781186553,0.,0.707106781186542));
#15674=DIRECTION('ref_axis',(-0.707106781186542,0.,0.707106781186553));
#15675=DIRECTION('',(0.707106781186542,0.,-0.707106781186553));
#15676=DIRECTION('',(-0.707106781186542,0.,0.707106781186553));
#15677=DIRECTION('',(0.,-1.,0.));
#15678=DIRECTION('center_axis',(0.,-1.,0.));
#15679=DIRECTION('ref_axis',(0.999999999999678,0.,8.02955235634506E-7));
#15680=DIRECTION('center_axis',(0.,1.,0.));
#15681=DIRECTION('ref_axis',(0.999999999999678,0.,8.02955235634506E-7));
#15682=DIRECTION('center_axis',(0.,1.,0.));
#15683=DIRECTION('ref_axis',(0.999999999999678,0.,8.02955235634506E-7));
#15684=DIRECTION('',(0.,-1.,0.));
#15685=DIRECTION('center_axis',(-1.,0.,0.));
#15686=DIRECTION('ref_axis',(0.,0.,-1.));
#15687=DIRECTION('',(0.,0.,1.));
#15688=DIRECTION('',(0.,0.,-1.));
#15689=DIRECTION('',(0.,-1.,0.));
#15690=DIRECTION('center_axis',(0.,0.,1.));
#15691=DIRECTION('ref_axis',(-1.,0.,0.));
#15692=DIRECTION('',(-1.,0.,0.));
#15693=DIRECTION('',(-1.,0.,0.));
#15694=DIRECTION('',(0.,-1.,0.));
#15695=DIRECTION('center_axis',(1.,0.,0.));
#15696=DIRECTION('ref_axis',(0.,0.,1.));
#15697=DIRECTION('',(0.,0.,1.));
#15698=DIRECTION('',(0.,0.,1.));
#15699=DIRECTION('',(0.,-1.,0.));
#15700=DIRECTION('center_axis',(0.,-1.,0.));
#15701=DIRECTION('ref_axis',(1.,0.,0.));
#15702=DIRECTION('center_axis',(0.,1.,0.));
#15703=DIRECTION('ref_axis',(1.,0.,0.));
#15704=DIRECTION('center_axis',(0.,-1.,0.));
#15705=DIRECTION('ref_axis',(1.,0.,0.));
#15706=DIRECTION('center_axis',(0.,1.,0.));
#15707=DIRECTION('ref_axis',(1.,0.,0.));
#15708=DIRECTION('center_axis',(0.,1.,0.));
#15709=DIRECTION('ref_axis',(1.,0.,0.));
#15710=DIRECTION('center_axis',(-0.707106781186548,0.,-0.707106781186548));
#15711=DIRECTION('ref_axis',(0.707106781186548,0.,-0.707106781186548));
#15712=DIRECTION('',(0.707106781186547,0.,-0.707106781186547));
#15713=DIRECTION('',(0.,-1.,0.));
#15714=DIRECTION('',(0.707106781186547,0.,-0.707106781186547));
#15715=DIRECTION('',(0.,-1.,0.));
#15716=DIRECTION('center_axis',(0.,-1.,0.));
#15717=DIRECTION('ref_axis',(-1.,0.,0.));
#15718=DIRECTION('center_axis',(0.,1.,0.));
#15719=DIRECTION('ref_axis',(-1.,0.,0.));
#15720=DIRECTION('center_axis',(0.,1.,0.));
#15721=DIRECTION('ref_axis',(-1.,0.,0.));
#15722=DIRECTION('',(0.,-1.,0.));
#15723=DIRECTION('center_axis',(1.,0.,0.));
#15724=DIRECTION('ref_axis',(0.,0.,1.));
#15725=DIRECTION('',(0.,0.,-1.));
#15726=DIRECTION('',(0.,0.,1.));
#15727=DIRECTION('',(0.,-1.,0.));
#15728=DIRECTION('center_axis',(0.,-1.,0.));
#15729=DIRECTION('ref_axis',(0.707106781186548,0.,-0.707106781186548));
#15730=DIRECTION('center_axis',(0.,1.,0.));
#15731=DIRECTION('ref_axis',(0.707106781186548,0.,-0.707106781186548));
#15732=DIRECTION('center_axis',(0.,1.,0.));
#15733=DIRECTION('ref_axis',(0.707106781186548,0.,-0.707106781186548));
#15734=DIRECTION('',(0.,-1.,0.));
#15735=DIRECTION('center_axis',(-0.707106781186548,0.,0.707106781186548));
#15736=DIRECTION('ref_axis',(-0.707106781186548,0.,-0.707106781186548));
#15737=DIRECTION('',(0.707106781186548,0.,0.707106781186548));
#15738=DIRECTION('',(-0.707106781186548,0.,-0.707106781186548));
#15739=DIRECTION('',(0.,-1.,0.));
#15740=DIRECTION('center_axis',(0.,-1.,0.));
#15741=DIRECTION('ref_axis',(-0.707106781186548,0.,0.707106781186548));
#15742=DIRECTION('center_axis',(0.,1.,0.));
#15743=DIRECTION('ref_axis',(-0.707106781186548,0.,0.707106781186548));
#15744=DIRECTION('center_axis',(0.,-1.,0.));
#15745=DIRECTION('ref_axis',(-0.707106781186548,0.,0.707106781186548));
#15746=DIRECTION('',(0.,-1.,0.));
#15747=DIRECTION('center_axis',(1.,0.,6.28960996294042E-13));
#15748=DIRECTION('ref_axis',(-6.28960996294042E-13,0.,1.));
#15749=DIRECTION('',(6.28960996294042E-13,0.,-1.));
#15750=DIRECTION('',(-6.28960996294042E-13,0.,1.));
#15751=DIRECTION('',(0.,-1.,0.));
#15752=DIRECTION('center_axis',(-6.24500451334802E-15,0.,-1.));
#15753=DIRECTION('ref_axis',(1.,0.,-6.24500451334802E-15));
#15754=DIRECTION('',(-1.,0.,6.24500451334802E-15));
#15755=DIRECTION('',(1.,0.,-6.24500451334802E-15));
#15756=DIRECTION('',(0.,-1.,0.));
#15757=DIRECTION('center_axis',(-1.,0.,0.));
#15758=DIRECTION('ref_axis',(0.,0.,-1.));
#15759=DIRECTION('',(0.,0.,-1.));
#15760=DIRECTION('',(0.,0.,-1.));
#15761=DIRECTION('',(0.,-1.,0.));
#15762=DIRECTION('center_axis',(0.,-1.,0.));
#15763=DIRECTION('ref_axis',(-0.707107592139554,0.,0.707105970232611));
#15764=DIRECTION('center_axis',(0.,1.,0.));
#15765=DIRECTION('ref_axis',(-0.707107592139554,0.,0.707105970232611));
#15766=DIRECTION('center_axis',(0.,1.,0.));
#15767=DIRECTION('ref_axis',(-0.707107592139554,0.,0.707105970232611));
#15768=DIRECTION('',(0.,-1.,0.));
#15769=DIRECTION('center_axis',(0.707106781186543,0.,-0.707106781186552));
#15770=DIRECTION('ref_axis',(0.707106781186552,0.,0.707106781186543));
#15771=DIRECTION('',(0.707106781186552,0.,0.707106781186543));
#15772=DIRECTION('',(0.707106781186552,0.,0.707106781186543));
#15773=DIRECTION('',(0.,-1.,0.));
#15774=DIRECTION('center_axis',(0.,-1.,0.));
#15775=DIRECTION('ref_axis',(0.707107235683937,0.,-0.707106326688866));
#15776=DIRECTION('center_axis',(0.,1.,0.));
#15777=DIRECTION('ref_axis',(0.707107235683937,0.,-0.707106326688866));
#15778=DIRECTION('center_axis',(0.,-1.,0.));
#15779=DIRECTION('ref_axis',(0.707107235683937,0.,-0.707106326688866));
#15780=DIRECTION('',(0.,-1.,0.));
#15781=DIRECTION('center_axis',(-1.,0.,0.));
#15782=DIRECTION('ref_axis',(0.,0.,-1.));
#15783=DIRECTION('',(0.,0.,-1.));
#15784=DIRECTION('',(0.,0.,-1.));
#15785=DIRECTION('',(0.,-1.,0.));
#15786=DIRECTION('center_axis',(0.,-1.,0.));
#15787=DIRECTION('ref_axis',(-0.999999999999645,0.,-8.42796188393559E-7));
#15788=DIRECTION('center_axis',(0.,1.,0.));
#15789=DIRECTION('ref_axis',(-0.999999999999645,0.,-8.42796188393559E-7));
#15790=DIRECTION('center_axis',(0.,-1.,0.));
#15791=DIRECTION('ref_axis',(-0.999999999999645,0.,-8.42796188393559E-7));
#15792=DIRECTION('',(0.,-1.,0.));
#15793=DIRECTION('center_axis',(0.707106781186553,0.,0.707106781186542));
#15794=DIRECTION('ref_axis',(-0.707106781186542,0.,0.707106781186553));
#15795=DIRECTION('',(0.707106781186542,0.,-0.707106781186553));
#15796=DIRECTION('',(-0.707106781186542,0.,0.707106781186553));
#15797=DIRECTION('',(0.,-1.,0.));
#15798=DIRECTION('center_axis',(0.,-1.,0.));
#15799=DIRECTION('ref_axis',(0.999999999999678,0.,8.02955235634506E-7));
#15800=DIRECTION('center_axis',(0.,1.,0.));
#15801=DIRECTION('ref_axis',(0.999999999999678,0.,8.02955235634506E-7));
#15802=DIRECTION('center_axis',(0.,1.,0.));
#15803=DIRECTION('ref_axis',(0.999999999999678,0.,8.02955235634506E-7));
#15804=DIRECTION('',(0.,-1.,0.));
#15805=DIRECTION('center_axis',(-1.,0.,0.));
#15806=DIRECTION('ref_axis',(0.,0.,-1.));
#15807=DIRECTION('',(0.,0.,1.));
#15808=DIRECTION('',(0.,0.,-1.));
#15809=DIRECTION('',(0.,-1.,0.));
#15810=DIRECTION('center_axis',(0.,0.,1.));
#15811=DIRECTION('ref_axis',(-1.,0.,0.));
#15812=DIRECTION('',(-1.,0.,0.));
#15813=DIRECTION('',(-1.,0.,0.));
#15814=DIRECTION('',(0.,-1.,0.));
#15815=DIRECTION('center_axis',(1.,0.,0.));
#15816=DIRECTION('ref_axis',(0.,0.,1.));
#15817=DIRECTION('',(0.,0.,1.));
#15818=DIRECTION('',(0.,0.,1.));
#15819=DIRECTION('',(0.,-1.,0.));
#15820=DIRECTION('center_axis',(0.,-1.,0.));
#15821=DIRECTION('ref_axis',(1.,0.,0.));
#15822=DIRECTION('center_axis',(0.,1.,0.));
#15823=DIRECTION('ref_axis',(1.,0.,0.));
#15824=DIRECTION('center_axis',(0.,-1.,0.));
#15825=DIRECTION('ref_axis',(1.,0.,0.));
#15826=DIRECTION('center_axis',(0.,1.,0.));
#15827=DIRECTION('ref_axis',(1.,0.,0.));
#15828=DIRECTION('center_axis',(0.,1.,0.));
#15829=DIRECTION('ref_axis',(1.,0.,0.));
#15830=DIRECTION('axis',(0.,0.,1.));
#15831=DIRECTION('refdir',(1.,0.,0.));
#15832=DIRECTION('',(0.,0.,1.));
#15833=DIRECTION('',(1.,0.,0.));
#15834=DIRECTION('',(0.,0.,1.));
#15835=DIRECTION('',(1.,0.,0.));
#15836=DIRECTION('',(0.,0.,1.));
#15837=DIRECTION('',(1.,0.,0.));
#15838=CARTESIAN_POINT('',(0.,0.,0.));
#15839=CARTESIAN_POINT('',(0.,0.,0.));
#15840=CARTESIAN_POINT('Ctrl Pts',(38.6893049273285,740.081007154455,35.3904060528522));
#15841=CARTESIAN_POINT('Ctrl Pts',(38.6835312828557,740.080584408796,35.3850916440487));
#15842=CARTESIAN_POINT('Ctrl Pts',(38.6449978751356,740.077960335439,35.3494096937193));
#15843=CARTESIAN_POINT('Ctrl Pts',(38.5860548173739,740.075528439029,35.2945800042035));
#15844=CARTESIAN_POINT('Ctrl Pts',(38.5368155199527,740.074901501107,35.2484275587172));
#15845=CARTESIAN_POINT('Ctrl Pts',(38.5272899001991,740.075,35.2394917128258));
#15846=CARTESIAN_POINT('Ctrl Pts',(38.525,740.075,35.2373381720176));
#15847=CARTESIAN_POINT('Ctrl Pts',(39.2003321409496,740.081007154455,34.8793788392311));
#15848=CARTESIAN_POINT('Ctrl Pts',(39.1947115750332,740.080584408796,34.8739113518711));
#15849=CARTESIAN_POINT('Ctrl Pts',(39.1569476379701,740.077960335439,34.8374599308848));
#15850=CARTESIAN_POINT('Ctrl Pts',(39.0994991538131,740.075528439029,34.7811356677644));
#15851=CARTESIAN_POINT('Ctrl Pts',(39.0512424776021,740.074901501106,34.7340006010679));
#15852=CARTESIAN_POINT('Ctrl Pts',(39.0420173428546,740.075,34.7247642701704));
#15853=CARTESIAN_POINT('Ctrl Pts',(39.0397728957857,740.075,34.7225652762319));
#15854=CARTESIAN_POINT('Ctrl Pts',(39.7113593545707,740.081007154456,34.3683516256099));
#15855=CARTESIAN_POINT('Ctrl Pts',(39.7058918672108,740.080584408796,34.3627310596936));
#15856=CARTESIAN_POINT('Ctrl Pts',(39.6694404462244,740.076755090942,34.3255102228963));
#15857=CARTESIAN_POINT('Ctrl Pts',(39.613116183104,740.07583113521,34.2680644327938));
#15858=CARTESIAN_POINT('Ctrl Pts',(39.5659811164075,740.073903904583,34.219441100925));
#15859=CARTESIAN_POINT('Ctrl Pts',(39.55674478551,740.075,34.210036827515));
#15860=CARTESIAN_POINT('Ctrl Pts',(39.5545457915715,740.075,34.2077923804461));
#15861=CARTESIAN_POINT('Ctrl Pts',(40.2223865681917,740.081007154456,33.8573244119888));
#15862=CARTESIAN_POINT('Ctrl Pts',(40.2170721593883,740.080584408796,33.851550767516));
#15863=CARTESIAN_POINT('Ctrl Pts',(40.1813902090589,740.077960335439,33.8130173597959));
#15864=CARTESIAN_POINT('Ctrl Pts',(40.1265605195432,740.07552843903,33.7540743020343));
#15865=CARTESIAN_POINT('Ctrl Pts',(40.0804080740569,740.074901501107,33.7048350046131));
#15866=CARTESIAN_POINT('Ctrl Pts',(40.0714722281655,740.075,33.6953093848595));
#15867=CARTESIAN_POINT('Ctrl Pts',(40.0693186873573,740.075,33.6930194846604));
#15868=CARTESIAN_POINT('',(40.0693186873573,740.075,33.6930194846604));
#15869=CARTESIAN_POINT('',(38.525,740.075,35.2373381720176));
#15870=CARTESIAN_POINT('',(39.2971593436786,740.075,34.465178828339));
#15871=CARTESIAN_POINT('',(38.6893049273285,740.081007154455,35.3904060528522));
#15872=CARTESIAN_POINT('Ctrl Pts',(38.525,740.075,35.2373381720176));
#15873=CARTESIAN_POINT('Ctrl Pts',(38.5256017913327,740.075,35.2379041277712));
#15874=CARTESIAN_POINT('Ctrl Pts',(38.5262069603489,740.075000213427,35.2384732434111));
#15875=CARTESIAN_POINT('Ctrl Pts',(38.5269114671019,740.075000811935,35.2391352544864));
#15876=CARTESIAN_POINT('Ctrl Pts',(38.5276441372963,740.075001434368,35.2398237301912));
#15877=CARTESIAN_POINT('Ctrl Pts',(38.5284840820926,740.075002469634,35.2406125235734));
#15878=CARTESIAN_POINT('Ctrl Pts',(38.5294967395447,740.075004493486,35.2415628101725));
#15879=CARTESIAN_POINT('Ctrl Pts',(38.5305597839434,740.075006618039,35.2425603803225));
#15880=CARTESIAN_POINT('Ctrl Pts',(38.5318129479139,740.075009830699,35.2437357199027));
#15881=CARTESIAN_POINT('Ctrl Pts',(38.5332888141741,740.075015267705,35.2451192567585));
#15882=CARTESIAN_POINT('Ctrl Pts',(38.534861824642,740.075021062585,35.2465938605323));
#15883=CARTESIAN_POINT('Ctrl Pts',(38.5366875355255,740.075029399722,35.2483047059049));
#15884=CARTESIAN_POINT('Ctrl Pts',(38.5387612861584,740.075042083282,35.2502473600309));
#15885=CARTESIAN_POINT('Ctrl Pts',(38.541036247768,740.075055997497,35.2523785051587));
#15886=CARTESIAN_POINT('Ctrl Pts',(38.5436092702849,740.075075191876,35.2547882072783));
#15887=CARTESIAN_POINT('Ctrl Pts',(38.5464282121997,740.075102039709,35.2574275752455));
#15888=CARTESIAN_POINT('Ctrl Pts',(38.5499498311333,740.075135579896,35.2607248578738));
#15889=CARTESIAN_POINT('Ctrl Pts',(38.5538544178743,740.075181242741,35.2643798007413));
#15890=CARTESIAN_POINT('Ctrl Pts',(38.5579792560794,740.075241708834,35.2682398922233));
#15891=CARTESIAN_POINT('Ctrl Pts',(38.5622726228785,740.075304645392,35.2722576955375));
#15892=CARTESIAN_POINT('Ctrl Pts',(38.5668001760322,740.075383679175,35.2764936160597));
#15893=CARTESIAN_POINT('Ctrl Pts',(38.5713649088229,740.075477762895,35.280762856358));
#15894=CARTESIAN_POINT('Ctrl Pts',(38.5749041822614,740.075550710869,35.2840730191831));
#15895=CARTESIAN_POINT('Ctrl Pts',(38.5784648392913,740.075632566171,35.2874023042116));
#15896=CARTESIAN_POINT('Ctrl Pts',(38.5819767472207,740.075721526739,35.2906847668816));
#15897=CARTESIAN_POINT('Ctrl Pts',(38.5851523871148,740.07580196926,35.2936529310863));
#15898=CARTESIAN_POINT('Ctrl Pts',(38.5882877200214,740.07588815154,35.2965823909367));
#15899=CARTESIAN_POINT('Ctrl Pts',(38.5913592306168,740.075978778999,35.2994508326153));
#15900=CARTESIAN_POINT('Ctrl Pts',(38.5942310433461,740.076063514208,35.3021327791918));
#15901=CARTESIAN_POINT('Ctrl Pts',(38.5970467812857,740.076152083671,35.3047611189538));
#15902=CARTESIAN_POINT('Ctrl Pts',(38.5998182372265,740.076244292641,35.3073465861699));
#15903=CARTESIAN_POINT('Ctrl Pts',(38.6026495984802,740.076338494718,35.3099879385329));
#15904=CARTESIAN_POINT('Ctrl Pts',(38.6054340597021,740.076436421471,35.3125839038009));
#15905=CARTESIAN_POINT('Ctrl Pts',(38.6082258278373,740.076539757616,35.3151848564996));
#15906=CARTESIAN_POINT('Ctrl Pts',(38.6109489450359,740.076640552675,35.317721850506));
#15907=CARTESIAN_POINT('Ctrl Pts',(38.6136854635748,740.076746749484,35.3202695964105));
#15908=CARTESIAN_POINT('Ctrl Pts',(38.6164741962684,740.076860219778,35.3228643344976));
#15909=CARTESIAN_POINT('Ctrl Pts',(38.6194326164654,740.076980594459,35.325616955995));
#15910=CARTESIAN_POINT('Ctrl Pts',(38.6224495157025,740.077109192714,35.328422202099));
#15911=CARTESIAN_POINT('Ctrl Pts',(38.6255269579658,740.077246826112,35.3312822936926));
#15912=CARTESIAN_POINT('Ctrl Pts',(38.6288708904872,740.077396377837,35.3343900541233));
#15913=CARTESIAN_POINT('Ctrl Pts',(38.6322858756849,740.077556646803,35.3375621747448));
#15914=CARTESIAN_POINT('Ctrl Pts',(38.6357291540036,740.077726306287,35.3407593684067));
#15915=CARTESIAN_POINT('Ctrl Pts',(38.6398308571457,740.077928408114,35.3445679305022));
#15916=CARTESIAN_POINT('Ctrl Pts',(38.6439719790951,740.078143940127,35.3484114040071));
#15917=CARTESIAN_POINT('Ctrl Pts',(38.6480261510373,740.078365947431,35.3521730770059));
#15918=CARTESIAN_POINT('Ctrl Pts',(38.6535991869012,740.078671128042,35.357344031477));
#15919=CARTESIAN_POINT('Ctrl Pts',(38.6590010792631,740.078988555691,35.3623541033614));
#15920=CARTESIAN_POINT('Ctrl Pts',(38.6638597778217,740.079288985176,35.3668588400516));
#15921=CARTESIAN_POINT('Ctrl Pts',(38.6670167274937,740.079484189869,35.3697858022504));
#15922=CARTESIAN_POINT('Ctrl Pts',(38.6699434777209,740.079671897829,35.3724985912673));
#15923=CARTESIAN_POINT('Ctrl Pts',(38.6725642530186,740.079844149902,35.374926959236));
#15924=CARTESIAN_POINT('Ctrl Pts',(38.6749341843509,740.0799999151,35.3771228992467));
#15925=CARTESIAN_POINT('Ctrl Pts',(38.6770533860608,740.080142946371,35.379085767937));
#15926=CARTESIAN_POINT('Ctrl Pts',(38.6788993066698,740.080269503168,35.3807946628771));
#15927=CARTESIAN_POINT('Ctrl Pts',(38.6805662392963,740.080383788503,35.3823378564018));
#15928=CARTESIAN_POINT('Ctrl Pts',(38.6820102263459,740.080484612207,35.3836738535743));
#15929=CARTESIAN_POINT('Ctrl Pts',(38.683247001729,740.080571813035,35.3848172938559));
#15930=CARTESIAN_POINT('Ctrl Pts',(38.6844362767293,740.080655664772,35.385916818442));
#15931=CARTESIAN_POINT('Ctrl Pts',(38.6854336792294,740.080726895505,35.3868380399912));
#15932=CARTESIAN_POINT('Ctrl Pts',(38.6862876262787,740.080788267206,35.3876259622795));
#15933=CARTESIAN_POINT('Ctrl Pts',(38.6871026436979,740.080846841102,35.3883779648661));
#15934=CARTESIAN_POINT('Ctrl Pts',(38.687786861469,740.080896429086,35.3890084281271));
#15935=CARTESIAN_POINT('Ctrl Pts',(38.688417058105,740.080942321347,35.3895887067132));
#15936=CARTESIAN_POINT('Ctrl Pts',(38.6887211003694,740.080964462352,35.3898686657057));
#15937=CARTESIAN_POINT('Ctrl Pts',(38.6890131089335,740.080985787542,35.3901374456916));
#15938=CARTESIAN_POINT('Ctrl Pts',(38.6893049273285,740.081007154455,35.3904060528522));
#15939=CARTESIAN_POINT('',(40.2223865681917,740.081007154456,33.8573244119888));
#15940=CARTESIAN_POINT('Ctrl Pts',(40.2223865681917,740.081007154456,33.8573244119888));
#15941=CARTESIAN_POINT('Ctrl Pts',(39.7113593545707,740.081007154456,34.3683516256099));
#15942=CARTESIAN_POINT('Ctrl Pts',(39.2003321409496,740.081007154455,34.8793788392311));
#15943=CARTESIAN_POINT('Ctrl Pts',(38.6893049273285,740.081007154455,35.3904060528522));
#15944=CARTESIAN_POINT('Ctrl Pts',(40.2223865681917,740.081007154456,33.8573244119888));
#15945=CARTESIAN_POINT('Ctrl Pts',(40.2218278757917,740.080962712111,33.8567174411278));
#15946=CARTESIAN_POINT('Ctrl Pts',(40.221266040602,740.080918239873,33.8561070697908));
#15947=CARTESIAN_POINT('Ctrl Pts',(40.2206117544216,740.08086687593,33.855397196966));
#15948=CARTESIAN_POINT('Ctrl Pts',(40.2199313097985,740.080813458451,33.8546589433374));
#15949=CARTESIAN_POINT('Ctrl Pts',(40.2191510267979,740.080752595632,33.8538132376054));
#15950=CARTESIAN_POINT('Ctrl Pts',(40.2182099927843,740.080680073776,33.8527945413927));
#15951=CARTESIAN_POINT('Ctrl Pts',(40.2172221297445,740.080603942989,33.8517251514209));
#15952=CARTESIAN_POINT('Ctrl Pts',(40.2160573123248,740.080514977956,33.8504653337401));
#15953=CARTESIAN_POINT('Ctrl Pts',(40.2146851920662,740.080411941001,33.8489824462781));
#15954=CARTESIAN_POINT('Ctrl Pts',(40.2132227412784,740.080302120833,33.8474019361709));
#15955=CARTESIAN_POINT('Ctrl Pts',(40.2115250591419,740.080176351485,33.8455683020434));
#15956=CARTESIAN_POINT('Ctrl Pts',(40.2095964389529,740.08003680045,33.8434862008004));
#15957=CARTESIAN_POINT('Ctrl Pts',(40.2074806441181,740.079883705839,33.8412020294117));
#15958=CARTESIAN_POINT('Ctrl Pts',(40.2050873269381,740.079714107367,33.8386192666105));
#15959=CARTESIAN_POINT('Ctrl Pts',(40.2024649390311,740.079534228204,33.8357901668493));
#15960=CARTESIAN_POINT('Ctrl Pts',(40.1991883640534,740.079309475961,33.8322553131909));
#15961=CARTESIAN_POINT('Ctrl Pts',(40.1955549473222,740.079068914864,33.828336707174));
#15962=CARTESIAN_POINT('Ctrl Pts',(40.1917160244888,740.078827193126,33.8241976903955));
#15963=CARTESIAN_POINT('Ctrl Pts',(40.1877222949568,740.078575723825,33.8198917654629));
#15964=CARTESIAN_POINT('Ctrl Pts',(40.1835102667731,740.078323382606,33.8153517256912));
#15965=CARTESIAN_POINT('Ctrl Pts',(40.1792629159196,740.078083547159,33.8107753930194));
#15966=CARTESIAN_POINT('Ctrl Pts',(40.1759689275982,740.077897545299,33.8072262663057));
#15967=CARTESIAN_POINT('Ctrl Pts',(40.1726545951743,740.07771899481,33.8036562923401));
#15968=CARTESIAN_POINT('Ctrl Pts',(40.1693851184136,740.077551220025,33.8001361565195));
#15969=CARTESIAN_POINT('Ctrl Pts',(40.1664286284705,740.077399506312,33.7969530030934));
#15970=CARTESIAN_POINT('Ctrl Pts',(40.1635092337273,740.077256566224,33.7938110553312));
#15971=CARTESIAN_POINT('Ctrl Pts',(40.1606487973576,740.077122816865,33.7907342202001));
#15972=CARTESIAN_POINT('Ctrl Pts',(40.1579745089931,740.076997771485,33.7878576156099));
#15973=CARTESIAN_POINT('Ctrl Pts',(40.1553520180123,740.07688072825,33.7850382104172));
#15974=CARTESIAN_POINT('Ctrl Pts',(40.1527703440891,740.076770621746,33.7822644439225));
#15975=CARTESIAN_POINT('Ctrl Pts',(40.15013049098,740.076658033942,33.7794281693491));
#15976=CARTESIAN_POINT('Ctrl Pts',(40.1475339585566,740.076552675133,33.7766403095295));
#15977=CARTESIAN_POINT('Ctrl Pts',(40.1449301399934,740.076452250453,33.7738465717334));
#15978=CARTESIAN_POINT('Ctrl Pts',(40.1423924660988,740.076354376856,33.7711238031145));
#15979=CARTESIAN_POINT('Ctrl Pts',(40.1398418720554,740.076260974735,33.7683890049739));
#15980=CARTESIAN_POINT('Ctrl Pts',(40.1372422812011,740.076171061978,33.7656032811717));
#15981=CARTESIAN_POINT('Ctrl Pts',(40.1344844520121,740.076075676189,33.7626479890334));
#15982=CARTESIAN_POINT('Ctrl Pts',(40.131671741511,740.075984275728,33.7596356605832));
#15983=CARTESIAN_POINT('Ctrl Pts',(40.1288022985348,740.075897489995,33.7565639532514));
#15984=CARTESIAN_POINT('Ctrl Pts',(40.1256842425366,740.07580318501,33.7532261083978));
#15985=CARTESIAN_POINT('Ctrl Pts',(40.122499595379,740.075714409196,33.7498185725143));
#15986=CARTESIAN_POINT('Ctrl Pts',(40.119288291087,740.075632918669,33.7463836432685));
#15987=CARTESIAN_POINT('Ctrl Pts',(40.1154620120424,740.075535822453,33.7422909143963));
#15988=CARTESIAN_POINT('Ctrl Pts',(40.1115985618344,740.07544922547,33.7381600111377));
#15989=CARTESIAN_POINT('Ctrl Pts',(40.1078159946808,740.075375359318,33.7341166382857));
#15990=CARTESIAN_POINT('Ctrl Pts',(40.1026192553206,740.075273877144,33.728561586916));
#15991=CARTESIAN_POINT('Ctrl Pts',(40.0975815439075,740.075196927078,33.7231785388634));
#15992=CARTESIAN_POINT('Ctrl Pts',(40.0930500539184,740.07514245303,33.7183378246785));
#15993=CARTESIAN_POINT('Ctrl Pts',(40.0901056732163,740.075107057975,33.7151925224789));
#15994=CARTESIAN_POINT('Ctrl Pts',(40.087375838489,740.075080899725,33.7122770800719));
#15995=CARTESIAN_POINT('Ctrl Pts',(40.08493134466,740.075061587638,33.7096670243518));
#15996=CARTESIAN_POINT('Ctrl Pts',(40.0827208562651,740.07504412425,33.7073068229019));
#15997=CARTESIAN_POINT('Ctrl Pts',(40.0807441850012,740.075032203145,33.7051968651893));
#15998=CARTESIAN_POINT('Ctrl Pts',(40.0790224503399,740.075023759842,33.703359635776));
#15999=CARTESIAN_POINT('Ctrl Pts',(40.0774674361002,740.075016134129,33.7017003104667));
#16000=CARTESIAN_POINT('Ctrl Pts',(40.0761204642896,740.075011325301,33.7002635468439));
#16001=CARTESIAN_POINT('Ctrl Pts',(40.0749668861467,740.075008037773,33.6990336272794));
#16002=CARTESIAN_POINT('Ctrl Pts',(40.0738576018531,740.075004876476,33.6978509328397));
#16003=CARTESIAN_POINT('Ctrl Pts',(40.0729273989994,740.075003117504,33.6968597747932));
#16004=CARTESIAN_POINT('Ctrl Pts',(40.0721310832818,740.075001989762,33.6960117957557));
#16005=CARTESIAN_POINT('Ctrl Pts',(40.0713710586837,740.075000913416,33.6952024623306));
#16006=CARTESIAN_POINT('Ctrl Pts',(40.0707331129552,740.075000416019,33.6945236802329));
#16007=CARTESIAN_POINT('Ctrl Pts',(40.0701455442098,740.075000171808,33.6938987660809));
#16008=CARTESIAN_POINT('Ctrl Pts',(40.0698624050033,740.075000054127,33.6935976307696));
#16009=CARTESIAN_POINT('Ctrl Pts',(40.0695904597129,740.075,33.6933084652866));
#16010=CARTESIAN_POINT('Ctrl Pts',(40.0693186873573,740.075,33.6930194846604));
#16011=CARTESIAN_POINT('Ctrl Pts',(52.3276134318084,740.081007154456,33.8573244119886));
#16012=CARTESIAN_POINT('Ctrl Pts',(52.3329278406118,740.080584408796,33.8515507675158));
#16013=CARTESIAN_POINT('Ctrl Pts',(52.3686111160957,740.077960261203,33.8130159292879));
#16014=CARTESIAN_POINT('Ctrl Pts',(52.4234402346013,740.075528397687,33.754073487829));
#16015=CARTESIAN_POINT('Ctrl Pts',(52.469592465694,740.07490147143,33.7048344218067));
#16016=CARTESIAN_POINT('Ctrl Pts',(52.4785277718344,740.075,33.6953093848595));
#16017=CARTESIAN_POINT('Ctrl Pts',(52.4806813126427,740.075,33.6930194846604));
#16018=CARTESIAN_POINT('Ctrl Pts',(52.8386406454294,740.081007154455,34.3683516256097));
#16019=CARTESIAN_POINT('Ctrl Pts',(52.8441081327893,740.080584408796,34.3627310596934));
#16020=CARTESIAN_POINT('Ctrl Pts',(52.8805608789301,740.077960261203,34.3249656921224));
#16021=CARTESIAN_POINT('Ctrl Pts',(52.9368845710405,740.075528397687,34.2675178242682));
#16022=CARTESIAN_POINT('Ctrl Pts',(52.9840194233434,740.07490147143,34.219261379456));
#16023=CARTESIAN_POINT('Ctrl Pts',(52.9932552144899,740.075,34.2100368275149));
#16024=CARTESIAN_POINT('Ctrl Pts',(52.9954542084285,740.075,34.2077923804461));
#16025=CARTESIAN_POINT('Ctrl Pts',(53.3496678590505,740.081007154455,34.8793788392309));
#16026=CARTESIAN_POINT('Ctrl Pts',(53.3552884249668,740.080584408796,34.873911351871));
#16027=CARTESIAN_POINT('Ctrl Pts',(53.3925106584524,740.076754692174,34.8374586057301));
#16028=CARTESIAN_POINT('Ctrl Pts',(53.4499558472347,740.075830909108,34.7811349136198));
#16029=CARTESIAN_POINT('Ctrl Pts',(53.4985789530196,740.073903742656,34.7340000613169));
#16030=CARTESIAN_POINT('Ctrl Pts',(53.5079826571454,740.075,34.7247642701704));
#16031=CARTESIAN_POINT('Ctrl Pts',(53.5102271042142,740.075,34.7225652762318));
#16032=CARTESIAN_POINT('Ctrl Pts',(53.8606950726715,740.081007154455,35.390406052852));
#16033=CARTESIAN_POINT('Ctrl Pts',(53.8664687171443,740.080584408796,35.3850916440486));
#16034=CARTESIAN_POINT('Ctrl Pts',(53.9050035553723,740.077960261203,35.3494083685647));
#16035=CARTESIAN_POINT('Ctrl Pts',(53.9639459968313,740.075528397686,35.294579250059));
#16036=CARTESIAN_POINT('Ctrl Pts',(54.0131850628537,740.07490147143,35.2484270189663));
#16037=CARTESIAN_POINT('Ctrl Pts',(54.0227100998009,740.075,35.2394917128258));
#16038=CARTESIAN_POINT('Ctrl Pts',(54.025,740.075,35.2373381720175));
#16039=CARTESIAN_POINT('',(54.025,740.075,35.2373381720175));
#16040=CARTESIAN_POINT('',(52.4806813126427,740.075,33.6930194846604));
#16041=CARTESIAN_POINT('',(53.2528406563213,740.075,34.465178828339));
#16042=CARTESIAN_POINT('',(52.3276134318084,740.081007154456,33.8573244119886));
#16043=CARTESIAN_POINT('Ctrl Pts',(52.4806813126427,740.075,33.6930194846604));
#16044=CARTESIAN_POINT('Ctrl Pts',(52.480115356889,740.075,33.6936212759931));
#16045=CARTESIAN_POINT('Ctrl Pts',(52.4795462412492,740.075000213428,33.6942264450093));
#16046=CARTESIAN_POINT('Ctrl Pts',(52.4788842301738,740.075000811935,33.6949309517623));
#16047=CARTESIAN_POINT('Ctrl Pts',(52.4781957544691,740.075001434369,33.6956636219568));
#16048=CARTESIAN_POINT('Ctrl Pts',(52.4774069610868,740.075002469635,33.696503566753));
#16049=CARTESIAN_POINT('Ctrl Pts',(52.4764566744878,740.075004493486,33.6975162242051));
#16050=CARTESIAN_POINT('Ctrl Pts',(52.4754591043378,740.075006618039,33.6985792686038));
#16051=CARTESIAN_POINT('Ctrl Pts',(52.4742837647576,740.075009830699,33.6998324325744));
#16052=CARTESIAN_POINT('Ctrl Pts',(52.4729002279017,740.075015267705,33.7013082988346));
#16053=CARTESIAN_POINT('Ctrl Pts',(52.471425624128,740.075021062585,33.7028813093024));
#16054=CARTESIAN_POINT('Ctrl Pts',(52.4697147787554,740.075029399722,33.7047070201859));
#16055=CARTESIAN_POINT('Ctrl Pts',(52.4677721246293,740.075042083282,33.7067807708188));
#16056=CARTESIAN_POINT('Ctrl Pts',(52.4656409795016,740.075055997497,33.7090557324285));
#16057=CARTESIAN_POINT('Ctrl Pts',(52.463231277382,740.075075191876,33.7116287549452));
#16058=CARTESIAN_POINT('Ctrl Pts',(52.4605919094149,740.075102039709,33.71444769686));
#16059=CARTESIAN_POINT('Ctrl Pts',(52.4572946267866,740.075135579896,33.7179693157935));
#16060=CARTESIAN_POINT('Ctrl Pts',(52.4536396839192,740.075181242741,33.7218739025345));
#16061=CARTESIAN_POINT('Ctrl Pts',(52.4497795924372,740.075241708834,33.7259987407396));
#16062=CARTESIAN_POINT('Ctrl Pts',(52.4457617891229,740.075304645392,33.7302921075387));
#16063=CARTESIAN_POINT('Ctrl Pts',(52.4415258686006,740.075383679176,33.7348196606925));
#16064=CARTESIAN_POINT('Ctrl Pts',(52.4372566283022,740.075477762895,33.7393843934833));
#16065=CARTESIAN_POINT('Ctrl Pts',(52.4339464654771,740.075550710869,33.7429236669218));
#16066=CARTESIAN_POINT('Ctrl Pts',(52.4306171804486,740.075632566171,33.7464843239517));
#16067=CARTESIAN_POINT('Ctrl Pts',(52.4273347177786,740.075721526739,33.7499962318811));
#16068=CARTESIAN_POINT('Ctrl Pts',(52.4243665535739,740.07580196926,33.7531718717752));
#16069=CARTESIAN_POINT('Ctrl Pts',(52.4214370937235,740.07588815154,33.7563072046819));
#16070=CARTESIAN_POINT('Ctrl Pts',(52.4185686520449,740.075978778999,33.7593787152772));
#16071=CARTESIAN_POINT('Ctrl Pts',(52.4158867054684,740.076063514208,33.7622505280065));
#16072=CARTESIAN_POINT('Ctrl Pts',(52.4132583657064,740.076152083671,33.7650662659461));
#16073=CARTESIAN_POINT('Ctrl Pts',(52.4106728984904,740.076244292641,33.7678377218869));
#16074=CARTESIAN_POINT('Ctrl Pts',(52.4080315461286,740.076338494718,33.7706690831391));
#16075=CARTESIAN_POINT('Ctrl Pts',(52.405435580862,740.076436421471,33.7734535443596));
#16076=CARTESIAN_POINT('Ctrl Pts',(52.4028346281647,740.076539757616,33.7762453124934));
#16077=CARTESIAN_POINT('Ctrl Pts',(52.4002976341583,740.076640552675,33.7789684296919));
#16078=CARTESIAN_POINT('Ctrl Pts',(52.3977498882539,740.076746749484,33.7817049482307));
#16079=CARTESIAN_POINT('Ctrl Pts',(52.3951551501669,740.076860219778,33.7844936809242));
#16080=CARTESIAN_POINT('Ctrl Pts',(52.3924025286697,740.076980594459,33.787452101121));
#16081=CARTESIAN_POINT('Ctrl Pts',(52.3895972825659,740.077109192713,33.790469000358));
#16082=CARTESIAN_POINT('Ctrl Pts',(52.3867371909724,740.077246826112,33.7935464426211));
#16083=CARTESIAN_POINT('Ctrl Pts',(52.3836294305418,740.077396377837,33.7968903751423));
#16084=CARTESIAN_POINT('Ctrl Pts',(52.3804573099205,740.077556646803,33.8003053603398));
#16085=CARTESIAN_POINT('Ctrl Pts',(52.3772601162588,740.077726306287,33.8037486386583));
#16086=CARTESIAN_POINT('Ctrl Pts',(52.373451554164,740.077928408114,33.8078503417997));
#16087=CARTESIAN_POINT('Ctrl Pts',(52.3696080806598,740.078143940127,33.8119914637483));
#16088=CARTESIAN_POINT('Ctrl Pts',(52.3658464076615,740.078365947431,33.8160456356899));
#16089=CARTESIAN_POINT('Ctrl Pts',(52.3606754531897,740.078671128042,33.8216186715546));
#16090=CARTESIAN_POINT('Ctrl Pts',(52.3556653813045,740.078988555691,33.8270205639175));
#16091=CARTESIAN_POINT('Ctrl Pts',(52.3511606446134,740.079288985175,33.831879262477));
#16092=CARTESIAN_POINT('Ctrl Pts',(52.348233682414,740.079484189869,33.8350362121496));
#16093=CARTESIAN_POINT('Ctrl Pts',(52.3455208933966,740.079671897829,33.8379629623774));
#16094=CARTESIAN_POINT('Ctrl Pts',(52.3430925254274,740.079844149902,33.8405837376757));
#16095=CARTESIAN_POINT('Ctrl Pts',(52.3408965854162,740.0799999151,33.8429536690084));
#16096=CARTESIAN_POINT('Ctrl Pts',(52.3389337167255,740.080142946371,33.8450728707187));
#16097=CARTESIAN_POINT('Ctrl Pts',(52.3372248217851,740.080269503168,33.8469187913281));
#16098=CARTESIAN_POINT('Ctrl Pts',(52.3356816282602,740.080383788503,33.8485857239548));
#16099=CARTESIAN_POINT('Ctrl Pts',(52.3343456310876,740.080484612207,33.8500297110045));
#16100=CARTESIAN_POINT('Ctrl Pts',(52.3332021908058,740.080571813035,33.8512664863878));
#16101=CARTESIAN_POINT('Ctrl Pts',(52.3321026662196,740.080655664772,33.8524557613882));
#16102=CARTESIAN_POINT('Ctrl Pts',(52.3311814446703,740.080726895505,33.8534531638885));
#16103=CARTESIAN_POINT('Ctrl Pts',(52.3303935223819,740.080788267206,33.8543071109379));
#16104=CARTESIAN_POINT('Ctrl Pts',(52.3296415197952,740.080846841102,33.8551221283572));
#16105=CARTESIAN_POINT('Ctrl Pts',(52.3290110565341,740.080896429087,33.8558063461284));
#16106=CARTESIAN_POINT('Ctrl Pts',(52.328430777948,740.080942321347,33.8564365427644));
#16107=CARTESIAN_POINT('Ctrl Pts',(52.3281508189552,740.080964462352,33.856740585029));
#16108=CARTESIAN_POINT('Ctrl Pts',(52.3278820389691,740.080985787542,33.8570325935933));
#16109=CARTESIAN_POINT('Ctrl Pts',(52.3276134318084,740.081007154456,33.8573244119886));
#16110=CARTESIAN_POINT('',(53.8606950726715,740.081007154455,35.390406052852));
#16111=CARTESIAN_POINT('Ctrl Pts',(53.8606950726715,740.081007154455,35.390406052852));
#16112=CARTESIAN_POINT('Ctrl Pts',(53.3496678590505,740.081007154455,34.8793788392309));
#16113=CARTESIAN_POINT('Ctrl Pts',(52.8386406454294,740.081007154455,34.3683516256097));
#16114=CARTESIAN_POINT('Ctrl Pts',(52.3276134318084,740.081007154456,33.8573244119886));
#16115=CARTESIAN_POINT('Ctrl Pts',(53.8606950726715,740.081007154455,35.390406052852));
#16116=CARTESIAN_POINT('Ctrl Pts',(53.8613020435325,740.080962712111,35.389847360452));
#16117=CARTESIAN_POINT('Ctrl Pts',(53.8619124148695,740.080918239873,35.3892855252623));
#16118=CARTESIAN_POINT('Ctrl Pts',(53.8626222876944,740.08086687593,35.3886312390819));
#16119=CARTESIAN_POINT('Ctrl Pts',(53.8633605413229,740.080813458451,35.3879507944588));
#16120=CARTESIAN_POINT('Ctrl Pts',(53.8642062470549,740.080752595631,35.3871705114582));
#16121=CARTESIAN_POINT('Ctrl Pts',(53.8652249432676,740.080680073776,35.3862294774446));
#16122=CARTESIAN_POINT('Ctrl Pts',(53.8662943332394,740.080603942988,35.3852416144048));
#16123=CARTESIAN_POINT('Ctrl Pts',(53.8675541509202,740.080514977956,35.3840767969851));
#16124=CARTESIAN_POINT('Ctrl Pts',(53.8690370383822,740.080411941,35.3827046767265));
#16125=CARTESIAN_POINT('Ctrl Pts',(53.8706175484894,740.080302120833,35.3812422259387));
#16126=CARTESIAN_POINT('Ctrl Pts',(53.872451182617,740.080176351484,35.3795445438022));
#16127=CARTESIAN_POINT('Ctrl Pts',(53.87453328386,740.08003680045,35.3776159236131));
#16128=CARTESIAN_POINT('Ctrl Pts',(53.8768174552487,740.079883705839,35.3755001287783));
#16129=CARTESIAN_POINT('Ctrl Pts',(53.8794002180499,740.079714107366,35.3731068115983));
#16130=CARTESIAN_POINT('Ctrl Pts',(53.8822293178111,740.079534228204,35.3704844236913));
#16131=CARTESIAN_POINT('Ctrl Pts',(53.8857641714695,740.079309475961,35.3672078487136));
#16132=CARTESIAN_POINT('Ctrl Pts',(53.8896827774865,740.079068914864,35.3635744319824));
#16133=CARTESIAN_POINT('Ctrl Pts',(53.893821794265,740.078827193126,35.3597355091491));
#16134=CARTESIAN_POINT('Ctrl Pts',(53.8981277191975,740.078575723824,35.355741779617));
#16135=CARTESIAN_POINT('Ctrl Pts',(53.9026677589692,740.078323382606,35.3515297514334));
#16136=CARTESIAN_POINT('Ctrl Pts',(53.907244091641,740.078083547159,35.34728240058));
#16137=CARTESIAN_POINT('Ctrl Pts',(53.9107932183546,740.077897545299,35.3439884122585));
#16138=CARTESIAN_POINT('Ctrl Pts',(53.9143631923202,740.077718994809,35.3406740798346));
#16139=CARTESIAN_POINT('Ctrl Pts',(53.9178833281408,740.077551220025,35.337404603074));
#16140=CARTESIAN_POINT('Ctrl Pts',(53.9210664815669,740.077399506311,35.3344481131308));
#16141=CARTESIAN_POINT('Ctrl Pts',(53.9242084293291,740.077256566223,35.3315287183876));
#16142=CARTESIAN_POINT('Ctrl Pts',(53.9272852644603,740.077122816865,35.328668282018));
#16143=CARTESIAN_POINT('Ctrl Pts',(53.9301618690504,740.076997771485,35.3259939936535));
#16144=CARTESIAN_POINT('Ctrl Pts',(53.9329812742432,740.07688072825,35.3233715026726));
#16145=CARTESIAN_POINT('Ctrl Pts',(53.9357550407378,740.076770621745,35.3207898287495));
#16146=CARTESIAN_POINT('Ctrl Pts',(53.9385913153115,740.076658033941,35.3181499756401));
#16147=CARTESIAN_POINT('Ctrl Pts',(53.9413791751313,740.076552675132,35.3155534432165));
#16148=CARTESIAN_POINT('Ctrl Pts',(53.9441729129276,740.076452250452,35.3129496246531));
#16149=CARTESIAN_POINT('Ctrl Pts',(53.9468956815465,740.076354376855,35.3104119507585));
#16150=CARTESIAN_POINT('Ctrl Pts',(53.9496304796871,740.076260974735,35.3078613567151));
#16151=CARTESIAN_POINT('Ctrl Pts',(53.9524162034894,740.076171061978,35.3052617658608));
#16152=CARTESIAN_POINT('Ctrl Pts',(53.9553714956277,740.076075676189,35.3025039366717));
#16153=CARTESIAN_POINT('Ctrl Pts',(53.958383824078,740.075984275728,35.2996912261706));
#16154=CARTESIAN_POINT('Ctrl Pts',(53.9614555314099,740.075897489995,35.2968217831943));
#16155=CARTESIAN_POINT('Ctrl Pts',(53.9647933762634,740.07580318501,35.2937037271961));
#16156=CARTESIAN_POINT('Ctrl Pts',(53.9682009121469,740.075714409196,35.2905190800386));
#16157=CARTESIAN_POINT('Ctrl Pts',(53.9716358413926,740.075632918669,35.2873077757467));
#16158=CARTESIAN_POINT('Ctrl Pts',(53.975728570265,740.075535822452,35.2834814967019));
#16159=CARTESIAN_POINT('Ctrl Pts',(53.9798594735236,740.07544922547,35.2796180464939));
#16160=CARTESIAN_POINT('Ctrl Pts',(53.9839028463756,740.075375359318,35.2758354793402));
#16161=CARTESIAN_POINT('Ctrl Pts',(53.9894578977453,740.075273877144,35.27063873998));
#16162=CARTESIAN_POINT('Ctrl Pts',(53.9948409457978,740.075196927077,35.2656010285671));
#16163=CARTESIAN_POINT('Ctrl Pts',(53.9996816599826,740.07514245303,35.261069538578));
#16164=CARTESIAN_POINT('Ctrl Pts',(54.002826962182,740.075107057975,35.2581251578761));
#16165=CARTESIAN_POINT('Ctrl Pts',(54.0057424045889,740.075080899725,35.2553953231489));
#16166=CARTESIAN_POINT('Ctrl Pts',(54.008352460309,740.075061587638,35.25295082932));
#16167=CARTESIAN_POINT('Ctrl Pts',(54.0107126617588,740.07504412425,35.2507403409251));
#16168=CARTESIAN_POINT('Ctrl Pts',(54.0128226194714,740.075032203144,35.2487636696613));
#16169=CARTESIAN_POINT('Ctrl Pts',(54.0146598488846,740.075023759842,35.247041935));
#16170=CARTESIAN_POINT('Ctrl Pts',(54.0163191741939,740.075016134128,35.2454869207603));
#16171=CARTESIAN_POINT('Ctrl Pts',(54.0177559378167,740.0750113253,35.2441399489497));
#16172=CARTESIAN_POINT('Ctrl Pts',(54.0189858573812,740.075008037772,35.2429863708068));
#16173=CARTESIAN_POINT('Ctrl Pts',(54.0201685518209,740.075004876475,35.2418770865132));
#16174=CARTESIAN_POINT('Ctrl Pts',(54.0211597098674,740.075003117504,35.2409468836596));
#16175=CARTESIAN_POINT('Ctrl Pts',(54.0220076889049,740.075001989762,35.240150567942));
#16176=CARTESIAN_POINT('Ctrl Pts',(54.0228170223299,740.075000913415,35.2393905433439));
#16177=CARTESIAN_POINT('Ctrl Pts',(54.0234958044276,740.075000416019,35.2387525976154));
#16178=CARTESIAN_POINT('Ctrl Pts',(54.0241207185796,740.075000171808,35.23816502887));
#16179=CARTESIAN_POINT('Ctrl Pts',(54.0244218538909,740.075000054127,35.2378818896636));
#16180=CARTESIAN_POINT('Ctrl Pts',(54.0247110193739,740.075,35.2376099443731));
#16181=CARTESIAN_POINT('Ctrl Pts',(54.025,740.075,35.2373381720175));
#16182=CARTESIAN_POINT('Ctrl Pts',(53.8606950726715,740.081007154455,35.390406052852));
#16183=CARTESIAN_POINT('Ctrl Pts',(53.5558131659816,740.103330576574,35.6710376533173));
#16184=CARTESIAN_POINT('Ctrl Pts',(53.2421900747605,740.188691970108,35.9402323752994));
#16185=CARTESIAN_POINT('Ctrl Pts',(52.9457909330657,740.350713346586,36.1790873288101));
#16186=CARTESIAN_POINT('Ctrl Pts',(53.3496678590505,740.081007154455,34.8793788392309));
#16187=CARTESIAN_POINT('Ctrl Pts',(53.0528693877687,740.103330576574,35.1680938751044));
#16188=CARTESIAN_POINT('Ctrl Pts',(52.7540557529606,740.188691970108,35.4520980534994));
#16189=CARTESIAN_POINT('Ctrl Pts',(52.4768380073272,740.350713346586,35.7101344030715));
#16190=CARTESIAN_POINT('Ctrl Pts',(52.8386406454294,740.081007154455,34.3683516256097));
#16191=CARTESIAN_POINT('Ctrl Pts',(52.5499256095559,740.103330576574,34.6651500968914));
#16192=CARTESIAN_POINT('Ctrl Pts',(52.2659214311608,740.188691970108,34.9639637316994));
#16193=CARTESIAN_POINT('Ctrl Pts',(52.0078850815887,740.350713346586,35.2411814773329));
#16194=CARTESIAN_POINT('Ctrl Pts',(52.3276134318084,740.081007154456,33.8573244119886));
#16195=CARTESIAN_POINT('Ctrl Pts',(52.046981831343,740.103330576574,34.1622063186784));
#16196=CARTESIAN_POINT('Ctrl Pts',(51.7777871093609,740.188691970108,34.4758294098994));
#16197=CARTESIAN_POINT('Ctrl Pts',(51.5389321558501,740.350713346586,34.7722285515942));
#16198=CARTESIAN_POINT('',(51.5389321558501,740.350713346586,34.7722285515942));
#16199=CARTESIAN_POINT('Ctrl Pts',(52.3276134318084,740.081007154456,33.8573244119886));
#16200=CARTESIAN_POINT('Ctrl Pts',(52.046981831343,740.103330576574,34.1622063186784));
#16201=CARTESIAN_POINT('Ctrl Pts',(51.7777871093609,740.188691970108,34.4758294098994));
#16202=CARTESIAN_POINT('Ctrl Pts',(51.5389321558501,740.350713346586,34.7722285515942));
#16203=CARTESIAN_POINT('',(52.9457909330657,740.350713346586,36.1790873288101));
#16204=CARTESIAN_POINT('',(51.5389321558501,740.350713346586,34.7722285515942));
#16205=CARTESIAN_POINT('Ctrl Pts',(52.9457909330657,740.350713346586,36.1790873288101));
#16206=CARTESIAN_POINT('Ctrl Pts',(53.2421900747605,740.188691970108,35.9402323752994));
#16207=CARTESIAN_POINT('Ctrl Pts',(53.5558131659816,740.103330576574,35.6710376533173));
#16208=CARTESIAN_POINT('Ctrl Pts',(53.8606950726715,740.081007154455,35.390406052852));
#16209=CARTESIAN_POINT('Ctrl Pts',(52.6411065040442,740.550925933944,36.4606625085198));
#16210=CARTESIAN_POINT('Ctrl Pts',(52.3353907477909,740.789404165933,36.7822845744773));
#16211=CARTESIAN_POINT('Ctrl Pts',(52.063967477874,741.135725028249,37.2023680815796));
#16212=CARTESIAN_POINT('Ctrl Pts',(51.9115151541457,741.553195746096,37.6468042539036));
#16213=CARTESIAN_POINT('Ctrl Pts',(52.1492170795828,740.611953871256,36.068444920973));
#16214=CARTESIAN_POINT('Ctrl Pts',(51.8365840111602,740.932564785832,36.4444850581947));
#16215=CARTESIAN_POINT('Ctrl Pts',(51.6009783185826,741.347791310313,36.9088866792001));
#16216=CARTESIAN_POINT('Ctrl Pts',(51.4993434360972,741.810463830731,37.389536169269));
#16217=CARTESIAN_POINT('Ctrl Pts',(51.6573276551215,740.672981808568,35.6762273334263));
#16218=CARTESIAN_POINT('Ctrl Pts',(51.3377772745296,741.075725405731,36.106685541912));
#16219=CARTESIAN_POINT('Ctrl Pts',(51.1379891592913,741.559857592377,36.6154052768205));
#16220=CARTESIAN_POINT('Ctrl Pts',(51.0871717180486,742.067731915365,37.1322680846343));
#16221=CARTESIAN_POINT('Ctrl Pts',(51.1654382306601,740.73400974588,35.2840097458796));
#16222=CARTESIAN_POINT('Ctrl Pts',(50.838970537899,741.21888602563,35.7688860256294));
#16223=CARTESIAN_POINT('Ctrl Pts',(50.675,741.771923874441,36.3219238744409));
#16224=CARTESIAN_POINT('Ctrl Pts',(50.675,742.325,36.8749999999996));
#16225=CARTESIAN_POINT('',(52.6411065040443,740.550925933944,36.4606625085198));
#16226=CARTESIAN_POINT('',(51.1654382290157,740.734009745326,35.284009745326));
#16227=CARTESIAN_POINT('',(52.6411065040443,740.550925933944,36.4606625085198));
#16228=CARTESIAN_POINT('',(50.675,742.325,36.8749999999996));
#16229=CARTESIAN_POINT('Ctrl Pts',(51.1654382306601,740.73400974588,35.2840097458796));
#16230=CARTESIAN_POINT('Ctrl Pts',(50.838970537899,741.21888602563,35.7688860256294));
#16231=CARTESIAN_POINT('Ctrl Pts',(50.675,741.771923874441,36.3219238744409));
#16232=CARTESIAN_POINT('Ctrl Pts',(50.675,742.325,36.8749999999996));
#16233=CARTESIAN_POINT('',(51.9115151541457,741.553195746096,37.6468042539036));
#16234=CARTESIAN_POINT('',(50.675,742.325,36.8749999999996));
#16235=CARTESIAN_POINT('Ctrl Pts',(51.9115151541457,741.553195746096,37.6468042539036));
#16236=CARTESIAN_POINT('Ctrl Pts',(52.063967477874,741.135725028249,37.2023680815796));
#16237=CARTESIAN_POINT('Ctrl Pts',(52.3353907477909,740.789404165933,36.7822845744773));
#16238=CARTESIAN_POINT('Ctrl Pts',(52.6411065040442,740.550925933944,36.4606625085198));
#16239=CARTESIAN_POINT('Ctrl Pts',(52.945790933066,740.350713346586,36.1790873288099));
#16240=CARTESIAN_POINT('Ctrl Pts',(52.843353551905,740.406708938893,36.2616370817379));
#16241=CARTESIAN_POINT('Ctrl Pts',(52.7405815408144,740.473328916418,36.3560118119731));
#16242=CARTESIAN_POINT('Ctrl Pts',(52.6411065040443,740.550925933944,36.4606625085198));
#16243=CARTESIAN_POINT('Ctrl Pts',(52.4768380073274,740.350713346586,35.7101344030714));
#16244=CARTESIAN_POINT('Ctrl Pts',(52.3603802054961,740.420716107011,35.8249378397721));
#16245=CARTESIAN_POINT('Ctrl Pts',(52.2509428995341,740.507632187143,35.946087451081));
#16246=CARTESIAN_POINT('Ctrl Pts',(52.1492170795829,740.611953871256,36.068444920973));
#16247=CARTESIAN_POINT('Ctrl Pts',(52.0078850815888,740.350713346586,35.2411814773328));
#16248=CARTESIAN_POINT('Ctrl Pts',(51.8774068590872,740.434723275129,35.3882385978063));
#16249=CARTESIAN_POINT('Ctrl Pts',(51.7613042582539,740.541935457868,35.5361630901889));
#16250=CARTESIAN_POINT('Ctrl Pts',(51.6573276551215,740.672981808568,35.6762273334263));
#16251=CARTESIAN_POINT('Ctrl Pts',(51.5389321558502,740.350713346586,34.7722285515943));
#16252=CARTESIAN_POINT('Ctrl Pts',(51.3944335126783,740.448730443246,34.9515393558406));
#16253=CARTESIAN_POINT('Ctrl Pts',(51.2716656169736,740.576238728593,35.1262387292969));
#16254=CARTESIAN_POINT('Ctrl Pts',(51.1654382306601,740.73400974588,35.2840097458796));
#16255=CARTESIAN_POINT('Ctrl Pts',(52.6411065040443,740.550925933944,36.4606625085198));
#16256=CARTESIAN_POINT('Ctrl Pts',(52.7405815408144,740.473328916418,36.3560118119731));
#16257=CARTESIAN_POINT('Ctrl Pts',(52.843353551905,740.406708938893,36.2616370817379));
#16258=CARTESIAN_POINT('Ctrl Pts',(52.945790933066,740.350713346586,36.1790873288099));
#16259=CARTESIAN_POINT('Ctrl Pts',(51.5389321558502,740.350713346586,34.7722285515943));
#16260=CARTESIAN_POINT('Ctrl Pts',(51.3944335126783,740.448730443246,34.9515393558406));
#16261=CARTESIAN_POINT('Ctrl Pts',(51.2716656169736,740.576238728593,35.1262387292969));
#16262=CARTESIAN_POINT('Ctrl Pts',(51.1654382306601,740.73400974588,35.2840097458796));
#16263=CARTESIAN_POINT('Origin',(51.225,747.469023266259,42.7968407255638));
#16264=CARTESIAN_POINT('',(51.775,742.325,38.4306349186102));
#16265=CARTESIAN_POINT('',(50.675,743.102817459305,37.6528174593049));
#16266=CARTESIAN_POINT('',(51.775,742.325,38.4306349186102));
#16267=CARTESIAN_POINT('',(50.675,747.075,41.6249999999999));
#16268=CARTESIAN_POINT('',(50.675,747.857931995911,42.4079319959112));
#16269=CARTESIAN_POINT('',(51.775,746.297182540695,42.4028174593051));
#16270=CARTESIAN_POINT('',(50.675,747.075,41.6249999999999));
#16271=CARTESIAN_POINT('',(51.775,747.080114536606,43.1857494552165));
#16272=CARTESIAN_POINT('Ctrl Pts',(51.9115151541457,741.553195746096,37.6468042539036));
#16273=CARTESIAN_POINT('Ctrl Pts',(51.8197959824195,741.804356683001,37.9141882898689));
#16274=CARTESIAN_POINT('Ctrl Pts',(51.775,742.065727513565,38.171362432175));
#16275=CARTESIAN_POINT('Ctrl Pts',(51.775,742.325,38.4306349186101));
#16276=CARTESIAN_POINT('Ctrl Pts',(51.4993434360971,741.810463830731,37.389536169269));
#16277=CARTESIAN_POINT('Ctrl Pts',(51.438197321613,742.064328617479,37.6542163553908));
#16278=CARTESIAN_POINT('Ctrl Pts',(51.4083333333333,742.325,37.9120899457399));
#16279=CARTESIAN_POINT('Ctrl Pts',(51.4083333333333,742.584272486435,38.171362432175));
#16280=CARTESIAN_POINT('Ctrl Pts',(51.0871717180486,742.067731915365,37.1322680846343));
#16281=CARTESIAN_POINT('Ctrl Pts',(51.0565986608065,742.324300551957,37.3942444209128));
#16282=CARTESIAN_POINT('Ctrl Pts',(51.0416666666667,742.584272486435,37.6528174593049));
#16283=CARTESIAN_POINT('Ctrl Pts',(51.0416666666667,742.84354497287,37.9120899457399));
#16284=CARTESIAN_POINT('Ctrl Pts',(50.675,742.325,36.8749999999996));
#16285=CARTESIAN_POINT('Ctrl Pts',(50.675,742.584272486435,37.1342724864347));
#16286=CARTESIAN_POINT('Ctrl Pts',(50.675,742.84354497287,37.3935449728698));
#16287=CARTESIAN_POINT('Ctrl Pts',(50.675,743.102817459305,37.6528174593049));
#16288=CARTESIAN_POINT('Ctrl Pts',(51.775,742.325,38.4306349186101));
#16289=CARTESIAN_POINT('Ctrl Pts',(51.775,742.065727513565,38.171362432175));
#16290=CARTESIAN_POINT('Ctrl Pts',(51.8197959824195,741.804356683001,37.9141882898689));
#16291=CARTESIAN_POINT('Ctrl Pts',(51.9115151541457,741.553195746096,37.6468042539036));
#16292=CARTESIAN_POINT('Ctrl Pts',(50.675,742.325,36.8749999999996));
#16293=CARTESIAN_POINT('Ctrl Pts',(50.675,742.584272486435,37.1342724864347));
#16294=CARTESIAN_POINT('Ctrl Pts',(50.675,742.84354497287,37.3935449728698));
#16295=CARTESIAN_POINT('Ctrl Pts',(50.675,743.102817459305,37.6528174593049));
#16296=CARTESIAN_POINT('Ctrl Pts',(41.9240885512661,747.770293002274,42.3202930022738));
#16297=CARTESIAN_POINT('Ctrl Pts',(42.0186613283996,748.436534062852,42.9865340628515));
#16298=CARTESIAN_POINT('Ctrl Pts',(42.4832433823964,749.721837155972,44.2718371559721));
#16299=CARTESIAN_POINT('Ctrl Pts',(43.842046697299,751.146314170481,45.6963141704808));
#16300=CARTESIAN_POINT('Ctrl Pts',(45.4765737961878,751.826727869082,46.3767278690822));
#16301=CARTESIAN_POINT('Ctrl Pts',(47.0770707864264,751.827447108067,46.3774471080671));
#16302=CARTESIAN_POINT('Ctrl Pts',(48.7088217420214,751.149187765749,45.6991877657492));
#16303=CARTESIAN_POINT('Ctrl Pts',(50.0666346026134,749.722295301376,44.2722953013758));
#16304=CARTESIAN_POINT('Ctrl Pts',(50.5313386716004,748.436534062852,42.9865340628515));
#16305=CARTESIAN_POINT('Ctrl Pts',(50.625911448734,747.770293002274,42.3202930022738));
#16306=CARTESIAN_POINT('Ctrl Pts',(41.5410590341774,747.538528668183,42.6064282950141));
#16307=CARTESIAN_POINT('Ctrl Pts',(41.6041075522665,748.234862693926,43.3002594680688));
#16308=CARTESIAN_POINT('Ctrl Pts',(42.0195227186211,749.604516457075,44.6495937988881));
#16309=CARTESIAN_POINT('Ctrl Pts',(43.4045053322972,751.216528235633,46.1970508581077));
#16310=CARTESIAN_POINT('Ctrl Pts',(45.2716770906309,752.093414693225,47.0074864374412));
#16311=CARTESIAN_POINT('Ctrl Pts',(47.2792551832765,752.09254221572,47.0071137002285));
#16312=CARTESIAN_POINT('Ctrl Pts',(49.146368084251,751.217748065882,46.1986735996403));
#16313=CARTESIAN_POINT('Ctrl Pts',(50.530192894414,749.604116812576,44.649404217364));
#16314=CARTESIAN_POINT('Ctrl Pts',(50.9458924477336,748.234862693926,43.3002594680688));
#16315=CARTESIAN_POINT('Ctrl Pts',(51.0089409658226,747.538528668183,42.6064282950141));
#16316=CARTESIAN_POINT('Ctrl Pts',(41.1580295170887,747.306764334092,42.8925635877544));
#16317=CARTESIAN_POINT('Ctrl Pts',(41.1895537761333,748.033191325,43.6139848732861));
#16318=CARTESIAN_POINT('Ctrl Pts',(41.5558020548458,749.487195758177,45.0273504418041));
#16319=CARTESIAN_POINT('Ctrl Pts',(42.9669639672954,751.286742300784,46.6977875457345));
#16320=CARTESIAN_POINT('Ctrl Pts',(45.066780385074,752.360101517367,47.6382450058002));
#16321=CARTESIAN_POINT('Ctrl Pts',(47.4814395801266,752.357637323372,47.6367802923899));
#16322=CARTESIAN_POINT('Ctrl Pts',(49.5839144264806,751.286308366015,46.6981594335314));
#16323=CARTESIAN_POINT('Ctrl Pts',(50.9937511862147,749.485938323775,45.0265131333522));
#16324=CARTESIAN_POINT('Ctrl Pts',(51.3604462238667,748.033191325,43.6139848732861));
#16325=CARTESIAN_POINT('Ctrl Pts',(51.3919704829113,747.306764334092,42.8925635877544));
#16326=CARTESIAN_POINT('Ctrl Pts',(40.775,747.075000000001,43.1786988804947));
#16327=CARTESIAN_POINT('Ctrl Pts',(40.7750000000002,747.831519956074,43.9277102785034));
#16328=CARTESIAN_POINT('Ctrl Pts',(41.0920813910706,749.369875059279,45.4051070847201));
#16329=CARTESIAN_POINT('Ctrl Pts',(42.5294226022935,751.356956365936,47.1985242333614));
#16330=CARTESIAN_POINT('Ctrl Pts',(44.8618836795171,752.62678834151,48.2690035741592));
#16331=CARTESIAN_POINT('Ctrl Pts',(47.6836239769767,752.622732431025,48.2664468845513));
#16332=CARTESIAN_POINT('Ctrl Pts',(50.0214607687102,751.354868666148,47.1976452674225));
#16333=CARTESIAN_POINT('Ctrl Pts',(51.4573094780154,749.367759834975,45.4036220493405));
#16334=CARTESIAN_POINT('Ctrl Pts',(51.7749999999998,747.831519956074,43.9277102785034));
#16335=CARTESIAN_POINT('Ctrl Pts',(51.775,747.075000000001,43.1786988804947));
#16336=CARTESIAN_POINT('',(41.9240885512661,747.770293002274,42.3202930022738));
#16337=CARTESIAN_POINT('',(40.775,747.075000000001,43.1786988804951));
#16338=CARTESIAN_POINT('',(41.9240885512661,747.770293002274,42.3202930022738));
#16339=CARTESIAN_POINT('',(51.775,747.075000000001,43.1786988804951));
#16340=CARTESIAN_POINT('Ctrl Pts',(40.775,747.075000000001,43.1786988804947));
#16341=CARTESIAN_POINT('Ctrl Pts',(40.7750000000002,747.831519956074,43.9277102785034));
#16342=CARTESIAN_POINT('Ctrl Pts',(41.0920813910706,749.369875059279,45.4051070847201));
#16343=CARTESIAN_POINT('Ctrl Pts',(42.5294226022935,751.356956365936,47.1985242333614));
#16344=CARTESIAN_POINT('Ctrl Pts',(44.8618836795171,752.62678834151,48.2690035741592));
#16345=CARTESIAN_POINT('Ctrl Pts',(47.6836239769767,752.622732431025,48.2664468845513));
#16346=CARTESIAN_POINT('Ctrl Pts',(50.0214607687102,751.354868666148,47.1976452674225));
#16347=CARTESIAN_POINT('Ctrl Pts',(51.4573094780154,749.367759834975,45.4036220493405));
#16348=CARTESIAN_POINT('Ctrl Pts',(51.7749999999998,747.831519956074,43.9277102785034));
#16349=CARTESIAN_POINT('Ctrl Pts',(51.775,747.075000000001,43.1786988804947));
#16350=CARTESIAN_POINT('',(50.625911448734,747.770293002274,42.3202930022738));
#16351=CARTESIAN_POINT('',(51.775,747.075000000001,43.1786988804951));
#16352=CARTESIAN_POINT('Ctrl Pts',(50.625911448734,747.770293002274,42.3202930022738));
#16353=CARTESIAN_POINT('Ctrl Pts',(50.5313386716004,748.436534062852,42.9865340628515));
#16354=CARTESIAN_POINT('Ctrl Pts',(50.0666346026134,749.722295301376,44.2722953013758));
#16355=CARTESIAN_POINT('Ctrl Pts',(48.7088217420214,751.149187765749,45.6991877657492));
#16356=CARTESIAN_POINT('Ctrl Pts',(47.0770707864264,751.827447108067,46.3774471080671));
#16357=CARTESIAN_POINT('Ctrl Pts',(45.4765737961878,751.826727869082,46.3767278690822));
#16358=CARTESIAN_POINT('Ctrl Pts',(43.842046697299,751.146314170481,45.6963141704808));
#16359=CARTESIAN_POINT('Ctrl Pts',(42.4832433823964,749.721837155972,44.2718371559721));
#16360=CARTESIAN_POINT('Ctrl Pts',(42.0186613283996,748.436534062852,42.9865340628515));
#16361=CARTESIAN_POINT('Ctrl Pts',(41.9240885512661,747.770293002274,42.3202930022738));
#16362=CARTESIAN_POINT('Ctrl Pts',(51.775,746.297182540695,42.4028174593051));
#16363=CARTESIAN_POINT('Ctrl Pts',(51.775,746.555696719429,42.661331638039));
#16364=CARTESIAN_POINT('Ctrl Pts',(51.775,746.813868334789,42.9201589807139));
#16365=CARTESIAN_POINT('Ctrl Pts',(51.775,747.075000000001,43.1786988804947));
#16366=CARTESIAN_POINT('Ctrl Pts',(51.4083333333333,746.55645502713,42.14354497287));
#16367=CARTESIAN_POINT('Ctrl Pts',(51.4083333333333,746.806352066573,42.3934420123128));
#16368=CARTESIAN_POINT('Ctrl Pts',(51.4028518644173,747.05602000373,42.6435471010134));
#16369=CARTESIAN_POINT('Ctrl Pts',(51.3919704829113,747.306764334092,42.8925635877544));
#16370=CARTESIAN_POINT('Ctrl Pts',(51.0416666666667,746.815727513565,41.8842724864349));
#16371=CARTESIAN_POINT('Ctrl Pts',(51.0416666666667,747.057007413717,42.1255523865866));
#16372=CARTESIAN_POINT('Ctrl Pts',(51.0307037288345,747.298171672671,42.3669352213129));
#16373=CARTESIAN_POINT('Ctrl Pts',(51.0089409658226,747.538528668183,42.6064282950141));
#16374=CARTESIAN_POINT('Ctrl Pts',(50.675,747.075,41.6249999999999));
#16375=CARTESIAN_POINT('Ctrl Pts',(50.675,747.307662760861,41.8576627608604));
#16376=CARTESIAN_POINT('Ctrl Pts',(50.6585555932518,747.540323341613,42.0903233416123));
#16377=CARTESIAN_POINT('Ctrl Pts',(50.625911448734,747.770293002274,42.3202930022738));
#16378=CARTESIAN_POINT('Ctrl Pts',(51.775,747.075000000001,43.1786988804947));
#16379=CARTESIAN_POINT('Ctrl Pts',(51.775,746.813868334789,42.9201589807139));
#16380=CARTESIAN_POINT('Ctrl Pts',(51.775,746.555696719429,42.661331638039));
#16381=CARTESIAN_POINT('Ctrl Pts',(51.775,746.297182540695,42.4028174593051));
#16382=CARTESIAN_POINT('Ctrl Pts',(50.675,747.075,41.6249999999999));
#16383=CARTESIAN_POINT('Ctrl Pts',(50.675,747.307662760861,41.8576627608604));
#16384=CARTESIAN_POINT('Ctrl Pts',(50.6585555932518,747.540323341613,42.0903233416123));
#16385=CARTESIAN_POINT('Ctrl Pts',(50.625911448734,747.770293002274,42.3202930022738));
#16386=CARTESIAN_POINT('Origin',(41.325,745.469023266259,40.7968407255639));
#16387=CARTESIAN_POINT('',(41.875,743.102817459305,37.652817459305));
#16388=CARTESIAN_POINT('',(40.775,742.325,38.4306349186102));
#16389=CARTESIAN_POINT('',(41.875,743.102817459305,37.652817459305));
#16390=CARTESIAN_POINT('',(40.775,746.297182540695,42.4028174593051));
#16391=CARTESIAN_POINT('',(40.775,745.080114536606,41.1857494552165));
#16392=CARTESIAN_POINT('',(41.875,747.075,41.6249999999999));
#16393=CARTESIAN_POINT('',(40.775,746.297182540695,42.4028174593051));
#16394=CARTESIAN_POINT('',(41.875,745.857931995911,40.4079319959113));
#16395=CARTESIAN_POINT('Ctrl Pts',(40.775,747.075000000001,43.1786988804947));
#16396=CARTESIAN_POINT('Ctrl Pts',(40.775,746.813868334789,42.9201589807139));
#16397=CARTESIAN_POINT('Ctrl Pts',(40.775,746.555696719429,42.661331638039));
#16398=CARTESIAN_POINT('Ctrl Pts',(40.775,746.297182540695,42.4028174593051));
#16399=CARTESIAN_POINT('Ctrl Pts',(41.1580295170887,747.306764334092,42.8925635877544));
#16400=CARTESIAN_POINT('Ctrl Pts',(41.1471481355827,747.05602000373,42.6435471010134));
#16401=CARTESIAN_POINT('Ctrl Pts',(41.1416666666667,746.806352066573,42.3934420123128));
#16402=CARTESIAN_POINT('Ctrl Pts',(41.1416666666667,746.55645502713,42.14354497287));
#16403=CARTESIAN_POINT('Ctrl Pts',(41.5410590341774,747.538528668183,42.6064282950141));
#16404=CARTESIAN_POINT('Ctrl Pts',(41.5192962711655,747.298171672671,42.3669352213129));
#16405=CARTESIAN_POINT('Ctrl Pts',(41.5083333333333,747.057007413717,42.1255523865866));
#16406=CARTESIAN_POINT('Ctrl Pts',(41.5083333333333,746.815727513565,41.8842724864349));
#16407=CARTESIAN_POINT('Ctrl Pts',(41.9240885512661,747.770293002274,42.3202930022737));
#16408=CARTESIAN_POINT('Ctrl Pts',(41.8914444067482,747.540323341613,42.0903233416123));
#16409=CARTESIAN_POINT('Ctrl Pts',(41.875,747.307662760861,41.8576627608604));
#16410=CARTESIAN_POINT('Ctrl Pts',(41.875,747.075,41.6249999999999));
#16411=CARTESIAN_POINT('Ctrl Pts',(40.775,746.297182540695,42.4028174593051));
#16412=CARTESIAN_POINT('Ctrl Pts',(40.775,746.555696719429,42.661331638039));
#16413=CARTESIAN_POINT('Ctrl Pts',(40.775,746.813868334789,42.9201589807139));
#16414=CARTESIAN_POINT('Ctrl Pts',(40.775,747.075000000001,43.1786988804947));
#16415=CARTESIAN_POINT('Ctrl Pts',(41.9240885512661,747.770293002274,42.3202930022737));
#16416=CARTESIAN_POINT('Ctrl Pts',(41.8914444067482,747.540323341613,42.0903233416123));
#16417=CARTESIAN_POINT('Ctrl Pts',(41.875,747.307662760861,41.8576627608604));
#16418=CARTESIAN_POINT('Ctrl Pts',(41.875,747.075,41.6249999999999));
#16419=CARTESIAN_POINT('Ctrl Pts',(40.6384848458543,741.553195746096,37.6468042539038));
#16420=CARTESIAN_POINT('Ctrl Pts',(40.486032522126,741.135725028249,37.2023680815797));
#16421=CARTESIAN_POINT('Ctrl Pts',(40.2146092522089,740.789404165933,36.7822845744773));
#16422=CARTESIAN_POINT('Ctrl Pts',(39.9088934959555,740.550925933944,36.4606625085197));
#16423=CARTESIAN_POINT('Ctrl Pts',(41.0506565639028,741.810463830731,37.3895361692691));
#16424=CARTESIAN_POINT('Ctrl Pts',(40.9490216814173,741.347791310313,36.9088866792001));
#16425=CARTESIAN_POINT('Ctrl Pts',(40.7134159888396,740.932564785832,36.4444850581946));
#16426=CARTESIAN_POINT('Ctrl Pts',(40.400782920417,740.611953871256,36.068444920973));
#16427=CARTESIAN_POINT('Ctrl Pts',(41.4628282819514,742.067731915365,37.1322680846344));
#16428=CARTESIAN_POINT('Ctrl Pts',(41.4120108407087,741.559857592377,36.6154052768206));
#16429=CARTESIAN_POINT('Ctrl Pts',(41.2122227254703,741.075725405731,36.106685541912));
#16430=CARTESIAN_POINT('Ctrl Pts',(40.8926723448784,740.672981808568,35.6762273334262));
#16431=CARTESIAN_POINT('Ctrl Pts',(41.875,742.325,36.8749999999998));
#16432=CARTESIAN_POINT('Ctrl Pts',(41.875,741.771923874441,36.321923874441));
#16433=CARTESIAN_POINT('Ctrl Pts',(41.711029462101,741.218886025629,35.7688860256293));
#16434=CARTESIAN_POINT('Ctrl Pts',(41.3845617693398,740.73400974588,35.2840097458795));
#16435=CARTESIAN_POINT('',(41.3845617709842,740.734009745326,35.284009745326));
#16436=CARTESIAN_POINT('',(39.9088934959556,740.550925933944,36.4606625085198));
#16437=CARTESIAN_POINT('',(41.3845617709842,740.734009745326,35.284009745326));
#16438=CARTESIAN_POINT('',(40.6384848458543,741.553195746096,37.6468042539038));
#16439=CARTESIAN_POINT('Ctrl Pts',(39.9088934959555,740.550925933944,36.4606625085197));
#16440=CARTESIAN_POINT('Ctrl Pts',(40.2146092522089,740.789404165933,36.7822845744773));
#16441=CARTESIAN_POINT('Ctrl Pts',(40.486032522126,741.135725028249,37.2023680815797));
#16442=CARTESIAN_POINT('Ctrl Pts',(40.6384848458543,741.553195746096,37.6468042539038));
#16443=CARTESIAN_POINT('',(41.875,742.325,36.8749999999998));
#16444=CARTESIAN_POINT('',(40.6384848458543,741.553195746096,37.6468042539038));
#16445=CARTESIAN_POINT('Ctrl Pts',(41.875,742.325,36.8749999999998));
#16446=CARTESIAN_POINT('Ctrl Pts',(41.875,741.771923874441,36.321923874441));
#16447=CARTESIAN_POINT('Ctrl Pts',(41.711029462101,741.218886025629,35.7688860256293));
#16448=CARTESIAN_POINT('Ctrl Pts',(41.3845617693398,740.73400974588,35.2840097458795));
#16449=CARTESIAN_POINT('Ctrl Pts',(40.775,742.325,38.4306349186102));
#16450=CARTESIAN_POINT('Ctrl Pts',(40.775,742.065727513565,38.1713624321751));
#16451=CARTESIAN_POINT('Ctrl Pts',(40.7302040175805,741.804356683001,37.914188289869));
#16452=CARTESIAN_POINT('Ctrl Pts',(40.6384848458543,741.553195746096,37.6468042539038));
#16453=CARTESIAN_POINT('Ctrl Pts',(41.1416666666667,742.584272486435,38.1713624321751));
#16454=CARTESIAN_POINT('Ctrl Pts',(41.1416666666667,742.325,37.9120899457401));
#16455=CARTESIAN_POINT('Ctrl Pts',(41.111802678387,742.064328617479,37.654216355391));
#16456=CARTESIAN_POINT('Ctrl Pts',(41.0506565639029,741.810463830731,37.3895361692691));
#16457=CARTESIAN_POINT('Ctrl Pts',(41.5083333333333,742.84354497287,37.9120899457401));
#16458=CARTESIAN_POINT('Ctrl Pts',(41.5083333333333,742.584272486435,37.652817459305));
#16459=CARTESIAN_POINT('Ctrl Pts',(41.4934013391935,742.324300551957,37.3942444209129));
#16460=CARTESIAN_POINT('Ctrl Pts',(41.4628282819514,742.067731915365,37.1322680846344));
#16461=CARTESIAN_POINT('Ctrl Pts',(41.875,743.102817459305,37.652817459305));
#16462=CARTESIAN_POINT('Ctrl Pts',(41.875,742.84354497287,37.3935449728699));
#16463=CARTESIAN_POINT('Ctrl Pts',(41.875,742.584272486435,37.1342724864349));
#16464=CARTESIAN_POINT('Ctrl Pts',(41.875,742.325,36.8749999999998));
#16465=CARTESIAN_POINT('Ctrl Pts',(40.6384848458543,741.553195746096,37.6468042539038));
#16466=CARTESIAN_POINT('Ctrl Pts',(40.7302040175805,741.804356683001,37.914188289869));
#16467=CARTESIAN_POINT('Ctrl Pts',(40.775,742.065727513565,38.1713624321751));
#16468=CARTESIAN_POINT('Ctrl Pts',(40.775,742.325,38.4306349186102));
#16469=CARTESIAN_POINT('Ctrl Pts',(41.875,743.102817459305,37.652817459305));
#16470=CARTESIAN_POINT('Ctrl Pts',(41.875,742.84354497287,37.3935449728699));
#16471=CARTESIAN_POINT('Ctrl Pts',(41.875,742.584272486435,37.1342724864349));
#16472=CARTESIAN_POINT('Ctrl Pts',(41.875,742.325,36.8749999999998));
#16473=CARTESIAN_POINT('Ctrl Pts',(39.6042090669341,740.350713346586,36.1790873288101));
#16474=CARTESIAN_POINT('Ctrl Pts',(39.3078099252394,740.188691970108,35.9402323752994));
#16475=CARTESIAN_POINT('Ctrl Pts',(38.9941868340183,740.103330576574,35.6710376533174));
#16476=CARTESIAN_POINT('Ctrl Pts',(38.6893049273285,740.081007154455,35.3904060528522));
#16477=CARTESIAN_POINT('Ctrl Pts',(40.0731619926726,740.350713346586,35.7101344030715));
#16478=CARTESIAN_POINT('Ctrl Pts',(39.7959442470392,740.188691970108,35.4520980534994));
#16479=CARTESIAN_POINT('Ctrl Pts',(39.4971306122312,740.103330576574,35.1680938751045));
#16480=CARTESIAN_POINT('Ctrl Pts',(39.2003321409496,740.081007154455,34.8793788392311));
#16481=CARTESIAN_POINT('Ctrl Pts',(40.5421149184112,740.350713346586,35.2411814773328));
#16482=CARTESIAN_POINT('Ctrl Pts',(40.2840785688391,740.188691970108,34.9639637316995));
#16483=CARTESIAN_POINT('Ctrl Pts',(40.0000743904441,740.103330576574,34.6651500968915));
#16484=CARTESIAN_POINT('Ctrl Pts',(39.7113593545707,740.081007154456,34.3683516256099));
#16485=CARTESIAN_POINT('Ctrl Pts',(41.0110678441497,740.350713346586,34.7722285515942));
#16486=CARTESIAN_POINT('Ctrl Pts',(40.772212890639,740.188691970108,34.4758294098995));
#16487=CARTESIAN_POINT('Ctrl Pts',(40.503018168657,740.103330576574,34.1622063186786));
#16488=CARTESIAN_POINT('Ctrl Pts',(40.2223865681917,740.081007154456,33.8573244119888));
#16489=CARTESIAN_POINT('',(39.6042090669341,740.350713346586,36.1790873288101));
#16490=CARTESIAN_POINT('Ctrl Pts',(38.6893049273285,740.081007154455,35.3904060528522));
#16491=CARTESIAN_POINT('Ctrl Pts',(38.9941868340183,740.103330576574,35.6710376533174));
#16492=CARTESIAN_POINT('Ctrl Pts',(39.3078099252394,740.188691970108,35.9402323752994));
#16493=CARTESIAN_POINT('Ctrl Pts',(39.6042090669341,740.350713346586,36.1790873288101));
#16494=CARTESIAN_POINT('',(41.0110678441497,740.350713346586,34.7722285515942));
#16495=CARTESIAN_POINT('',(39.6042090669341,740.350713346586,36.1790873288101));
#16496=CARTESIAN_POINT('Ctrl Pts',(41.0110678441497,740.350713346586,34.7722285515942));
#16497=CARTESIAN_POINT('Ctrl Pts',(40.772212890639,740.188691970108,34.4758294098995));
#16498=CARTESIAN_POINT('Ctrl Pts',(40.503018168657,740.103330576574,34.1622063186786));
#16499=CARTESIAN_POINT('Ctrl Pts',(40.2223865681917,740.081007154456,33.8573244119888));
#16500=CARTESIAN_POINT('Ctrl Pts',(39.9088934959556,740.550925933944,36.4606625085198));
#16501=CARTESIAN_POINT('Ctrl Pts',(39.8094184591855,740.473328916418,36.3560118119731));
#16502=CARTESIAN_POINT('Ctrl Pts',(39.7066464480948,740.406708938893,36.2616370817379));
#16503=CARTESIAN_POINT('Ctrl Pts',(39.604209066934,740.350713346586,36.17908732881));
#16504=CARTESIAN_POINT('Ctrl Pts',(40.400782920417,740.611953871256,36.068444920973));
#16505=CARTESIAN_POINT('Ctrl Pts',(40.2990571004658,740.507632187143,35.946087451081));
#16506=CARTESIAN_POINT('Ctrl Pts',(40.1896197945038,740.420716107011,35.8249378397721));
#16507=CARTESIAN_POINT('Ctrl Pts',(40.0731619926725,740.350713346586,35.7101344030714));
#16508=CARTESIAN_POINT('Ctrl Pts',(40.8926723448784,740.672981808568,35.6762273334263));
#16509=CARTESIAN_POINT('Ctrl Pts',(40.788695741746,740.541935457868,35.5361630901889));
#16510=CARTESIAN_POINT('Ctrl Pts',(40.6725931409127,740.434723275129,35.3882385978063));
#16511=CARTESIAN_POINT('Ctrl Pts',(40.5421149184111,740.350713346586,35.2411814773329));
#16512=CARTESIAN_POINT('Ctrl Pts',(41.3845617693398,740.73400974588,35.2840097458795));
#16513=CARTESIAN_POINT('Ctrl Pts',(41.2783343830263,740.576238728593,35.1262387292968));
#16514=CARTESIAN_POINT('Ctrl Pts',(41.1555664873216,740.448730443246,34.9515393558405));
#16515=CARTESIAN_POINT('Ctrl Pts',(41.0110678441497,740.350713346586,34.7722285515943));
#16516=CARTESIAN_POINT('Ctrl Pts',(39.604209066934,740.350713346586,36.17908732881));
#16517=CARTESIAN_POINT('Ctrl Pts',(39.7066464480948,740.406708938893,36.2616370817379));
#16518=CARTESIAN_POINT('Ctrl Pts',(39.8094184591855,740.473328916418,36.3560118119731));
#16519=CARTESIAN_POINT('Ctrl Pts',(39.9088934959556,740.550925933944,36.4606625085198));
#16520=CARTESIAN_POINT('Ctrl Pts',(41.3845617693398,740.73400974588,35.2840097458795));
#16521=CARTESIAN_POINT('Ctrl Pts',(41.2783343830263,740.576238728593,35.1262387292968));
#16522=CARTESIAN_POINT('Ctrl Pts',(41.1555664873216,740.448730443246,34.9515393558405));
#16523=CARTESIAN_POINT('Ctrl Pts',(41.0110678441497,740.350713346586,34.7722285515943));
#16524=CARTESIAN_POINT('Origin',(51.775,747.075,50.625));
#16525=CARTESIAN_POINT('',(51.775,747.075,43.4430194846608));
#16526=CARTESIAN_POINT('',(51.775,747.075,50.625));
#16527=CARTESIAN_POINT('',(51.775,745.325,41.6930194846607));
#16528=CARTESIAN_POINT('',(51.775,748.91599025767,45.2840097423303));
#16529=CARTESIAN_POINT('',(51.775,745.325,41.5180194846606));
#16530=CARTESIAN_POINT('',(51.775,745.325,48.0375));
#16531=CARTESIAN_POINT('',(51.775,742.325,38.5180194846604));
#16532=CARTESIAN_POINT('',(51.775,746.95974025767,43.1527597423303));
#16533=CARTESIAN_POINT('',(51.775,742.325,25.8125));
#16534=CARTESIAN_POINT('Origin',(46.275,747.075,50.625));
#16535=CARTESIAN_POINT('',(40.775,747.075,43.4430194846607));
#16536=CARTESIAN_POINT('',(40.775,747.075,50.625));
#16537=CARTESIAN_POINT('',(41.2819767718008,749.381451612903,46.6930194846603));
#16538=CARTESIAN_POINT('Origin',(46.275,747.075,43.4430194846607));
#16539=CARTESIAN_POINT('',(41.2819767718007,749.381451612903,49.625));
#16540=CARTESIAN_POINT('',(41.2819767718008,749.381451612903,50.625));
#16541=CARTESIAN_POINT('',(51.2680232281993,749.381451612903,49.625));
#16542=CARTESIAN_POINT('Origin',(46.275,747.075,49.625));
#16543=CARTESIAN_POINT('',(51.2680232281992,749.381451612903,46.6930194846604));
#16544=CARTESIAN_POINT('',(51.2680232281992,749.381451612903,50.625));
#16545=CARTESIAN_POINT('Origin',(46.275,747.075,43.4430194846607));
#16546=CARTESIAN_POINT('Origin',(40.775,739.075,50.625));
#16547=CARTESIAN_POINT('',(40.775,742.325,38.5180194846606));
#16548=CARTESIAN_POINT('',(40.775,742.325,25.8125));
#16549=CARTESIAN_POINT('',(40.775,745.325,41.5180194846605));
#16550=CARTESIAN_POINT('',(40.775,744.95974025767,41.1527597423303));
#16551=CARTESIAN_POINT('',(40.775,745.325,41.6930194846604));
#16552=CARTESIAN_POINT('',(40.775,745.325,48.0375));
#16553=CARTESIAN_POINT('',(40.775,746.91599025767,43.2840097423303));
#16554=CARTESIAN_POINT('Origin',(38.525,742.325,25.8125));
#16555=CARTESIAN_POINT('',(38.525,740.075,39.45));
#16556=CARTESIAN_POINT('',(38.525,740.075,25.8125));
#16557=CARTESIAN_POINT('Origin',(38.525,742.325,38.5180194846606));
#16558=CARTESIAN_POINT('Ctrl Pts',(39.2393763602647,748.73400974233,48.2840097423301));
#16559=CARTESIAN_POINT('Ctrl Pts',(38.7705806148089,747.719157302657,47.2691573026573));
#16560=CARTESIAN_POINT('Ctrl Pts',(38.525,746.601907289187,46.1519072891867));
#16561=CARTESIAN_POINT('Ctrl Pts',(38.525,745.48400974233,45.0340097423304));
#16562=CARTESIAN_POINT('Ctrl Pts',(39.7566553504822,748.614535136787,48.1645351367875));
#16563=CARTESIAN_POINT('Ctrl Pts',(39.3466653863975,747.630782577337,47.1821274164016));
#16564=CARTESIAN_POINT('Ctrl Pts',(39.1535137264842,746.554423812297,46.1018525028607));
#16565=CARTESIAN_POINT('Ctrl Pts',(39.1981984257693,745.48400974233,45.0340097423304));
#16566=CARTESIAN_POINT('Ctrl Pts',(40.6575706386015,748.662275782083,47.7006302910861));
#16567=CARTESIAN_POINT('Ctrl Pts',(40.3474792017113,747.775670767788,46.7324056585707));
#16568=CARTESIAN_POINT('Ctrl Pts',(40.2473463154875,746.814405286259,45.6743397209513));
#16569=CARTESIAN_POINT('Ctrl Pts',(40.3631523909223,745.884322541187,44.6336969434735));
#16570=CARTESIAN_POINT('Ctrl Pts',(41.166935741251,749.132409953187,46.9952026096435));
#16571=CARTESIAN_POINT('Ctrl Pts',(40.8574265061936,748.367607925885,45.9942056750916));
#16572=CARTESIAN_POINT('Ctrl Pts',(40.7230528033569,747.534000218452,44.8950153039583));
#16573=CARTESIAN_POINT('Ctrl Pts',(40.7750000000001,746.717982621041,43.8000368636198));
#16574=CARTESIAN_POINT('Ctrl Pts',(41.2819767718008,749.381451612903,46.6930194846603));
#16575=CARTESIAN_POINT('Ctrl Pts',(40.9492830169612,748.66123375249,45.6781670449876));
#16576=CARTESIAN_POINT('Ctrl Pts',(40.7750000000001,747.868346646156,44.5609170315169));
#16577=CARTESIAN_POINT('Ctrl Pts',(40.7750000000001,747.075,43.4430194846607));
#16578=CARTESIAN_POINT('',(38.525,745.48400974233,45.0340097423305));
#16579=CARTESIAN_POINT('Origin',(38.525,747.075,43.4430194846607));
#16580=CARTESIAN_POINT('',(38.9709415743943,748.075,47.625));
#16581=CARTESIAN_POINT('Origin',(46.275,745.48400974233,45.0340097423305));
#16582=CARTESIAN_POINT('',(39.2393763602647,748.075,47.6030104973391));
#16583=CARTESIAN_POINT('Ctrl Pts',(38.9712479449269,748.074924606481,47.6249246064813));
#16584=CARTESIAN_POINT('Ctrl Pts',(39.0527348543981,748.074904563838,47.6249402299504));
#16585=CARTESIAN_POINT('Ctrl Pts',(39.1334931441667,748.075051272946,47.6189268278095));
#16586=CARTESIAN_POINT('Ctrl Pts',(39.2131253936144,748.07524835916,47.6068350152892));
#16587=CARTESIAN_POINT('Ctrl Pts',(39.2219367276368,748.075270166813,47.6054970523434));
#16588=CARTESIAN_POINT('Ctrl Pts',(39.2307342965057,748.075292638493,47.604084660061));
#16589=CARTESIAN_POINT('Ctrl Pts',(39.2395175771006,748.075315651921,47.6025977641872));
#16590=CARTESIAN_POINT('Ctrl Pts',(39.2393763602647,748.075,47.603010497339));
#16591=CARTESIAN_POINT('Ctrl Pts',(39.5144237638825,748.075,47.557126023812));
#16592=CARTESIAN_POINT('Ctrl Pts',(39.7826885078878,748.125345048169,47.4911083547022));
#16593=CARTESIAN_POINT('Ctrl Pts',(40.3029355118475,748.3212676653,47.319828054196));
#16594=CARTESIAN_POINT('Ctrl Pts',(40.5465180459735,748.472432606062,47.2134487312625));
#16595=CARTESIAN_POINT('Ctrl Pts',(40.9764869328504,748.863503297607,46.9706487329106));
#16596=CARTESIAN_POINT('Ctrl Pts',(41.1545586061593,749.107411590593,46.8338131937271));
#16597=CARTESIAN_POINT('Ctrl Pts',(41.2803923869242,749.378027382698,46.6947773611161));
#16598=CARTESIAN_POINT('Ctrl Pts',(41.2811856594688,749.379739007172,46.6938984397974));
#16599=CARTESIAN_POINT('Ctrl Pts',(41.2819767718008,749.381451612903,46.6930194846603));
#16600=CARTESIAN_POINT('Origin',(38.525,746.91599025767,43.2840097423303));
#16601=CARTESIAN_POINT('',(38.525,743.075,42.625));
#16602=CARTESIAN_POINT('',(38.525,745.325,44.8750000000001));
#16603=CARTESIAN_POINT('Origin',(38.525,745.325,41.6930194846604));
#16604=CARTESIAN_POINT('Origin',(38.525,744.95974025767,41.1527597423303));
#16605=CARTESIAN_POINT('',(38.525,743.075,42.45));
#16606=CARTESIAN_POINT('',(38.525,743.36875,42.74375));
#16607=CARTESIAN_POINT('Origin',(38.525,745.325,41.5180194846605));
#16608=CARTESIAN_POINT('Origin',(54.025,742.325,25.8125));
#16609=CARTESIAN_POINT('',(54.025,740.075,39.45));
#16610=CARTESIAN_POINT('Origin',(54.025,742.325,38.5180194846604));
#16611=CARTESIAN_POINT('',(54.025,740.075,25.8125));
#16612=CARTESIAN_POINT('Origin',(54.025,746.95974025767,43.1527597423303));
#16613=CARTESIAN_POINT('',(54.025,743.075,42.45));
#16614=CARTESIAN_POINT('Origin',(54.025,745.325,41.5180194846606));
#16615=CARTESIAN_POINT('',(54.025,745.36875,44.74375));
#16616=CARTESIAN_POINT('Origin',(54.025,745.325,48.0375));
#16617=CARTESIAN_POINT('',(54.025,743.075,42.625));
#16618=CARTESIAN_POINT('Origin',(54.025,745.325,41.6930194846607));
#16619=CARTESIAN_POINT('',(54.025,743.075,48.0375));
#16620=CARTESIAN_POINT('Origin',(54.025,748.91599025767,45.2840097423303));
#16621=CARTESIAN_POINT('',(54.025,745.48400974233,45.0340097423305));
#16622=CARTESIAN_POINT('Origin',(54.025,747.075,43.4430194846608));
#16623=CARTESIAN_POINT('',(54.025,747.325,46.875));
#16624=CARTESIAN_POINT('Ctrl Pts',(54.025,745.48400974233,45.0340097423304));
#16625=CARTESIAN_POINT('Ctrl Pts',(54.025,746.601907289187,46.1519072891867));
#16626=CARTESIAN_POINT('Ctrl Pts',(53.7794193851911,747.719157302657,47.2691573026574));
#16627=CARTESIAN_POINT('Ctrl Pts',(53.3106236397353,748.73400974233,48.2840097423302));
#16628=CARTESIAN_POINT('Ctrl Pts',(53.3518015742307,745.48400974233,45.0340097423304));
#16629=CARTESIAN_POINT('Ctrl Pts',(53.3964862735158,746.554423812297,46.1018525028607));
#16630=CARTESIAN_POINT('Ctrl Pts',(53.2033346136025,747.630782577337,47.1821274164017));
#16631=CARTESIAN_POINT('Ctrl Pts',(52.7933446495178,748.614535136787,48.1645351367876));
#16632=CARTESIAN_POINT('Ctrl Pts',(52.186848329261,745.884323292619,44.6336961920422));
#16633=CARTESIAN_POINT('Ctrl Pts',(52.3026544046959,746.81440603769,45.67433896952));
#16634=CARTESIAN_POINT('Ctrl Pts',(52.2025210466443,747.77567117677,46.7324053643127));
#16635=CARTESIAN_POINT('Ctrl Pts',(51.892429609754,748.662276191065,47.7006299968282));
#16636=CARTESIAN_POINT('Ctrl Pts',(51.7749999999999,746.717982621041,43.8000368636199));
#16637=CARTESIAN_POINT('Ctrl Pts',(51.8269471966431,747.534000218452,44.8950153039584));
#16638=CARTESIAN_POINT('Ctrl Pts',(51.6925734938064,748.367607925885,45.9942056750917));
#16639=CARTESIAN_POINT('Ctrl Pts',(51.383064258749,749.132409953187,46.9952026096436));
#16640=CARTESIAN_POINT('Ctrl Pts',(51.7749999999999,747.075,43.4430194846607));
#16641=CARTESIAN_POINT('Ctrl Pts',(51.7749999999999,747.868346646156,44.5609170315169));
#16642=CARTESIAN_POINT('Ctrl Pts',(51.6007169830388,748.66123375249,45.6781670449877));
#16643=CARTESIAN_POINT('Ctrl Pts',(51.2680232281992,749.381451612903,46.6930194846604));
#16644=CARTESIAN_POINT('',(53.5790584256057,748.075,47.625));
#16645=CARTESIAN_POINT('Origin',(46.275,745.48400974233,45.0340097423305));
#16646=CARTESIAN_POINT('',(53.3106236397353,748.075,47.6030104973391));
#16647=CARTESIAN_POINT('Ctrl Pts',(51.2680232281992,749.381451612903,46.6930194846604));
#16648=CARTESIAN_POINT('Ctrl Pts',(51.2688143405196,749.379739007197,46.6938984397847));
#16649=CARTESIAN_POINT('Ctrl Pts',(51.2696076130933,749.37802738266,46.6947773611301));
#16650=CARTESIAN_POINT('Ctrl Pts',(51.3954413932617,749.107411591843,46.8338131932928));
#16651=CARTESIAN_POINT('Ctrl Pts',(51.5735130669775,748.863503297763,46.9706487328136));
#16652=CARTESIAN_POINT('Ctrl Pts',(52.0034819540267,748.472432606062,47.2134487312628));
#16653=CARTESIAN_POINT('Ctrl Pts',(52.2470644881526,748.3212676653,47.319828054196));
#16654=CARTESIAN_POINT('Ctrl Pts',(52.7673114921122,748.125345048169,47.4911083547022));
#16655=CARTESIAN_POINT('Ctrl Pts',(53.0355762361175,748.075,47.557126023812));
#16656=CARTESIAN_POINT('Ctrl Pts',(53.3106236397353,748.075,47.603010497339));
#16657=CARTESIAN_POINT('Ctrl Pts',(53.3104824338005,748.075315668202,47.602597751663));
#16658=CARTESIAN_POINT('Ctrl Pts',(53.3898509212255,748.075107666606,47.6160337807641));
#16659=CARTESIAN_POINT('Ctrl Pts',(53.470393781469,748.074940073002,47.6233880696803));
#16660=CARTESIAN_POINT('Ctrl Pts',(53.5517166016632,748.07492403436,47.6247080476375));
#16661=CARTESIAN_POINT('Ctrl Pts',(53.5607190677973,748.074922258877,47.6248541696833));
#16662=CARTESIAN_POINT('Ctrl Pts',(53.5697310697167,748.074922387666,47.6249263360731));
#16663=CARTESIAN_POINT('Ctrl Pts',(53.5787520550731,748.074924606481,47.6249246064814));
#16664=CARTESIAN_POINT('Origin',(53.3106236397353,750.325,50.625));
#16665=CARTESIAN_POINT('',(52.0148124228866,748.485605183616,49.214394816521));
#16666=CARTESIAN_POINT('Ctrl Pts',(51.2680232281993,749.381451612903,49.625));
#16667=CARTESIAN_POINT('Ctrl Pts',(51.3613405847912,749.179437520584,49.625));
#16668=CARTESIAN_POINT('Ctrl Pts',(51.4895824174831,748.985628518435,49.5749979355534));
#16669=CARTESIAN_POINT('Ctrl Pts',(51.7550044811308,748.689532804947,49.4144649858593));
#16670=CARTESIAN_POINT('Ctrl Pts',(51.8863564163859,748.57609947703,49.317541896069));
#16671=CARTESIAN_POINT('Ctrl Pts',(52.0148124229348,748.48560518365,49.2143948165508));
#16672=CARTESIAN_POINT('',(53.3106236397353,748.075,49.625));
#16673=CARTESIAN_POINT('Origin',(53.3106236397353,750.325,47.3749999999999));
#16674=CARTESIAN_POINT('',(53.3106236397353,748.075,50.625));
#16675=CARTESIAN_POINT('Origin',(26.6375,742.325,33.6930194846604));
#16676=CARTESIAN_POINT('',(26.6375,740.075,33.6930194846604));
#16677=CARTESIAN_POINT('',(26.6375,740.73400974233,35.2840097423302));
#16678=CARTESIAN_POINT('Origin',(38.525,745.325,48.0375));
#16679=CARTESIAN_POINT('',(38.525,743.075,48.0375));
#16680=CARTESIAN_POINT('Origin',(39.2393763602647,750.325,50.625));
#16681=CARTESIAN_POINT('',(39.2393763602647,748.075,49.625));
#16682=CARTESIAN_POINT('',(39.2393763602647,748.075,50.625));
#16683=CARTESIAN_POINT('',(40.5351875769318,748.485605183556,49.2143948164437));
#16684=CARTESIAN_POINT('Origin',(39.2393763602647,750.325,47.3749999999999));
#16685=CARTESIAN_POINT('Ctrl Pts',(40.5351875769319,748.485605183556,49.2143948164437));
#16686=CARTESIAN_POINT('Ctrl Pts',(40.6636435835231,748.576099476952,49.3175418960017));
#16687=CARTESIAN_POINT('Ctrl Pts',(40.7949955188276,748.689532804901,49.4144649858341));
#16688=CARTESIAN_POINT('Ctrl Pts',(41.0604175825169,748.985628518435,49.5749979355533));
#16689=CARTESIAN_POINT('Ctrl Pts',(41.1886594152088,749.179437520584,49.625));
#16690=CARTESIAN_POINT('Ctrl Pts',(41.2819767718007,749.381451612903,49.625));
#16691=CARTESIAN_POINT('Origin',(46.275,744.140863991823,38.6908639918226));
#16692=CARTESIAN_POINT('',(43.775,747.075,41.6249999999998));
#16693=CARTESIAN_POINT('Origin',(46.275,747.075,41.6249999999999));
#16694=CARTESIAN_POINT('Origin',(135.46875,747.575,50.125));
#16695=CARTESIAN_POINT('',(50.7750000000001,747.075,50.625));
#16696=CARTESIAN_POINT('',(540.875,747.075,50.625));
#16697=CARTESIAN_POINT('',(135.46875,747.075,50.625));
#16698=CARTESIAN_POINT('',(540.875,748.075,49.625));
#16699=CARTESIAN_POINT('',(540.875,747.075,50.625));
#16700=CARTESIAN_POINT('',(135.46875,748.075,49.625));
#16701=CARTESIAN_POINT('',(51.683326913196,748.075,49.625));
#16702=CARTESIAN_POINT('Ctrl Pts',(51.683326913196,748.075,49.6250000000001));
#16703=CARTESIAN_POINT('Ctrl Pts',(51.8490696681081,748.274198000457,49.4258019995426));
#16704=CARTESIAN_POINT('Ctrl Pts',(52.0148124230202,748.485605183495,49.2143948165048));
#16705=CARTESIAN_POINT('Ctrl Pts',(51.683326913196,748.075,49.625));
#16706=CARTESIAN_POINT('Ctrl Pts',(51.400503961563,747.735089115336,49.9649108846637));
#16707=CARTESIAN_POINT('Ctrl Pts',(51.0970708903506,747.397070890351,50.3029291096494));
#16708=CARTESIAN_POINT('Ctrl Pts',(50.775,747.075,50.625));
#16709=CARTESIAN_POINT('Origin',(3.00000000000001,744.075,50.125));
#16710=CARTESIAN_POINT('',(1.99999999999998,747.947983346207,49.625));
#16711=CARTESIAN_POINT('',(1.99999999999998,746.903427124746,50.625));
#16712=CARTESIAN_POINT('Ctrl Pts',(1.99999999999999,746.903427124746,50.625));
#16713=CARTESIAN_POINT('Ctrl Pts',(1.99999999999999,747.351094076799,50.2029355499872));
#16714=CARTESIAN_POINT('Ctrl Pts',(1.99999999999999,747.947983346207,49.625));
#16715=CARTESIAN_POINT('',(3.00000000000001,747.075,50.625));
#16716=CARTESIAN_POINT('Origin',(3.00000000000001,744.075,50.625));
#16717=CARTESIAN_POINT('',(3.00000000000001,748.075,49.625));
#16718=CARTESIAN_POINT('',(3.00000000000001,747.075,50.625));
#16719=CARTESIAN_POINT('Origin',(3.00000000000001,744.075,49.625));
#16720=CARTESIAN_POINT('Origin',(135.46875,747.575,50.125));
#16721=CARTESIAN_POINT('',(135.46875,748.075,49.625));
#16722=CARTESIAN_POINT('',(41.7749999999999,747.075,50.625));
#16723=CARTESIAN_POINT('',(135.46875,747.075,50.625));
#16724=CARTESIAN_POINT('',(40.866673086804,748.075,49.625));
#16725=CARTESIAN_POINT('Ctrl Pts',(41.775,747.075,50.625));
#16726=CARTESIAN_POINT('Ctrl Pts',(41.4529291096494,747.397070890351,50.3029291096494));
#16727=CARTESIAN_POINT('Ctrl Pts',(41.149496038437,747.735089115336,49.9649108846636));
#16728=CARTESIAN_POINT('Ctrl Pts',(40.866673086804,748.075,49.625));
#16729=CARTESIAN_POINT('Ctrl Pts',(40.866673086804,748.075,49.6250000000001));
#16730=CARTESIAN_POINT('Ctrl Pts',(40.7009303318679,748.274198000486,49.4258019995138));
#16731=CARTESIAN_POINT('Ctrl Pts',(40.5351875769318,748.485605183556,49.2143948164436));
#16732=CARTESIAN_POINT('Origin',(46.275,747.075,50.125));
#16733=CARTESIAN_POINT('Origin',(46.275,747.075,50.625));
#16734=CARTESIAN_POINT('Origin',(540.875,744.075,50.125));
#16735=CARTESIAN_POINT('',(541.875,746.903427124746,50.625));
#16736=CARTESIAN_POINT('',(541.875,747.947983346207,49.625));
#16737=CARTESIAN_POINT('Ctrl Pts',(541.875,747.947983346207,49.625));
#16738=CARTESIAN_POINT('Ctrl Pts',(541.875,747.351094076799,50.202935549987));
#16739=CARTESIAN_POINT('Ctrl Pts',(541.875,746.903427124746,50.625));
#16740=CARTESIAN_POINT('Origin',(540.875,744.075,49.625));
#16741=CARTESIAN_POINT('Origin',(540.875,744.075,50.625));
#16742=CARTESIAN_POINT('Origin',(271.9375,373.5375,50.625));
#16743=CARTESIAN_POINT('',(2.00000000000001,2.00000000000003,50.625));
#16744=CARTESIAN_POINT('',(1.99999999999999,187.76875,50.625));
#16745=CARTESIAN_POINT('',(541.875,1.99999999999997,50.625));
#16746=CARTESIAN_POINT('',(406.90625,1.99999999999996,50.625));
#16747=CARTESIAN_POINT('',(541.875,745.075,50.625));
#16748=CARTESIAN_POINT('',(537.875,741.075,50.625));
#16749=CARTESIAN_POINT('',(6.00000000000002,741.075,50.625));
#16750=CARTESIAN_POINT('',(139.46875,741.075,50.625));
#16751=CARTESIAN_POINT('',(537.875,6.00000000000001,50.625));
#16752=CARTESIAN_POINT('',(537.875,556.80625,50.625));
#16753=CARTESIAN_POINT('',(6.00000000000001,6.00000000000004,50.625));
#16754=CARTESIAN_POINT('',(404.40625,6.00000000000001,50.625));
#16755=CARTESIAN_POINT('',(6.,190.26875,50.625));
#16756=CARTESIAN_POINT('',(43.775,747.075,50.625));
#16757=CARTESIAN_POINT('Origin',(46.275,747.075,50.625));
#16758=CARTESIAN_POINT('Origin',(542.375,559.30625,55.125));
#16759=CARTESIAN_POINT('',(541.875,747.947983346207,54.625));
#16760=CARTESIAN_POINT('',(541.875,1.99999999999997,54.625));
#16761=CARTESIAN_POINT('',(541.875,559.30625,54.625));
#16762=CARTESIAN_POINT('',(542.875,1.99999999999996,55.625));
#16763=CARTESIAN_POINT('',(541.125,1.99999999999999,53.8750000000001));
#16764=CARTESIAN_POINT('',(542.875,746.3110679775,55.625));
#16765=CARTESIAN_POINT('',(542.875,559.30625,55.625));
#16766=CARTESIAN_POINT('Ctrl Pts',(542.875,746.3110679775,55.625));
#16767=CARTESIAN_POINT('Ctrl Pts',(542.604317836872,746.916331694551,55.3543178368716));
#16768=CARTESIAN_POINT('Ctrl Pts',(542.248620385735,747.465641502288,54.9986203857353));
#16769=CARTESIAN_POINT('Ctrl Pts',(541.875,747.947983346207,54.625));
#16770=CARTESIAN_POINT('Origin',(540.875,744.075,55.125));
#16771=CARTESIAN_POINT('',(543.875,744.075,55.625));
#16772=CARTESIAN_POINT('Origin',(540.875,744.075,55.625));
#16773=CARTESIAN_POINT('',(544.875,744.075,54.625));
#16774=CARTESIAN_POINT('',(543.875,744.075,55.625));
#16775=CARTESIAN_POINT('Origin',(540.875,744.075,54.625));
#16776=CARTESIAN_POINT('Origin',(544.375,560.80625,55.125));
#16777=CARTESIAN_POINT('',(543.875,2.99999999999997,55.625));
#16778=CARTESIAN_POINT('',(543.875,560.80625,55.625));
#16779=CARTESIAN_POINT('',(544.875,2.99999999999997,54.625));
#16780=CARTESIAN_POINT('',(543.875,2.99999999999997,55.625));
#16781=CARTESIAN_POINT('',(544.875,560.80625,54.625));
#16782=CARTESIAN_POINT('Origin',(540.875,2.99999999999997,55.125));
#16783=CARTESIAN_POINT('',(540.875,8.88178419700125E-15,55.625));
#16784=CARTESIAN_POINT('',(540.875,-0.999999999999974,54.625));
#16785=CARTESIAN_POINT('',(540.875,8.88178419700125E-15,55.625));
#16786=CARTESIAN_POINT('Origin',(540.875,2.99999999999997,54.625));
#16787=CARTESIAN_POINT('Origin',(540.875,2.99999999999997,55.625));
#16788=CARTESIAN_POINT('Origin',(408.40625,-0.499999999999976,55.125));
#16789=CARTESIAN_POINT('',(3.00000000000004,-6.11172436223192E-15,55.625));
#16790=CARTESIAN_POINT('',(408.40625,3.5527136788005E-14,55.625));
#16791=CARTESIAN_POINT('',(3.00000000000001,-1.00000000000003,54.625));
#16792=CARTESIAN_POINT('',(3.00000000000004,-6.11172436223192E-15,55.625));
#16793=CARTESIAN_POINT('',(408.40625,-0.999999999999987,54.625));
#16794=CARTESIAN_POINT('Origin',(3.00000000000001,2.99999999999997,55.125));
#16795=CARTESIAN_POINT('',(7.7715611723761E-15,2.99999999999997,55.625));
#16796=CARTESIAN_POINT('',(-1.00000000000001,2.99999999999997,54.625));
#16797=CARTESIAN_POINT('',(7.7715611723761E-15,2.99999999999997,55.625));
#16798=CARTESIAN_POINT('Origin',(3.00000000000001,2.99999999999997,54.625));
#16799=CARTESIAN_POINT('Origin',(3.00000000000001,2.99999999999997,55.625));
#16800=CARTESIAN_POINT('Origin',(-0.500000000000002,186.26875,55.125));
#16801=CARTESIAN_POINT('',(1.15743427406033E-14,744.075,55.625));
#16802=CARTESIAN_POINT('',(0.,186.26875,55.625));
#16803=CARTESIAN_POINT('',(-0.999999999999993,744.075,54.625));
#16804=CARTESIAN_POINT('',(1.15743427406033E-14,744.075,55.625));
#16805=CARTESIAN_POINT('',(-1.,186.26875,54.625));
#16806=CARTESIAN_POINT('Origin',(3.00000000000001,744.075,55.125));
#16807=CARTESIAN_POINT('',(1.99999999999999,747.947983346207,54.625));
#16808=CARTESIAN_POINT('Origin',(3.00000000000001,744.075,54.625));
#16809=CARTESIAN_POINT('',(1.,746.3110679775,55.625));
#16810=CARTESIAN_POINT('Origin',(3.00000000000001,744.075,55.625));
#16811=CARTESIAN_POINT('Ctrl Pts',(1.00000000000004,746.3110679775,55.625));
#16812=CARTESIAN_POINT('Ctrl Pts',(1.27068216312839,746.916331694551,55.3543178368716));
#16813=CARTESIAN_POINT('Ctrl Pts',(1.62637961426461,747.465641502288,54.9986203857354));
#16814=CARTESIAN_POINT('Ctrl Pts',(1.99999999999994,747.947983346207,54.6250000000001));
#16815=CARTESIAN_POINT('Origin',(1.50000000000001,187.76875,55.125));
#16816=CARTESIAN_POINT('',(1.00000000000002,2.00000000000003,55.625));
#16817=CARTESIAN_POINT('',(1.00000000000001,187.76875,55.625));
#16818=CARTESIAN_POINT('',(2.00000000000001,2.00000000000003,54.625));
#16819=CARTESIAN_POINT('',(137.718749999999,2.00000000000001,-81.09375));
#16820=CARTESIAN_POINT('',(2.,187.76875,54.625));
#16821=CARTESIAN_POINT('Origin',(541.875,745.075,50.625));
#16822=CARTESIAN_POINT('',(541.875,747.947983346207,50.625));
#16823=CARTESIAN_POINT('',(541.875,1.99999999999997,50.625));
#16824=CARTESIAN_POINT('Origin',(540.875,744.075,50.625));
#16825=CARTESIAN_POINT('',(544.875,744.075,47.625));
#16826=CARTESIAN_POINT('',(544.875,744.075,50.625));
#16827=CARTESIAN_POINT('',(544.738703305156,745.11027618041,47.4887033051562));
#16828=CARTESIAN_POINT('Origin',(540.875,744.075,43.625));
#16829=CARTESIAN_POINT('',(541.91027618041,747.938703305156,47.4887033051562));
#16830=CARTESIAN_POINT('Origin',(540.875,744.075,49.2818542494923));
#16831=CARTESIAN_POINT('',(540.875,748.075,47.625));
#16832=CARTESIAN_POINT('Origin',(540.875,744.075,43.625));
#16833=CARTESIAN_POINT('',(540.875,748.075,50.625));
#16834=CARTESIAN_POINT('Origin',(544.875,748.075,50.625));
#16835=CARTESIAN_POINT('',(544.875,2.99999999999997,47.625));
#16836=CARTESIAN_POINT('',(544.875,2.99999999999997,50.625));
#16837=CARTESIAN_POINT('',(544.875,-0.999999999999973,47.625));
#16838=CARTESIAN_POINT('Origin',(540.875,2.99999999999997,50.625));
#16839=CARTESIAN_POINT('',(540.875,-0.999999999999973,47.625));
#16840=CARTESIAN_POINT('',(540.875,-0.999999999999974,50.625));
#16841=CARTESIAN_POINT('',(541.91027618041,-0.863703305156296,47.4887033051563));
#16842=CARTESIAN_POINT('Origin',(540.875,2.99999999999997,43.625));
#16843=CARTESIAN_POINT('',(544.738703305156,1.96472381958997,47.4887033051562));
#16844=CARTESIAN_POINT('Origin',(540.875,2.99999999999997,49.2818542494924));
#16845=CARTESIAN_POINT('Origin',(540.875,2.99999999999997,43.625));
#16846=CARTESIAN_POINT('Origin',(544.875,-0.999999999999973,50.625));
#16847=CARTESIAN_POINT('',(3.00000000000001,-1.00000000000003,47.625));
#16848=CARTESIAN_POINT('',(3.00000000000001,-1.00000000000003,50.625));
#16849=CARTESIAN_POINT('',(-1.00000000000001,-1.00000000000003,47.625));
#16850=CARTESIAN_POINT('Origin',(3.00000000000001,2.99999999999997,50.625));
#16851=CARTESIAN_POINT('',(-1.00000000000001,2.99999999999997,47.625));
#16852=CARTESIAN_POINT('',(-1.00000000000001,2.99999999999997,50.625));
#16853=CARTESIAN_POINT('',(-0.863703305156278,1.96472381958985,47.4887033051563));
#16854=CARTESIAN_POINT('Origin',(3.00000000000001,2.99999999999997,43.625));
#16855=CARTESIAN_POINT('',(1.96472381958992,-0.863703305156297,47.4887033051563));
#16856=CARTESIAN_POINT('Origin',(3.00000000000001,2.99999999999997,49.2818542494924));
#16857=CARTESIAN_POINT('Origin',(3.00000000000001,2.99999999999997,43.625));
#16858=CARTESIAN_POINT('Origin',(-1.00000000000001,-1.00000000000009,50.625));
#16859=CARTESIAN_POINT('',(-0.999999999999993,744.075,47.625));
#16860=CARTESIAN_POINT('',(-0.999999999999993,744.075,50.625));
#16861=CARTESIAN_POINT('',(-0.999999999999993,748.075,47.625));
#16862=CARTESIAN_POINT('Origin',(3.00000000000001,744.075,50.625));
#16863=CARTESIAN_POINT('',(3.00000000000004,748.075,47.625));
#16864=CARTESIAN_POINT('',(3.00000000000001,748.075,50.625));
#16865=CARTESIAN_POINT('',(1.96472381958998,747.938703305156,47.4887033051562));
#16866=CARTESIAN_POINT('Origin',(3.00000000000001,744.075,43.625));
#16867=CARTESIAN_POINT('',(-0.863703305156287,745.11027618041,47.4887033051563));
#16868=CARTESIAN_POINT('Origin',(3.00000000000001,744.075,49.2818542494923));
#16869=CARTESIAN_POINT('Origin',(3.00000000000001,744.075,43.625));
#16870=CARTESIAN_POINT('',(1.99999999999999,747.947983346207,50.625));
#16871=CARTESIAN_POINT('Origin',(2.00000000000001,2.00000000000003,50.625));
#16872=CARTESIAN_POINT('',(2.00000000000001,2.00000000000003,50.625));
#16873=CARTESIAN_POINT('Origin',(7.00000000000003,740.075,45.45));
#16874=CARTESIAN_POINT('',(536.875,740.075,45.45));
#16875=CARTESIAN_POINT('',(7.00000000000003,740.075,45.45));
#16876=CARTESIAN_POINT('',(139.46875,740.075,45.45));
#16877=CARTESIAN_POINT('',(536.875,740.075,49.625));
#16878=CARTESIAN_POINT('',(536.875,740.075,45.45));
#16879=CARTESIAN_POINT('',(7.00000000000003,740.075,49.625));
#16880=CARTESIAN_POINT('',(139.46875,740.075,49.625));
#16881=CARTESIAN_POINT('',(7.00000000000003,740.075,45.45));
#16882=CARTESIAN_POINT('Origin',(139.46875,740.575,50.125));
#16883=CARTESIAN_POINT('',(537.875,741.075,50.625));
#16884=CARTESIAN_POINT('',(6.00000000000002,741.075,50.625));
#16885=CARTESIAN_POINT('Origin',(-1.00000000000001,748.075,50.625));
#16886=CARTESIAN_POINT('',(544.875,748.075,47.625));
#16887=CARTESIAN_POINT('Origin',(137.96875,745.575,45.125));
#16888=CARTESIAN_POINT('',(544.875,748.075,47.625));
#16889=CARTESIAN_POINT('',(536.91027618041,742.938703305156,42.4887033051563));
#16890=CARTESIAN_POINT('',(441.876881916836,647.905309041582,-52.5446909584178));
#16891=CARTESIAN_POINT('',(535.875,743.075,42.625));
#16892=CARTESIAN_POINT('Origin',(535.875,739.075,38.625));
#16893=CARTESIAN_POINT('',(137.96875,743.075,42.625));
#16894=CARTESIAN_POINT('Origin',(137.96875,745.575,45.125));
#16895=CARTESIAN_POINT('',(7.99999999999999,743.075,42.625));
#16896=CARTESIAN_POINT('',(137.96875,743.075,42.625));
#16897=CARTESIAN_POINT('',(6.96472381958998,742.938703305156,42.4887033051563));
#16898=CARTESIAN_POINT('Origin',(7.99999999999998,739.075,38.625));
#16899=CARTESIAN_POINT('',(118.931451416497,630.971975708248,-69.4780242917514));
#16900=CARTESIAN_POINT('Origin',(3.99999999999999,743.075,45.45));
#16901=CARTESIAN_POINT('',(535.875,743.075,42.45));
#16902=CARTESIAN_POINT('',(535.875,743.075,45.45));
#16903=CARTESIAN_POINT('',(539.875,743.075,42.45));
#16904=CARTESIAN_POINT('Origin',(3.99999999999999,743.075,45.45));
#16905=CARTESIAN_POINT('',(7.99999999999997,743.075,42.45));
#16906=CARTESIAN_POINT('',(539.875,743.075,42.45));
#16907=CARTESIAN_POINT('',(7.99999999999998,743.075,45.45));
#16908=CARTESIAN_POINT('Origin',(7.00000000000003,740.075,1.));
#16909=CARTESIAN_POINT('',(532.875,740.075,39.45));
#16910=CARTESIAN_POINT('',(139.46875,740.075,39.45));
#16911=CARTESIAN_POINT('',(532.875,740.075,1.));
#16912=CARTESIAN_POINT('',(532.875,740.075,1.));
#16913=CARTESIAN_POINT('',(11.,740.075,1.));
#16914=CARTESIAN_POINT('',(139.46875,740.075,1.));
#16915=CARTESIAN_POINT('',(11.,740.075,39.45));
#16916=CARTESIAN_POINT('',(11.,740.075,1.));
#16917=CARTESIAN_POINT('',(139.46875,740.075,39.45));
#16918=CARTESIAN_POINT('Origin',(139.46875,741.575,40.95));
#16919=CARTESIAN_POINT('',(536.91027618041,742.938703305156,42.3137033051562));
#16920=CARTESIAN_POINT('Origin',(535.875,739.075,38.4499999999998));
#16921=CARTESIAN_POINT('',(533.91027618041,739.938703305156,39.3137033051563));
#16922=CARTESIAN_POINT('',(439.21021525017,645.238642374916,-55.3863576250849));
#16923=CARTESIAN_POINT('Origin',(532.875,736.075,35.45));
#16924=CARTESIAN_POINT('Origin',(139.46875,741.575,40.95));
#16925=CARTESIAN_POINT('',(9.96472381959,739.938703305156,39.3137033051563));
#16926=CARTESIAN_POINT('Origin',(11.,736.075,35.45));
#16927=CARTESIAN_POINT('',(6.96472381959001,742.938703305156,42.3137033051562));
#16928=CARTESIAN_POINT('',(121.598118083164,628.305309041584,-72.3196909584174));
#16929=CARTESIAN_POINT('Origin',(7.99999999999998,739.075,38.4499999999998));
#16930=CARTESIAN_POINT('Origin',(46.275,747.075,50.625));
#16931=CARTESIAN_POINT('',(43.775,747.075,50.625));
#16932=CARTESIAN_POINT('Origin',(540.160723304703,697.175,-2.92714466094065));
#16933=CARTESIAN_POINT('',(538.875,697.275,-1.5));
#16934=CARTESIAN_POINT('',(538.875,697.075,-1.78284271247454));
#16935=CARTESIAN_POINT('',(538.875,589.042785444068,-154.563465710564));
#16936=CARTESIAN_POINT('',(540.892157287525,697.075,-3.79999999999995));
#16937=CARTESIAN_POINT('',(540.090012626585,697.075,-2.99785533905928));
#16938=CARTESIAN_POINT('',(541.033578643763,697.275,-3.65857864376269));
#16939=CARTESIAN_POINT('',(540.892157287525,697.075,-3.79999999999995));
#16940=CARTESIAN_POINT('',(540.231433982822,697.275,-2.85643398282202));
#16941=CARTESIAN_POINT('Origin',(405.335539321881,616.975,-3.9));
#16942=CARTESIAN_POINT('',(538.875,617.075,-3.8));
#16943=CARTESIAN_POINT('',(540.892157287525,617.075,-3.8));
#16944=CARTESIAN_POINT('',(405.335539321881,617.075,-3.8));
#16945=CARTESIAN_POINT('',(540.892157287525,616.875,-4.));
#16946=CARTESIAN_POINT('',(540.892157287525,617.075,-3.8));
#16947=CARTESIAN_POINT('',(538.675,616.875,-4.));
#16948=CARTESIAN_POINT('',(405.335539321881,616.875,-4.));
#16949=CARTESIAN_POINT('',(538.675,616.875,-4.));
#16950=CARTESIAN_POINT('Origin',(538.775,211.76875,-3.9));
#16951=CARTESIAN_POINT('',(538.675,697.275,-4.));
#16952=CARTESIAN_POINT('',(538.675,211.76875,-4.));
#16953=CARTESIAN_POINT('',(538.875,697.075,-3.8));
#16954=CARTESIAN_POINT('',(538.675,697.275,-4.));
#16955=CARTESIAN_POINT('',(538.875,211.76875,-3.8));
#16956=CARTESIAN_POINT('Origin',(405.335539321881,697.175,-3.9));
#16957=CARTESIAN_POINT('',(540.892157287525,697.275,-4.));
#16958=CARTESIAN_POINT('',(405.335539321881,697.275,-4.));
#16959=CARTESIAN_POINT('',(540.892157287525,697.275,-4.));
#16960=CARTESIAN_POINT('',(405.335539321881,697.075,-3.8));
#16961=CARTESIAN_POINT('Origin',(540.892157287525,697.275,-3.8));
#16962=CARTESIAN_POINT('Origin',(540.892157287525,697.275,-3.8));
#16963=CARTESIAN_POINT('Origin',(540.160723304703,616.975,-2.92714466094065));
#16964=CARTESIAN_POINT('',(538.875,617.075,-1.78284271247454));
#16965=CARTESIAN_POINT('',(538.875,616.875,-1.5));
#16966=CARTESIAN_POINT('',(538.875,522.748881222494,131.614433748689));
#16967=CARTESIAN_POINT('',(541.033578643763,616.875,-3.65857864376269));
#16968=CARTESIAN_POINT('',(540.231433982822,616.875,-2.85643398282202));
#16969=CARTESIAN_POINT('',(541.033578643763,616.875,-3.65857864376269));
#16970=CARTESIAN_POINT('',(540.090012626585,617.075,-2.99785533905928));
#16971=CARTESIAN_POINT('Origin',(540.892157287525,616.875,-3.8));
#16972=CARTESIAN_POINT('Origin',(540.892157287525,616.875,-3.8));
#16973=CARTESIAN_POINT('Origin',(540.892157287525,50.,-3.8));
#16974=CARTESIAN_POINT('',(540.892157287525,742.480152123797,-4.));
#16975=CARTESIAN_POINT('',(540.892157287525,50.,-4.));
#16976=CARTESIAN_POINT('',(541.033578643763,742.192035035923,-3.65857864376269));
#16977=CARTESIAN_POINT('Ctrl Pts',(541.033578643763,742.192035035923,-3.65857864376269));
#16978=CARTESIAN_POINT('Ctrl Pts',(541.040821245768,742.175648483726,-3.66582124576779));
#16979=CARTESIAN_POINT('Ctrl Pts',(541.047693586293,742.159799563994,-3.6737926817187));
#16980=CARTESIAN_POINT('Ctrl Pts',(541.065408282234,742.118280494537,-3.69824283814325));
#16981=CARTESIAN_POINT('Ctrl Pts',(541.077711007723,742.088376431304,-3.72052441744736));
#16982=CARTESIAN_POINT('Ctrl Pts',(541.086994652274,742.065343931035,-3.75421266771957));
#16983=CARTESIAN_POINT('Ctrl Pts',(541.088894433174,742.060596985695,-3.76282695470237));
#16984=CARTESIAN_POINT('Ctrl Pts',(541.091478091131,742.05412297862,-3.78115399244799));
#16985=CARTESIAN_POINT('Ctrl Pts',(541.092157287525,742.052410470992,-3.7908725406454));
#16986=CARTESIAN_POINT('Ctrl Pts',(541.092157287525,742.052410470992,-3.8));
#16987=CARTESIAN_POINT('Ctrl Pts',(541.092157287525,742.052410470992,-3.81142273625232));
#16988=CARTESIAN_POINT('Ctrl Pts',(541.09109699977,742.055085613666,-3.82334315678255));
#16989=CARTESIAN_POINT('Ctrl Pts',(541.087270269323,742.064655152539,-3.84537768147216));
#16990=CARTESIAN_POINT('Ctrl Pts',(541.084510634217,742.07152568998,-3.85550332120784));
#16991=CARTESIAN_POINT('Ctrl Pts',(541.070005681612,742.10728296465,-3.89844787616112));
#16992=CARTESIAN_POINT('Ctrl Pts',(541.050935719334,742.152764256631,-3.92406428066611));
#16993=CARTESIAN_POINT('Ctrl Pts',(540.994899395045,742.279547718192,-3.98010060495524));
#16994=CARTESIAN_POINT('Ctrl Pts',(540.941311131013,742.389407769752,-3.99999999999998));
#16995=CARTESIAN_POINT('Ctrl Pts',(540.892157287525,742.480152123797,-3.99999999999998));
#16996=CARTESIAN_POINT('',(541.033578643763,50.,-3.65857864376269));
#16997=CARTESIAN_POINT('Origin',(271.9375,373.5375,-4.));
#16998=CARTESIAN_POINT('',(540.892157287525,4.59484787620327,-4.));
#16999=CARTESIAN_POINT('',(540.892157287525,50.,-4.));
#17000=CARTESIAN_POINT('',(537.657665880502,2.50999999999996,-4.));
#17001=CARTESIAN_POINT('Origin',(537.375,6.49999999999999,-4.));
#17002=CARTESIAN_POINT('',(6.21733411949809,2.51000000000002,-4.));
#17003=CARTESIAN_POINT('',(406.65625,2.50999999999998,-4.));
#17004=CARTESIAN_POINT('',(2.98284271247461,4.59484787620338,-4.));
#17005=CARTESIAN_POINT('Origin',(6.50000000000002,6.50000000000003,-4.));
#17006=CARTESIAN_POINT('',(2.98284271247461,616.875,-4.));
#17007=CARTESIAN_POINT('',(2.98284271247461,50.,-4.));
#17008=CARTESIAN_POINT('',(5.2,616.875,-4.));
#17009=CARTESIAN_POINT('',(138.539460678119,616.875,-4.));
#17010=CARTESIAN_POINT('',(5.2,697.275,-4.));
#17011=CARTESIAN_POINT('',(5.2,211.76875,-4.));
#17012=CARTESIAN_POINT('',(2.98284271247461,697.275,-4.));
#17013=CARTESIAN_POINT('',(138.539460678119,697.275,-4.));
#17014=CARTESIAN_POINT('',(2.98284271247461,742.480152123797,-4.));
#17015=CARTESIAN_POINT('',(2.98284271247461,50.,-4.));
#17016=CARTESIAN_POINT('',(6.21733411949808,744.565,-4.));
#17017=CARTESIAN_POINT('Origin',(6.49999999999999,740.575,-4.));
#17018=CARTESIAN_POINT('',(537.657665880502,744.565,-4.));
#17019=CARTESIAN_POINT('',(137.21875,744.565,-4.));
#17020=CARTESIAN_POINT('Origin',(537.375,740.575,-4.));
#17021=CARTESIAN_POINT('Origin',(540.892157287525,50.,-3.8));
#17022=CARTESIAN_POINT('',(541.033578643763,4.8829649640766,-3.65857864376269));
#17023=CARTESIAN_POINT('',(541.033578643763,50.,-3.65857864376269));
#17024=CARTESIAN_POINT('Ctrl Pts',(540.892157287525,4.59484787620329,-3.99999999999998));
#17025=CARTESIAN_POINT('Ctrl Pts',(540.941311131013,4.68559223024841,-3.99999999999998));
#17026=CARTESIAN_POINT('Ctrl Pts',(540.994899395045,4.7954522818078,-3.98010060495525));
#17027=CARTESIAN_POINT('Ctrl Pts',(541.050935719334,4.92223574336847,-3.9240642806661));
#17028=CARTESIAN_POINT('Ctrl Pts',(541.070005681612,4.96771703535019,-3.89844787616113));
#17029=CARTESIAN_POINT('Ctrl Pts',(541.084510634217,5.00347431002013,-3.85550332120784));
#17030=CARTESIAN_POINT('Ctrl Pts',(541.087270269323,5.01034484746068,-3.84537768147216));
#17031=CARTESIAN_POINT('Ctrl Pts',(541.09109699977,5.01991438633364,-3.82334315678253));
#17032=CARTESIAN_POINT('Ctrl Pts',(541.092157287525,5.02258952900783,-3.81142273625232));
#17033=CARTESIAN_POINT('Ctrl Pts',(541.092157287525,5.02258952900783,-3.8));
#17034=CARTESIAN_POINT('Ctrl Pts',(541.092157287525,5.02258952900783,-3.79087254064539));
#17035=CARTESIAN_POINT('Ctrl Pts',(541.091478091131,5.02087702138022,-3.78115399244802));
#17036=CARTESIAN_POINT('Ctrl Pts',(541.088894433174,5.01440301430479,-3.76282695470235));
#17037=CARTESIAN_POINT('Ctrl Pts',(541.086994652274,5.00965606896532,-3.75421266771957));
#17038=CARTESIAN_POINT('Ctrl Pts',(541.077711007723,4.98662356869545,-3.72052441744738));
#17039=CARTESIAN_POINT('Ctrl Pts',(541.065408282234,4.95671950546287,-3.69824283814324));
#17040=CARTESIAN_POINT('Ctrl Pts',(541.047693586293,4.91520043600579,-3.6737926817187));
#17041=CARTESIAN_POINT('Ctrl Pts',(541.040821245768,4.89935151627399,-3.6658212457678));
#17042=CARTESIAN_POINT('Ctrl Pts',(541.033578643763,4.8829649640766,-3.65857864376269));
#17043=CARTESIAN_POINT('Origin',(541.033578643763,50.,-3.65857864376269));
#17044=CARTESIAN_POINT('',(538.875,2.99999999999997,-1.5));
#17045=CARTESIAN_POINT('',(538.875,50.,-1.5));
#17046=CARTESIAN_POINT('',(539.020751311065,2.85424868893541,-1.64575131106456));
#17047=CARTESIAN_POINT('',(509.391401214589,32.4835987854123,27.9835987854124));
#17048=CARTESIAN_POINT('Origin',(537.375,6.49999999999999,1.13103970633688E-13));
#17049=CARTESIAN_POINT('Origin',(4.79356601717798,616.975,-1.84785533905933));
#17050=CARTESIAN_POINT('',(5.,616.875,-1.5));
#17051=CARTESIAN_POINT('',(5.,617.075,-1.78284271247462));
#17052=CARTESIAN_POINT('',(5.,521.905234638744,132.807530189307));
#17053=CARTESIAN_POINT('',(2.98284271247463,617.075,-3.8));
#17054=CARTESIAN_POINT('',(4.86427669529664,617.075,-1.91856601717799));
#17055=CARTESIAN_POINT('',(2.84142135623731,616.875,-3.65857864376268));
#17056=CARTESIAN_POINT('',(2.98284271247463,617.075,-3.8));
#17057=CARTESIAN_POINT('',(4.72285533905933,616.875,-1.77714466094068));
#17058=CARTESIAN_POINT('Origin',(138.539460678119,697.175,-3.9));
#17059=CARTESIAN_POINT('',(5.,697.075,-3.8));
#17060=CARTESIAN_POINT('',(2.98284271247461,697.075,-3.8));
#17061=CARTESIAN_POINT('',(138.539460678119,697.075,-3.8));
#17062=CARTESIAN_POINT('',(2.98284271247461,697.075,-3.8));
#17063=CARTESIAN_POINT('',(5.2,697.275,-4.));
#17064=CARTESIAN_POINT('Origin',(5.1,211.76875,-3.9));
#17065=CARTESIAN_POINT('',(5.,617.075,-3.8));
#17066=CARTESIAN_POINT('',(5.2,616.875,-4.));
#17067=CARTESIAN_POINT('',(5.,211.76875,-3.8));
#17068=CARTESIAN_POINT('Origin',(138.539460678119,616.975,-3.9));
#17069=CARTESIAN_POINT('',(2.98284271247461,616.875,-4.));
#17070=CARTESIAN_POINT('',(138.539460678119,617.075,-3.8));
#17071=CARTESIAN_POINT('Origin',(2.98284271247461,616.875,-3.8));
#17072=CARTESIAN_POINT('Origin',(2.98284271247461,616.875,-3.8));
#17073=CARTESIAN_POINT('Origin',(4.79356601717798,697.175,-1.84785533905933));
#17074=CARTESIAN_POINT('',(5.,697.075,-1.78284271247462));
#17075=CARTESIAN_POINT('',(5.,697.275,-1.5));
#17076=CARTESIAN_POINT('',(4.99999999999998,589.886432027876,-153.370369269926));
#17077=CARTESIAN_POINT('',(2.84142135623731,697.275,-3.65857864376268));
#17078=CARTESIAN_POINT('',(4.72285533905933,697.275,-1.77714466094068));
#17079=CARTESIAN_POINT('',(2.84142135623731,697.275,-3.65857864376268));
#17080=CARTESIAN_POINT('',(4.86427669529664,697.075,-1.91856601717799));
#17081=CARTESIAN_POINT('Origin',(2.98284271247461,697.275,-3.8));
#17082=CARTESIAN_POINT('Origin',(2.98284271247461,697.275,-3.8));
#17083=CARTESIAN_POINT('Origin',(2.98284271247461,50.,-3.8));
#17084=CARTESIAN_POINT('',(2.84142135623731,4.88296496407675,-3.65857864376268));
#17085=CARTESIAN_POINT('Ctrl Pts',(2.84142135623731,4.88296496407675,-3.65857864376268));
#17086=CARTESIAN_POINT('Ctrl Pts',(2.83417875423219,4.89935151627416,-3.66582124576779));
#17087=CARTESIAN_POINT('Ctrl Pts',(2.82730641370667,4.91520043600596,-3.67379268171868));
#17088=CARTESIAN_POINT('Ctrl Pts',(2.80959171776638,4.95671950546307,-3.69824283814325));
#17089=CARTESIAN_POINT('Ctrl Pts',(2.79728899227653,4.9866235686957,-3.72052441744737));
#17090=CARTESIAN_POINT('Ctrl Pts',(2.78800534772538,5.00965606896557,-3.75421266771958));
#17091=CARTESIAN_POINT('Ctrl Pts',(2.78610556682622,5.01440301430499,-3.76282695470239));
#17092=CARTESIAN_POINT('Ctrl Pts',(2.78352190886865,5.0208770213804,-3.78115399244805));
#17093=CARTESIAN_POINT('Ctrl Pts',(2.78284271247461,5.02258952900806,-3.7908725406454));
#17094=CARTESIAN_POINT('Ctrl Pts',(2.78284271247461,5.02258952900806,-3.8091274593546));
#17095=CARTESIAN_POINT('Ctrl Pts',(2.78352190886865,5.0208770213804,-3.81884600755195));
#17096=CARTESIAN_POINT('Ctrl Pts',(2.78610556682622,5.01440301430499,-3.83717304529761));
#17097=CARTESIAN_POINT('Ctrl Pts',(2.78800534772538,5.00965606896557,-3.84578733228042));
#17098=CARTESIAN_POINT('Ctrl Pts',(2.79728899227653,4.9866235686957,-3.87947558255263));
#17099=CARTESIAN_POINT('Ctrl Pts',(2.80959171776638,4.95671950546307,-3.90175716185675));
#17100=CARTESIAN_POINT('Ctrl Pts',(2.86288569410395,4.83181099375823,-3.97531451007955));
#17101=CARTESIAN_POINT('Ctrl Pts',(2.92486895357996,4.70187493511101,-4.));
#17102=CARTESIAN_POINT('Ctrl Pts',(2.98284271247461,4.59484787620338,-4.));
#17103=CARTESIAN_POINT('',(2.84142135623731,50.,-3.65857864376268));
#17104=CARTESIAN_POINT('Origin',(2.98284271247461,50.,-3.8));
#17105=CARTESIAN_POINT('',(2.84142135623731,742.192035035923,-3.65857864376268));
#17106=CARTESIAN_POINT('',(2.84142135623731,50.,-3.65857864376268));
#17107=CARTESIAN_POINT('Ctrl Pts',(2.98284271247459,742.480152123797,-4.));
#17108=CARTESIAN_POINT('Ctrl Pts',(2.93368886898718,742.389407769752,-4.));
#17109=CARTESIAN_POINT('Ctrl Pts',(2.88010060495525,742.279547718192,-3.98010060495526));
#17110=CARTESIAN_POINT('Ctrl Pts',(2.82406428066609,742.152764256631,-3.9240642806661));
#17111=CARTESIAN_POINT('Ctrl Pts',(2.80499431838788,742.10728296465,-3.89844787616115));
#17112=CARTESIAN_POINT('Ctrl Pts',(2.7904893657832,742.07152568998,-3.85550332120782));
#17113=CARTESIAN_POINT('Ctrl Pts',(2.78772973067651,742.064655152539,-3.84537768147209));
#17114=CARTESIAN_POINT('Ctrl Pts',(2.78390300023011,742.055085613666,-3.82334315678249));
#17115=CARTESIAN_POINT('Ctrl Pts',(2.78284271247461,742.052410470992,-3.81142273625232));
#17116=CARTESIAN_POINT('Ctrl Pts',(2.78284271247461,742.052410470992,-3.7908725406454));
#17117=CARTESIAN_POINT('Ctrl Pts',(2.78352190886866,742.05412297862,-3.78115399244803));
#17118=CARTESIAN_POINT('Ctrl Pts',(2.78610556682623,742.060596985695,-3.76282695470233));
#17119=CARTESIAN_POINT('Ctrl Pts',(2.78800534772539,742.065343931034,-3.75421266771957));
#17120=CARTESIAN_POINT('Ctrl Pts',(2.79728899227653,742.088376431304,-3.72052441744736));
#17121=CARTESIAN_POINT('Ctrl Pts',(2.80959171776638,742.118280494537,-3.69824283814325));
#17122=CARTESIAN_POINT('Ctrl Pts',(2.82730641370668,742.159799563994,-3.67379268171867));
#17123=CARTESIAN_POINT('Ctrl Pts',(2.83417875423221,742.175648483726,-3.66582124576778));
#17124=CARTESIAN_POINT('Ctrl Pts',(2.84142135623731,742.192035035923,-3.65857864376267));
#17125=CARTESIAN_POINT('Origin',(5.,50.,-1.5));
#17126=CARTESIAN_POINT('',(5.,744.075,-1.5));
#17127=CARTESIAN_POINT('',(5.,50.,-1.5));
#17128=CARTESIAN_POINT('',(4.85424868893542,744.220751311065,-1.64575131106459));
#17129=CARTESIAN_POINT('',(143.048958333333,606.026041666668,136.548958333333));
#17130=CARTESIAN_POINT('Origin',(6.49999999999999,740.575,-2.77555756156289E-16));
#17131=CARTESIAN_POINT('Origin',(5.1414213562373,697.075,-2.75));
#17132=CARTESIAN_POINT('',(5.,697.075,-2.125));
#17133=CARTESIAN_POINT('Origin',(538.733578643763,617.075,-2.75));
#17134=CARTESIAN_POINT('',(538.875,617.075,-2.125));
#17135=CARTESIAN_POINT('Origin',(538.733578643763,697.075,-2.75));
#17136=CARTESIAN_POINT('',(538.875,697.075,-2.125));
#17137=CARTESIAN_POINT('Origin',(5.1414213562373,617.075,-2.75));
#17138=CARTESIAN_POINT('',(5.,617.075,-2.125));
#17139=CARTESIAN_POINT('Origin',(541.033578643763,50.,-3.65857864376269));
#17140=CARTESIAN_POINT('',(539.020751311064,744.220751311065,-1.64575131106458));
#17141=CARTESIAN_POINT('Origin',(537.375,740.575,1.13103970633688E-13));
#17142=CARTESIAN_POINT('',(538.875,744.075,-1.5));
#17143=CARTESIAN_POINT('',(356.639317881259,561.839317881254,180.735682118748));
#17144=CARTESIAN_POINT('',(538.875,50.,-1.5));
#17145=CARTESIAN_POINT('Origin',(5.,50.,-1.5));
#17146=CARTESIAN_POINT('',(4.85424868893542,2.85424868893544,-1.64575131106459));
#17147=CARTESIAN_POINT('Origin',(6.50000000000002,6.50000000000003,2.74780198594726E-14));
#17148=CARTESIAN_POINT('',(5.,3.00000000000002,-1.5));
#17149=CARTESIAN_POINT('',(80.1093749999998,78.1093749999998,73.6093750000001));
#17150=CARTESIAN_POINT('',(5.,50.,-1.5));
#17151=CARTESIAN_POINT('Origin',(5.,50.,1.));
#17152=CARTESIAN_POINT('',(5.,5.,0.49999999999999));
#17153=CARTESIAN_POINT('',(5.,15.8749999999999,11.375));
#17154=CARTESIAN_POINT('',(5.,742.075,0.500000000000004));
#17155=CARTESIAN_POINT('',(5.,119.009375,0.499999999999992));
#17156=CARTESIAN_POINT('',(5.,569.431250000002,173.14375));
#17157=CARTESIAN_POINT('Origin',(538.875,50.,-1.5));
#17158=CARTESIAN_POINT('',(538.875,742.075,0.499999999999952));
#17159=CARTESIAN_POINT('',(538.875,570.056250000002,172.51875));
#17160=CARTESIAN_POINT('',(538.875,4.99999999999992,0.499999999999953));
#17161=CARTESIAN_POINT('',(538.875,304.528125,0.499999999999953));
#17162=CARTESIAN_POINT('',(538.875,15.2499999999999,10.75));
#17163=CARTESIAN_POINT('Origin',(6.50000000000002,6.50000000000003,1.));
#17164=CARTESIAN_POINT('',(6.49999999999999,2.50000000000003,-3.99));
#17165=CARTESIAN_POINT('Origin',(6.50000000000002,6.50000000000003,-7.99000000000344));
#17166=CARTESIAN_POINT('',(6.49999999999999,2.50000000000003,-2.));
#17167=CARTESIAN_POINT('',(6.50000000000002,2.50000000000003,1.));
#17168=CARTESIAN_POINT('Origin',(6.50000000000002,6.50000000000003,2.00000000000002));
#17169=CARTESIAN_POINT('Origin',(537.375,6.49999999999999,1.));
#17170=CARTESIAN_POINT('',(537.375,2.49999999999997,-2.));
#17171=CARTESIAN_POINT('Origin',(537.375,6.49999999999999,2.00000000000003));
#17172=CARTESIAN_POINT('',(537.375,2.49999999999997,-3.99));
#17173=CARTESIAN_POINT('',(537.375,2.49999999999997,1.));
#17174=CARTESIAN_POINT('Origin',(537.375,6.49999999999999,-7.99000000000346));
#17175=CARTESIAN_POINT('Origin',(406.65625,3.99999999999998,-0.5));
#17176=CARTESIAN_POINT('',(406.65625,2.49999999999999,-2.));
#17177=CARTESIAN_POINT('',(538.375,5.49999999999996,1.));
#17178=CARTESIAN_POINT('',(541.375,2.49999999999997,-2.));
#17179=CARTESIAN_POINT('',(5.50000000000001,5.50000000000001,1.));
#17180=CARTESIAN_POINT('',(406.65625,5.49999999999997,1.));
#17181=CARTESIAN_POINT('',(5.50000000000001,5.50000000000001,1.));
#17182=CARTESIAN_POINT('Origin',(4.00000000000001,188.01875,-0.5));
#17183=CARTESIAN_POINT('',(5.49999999999999,741.575,1.));
#17184=CARTESIAN_POINT('',(5.50000000000001,188.01875,1.));
#17185=CARTESIAN_POINT('',(2.49999999999999,744.575,-2.));
#17186=CARTESIAN_POINT('Origin',(541.375,2.49999999999997,1.));
#17187=CARTESIAN_POINT('',(406.65625,2.49999999999999,-3.99));
#17188=CARTESIAN_POINT('Origin',(101.998118083164,101.998118083164,-49.7162638336716));
#17189=CARTESIAN_POINT('',(4.13629669484371,6.96472381958989,42.4887033051563));
#17190=CARTESIAN_POINT('',(99.1696909584174,101.998118083164,-52.5446909584178));
#17191=CARTESIAN_POINT('',(6.96472381958991,4.13629669484373,42.4887033051563));
#17192=CARTESIAN_POINT('Origin',(8.00000000000002,8.00000000000001,44.2818542494924));
#17193=CARTESIAN_POINT('',(101.998118083164,99.1696909584182,-52.5446909584177));
#17194=CARTESIAN_POINT('Origin',(7.99999999999997,8.,45.45));
#17195=CARTESIAN_POINT('',(7.99999999999997,4.,42.45));
#17196=CARTESIAN_POINT('',(7.99999999999997,4.,42.625));
#17197=CARTESIAN_POINT('',(7.99999999999997,4.,45.45));
#17198=CARTESIAN_POINT('Origin',(7.99999999999997,8.,38.625));
#17199=CARTESIAN_POINT('',(4.,8.00000000000001,42.625));
#17200=CARTESIAN_POINT('Origin',(7.99999999999997,8.,38.625));
#17201=CARTESIAN_POINT('',(4.,7.99999999999997,42.45));
#17202=CARTESIAN_POINT('',(4.,8.,45.45));
#17203=CARTESIAN_POINT('',(4.13629669484367,6.96472381958989,42.3137033051563));
#17204=CARTESIAN_POINT('Origin',(7.99999999999997,8.,38.45));
#17205=CARTESIAN_POINT('',(6.96472381958989,4.13629669484371,42.3137033051563));
#17206=CARTESIAN_POINT('Origin',(7.99999999999997,8.,44.1068542494924));
#17207=CARTESIAN_POINT('Origin',(7.99999999999997,8.,38.45));
#17208=CARTESIAN_POINT('Origin',(104.664784749831,104.664784749831,-52.5579305003382));
#17209=CARTESIAN_POINT('',(7.13629669484373,9.96472381958995,39.3137033051562));
#17210=CARTESIAN_POINT('',(101.836357625085,104.664784749831,-55.3863576250845));
#17211=CARTESIAN_POINT('',(9.96472381958991,7.13629669484374,39.3137033051563));
#17212=CARTESIAN_POINT('Origin',(11.,11.,41.1068542494924));
#17213=CARTESIAN_POINT('',(104.664784749831,101.836357625085,-55.3863576250844));
#17214=CARTESIAN_POINT('Origin',(11.,11.,1.));
#17215=CARTESIAN_POINT('',(6.99999999999999,11.,1.));
#17216=CARTESIAN_POINT('',(11.,6.99999999999999,1.));
#17217=CARTESIAN_POINT('Origin',(11.,11.,1.));
#17218=CARTESIAN_POINT('',(11.,7.,39.45));
#17219=CARTESIAN_POINT('',(11.,7.,1.));
#17220=CARTESIAN_POINT('Origin',(11.,11.,35.45));
#17221=CARTESIAN_POINT('',(7.,11.,39.45));
#17222=CARTESIAN_POINT('Origin',(11.,11.,35.45));
#17223=CARTESIAN_POINT('',(7.,11.,1.));
#17224=CARTESIAN_POINT('Origin',(271.9375,373.5375,55.625));
#17225=CARTESIAN_POINT('',(2.00000000000001,2.00000000000003,55.625));
#17226=CARTESIAN_POINT('Origin',(405.90625,1.49999999999999,45.125));
#17227=CARTESIAN_POINT('',(535.875,4.,42.625));
#17228=CARTESIAN_POINT('',(405.90625,4.,42.625));
#17229=CARTESIAN_POINT('',(536.91027618041,4.13629669484371,42.4887033051563));
#17230=CARTESIAN_POINT('Origin',(535.875,7.99999999999997,38.6250000000001));
#17231=CARTESIAN_POINT('',(424.943548583502,116.103024291752,-69.4780242917512));
#17232=CARTESIAN_POINT('Origin',(539.875,4.,45.45));
#17233=CARTESIAN_POINT('',(535.875,4.,42.45));
#17234=CARTESIAN_POINT('',(4.,4.,42.45));
#17235=CARTESIAN_POINT('',(535.875,4.,45.45));
#17236=CARTESIAN_POINT('Origin',(404.40625,5.49999999999999,40.95));
#17237=CARTESIAN_POINT('',(532.875,7.,39.45));
#17238=CARTESIAN_POINT('',(404.40625,7.,39.45));
#17239=CARTESIAN_POINT('',(533.91027618041,7.13629669484368,39.3137033051564));
#17240=CARTESIAN_POINT('Origin',(532.875,10.9999999999999,35.4500000000001));
#17241=CARTESIAN_POINT('',(536.91027618041,4.13629669484367,42.3137033051563));
#17242=CARTESIAN_POINT('',(422.276881916836,118.769690958419,-72.3196909584185));
#17243=CARTESIAN_POINT('Origin',(535.875,7.99999999999997,38.45));
#17244=CARTESIAN_POINT('Origin',(536.875,7.,1.));
#17245=CARTESIAN_POINT('',(532.875,6.99999999999999,1.));
#17246=CARTESIAN_POINT('',(404.40625,6.99999999999999,1.));
#17247=CARTESIAN_POINT('',(532.875,7.,1.));
#17248=CARTESIAN_POINT('Origin',(535.875,7.99999999999997,45.45));
#17249=CARTESIAN_POINT('',(539.875,7.99999999999997,42.45));
#17250=CARTESIAN_POINT('',(539.875,7.99999999999997,42.625));
#17251=CARTESIAN_POINT('',(539.875,7.99999999999997,45.45));
#17252=CARTESIAN_POINT('',(539.738703305156,6.96472381958988,42.4887033051563));
#17253=CARTESIAN_POINT('Origin',(535.875,7.99999999999997,38.625));
#17254=CARTESIAN_POINT('Origin',(535.875,7.99999999999997,44.2818542494924));
#17255=CARTESIAN_POINT('',(539.738703305156,6.96472381958986,42.3137033051564));
#17256=CARTESIAN_POINT('Origin',(535.875,7.99999999999997,44.1068542494924));
#17257=CARTESIAN_POINT('Origin',(535.875,7.99999999999997,38.4500000000001));
#17258=CARTESIAN_POINT('Origin',(532.875,10.9999999999999,1.));
#17259=CARTESIAN_POINT('',(536.875,10.9999999999999,1.));
#17260=CARTESIAN_POINT('Origin',(532.875,10.9999999999999,1.));
#17261=CARTESIAN_POINT('',(536.875,10.9999999999999,39.45));
#17262=CARTESIAN_POINT('',(536.875,10.9999999999999,1.));
#17263=CARTESIAN_POINT('',(536.738703305156,9.96472381958991,39.3137033051564));
#17264=CARTESIAN_POINT('Origin',(532.875,10.9999999999999,35.45));
#17265=CARTESIAN_POINT('Origin',(532.875,10.9999999999999,41.1068542494925));
#17266=CARTESIAN_POINT('Origin',(422.276881916836,121.598118083165,-69.4912638336723));
#17267=CARTESIAN_POINT('',(425.105309041582,121.598118083165,-72.3196909584185));
#17268=CARTESIAN_POINT('Origin',(424.943548583502,118.931451416498,-66.6495971670051));
#17269=CARTESIAN_POINT('',(427.771975708249,118.931451416498,-69.4780242917512));
#17270=CARTESIAN_POINT('Origin',(542.375,558.30625,45.125));
#17271=CARTESIAN_POINT('',(539.875,739.075,42.625));
#17272=CARTESIAN_POINT('',(539.875,558.30625,42.625));
#17273=CARTESIAN_POINT('',(539.738703305156,740.11027618041,42.4887033051563));
#17274=CARTESIAN_POINT('Origin',(535.875,739.075,38.625));
#17275=CARTESIAN_POINT('',(444.705309041582,645.076881916836,-52.5446909584179));
#17276=CARTESIAN_POINT('Origin',(539.875,743.075,45.45));
#17277=CARTESIAN_POINT('',(539.875,739.075,42.45));
#17278=CARTESIAN_POINT('',(539.875,4.,42.45));
#17279=CARTESIAN_POINT('',(539.875,739.075,45.45));
#17280=CARTESIAN_POINT('Origin',(538.375,556.80625,40.95));
#17281=CARTESIAN_POINT('',(536.875,736.075,39.45));
#17282=CARTESIAN_POINT('',(536.875,556.80625,39.45));
#17283=CARTESIAN_POINT('',(536.738703305156,737.11027618041,39.3137033051563));
#17284=CARTESIAN_POINT('Origin',(532.875,736.075,35.45));
#17285=CARTESIAN_POINT('',(539.738703305156,740.11027618041,42.3137033051563));
#17286=CARTESIAN_POINT('',(442.038642374916,642.41021525017,-55.3863576250848));
#17287=CARTESIAN_POINT('Origin',(535.875,739.075,38.4500000000001));
#17288=CARTESIAN_POINT('Origin',(536.875,740.075,1.));
#17289=CARTESIAN_POINT('',(536.875,736.075,1.));
#17290=CARTESIAN_POINT('',(536.875,556.80625,1.));
#17291=CARTESIAN_POINT('',(536.875,736.075,1.));
#17292=CARTESIAN_POINT('Origin',(539.875,559.05625,-0.5));
#17293=CARTESIAN_POINT('',(538.375,741.575,1.));
#17294=CARTESIAN_POINT('',(541.375,744.575,-2.));
#17295=CARTESIAN_POINT('',(538.375,559.05625,1.));
#17296=CARTESIAN_POINT('Origin',(406.65625,2.50499999999998,-3.995));
#17297=CARTESIAN_POINT('Origin',(537.375,740.575,1.));
#17298=CARTESIAN_POINT('',(537.375,744.575,-3.99));
#17299=CARTESIAN_POINT('Origin',(537.375,740.575,-7.98999999998096));
#17300=CARTESIAN_POINT('',(537.375,744.575,-2.));
#17301=CARTESIAN_POINT('',(537.375,744.575,1.));
#17302=CARTESIAN_POINT('Origin',(537.375,740.575,2.00000000000002));
#17303=CARTESIAN_POINT('Origin',(137.21875,743.075,-0.5));
#17304=CARTESIAN_POINT('',(137.21875,741.575,1.));
#17305=CARTESIAN_POINT('',(6.49999999999999,744.575,-2.));
#17306=CARTESIAN_POINT('',(137.21875,744.575,-2.));
#17307=CARTESIAN_POINT('Origin',(6.49999999999999,740.575,2.00000000000002));
#17308=CARTESIAN_POINT('Origin',(2.5,744.575,1.));
#17309=CARTESIAN_POINT('',(6.49999999999999,744.575,-3.99));
#17310=CARTESIAN_POINT('',(137.21875,744.575,-3.99));
#17311=CARTESIAN_POINT('',(6.49999999999999,744.575,1.));
#17312=CARTESIAN_POINT('Origin',(137.21875,744.57,-3.995));
#17313=CARTESIAN_POINT('Origin',(6.49999999999999,740.575,-7.98999999998096));
#17314=CARTESIAN_POINT('Origin',(532.875,736.075,1.));
#17315=CARTESIAN_POINT('Origin',(532.875,736.075,1.));
#17316=CARTESIAN_POINT('Origin',(532.875,736.075,41.1068542494924));
#17317=CARTESIAN_POINT('Origin',(535.875,739.075,45.45));
#17318=CARTESIAN_POINT('Origin',(535.875,739.075,44.2818542494923));
#17319=CARTESIAN_POINT('Origin',(535.875,739.075,44.1068542494923));
#17320=CARTESIAN_POINT('Origin',(441.876881916836,645.076881916836,-49.7162638336717));
#17321=CARTESIAN_POINT('Origin',(439.21021525017,642.41021525017,-52.5579305003387));
#17322=CARTESIAN_POINT('Origin',(6.49999999999999,740.575,1.));
#17323=CARTESIAN_POINT('Origin',(11.,736.075,1.));
#17324=CARTESIAN_POINT('',(7.00000000000001,736.075,1.));
#17325=CARTESIAN_POINT('Origin',(11.,736.075,1.));
#17326=CARTESIAN_POINT('',(7.00000000000003,736.075,39.45));
#17327=CARTESIAN_POINT('',(7.00000000000003,736.075,1.));
#17328=CARTESIAN_POINT('',(7.13629669484375,737.11027618041,39.3137033051563));
#17329=CARTESIAN_POINT('Origin',(11.,736.075,35.45));
#17330=CARTESIAN_POINT('Origin',(11.,736.075,41.1068542494923));
#17331=CARTESIAN_POINT('Origin',(7.99999999999998,739.075,45.45));
#17332=CARTESIAN_POINT('',(4.13629669484377,740.11027618041,42.3137033051562));
#17333=CARTESIAN_POINT('Origin',(7.99999999999998,739.075,44.1068542494922));
#17334=CARTESIAN_POINT('',(3.99999999999999,739.075,42.45));
#17335=CARTESIAN_POINT('Origin',(7.99999999999998,739.075,38.4500000000001));
#17336=CARTESIAN_POINT('',(3.99999999999999,739.075,42.625));
#17337=CARTESIAN_POINT('',(3.99999999999999,739.075,45.45));
#17338=CARTESIAN_POINT('',(4.1362966948437,740.11027618041,42.4887033051563));
#17339=CARTESIAN_POINT('Origin',(7.99999999999998,739.075,38.625));
#17340=CARTESIAN_POINT('Origin',(7.99999999999998,739.075,44.2818542494923));
#17341=CARTESIAN_POINT('Origin',(118.931451416497,628.143548583502,-66.6495971670053));
#17342=CARTESIAN_POINT('',(116.103024291751,628.143548583502,-69.4780242917515));
#17343=CARTESIAN_POINT('Origin',(121.598118083164,625.476881916837,-69.4912638336712));
#17344=CARTESIAN_POINT('',(118.769690958418,625.476881916837,-72.3196909584174));
#17345=CARTESIAN_POINT('Origin',(-1.00000000000001,748.075,50.625));
#17346=CARTESIAN_POINT('Origin',(6.5,190.26875,50.125));
#17347=CARTESIAN_POINT('',(7.,7.00000000000003,49.625));
#17348=CARTESIAN_POINT('',(6.00000000000001,6.00000000000004,50.625));
#17349=CARTESIAN_POINT('',(7.00000000000001,190.26875,49.625));
#17350=CARTESIAN_POINT('Origin',(404.40625,6.50000000000001,50.125));
#17351=CARTESIAN_POINT('',(536.875,7.,49.625));
#17352=CARTESIAN_POINT('',(537.875,6.00000000000001,50.625));
#17353=CARTESIAN_POINT('',(404.40625,7.00000000000001,49.625));
#17354=CARTESIAN_POINT('Origin',(537.375,556.80625,50.125));
#17355=CARTESIAN_POINT('',(536.875,556.80625,49.625));
#17356=CARTESIAN_POINT('Origin',(7.,7.00000000000003,45.45));
#17357=CARTESIAN_POINT('',(7.,7.00000000000003,45.45));
#17358=CARTESIAN_POINT('',(7.,7.00000000000003,45.45));
#17359=CARTESIAN_POINT('',(6.99999999999999,190.26875,45.45));
#17360=CARTESIAN_POINT('Origin',(271.9375,373.5375,1.));
#17361=CARTESIAN_POINT('',(6.99999999999999,190.26875,1.));
#17362=CARTESIAN_POINT('Origin',(5.5,190.26875,40.95));
#17363=CARTESIAN_POINT('',(3.99999999999999,743.075,42.45));
#17364=CARTESIAN_POINT('',(7.00000000000001,190.26875,39.45));
#17365=CARTESIAN_POINT('Origin',(1.50000000000001,188.76875,45.125));
#17366=CARTESIAN_POINT('',(4.,188.76875,42.625));
#17367=CARTESIAN_POINT('Origin',(541.875,1.99999999999997,50.625));
#17368=CARTESIAN_POINT('Origin',(7.,7.00000000000003,1.));
#17369=CARTESIAN_POINT('Origin',(536.875,740.075,45.45));
#17370=CARTESIAN_POINT('',(536.875,7.,45.45));
#17371=CARTESIAN_POINT('',(536.875,556.80625,45.45));
#17372=CARTESIAN_POINT('',(536.875,7.,45.45));
#17373=CARTESIAN_POINT('Origin',(536.875,7.,45.45));
#17374=CARTESIAN_POINT('',(404.40625,7.00000000000003,45.45));
#17375=CARTESIAN_POINT('Origin',(4.,4.00000000000006,45.45));
#17376=CARTESIAN_POINT('Origin',(533.875,10.,1.));
#17377=CARTESIAN_POINT('',(10.,10.,1.));
#17378=CARTESIAN_POINT('',(533.875,10.,1.));
#17379=CARTESIAN_POINT('',(402.90625,10.,1.));
#17380=CARTESIAN_POINT('',(10.,10.,45.45));
#17381=CARTESIAN_POINT('',(10.,10.,1.));
#17382=CARTESIAN_POINT('',(533.875,10.,45.45));
#17383=CARTESIAN_POINT('',(10.,10.,45.45));
#17384=CARTESIAN_POINT('',(533.875,10.,1.));
#17385=CARTESIAN_POINT('Origin',(533.875,737.075,1.));
#17386=CARTESIAN_POINT('',(533.875,737.075,1.));
#17387=CARTESIAN_POINT('',(533.875,555.30625,1.));
#17388=CARTESIAN_POINT('',(533.875,737.075,45.45));
#17389=CARTESIAN_POINT('',(533.875,10.,45.45));
#17390=CARTESIAN_POINT('',(533.875,737.075,1.));
#17391=CARTESIAN_POINT('Origin',(10.,737.075,1.));
#17392=CARTESIAN_POINT('',(10.,737.075,1.));
#17393=CARTESIAN_POINT('',(140.96875,737.075,1.));
#17394=CARTESIAN_POINT('',(10.,737.075,45.45));
#17395=CARTESIAN_POINT('',(533.875,737.075,45.45));
#17396=CARTESIAN_POINT('',(10.,737.075,1.));
#17397=CARTESIAN_POINT('Origin',(10.,10.,1.));
#17398=CARTESIAN_POINT('',(10.,191.76875,1.));
#17399=CARTESIAN_POINT('',(10.,737.075,45.45));
#17400=CARTESIAN_POINT('Origin',(271.9375,373.5375,45.45));
#17401=CARTESIAN_POINT('Origin',(271.9375,373.5375,1.));
#17402=CARTESIAN_POINT('Origin',(-0.2,50.,55.625));
#17403=CARTESIAN_POINT('',(-0.2,50.,55.625));
#17404=CARTESIAN_POINT('',(-0.2,50.,50.625));
#17405=CARTESIAN_POINT('',(-0.2,50.,55.625));
#17406=CARTESIAN_POINT('',(-0.2,10.,50.625));
#17407=CARTESIAN_POINT('',(-0.2,50.,50.625));
#17408=CARTESIAN_POINT('',(-0.2,10.,55.625));
#17409=CARTESIAN_POINT('',(-0.2,10.,55.625));
#17410=CARTESIAN_POINT('',(-0.2,50.,55.625));
#17411=CARTESIAN_POINT('Origin',(4.8,50.,55.625));
#17412=CARTESIAN_POINT('',(4.8,50.,55.625));
#17413=CARTESIAN_POINT('',(4.8,50.,55.625));
#17414=CARTESIAN_POINT('',(4.8,10.,55.625));
#17415=CARTESIAN_POINT('',(4.8,10.,55.625));
#17416=CARTESIAN_POINT('',(4.8,50.,55.625));
#17417=CARTESIAN_POINT('Origin',(4.8,50.,53.1093944781775));
#17418=CARTESIAN_POINT('',(4.8,50.,53.1093944781775));
#17419=CARTESIAN_POINT('',(4.8,50.,53.1093944781775));
#17420=CARTESIAN_POINT('',(4.8,10.,53.1093944781775));
#17421=CARTESIAN_POINT('',(4.8,10.,53.1093944781775));
#17422=CARTESIAN_POINT('',(4.8,50.,53.1093944781775));
#17423=CARTESIAN_POINT('Origin',(2.3,50.,50.625));
#17424=CARTESIAN_POINT('',(2.3,50.,50.625));
#17425=CARTESIAN_POINT('',(2.3,50.,50.625));
#17426=CARTESIAN_POINT('',(2.3,10.,50.625));
#17427=CARTESIAN_POINT('',(2.3,10.,50.625));
#17428=CARTESIAN_POINT('',(2.3,50.,50.625));
#17429=CARTESIAN_POINT('Origin',(-0.2,50.,50.625));
#17430=CARTESIAN_POINT('',(-0.2,50.,50.625));
#17431=CARTESIAN_POINT('',(-0.2,10.,50.625));
#17432=CARTESIAN_POINT('Origin',(2.3,50.,53.125));
#17433=CARTESIAN_POINT('Origin',(2.3,10.,53.125));
#17434=CARTESIAN_POINT('Origin',(544.075,50.,55.625));
#17435=CARTESIAN_POINT('',(539.075,50.,55.625));
#17436=CARTESIAN_POINT('',(544.075,50.,55.625));
#17437=CARTESIAN_POINT('',(539.075,50.,55.625));
#17438=CARTESIAN_POINT('',(539.075,10.,55.625));
#17439=CARTESIAN_POINT('',(539.075,50.,55.625));
#17440=CARTESIAN_POINT('',(544.075,10.,55.625));
#17441=CARTESIAN_POINT('',(539.075,10.,55.625));
#17442=CARTESIAN_POINT('',(544.075,50.,55.625));
#17443=CARTESIAN_POINT('Origin',(544.075,50.,50.625));
#17444=CARTESIAN_POINT('',(544.075,50.,50.625));
#17445=CARTESIAN_POINT('',(544.075,50.,55.625));
#17446=CARTESIAN_POINT('',(544.075,10.,50.625));
#17447=CARTESIAN_POINT('',(544.075,10.,55.625));
#17448=CARTESIAN_POINT('',(544.075,50.,50.625));
#17449=CARTESIAN_POINT('Origin',(541.575,50.,50.625));
#17450=CARTESIAN_POINT('',(541.575,50.,50.625));
#17451=CARTESIAN_POINT('',(544.075,50.,50.625));
#17452=CARTESIAN_POINT('',(541.575,10.,50.625));
#17453=CARTESIAN_POINT('',(544.075,10.,50.625));
#17454=CARTESIAN_POINT('',(541.575,50.,50.625));
#17455=CARTESIAN_POINT('Origin',(539.075,50.,53.1093944781775));
#17456=CARTESIAN_POINT('',(539.075,50.,53.1093944781775));
#17457=CARTESIAN_POINT('',(541.575,50.,50.625));
#17458=CARTESIAN_POINT('',(539.075,10.,53.1093944781775));
#17459=CARTESIAN_POINT('',(541.575,10.,50.625));
#17460=CARTESIAN_POINT('',(539.075,50.,53.1093944781775));
#17461=CARTESIAN_POINT('Origin',(539.075,50.,55.625));
#17462=CARTESIAN_POINT('',(539.075,50.,53.1093944781775));
#17463=CARTESIAN_POINT('',(539.075,10.,53.1093944781775));
#17464=CARTESIAN_POINT('Origin',(541.575,50.,53.125));
#17465=CARTESIAN_POINT('Origin',(541.575,10.,53.125));
#17466=CARTESIAN_POINT('Origin',(-0.2,737.075,55.625));
#17467=CARTESIAN_POINT('',(-0.2,737.075,55.625));
#17468=CARTESIAN_POINT('',(-0.2,737.075,50.625));
#17469=CARTESIAN_POINT('',(-0.2,737.075,55.625));
#17470=CARTESIAN_POINT('',(-0.2,697.075,50.625));
#17471=CARTESIAN_POINT('',(-0.2,737.075,50.625));
#17472=CARTESIAN_POINT('',(-0.2,697.075,55.625));
#17473=CARTESIAN_POINT('',(-0.2,697.075,55.625));
#17474=CARTESIAN_POINT('',(-0.2,737.075,55.625));
#17475=CARTESIAN_POINT('Origin',(4.8,737.075,55.625));
#17476=CARTESIAN_POINT('',(4.8,737.075,55.625));
#17477=CARTESIAN_POINT('',(4.8,737.075,55.625));
#17478=CARTESIAN_POINT('',(4.8,697.075,55.625));
#17479=CARTESIAN_POINT('',(4.8,697.075,55.625));
#17480=CARTESIAN_POINT('',(4.8,737.075,55.625));
#17481=CARTESIAN_POINT('Origin',(4.8,737.075,53.1093944781775));
#17482=CARTESIAN_POINT('',(4.8,737.075,53.1093944781775));
#17483=CARTESIAN_POINT('',(4.8,737.075,53.1093944781775));
#17484=CARTESIAN_POINT('',(4.8,697.075,53.1093944781775));
#17485=CARTESIAN_POINT('',(4.8,697.075,53.1093944781775));
#17486=CARTESIAN_POINT('',(4.8,737.075,53.1093944781775));
#17487=CARTESIAN_POINT('Origin',(2.3,737.075,50.625));
#17488=CARTESIAN_POINT('',(2.3,737.075,50.625));
#17489=CARTESIAN_POINT('',(2.3,737.075,50.625));
#17490=CARTESIAN_POINT('',(2.3,697.075,50.625));
#17491=CARTESIAN_POINT('',(2.3,697.075,50.625));
#17492=CARTESIAN_POINT('',(2.3,737.075,50.625));
#17493=CARTESIAN_POINT('Origin',(-0.2,737.075,50.625));
#17494=CARTESIAN_POINT('',(-0.2,737.075,50.625));
#17495=CARTESIAN_POINT('',(-0.2,697.075,50.625));
#17496=CARTESIAN_POINT('Origin',(2.3,737.075,53.125));
#17497=CARTESIAN_POINT('Origin',(2.3,697.075,53.125));
#17498=CARTESIAN_POINT('Origin',(544.075,737.075,55.625));
#17499=CARTESIAN_POINT('',(539.075,737.075,55.625));
#17500=CARTESIAN_POINT('',(544.075,737.075,55.625));
#17501=CARTESIAN_POINT('',(539.075,737.075,55.625));
#17502=CARTESIAN_POINT('',(539.075,697.075,55.625));
#17503=CARTESIAN_POINT('',(539.075,737.075,55.625));
#17504=CARTESIAN_POINT('',(544.075,697.075,55.625));
#17505=CARTESIAN_POINT('',(539.075,697.075,55.625));
#17506=CARTESIAN_POINT('',(544.075,737.075,55.625));
#17507=CARTESIAN_POINT('Origin',(544.075,737.075,50.625));
#17508=CARTESIAN_POINT('',(544.075,737.075,50.625));
#17509=CARTESIAN_POINT('',(544.075,737.075,55.625));
#17510=CARTESIAN_POINT('',(544.075,697.075,50.625));
#17511=CARTESIAN_POINT('',(544.075,697.075,55.625));
#17512=CARTESIAN_POINT('',(544.075,737.075,50.625));
#17513=CARTESIAN_POINT('Origin',(541.575,737.075,50.625));
#17514=CARTESIAN_POINT('',(541.575,737.075,50.625));
#17515=CARTESIAN_POINT('',(544.075,737.075,50.625));
#17516=CARTESIAN_POINT('',(541.575,697.075,50.625));
#17517=CARTESIAN_POINT('',(544.075,697.075,50.625));
#17518=CARTESIAN_POINT('',(541.575,737.075,50.625));
#17519=CARTESIAN_POINT('Origin',(539.075,737.075,53.1093944781775));
#17520=CARTESIAN_POINT('',(539.075,737.075,53.1093944781775));
#17521=CARTESIAN_POINT('',(541.575,737.075,50.625));
#17522=CARTESIAN_POINT('',(539.075,697.075,53.1093944781775));
#17523=CARTESIAN_POINT('',(541.575,697.075,50.625));
#17524=CARTESIAN_POINT('',(539.075,737.075,53.1093944781775));
#17525=CARTESIAN_POINT('Origin',(539.075,737.075,55.625));
#17526=CARTESIAN_POINT('',(539.075,737.075,53.1093944781775));
#17527=CARTESIAN_POINT('',(539.075,697.075,53.1093944781775));
#17528=CARTESIAN_POINT('Origin',(541.575,737.075,53.125));
#17529=CARTESIAN_POINT('Origin',(541.575,697.075,53.125));
#17530=CARTESIAN_POINT('',(0.,0.,0.));
#17531=CARTESIAN_POINT('Origin',(84.3064213562217,-1.,-0.341421356248441));
#17532=CARTESIAN_POINT('',(84.3064213562349,-1.,-0.341421356235306));
#17533=CARTESIAN_POINT('',(85.0385786437593,-1.,-1.07357864380855));
#17534=CARTESIAN_POINT('',(84.3064213562217,-1.,-0.341421356248431));
#17535=CARTESIAN_POINT('',(85.0385786437593,-11.,-1.07357864380855));
#17536=CARTESIAN_POINT('',(85.0385786437593,-1.,-1.07357864380855));
#17537=CARTESIAN_POINT('',(84.3064213562349,-11.,-0.341421356235306));
#17538=CARTESIAN_POINT('',(84.3064213562217,-11.,-0.341421356248431));
#17539=CARTESIAN_POINT('',(84.3064213562349,-1.,-0.341421356235306));
#17540=CARTESIAN_POINT('Origin',(84.1650000000027,-1.,-0.482842712480703));
#17541=CARTESIAN_POINT('',(83.9650000000007,-1.,-0.482842712481116));
#17542=CARTESIAN_POINT('Origin',(84.1650000000027,-1.,-0.482842712480703));
#17543=CARTESIAN_POINT('',(83.9650000000007,-11.,-0.482842712481116));
#17544=CARTESIAN_POINT('Origin',(84.1650000000027,-11.,-0.482842712480703));
#17545=CARTESIAN_POINT('',(83.9650000000007,-1.,-0.482842712481116));
#17546=CARTESIAN_POINT('Origin',(83.9649999999997,-1.,-2.51715728751888));
#17547=CARTESIAN_POINT('',(83.9649999999997,-1.,-2.51715728751888));
#17548=CARTESIAN_POINT('',(83.9650000000007,-1.,-0.482842712481116));
#17549=CARTESIAN_POINT('',(83.9649999999997,-11.,-2.51715728751888));
#17550=CARTESIAN_POINT('',(83.9650000000007,-11.,-0.482842712481116));
#17551=CARTESIAN_POINT('',(83.9649999999997,-1.,-2.51715728751888));
#17552=CARTESIAN_POINT('Origin',(84.1650000000022,-1.,-2.51715728751888));
#17553=CARTESIAN_POINT('',(84.3064213562412,-1.,-2.65857864375798));
#17554=CARTESIAN_POINT('Origin',(84.1650000000022,-1.,-2.51715728751888));
#17555=CARTESIAN_POINT('',(84.3064213562412,-11.,-2.65857864375798));
#17556=CARTESIAN_POINT('Origin',(84.1650000000022,-11.,-2.51715728751888));
#17557=CARTESIAN_POINT('',(84.3064213562412,-1.,-2.65857864375798));
#17558=CARTESIAN_POINT('Origin',(85.0385786437563,-1.,-1.92642135624459));
#17559=CARTESIAN_POINT('',(85.0385786437563,-1.,-1.92642135624459));
#17560=CARTESIAN_POINT('',(84.3064213562412,-1.,-2.65857864375798));
#17561=CARTESIAN_POINT('',(85.0385786437563,-11.,-1.92642135624459));
#17562=CARTESIAN_POINT('',(84.3064213562412,-11.,-2.65857864375798));
#17563=CARTESIAN_POINT('',(85.0385786437563,-1.,-1.92642135624459));
#17564=CARTESIAN_POINT('Origin',(85.1799999999955,-1.,-2.06784271248381));
#17565=CARTESIAN_POINT('',(85.3799999999982,-1.,-2.06784271248381));
#17566=CARTESIAN_POINT('Origin',(85.1799999999955,-1.,-2.06784271248381));
#17567=CARTESIAN_POINT('',(85.3799999999982,-11.,-2.06784271248381));
#17568=CARTESIAN_POINT('Origin',(85.1799999999955,-11.,-2.06784271248381));
#17569=CARTESIAN_POINT('',(85.3799999999982,-1.,-2.06784271248381));
#17570=CARTESIAN_POINT('Origin',(85.3799999999969,-1.,-5.06784271248381));
#17571=CARTESIAN_POINT('',(85.3799999999969,-1.,-5.06784271248381));
#17572=CARTESIAN_POINT('',(85.3799999999982,-1.,-2.06784271248381));
#17573=CARTESIAN_POINT('',(85.3799999999969,-11.,-5.06784271248381));
#17574=CARTESIAN_POINT('',(85.3799999999982,-11.,-2.06784271248381));
#17575=CARTESIAN_POINT('',(85.3799999999969,-1.,-5.06784271248381));
#17576=CARTESIAN_POINT('Origin',(85.2800000000005,-1.,-5.06784271250326));
#17577=CARTESIAN_POINT('',(85.2800000000005,-1.,-5.06784271250326));
#17578=CARTESIAN_POINT('',(85.3799999999969,-1.,-5.06784271248381));
#17579=CARTESIAN_POINT('',(85.2800000000005,-11.,-5.06784271250326));
#17580=CARTESIAN_POINT('',(85.3799999999969,-11.,-5.06784271248381));
#17581=CARTESIAN_POINT('',(85.2800000000005,-1.,-5.06784271250326));
#17582=CARTESIAN_POINT('Origin',(85.2800000000005,-1.,-2.06784312264538));
#17583=CARTESIAN_POINT('',(85.2800000000005,-1.,-2.06784312264538));
#17584=CARTESIAN_POINT('',(85.2800000000005,-1.,-2.06784312264538));
#17585=CARTESIAN_POINT('',(85.2800000000005,-11.,-2.06784312264538));
#17586=CARTESIAN_POINT('',(85.2800000000005,-11.,-2.06784312264538));
#17587=CARTESIAN_POINT('',(85.2800000000005,-1.,-2.06784312264538));
#17588=CARTESIAN_POINT('Origin',(85.1799999999952,-1.,-2.06784271248386));
#17589=CARTESIAN_POINT('',(85.1092916341683,-1.,-1.99712972210093));
#17590=CARTESIAN_POINT('Origin',(85.1799999999952,-1.,-2.06784271248386));
#17591=CARTESIAN_POINT('',(85.1092916341683,-11.,-1.99712972210093));
#17592=CARTESIAN_POINT('Origin',(85.1799999999952,-11.,-2.06784271248386));
#17593=CARTESIAN_POINT('',(85.1092916341683,-1.,-1.99712972210093));
#17594=CARTESIAN_POINT('Origin',(84.377137813192,-1.,-2.72928354306556));
#17595=CARTESIAN_POINT('',(84.377137813192,-1.,-2.72928354306556));
#17596=CARTESIAN_POINT('',(84.377137813192,-1.,-2.72928354306556));
#17597=CARTESIAN_POINT('',(84.377137813192,-11.,-2.72928354306556));
#17598=CARTESIAN_POINT('',(84.377137813192,-11.,-2.72928354306556));
#17599=CARTESIAN_POINT('',(84.377137813192,-1.,-2.72928354306556));
#17600=CARTESIAN_POINT('Origin',(84.165000000002,-1.,-2.5171572875067));
#17601=CARTESIAN_POINT('',(83.8649999998655,-1.,-2.5171565049913));
#17602=CARTESIAN_POINT('Origin',(84.165000000002,-1.,-2.5171572875067));
#17603=CARTESIAN_POINT('',(83.8649999998655,-11.,-2.5171565049913));
#17604=CARTESIAN_POINT('Origin',(84.165000000002,-11.,-2.5171572875067));
#17605=CARTESIAN_POINT('',(83.8649999998655,-1.,-2.5171565049913));
#17606=CARTESIAN_POINT('Origin',(83.8650000000005,-1.,-0.482842904449759));
#17607=CARTESIAN_POINT('',(83.8650000000005,-1.,-0.482842904449759));
#17608=CARTESIAN_POINT('',(83.8650000000005,-1.,-0.482842904449759));
#17609=CARTESIAN_POINT('',(83.8650000000005,-11.,-0.482842904449759));
#17610=CARTESIAN_POINT('',(83.8650000000005,-11.,-0.482842904449759));
#17611=CARTESIAN_POINT('',(83.8650000000005,-1.,-0.482842904449759));
#17612=CARTESIAN_POINT('Origin',(84.1650000000006,-1.,-0.482842712478543));
#17613=CARTESIAN_POINT('',(84.3771353591389,-1.,-0.270714002956867));
#17614=CARTESIAN_POINT('Origin',(84.1650000000006,-1.,-0.482842712478543));
#17615=CARTESIAN_POINT('',(84.3771353591389,-11.,-0.270714002956867));
#17616=CARTESIAN_POINT('Origin',(84.1650000000006,-11.,-0.482842712478543));
#17617=CARTESIAN_POINT('',(84.3771353591389,-1.,-0.270714002956867));
#17618=CARTESIAN_POINT('Origin',(85.1092909896708,-1.,-1.00286963345206));
#17619=CARTESIAN_POINT('',(85.1092909896708,-1.,-1.00286963345206));
#17620=CARTESIAN_POINT('',(84.3771353591617,-1.,-0.270714002934048));
#17621=CARTESIAN_POINT('',(85.1092909896708,-11.,-1.00286963345206));
#17622=CARTESIAN_POINT('',(84.3771353591617,-11.,-0.270714002934048));
#17623=CARTESIAN_POINT('',(85.1092909896708,-1.,-1.00286963345206));
#17624=CARTESIAN_POINT('Origin',(85.179999999995,-1.,-0.932157287570639));
#17625=CARTESIAN_POINT('',(85.2800000000005,-1.,-0.932157105879078));
#17626=CARTESIAN_POINT('Origin',(85.179999999995,-1.,-0.932157287570639));
#17627=CARTESIAN_POINT('',(85.2800000000005,-11.,-0.932157105879078));
#17628=CARTESIAN_POINT('Origin',(85.179999999995,-11.,-0.932157287570639));
#17629=CARTESIAN_POINT('',(85.2800000000005,-1.,-0.932157105879078));
#17630=CARTESIAN_POINT('Origin',(85.2800000000005,-1.,3.06784271243162));
#17631=CARTESIAN_POINT('',(85.2800000000005,-1.,3.06784271243162));
#17632=CARTESIAN_POINT('',(85.2800000000005,-1.,-0.932157105879078));
#17633=CARTESIAN_POINT('',(85.2800000000005,-11.,3.06784271243162));
#17634=CARTESIAN_POINT('',(85.2800000000005,-11.,-0.932157105879078));
#17635=CARTESIAN_POINT('',(85.2800000000005,-1.,3.06784271243162));
#17636=CARTESIAN_POINT('Origin',(85.3799999999997,-1.,3.06784271243162));
#17637=CARTESIAN_POINT('',(85.3799999999997,-1.,3.06784271243162));
#17638=CARTESIAN_POINT('',(85.3799999999997,-1.,3.06784271243162));
#17639=CARTESIAN_POINT('',(85.3799999999997,-11.,3.06784271243162));
#17640=CARTESIAN_POINT('',(85.3799999999997,-11.,3.06784271243162));
#17641=CARTESIAN_POINT('',(85.3799999999997,-1.,3.06784271243162));
#17642=CARTESIAN_POINT('Origin',(85.3800000000006,-1.,-0.932157287568379));
#17643=CARTESIAN_POINT('',(85.3800000000006,-1.,-0.932157287568379));
#17644=CARTESIAN_POINT('',(85.3800000000006,-1.,-0.932157287568379));
#17645=CARTESIAN_POINT('',(85.3800000000006,-11.,-0.932157287568379));
#17646=CARTESIAN_POINT('',(85.3800000000006,-11.,-0.932157287568379));
#17647=CARTESIAN_POINT('',(85.3800000000006,-1.,-0.932157287568379));
#17648=CARTESIAN_POINT('Origin',(85.1799999999987,-1.,-0.932157287570566));
#17649=CARTESIAN_POINT('Origin',(85.1799999999987,-1.,-0.932157287570566));
#17650=CARTESIAN_POINT('Origin',(85.1799999999987,-11.,-0.932157287570566));
#17651=CARTESIAN_POINT('Origin',(84.6224999999326,-1.,-1.00000000003582));
#17652=CARTESIAN_POINT('Origin',(84.6224999999326,-11.,-1.00000000003582));
#17653=CARTESIAN_POINT('Origin',(230.943088022888,-1.,-0.341421356248441));
#17654=CARTESIAN_POINT('',(230.943088022902,-1.,-0.341421356235306));
#17655=CARTESIAN_POINT('',(231.675245310426,-1.,-1.07357864380855));
#17656=CARTESIAN_POINT('',(230.943088022888,-1.,-0.341421356248431));
#17657=CARTESIAN_POINT('',(231.675245310426,-11.,-1.07357864380855));
#17658=CARTESIAN_POINT('',(231.675245310426,-1.,-1.07357864380855));
#17659=CARTESIAN_POINT('',(230.943088022902,-11.,-0.341421356235306));
#17660=CARTESIAN_POINT('',(230.943088022888,-11.,-0.341421356248431));
#17661=CARTESIAN_POINT('',(230.943088022902,-1.,-0.341421356235306));
#17662=CARTESIAN_POINT('Origin',(230.801666666669,-1.,-0.482842712480703));
#17663=CARTESIAN_POINT('',(230.601666666667,-1.,-0.482842712481116));
#17664=CARTESIAN_POINT('Origin',(230.801666666669,-1.,-0.482842712480703));
#17665=CARTESIAN_POINT('',(230.601666666667,-11.,-0.482842712481116));
#17666=CARTESIAN_POINT('Origin',(230.801666666669,-11.,-0.482842712480703));
#17667=CARTESIAN_POINT('',(230.601666666667,-1.,-0.482842712481116));
#17668=CARTESIAN_POINT('Origin',(230.601666666666,-1.,-2.51715728751888));
#17669=CARTESIAN_POINT('',(230.601666666666,-1.,-2.51715728751888));
#17670=CARTESIAN_POINT('',(230.601666666667,-1.,-0.482842712481116));
#17671=CARTESIAN_POINT('',(230.601666666666,-11.,-2.51715728751888));
#17672=CARTESIAN_POINT('',(230.601666666667,-11.,-0.482842712481116));
#17673=CARTESIAN_POINT('',(230.601666666666,-1.,-2.51715728751888));
#17674=CARTESIAN_POINT('Origin',(230.801666666669,-1.,-2.51715728751888));
#17675=CARTESIAN_POINT('',(230.943088022908,-1.,-2.65857864375798));
#17676=CARTESIAN_POINT('Origin',(230.801666666669,-1.,-2.51715728751888));
#17677=CARTESIAN_POINT('',(230.943088022908,-11.,-2.65857864375798));
#17678=CARTESIAN_POINT('Origin',(230.801666666669,-11.,-2.51715728751888));
#17679=CARTESIAN_POINT('',(230.943088022908,-1.,-2.65857864375798));
#17680=CARTESIAN_POINT('Origin',(231.675245310423,-1.,-1.92642135624459));
#17681=CARTESIAN_POINT('',(231.675245310423,-1.,-1.92642135624459));
#17682=CARTESIAN_POINT('',(230.943088022908,-1.,-2.65857864375798));
#17683=CARTESIAN_POINT('',(231.675245310423,-11.,-1.92642135624459));
#17684=CARTESIAN_POINT('',(230.943088022908,-11.,-2.65857864375798));
#17685=CARTESIAN_POINT('',(231.675245310423,-1.,-1.92642135624459));
#17686=CARTESIAN_POINT('Origin',(231.816666666662,-1.,-2.06784271248381));
#17687=CARTESIAN_POINT('',(232.016666666665,-1.,-2.06784271248381));
#17688=CARTESIAN_POINT('Origin',(231.816666666662,-1.,-2.06784271248381));
#17689=CARTESIAN_POINT('',(232.016666666665,-11.,-2.06784271248381));
#17690=CARTESIAN_POINT('Origin',(231.816666666662,-11.,-2.06784271248381));
#17691=CARTESIAN_POINT('',(232.016666666665,-1.,-2.06784271248381));
#17692=CARTESIAN_POINT('Origin',(232.016666666664,-1.,-5.06784271248381));
#17693=CARTESIAN_POINT('',(232.016666666664,-1.,-5.06784271248381));
#17694=CARTESIAN_POINT('',(232.016666666665,-1.,-2.06784271248381));
#17695=CARTESIAN_POINT('',(232.016666666664,-11.,-5.06784271248381));
#17696=CARTESIAN_POINT('',(232.016666666665,-11.,-2.06784271248381));
#17697=CARTESIAN_POINT('',(232.016666666664,-1.,-5.06784271248381));
#17698=CARTESIAN_POINT('Origin',(231.916666666667,-1.,-5.06784271250326));
#17699=CARTESIAN_POINT('',(231.916666666667,-1.,-5.06784271250326));
#17700=CARTESIAN_POINT('',(232.016666666664,-1.,-5.06784271248381));
#17701=CARTESIAN_POINT('',(231.916666666667,-11.,-5.06784271250326));
#17702=CARTESIAN_POINT('',(232.016666666664,-11.,-5.06784271248381));
#17703=CARTESIAN_POINT('',(231.916666666667,-1.,-5.06784271250326));
#17704=CARTESIAN_POINT('Origin',(231.916666666667,-1.,-2.06784312264538));
#17705=CARTESIAN_POINT('',(231.916666666667,-1.,-2.06784312264538));
#17706=CARTESIAN_POINT('',(231.916666666667,-1.,-2.06784312264538));
#17707=CARTESIAN_POINT('',(231.916666666667,-11.,-2.06784312264538));
#17708=CARTESIAN_POINT('',(231.916666666667,-11.,-2.06784312264538));
#17709=CARTESIAN_POINT('',(231.916666666667,-1.,-2.06784312264538));
#17710=CARTESIAN_POINT('Origin',(231.816666666662,-1.,-2.06784271248386));
#17711=CARTESIAN_POINT('',(231.745958300835,-1.,-1.99712972210093));
#17712=CARTESIAN_POINT('Origin',(231.816666666662,-1.,-2.06784271248386));
#17713=CARTESIAN_POINT('',(231.745958300835,-11.,-1.99712972210093));
#17714=CARTESIAN_POINT('Origin',(231.816666666662,-11.,-2.06784271248386));
#17715=CARTESIAN_POINT('',(231.745958300835,-1.,-1.99712972210093));
#17716=CARTESIAN_POINT('Origin',(231.013804479859,-1.,-2.72928354306556));
#17717=CARTESIAN_POINT('',(231.013804479859,-1.,-2.72928354306556));
#17718=CARTESIAN_POINT('',(231.013804479859,-1.,-2.72928354306556));
#17719=CARTESIAN_POINT('',(231.013804479859,-11.,-2.72928354306556));
#17720=CARTESIAN_POINT('',(231.013804479859,-11.,-2.72928354306556));
#17721=CARTESIAN_POINT('',(231.013804479859,-1.,-2.72928354306556));
#17722=CARTESIAN_POINT('Origin',(230.801666666669,-1.,-2.5171572875067));
#17723=CARTESIAN_POINT('',(230.501666666532,-1.,-2.5171565049913));
#17724=CARTESIAN_POINT('Origin',(230.801666666669,-1.,-2.5171572875067));
#17725=CARTESIAN_POINT('',(230.501666666532,-11.,-2.5171565049913));
#17726=CARTESIAN_POINT('Origin',(230.801666666669,-11.,-2.5171572875067));
#17727=CARTESIAN_POINT('',(230.501666666532,-1.,-2.5171565049913));
#17728=CARTESIAN_POINT('Origin',(230.501666666667,-1.,-0.482842904449759));
#17729=CARTESIAN_POINT('',(230.501666666667,-1.,-0.482842904449759));
#17730=CARTESIAN_POINT('',(230.501666666667,-1.,-0.482842904449759));
#17731=CARTESIAN_POINT('',(230.501666666667,-11.,-0.482842904449759));
#17732=CARTESIAN_POINT('',(230.501666666667,-11.,-0.482842904449759));
#17733=CARTESIAN_POINT('',(230.501666666667,-1.,-0.482842904449759));
#17734=CARTESIAN_POINT('Origin',(230.801666666667,-1.,-0.482842712478543));
#17735=CARTESIAN_POINT('',(231.013802025805,-1.,-0.270714002956867));
#17736=CARTESIAN_POINT('Origin',(230.801666666667,-1.,-0.482842712478543));
#17737=CARTESIAN_POINT('',(231.013802025805,-11.,-0.270714002956867));
#17738=CARTESIAN_POINT('Origin',(230.801666666667,-11.,-0.482842712478543));
#17739=CARTESIAN_POINT('',(231.013802025805,-1.,-0.270714002956867));
#17740=CARTESIAN_POINT('Origin',(231.745957656337,-1.,-1.00286963345206));
#17741=CARTESIAN_POINT('',(231.745957656337,-1.,-1.00286963345206));
#17742=CARTESIAN_POINT('',(231.013802025828,-1.,-0.270714002934048));
#17743=CARTESIAN_POINT('',(231.745957656337,-11.,-1.00286963345206));
#17744=CARTESIAN_POINT('',(231.013802025828,-11.,-0.270714002934048));
#17745=CARTESIAN_POINT('',(231.745957656337,-1.,-1.00286963345206));
#17746=CARTESIAN_POINT('Origin',(231.816666666662,-1.,-0.932157287570639));
#17747=CARTESIAN_POINT('',(231.916666666667,-1.,-0.932157105879078));
#17748=CARTESIAN_POINT('Origin',(231.816666666662,-1.,-0.932157287570639));
#17749=CARTESIAN_POINT('',(231.916666666667,-11.,-0.932157105879078));
#17750=CARTESIAN_POINT('Origin',(231.816666666662,-11.,-0.932157287570639));
#17751=CARTESIAN_POINT('',(231.916666666667,-1.,-0.932157105879078));
#17752=CARTESIAN_POINT('Origin',(231.916666666667,-1.,3.06784271243162));
#17753=CARTESIAN_POINT('',(231.916666666667,-1.,3.06784271243162));
#17754=CARTESIAN_POINT('',(231.916666666667,-1.,-0.932157105879078));
#17755=CARTESIAN_POINT('',(231.916666666667,-11.,3.06784271243162));
#17756=CARTESIAN_POINT('',(231.916666666667,-11.,-0.932157105879078));
#17757=CARTESIAN_POINT('',(231.916666666667,-1.,3.06784271243162));
#17758=CARTESIAN_POINT('Origin',(232.016666666666,-1.,3.06784271243162));
#17759=CARTESIAN_POINT('',(232.016666666666,-1.,3.06784271243162));
#17760=CARTESIAN_POINT('',(232.016666666666,-1.,3.06784271243162));
#17761=CARTESIAN_POINT('',(232.016666666666,-11.,3.06784271243162));
#17762=CARTESIAN_POINT('',(232.016666666666,-11.,3.06784271243162));
#17763=CARTESIAN_POINT('',(232.016666666666,-1.,3.06784271243162));
#17764=CARTESIAN_POINT('Origin',(232.016666666667,-1.,-0.932157287568379));
#17765=CARTESIAN_POINT('',(232.016666666667,-1.,-0.932157287568379));
#17766=CARTESIAN_POINT('',(232.016666666667,-1.,-0.932157287568379));
#17767=CARTESIAN_POINT('',(232.016666666667,-11.,-0.932157287568379));
#17768=CARTESIAN_POINT('',(232.016666666667,-11.,-0.932157287568379));
#17769=CARTESIAN_POINT('',(232.016666666667,-1.,-0.932157287568379));
#17770=CARTESIAN_POINT('Origin',(231.816666666665,-1.,-0.932157287570566));
#17771=CARTESIAN_POINT('Origin',(231.816666666665,-1.,-0.932157287570566));
#17772=CARTESIAN_POINT('Origin',(231.816666666665,-11.,-0.932157287570566));
#17773=CARTESIAN_POINT('Origin',(231.259166666599,-1.,-1.00000000003582));
#17774=CARTESIAN_POINT('Origin',(231.259166666599,-11.,-1.00000000003582));
#17775=CARTESIAN_POINT('Origin',(377.579754689555,-1.,-0.341421356248441));
#17776=CARTESIAN_POINT('',(377.579754689568,-1.,-0.341421356235306));
#17777=CARTESIAN_POINT('',(378.311911977093,-1.,-1.07357864380855));
#17778=CARTESIAN_POINT('',(377.579754689555,-1.,-0.341421356248431));
#17779=CARTESIAN_POINT('',(378.311911977093,-11.,-1.07357864380855));
#17780=CARTESIAN_POINT('',(378.311911977093,-1.,-1.07357864380855));
#17781=CARTESIAN_POINT('',(377.579754689568,-11.,-0.341421356235306));
#17782=CARTESIAN_POINT('',(377.579754689555,-11.,-0.341421356248431));
#17783=CARTESIAN_POINT('',(377.579754689568,-1.,-0.341421356235306));
#17784=CARTESIAN_POINT('Origin',(377.438333333336,-1.,-0.482842712480703));
#17785=CARTESIAN_POINT('',(377.238333333334,-1.,-0.482842712481116));
#17786=CARTESIAN_POINT('Origin',(377.438333333336,-1.,-0.482842712480703));
#17787=CARTESIAN_POINT('',(377.238333333334,-11.,-0.482842712481116));
#17788=CARTESIAN_POINT('Origin',(377.438333333336,-11.,-0.482842712480703));
#17789=CARTESIAN_POINT('',(377.238333333334,-1.,-0.482842712481116));
#17790=CARTESIAN_POINT('Origin',(377.238333333333,-1.,-2.51715728751888));
#17791=CARTESIAN_POINT('',(377.238333333333,-1.,-2.51715728751888));
#17792=CARTESIAN_POINT('',(377.238333333334,-1.,-0.482842712481116));
#17793=CARTESIAN_POINT('',(377.238333333333,-11.,-2.51715728751888));
#17794=CARTESIAN_POINT('',(377.238333333334,-11.,-0.482842712481116));
#17795=CARTESIAN_POINT('',(377.238333333333,-1.,-2.51715728751888));
#17796=CARTESIAN_POINT('Origin',(377.438333333335,-1.,-2.51715728751888));
#17797=CARTESIAN_POINT('',(377.579754689575,-1.,-2.65857864375798));
#17798=CARTESIAN_POINT('Origin',(377.438333333335,-1.,-2.51715728751888));
#17799=CARTESIAN_POINT('',(377.579754689575,-11.,-2.65857864375798));
#17800=CARTESIAN_POINT('Origin',(377.438333333335,-11.,-2.51715728751888));
#17801=CARTESIAN_POINT('',(377.579754689575,-1.,-2.65857864375798));
#17802=CARTESIAN_POINT('Origin',(378.31191197709,-1.,-1.92642135624459));
#17803=CARTESIAN_POINT('',(378.31191197709,-1.,-1.92642135624459));
#17804=CARTESIAN_POINT('',(377.579754689575,-1.,-2.65857864375798));
#17805=CARTESIAN_POINT('',(378.31191197709,-11.,-1.92642135624459));
#17806=CARTESIAN_POINT('',(377.579754689575,-11.,-2.65857864375798));
#17807=CARTESIAN_POINT('',(378.31191197709,-1.,-1.92642135624459));
#17808=CARTESIAN_POINT('Origin',(378.453333333329,-1.,-2.06784271248381));
#17809=CARTESIAN_POINT('',(378.653333333331,-1.,-2.06784271248381));
#17810=CARTESIAN_POINT('Origin',(378.453333333329,-1.,-2.06784271248381));
#17811=CARTESIAN_POINT('',(378.653333333331,-11.,-2.06784271248381));
#17812=CARTESIAN_POINT('Origin',(378.453333333329,-11.,-2.06784271248381));
#17813=CARTESIAN_POINT('',(378.653333333331,-1.,-2.06784271248381));
#17814=CARTESIAN_POINT('Origin',(378.65333333333,-1.,-5.06784271248381));
#17815=CARTESIAN_POINT('',(378.65333333333,-1.,-5.06784271248381));
#17816=CARTESIAN_POINT('',(378.653333333331,-1.,-2.06784271248381));
#17817=CARTESIAN_POINT('',(378.65333333333,-11.,-5.06784271248381));
#17818=CARTESIAN_POINT('',(378.653333333331,-11.,-2.06784271248381));
#17819=CARTESIAN_POINT('',(378.65333333333,-1.,-5.06784271248381));
#17820=CARTESIAN_POINT('Origin',(378.553333333334,-1.,-5.06784271250326));
#17821=CARTESIAN_POINT('',(378.553333333334,-1.,-5.06784271250326));
#17822=CARTESIAN_POINT('',(378.65333333333,-1.,-5.06784271248381));
#17823=CARTESIAN_POINT('',(378.553333333334,-11.,-5.06784271250326));
#17824=CARTESIAN_POINT('',(378.65333333333,-11.,-5.06784271248381));
#17825=CARTESIAN_POINT('',(378.553333333334,-1.,-5.06784271250326));
#17826=CARTESIAN_POINT('Origin',(378.553333333334,-1.,-2.06784312264538));
#17827=CARTESIAN_POINT('',(378.553333333334,-1.,-2.06784312264538));
#17828=CARTESIAN_POINT('',(378.553333333334,-1.,-2.06784312264538));
#17829=CARTESIAN_POINT('',(378.553333333334,-11.,-2.06784312264538));
#17830=CARTESIAN_POINT('',(378.553333333334,-11.,-2.06784312264538));
#17831=CARTESIAN_POINT('',(378.553333333334,-1.,-2.06784312264538));
#17832=CARTESIAN_POINT('Origin',(378.453333333328,-1.,-2.06784271248386));
#17833=CARTESIAN_POINT('',(378.382624967502,-1.,-1.99712972210093));
#17834=CARTESIAN_POINT('Origin',(378.453333333328,-1.,-2.06784271248386));
#17835=CARTESIAN_POINT('',(378.382624967502,-11.,-1.99712972210093));
#17836=CARTESIAN_POINT('Origin',(378.453333333328,-11.,-2.06784271248386));
#17837=CARTESIAN_POINT('',(378.382624967502,-1.,-1.99712972210093));
#17838=CARTESIAN_POINT('Origin',(377.650471146525,-1.,-2.72928354306556));
#17839=CARTESIAN_POINT('',(377.650471146525,-1.,-2.72928354306556));
#17840=CARTESIAN_POINT('',(377.650471146525,-1.,-2.72928354306556));
#17841=CARTESIAN_POINT('',(377.650471146525,-11.,-2.72928354306556));
#17842=CARTESIAN_POINT('',(377.650471146525,-11.,-2.72928354306556));
#17843=CARTESIAN_POINT('',(377.650471146525,-1.,-2.72928354306556));
#17844=CARTESIAN_POINT('Origin',(377.438333333335,-1.,-2.5171572875067));
#17845=CARTESIAN_POINT('',(377.138333333199,-1.,-2.5171565049913));
#17846=CARTESIAN_POINT('Origin',(377.438333333335,-1.,-2.5171572875067));
#17847=CARTESIAN_POINT('',(377.138333333199,-11.,-2.5171565049913));
#17848=CARTESIAN_POINT('Origin',(377.438333333335,-11.,-2.5171572875067));
#17849=CARTESIAN_POINT('',(377.138333333199,-1.,-2.5171565049913));
#17850=CARTESIAN_POINT('Origin',(377.138333333334,-1.,-0.482842904449759));
#17851=CARTESIAN_POINT('',(377.138333333334,-1.,-0.482842904449759));
#17852=CARTESIAN_POINT('',(377.138333333334,-1.,-0.482842904449759));
#17853=CARTESIAN_POINT('',(377.138333333334,-11.,-0.482842904449759));
#17854=CARTESIAN_POINT('',(377.138333333334,-11.,-0.482842904449759));
#17855=CARTESIAN_POINT('',(377.138333333334,-1.,-0.482842904449759));
#17856=CARTESIAN_POINT('Origin',(377.438333333334,-1.,-0.482842712478543));
#17857=CARTESIAN_POINT('',(377.650468692472,-1.,-0.270714002956867));
#17858=CARTESIAN_POINT('Origin',(377.438333333334,-1.,-0.482842712478543));
#17859=CARTESIAN_POINT('',(377.650468692472,-11.,-0.270714002956867));
#17860=CARTESIAN_POINT('Origin',(377.438333333334,-11.,-0.482842712478543));
#17861=CARTESIAN_POINT('',(377.650468692472,-1.,-0.270714002956867));
#17862=CARTESIAN_POINT('Origin',(378.382624323004,-1.,-1.00286963345206));
#17863=CARTESIAN_POINT('',(378.382624323004,-1.,-1.00286963345206));
#17864=CARTESIAN_POINT('',(377.650468692495,-1.,-0.270714002934048));
#17865=CARTESIAN_POINT('',(378.382624323004,-11.,-1.00286963345206));
#17866=CARTESIAN_POINT('',(377.650468692495,-11.,-0.270714002934048));
#17867=CARTESIAN_POINT('',(378.382624323004,-1.,-1.00286963345206));
#17868=CARTESIAN_POINT('Origin',(378.453333333328,-1.,-0.932157287570639));
#17869=CARTESIAN_POINT('',(378.553333333334,-1.,-0.932157105879078));
#17870=CARTESIAN_POINT('Origin',(378.453333333328,-1.,-0.932157287570639));
#17871=CARTESIAN_POINT('',(378.553333333334,-11.,-0.932157105879078));
#17872=CARTESIAN_POINT('Origin',(378.453333333328,-11.,-0.932157287570639));
#17873=CARTESIAN_POINT('',(378.553333333334,-1.,-0.932157105879078));
#17874=CARTESIAN_POINT('Origin',(378.553333333334,-1.,3.06784271243162));
#17875=CARTESIAN_POINT('',(378.553333333334,-1.,3.06784271243162));
#17876=CARTESIAN_POINT('',(378.553333333334,-1.,-0.932157105879078));
#17877=CARTESIAN_POINT('',(378.553333333334,-11.,3.06784271243162));
#17878=CARTESIAN_POINT('',(378.553333333334,-11.,-0.932157105879078));
#17879=CARTESIAN_POINT('',(378.553333333334,-1.,3.06784271243162));
#17880=CARTESIAN_POINT('Origin',(378.653333333333,-1.,3.06784271243162));
#17881=CARTESIAN_POINT('',(378.653333333333,-1.,3.06784271243162));
#17882=CARTESIAN_POINT('',(378.653333333333,-1.,3.06784271243162));
#17883=CARTESIAN_POINT('',(378.653333333333,-11.,3.06784271243162));
#17884=CARTESIAN_POINT('',(378.653333333333,-11.,3.06784271243162));
#17885=CARTESIAN_POINT('',(378.653333333333,-1.,3.06784271243162));
#17886=CARTESIAN_POINT('Origin',(378.653333333334,-1.,-0.932157287568379));
#17887=CARTESIAN_POINT('',(378.653333333334,-1.,-0.932157287568379));
#17888=CARTESIAN_POINT('',(378.653333333334,-1.,-0.932157287568379));
#17889=CARTESIAN_POINT('',(378.653333333334,-11.,-0.932157287568379));
#17890=CARTESIAN_POINT('',(378.653333333334,-11.,-0.932157287568379));
#17891=CARTESIAN_POINT('',(378.653333333334,-1.,-0.932157287568379));
#17892=CARTESIAN_POINT('Origin',(378.453333333332,-1.,-0.932157287570566));
#17893=CARTESIAN_POINT('Origin',(378.453333333332,-1.,-0.932157287570566));
#17894=CARTESIAN_POINT('Origin',(378.453333333332,-11.,-0.932157287570566));
#17895=CARTESIAN_POINT('Origin',(377.895833333266,-1.,-1.00000000003582));
#17896=CARTESIAN_POINT('Origin',(377.895833333266,-11.,-1.00000000003582));
#17897=CARTESIAN_POINT('Origin',(524.216421356222,-1.,-0.341421356248441));
#17898=CARTESIAN_POINT('',(524.216421356235,-1.,-0.341421356235306));
#17899=CARTESIAN_POINT('',(524.948578643759,-1.,-1.07357864380855));
#17900=CARTESIAN_POINT('',(524.216421356222,-1.,-0.341421356248431));
#17901=CARTESIAN_POINT('',(524.948578643759,-11.,-1.07357864380855));
#17902=CARTESIAN_POINT('',(524.948578643759,-1.,-1.07357864380855));
#17903=CARTESIAN_POINT('',(524.216421356235,-11.,-0.341421356235306));
#17904=CARTESIAN_POINT('',(524.216421356222,-11.,-0.341421356248431));
#17905=CARTESIAN_POINT('',(524.216421356235,-1.,-0.341421356235306));
#17906=CARTESIAN_POINT('Origin',(524.075000000003,-1.,-0.482842712480703));
#17907=CARTESIAN_POINT('',(523.875000000001,-1.,-0.482842712481116));
#17908=CARTESIAN_POINT('Origin',(524.075000000003,-1.,-0.482842712480703));
#17909=CARTESIAN_POINT('',(523.875000000001,-11.,-0.482842712481116));
#17910=CARTESIAN_POINT('Origin',(524.075000000003,-11.,-0.482842712480703));
#17911=CARTESIAN_POINT('',(523.875000000001,-1.,-0.482842712481116));
#17912=CARTESIAN_POINT('Origin',(523.875,-1.,-2.51715728751888));
#17913=CARTESIAN_POINT('',(523.875,-1.,-2.51715728751888));
#17914=CARTESIAN_POINT('',(523.875000000001,-1.,-0.482842712481116));
#17915=CARTESIAN_POINT('',(523.875,-11.,-2.51715728751888));
#17916=CARTESIAN_POINT('',(523.875000000001,-11.,-0.482842712481116));
#17917=CARTESIAN_POINT('',(523.875,-1.,-2.51715728751888));
#17918=CARTESIAN_POINT('Origin',(524.075000000002,-1.,-2.51715728751888));
#17919=CARTESIAN_POINT('',(524.216421356241,-1.,-2.65857864375798));
#17920=CARTESIAN_POINT('Origin',(524.075000000002,-1.,-2.51715728751888));
#17921=CARTESIAN_POINT('',(524.216421356241,-11.,-2.65857864375798));
#17922=CARTESIAN_POINT('Origin',(524.075000000002,-11.,-2.51715728751888));
#17923=CARTESIAN_POINT('',(524.216421356241,-1.,-2.65857864375798));
#17924=CARTESIAN_POINT('Origin',(524.948578643756,-1.,-1.92642135624459));
#17925=CARTESIAN_POINT('',(524.948578643756,-1.,-1.92642135624459));
#17926=CARTESIAN_POINT('',(524.216421356241,-1.,-2.65857864375798));
#17927=CARTESIAN_POINT('',(524.948578643756,-11.,-1.92642135624459));
#17928=CARTESIAN_POINT('',(524.216421356241,-11.,-2.65857864375798));
#17929=CARTESIAN_POINT('',(524.948578643756,-1.,-1.92642135624459));
#17930=CARTESIAN_POINT('Origin',(525.089999999995,-1.,-2.06784271248381));
#17931=CARTESIAN_POINT('',(525.289999999998,-1.,-2.06784271248381));
#17932=CARTESIAN_POINT('Origin',(525.089999999995,-1.,-2.06784271248381));
#17933=CARTESIAN_POINT('',(525.289999999998,-11.,-2.06784271248381));
#17934=CARTESIAN_POINT('Origin',(525.089999999995,-11.,-2.06784271248381));
#17935=CARTESIAN_POINT('',(525.289999999998,-1.,-2.06784271248381));
#17936=CARTESIAN_POINT('Origin',(525.289999999997,-1.,-5.06784271248381));
#17937=CARTESIAN_POINT('',(525.289999999997,-1.,-5.06784271248381));
#17938=CARTESIAN_POINT('',(525.289999999998,-1.,-2.06784271248381));
#17939=CARTESIAN_POINT('',(525.289999999997,-11.,-5.06784271248381));
#17940=CARTESIAN_POINT('',(525.289999999998,-11.,-2.06784271248381));
#17941=CARTESIAN_POINT('',(525.289999999997,-1.,-5.06784271248381));
#17942=CARTESIAN_POINT('Origin',(525.19,-1.,-5.06784271250326));
#17943=CARTESIAN_POINT('',(525.19,-1.,-5.06784271250326));
#17944=CARTESIAN_POINT('',(525.289999999997,-1.,-5.06784271248381));
#17945=CARTESIAN_POINT('',(525.19,-11.,-5.06784271250326));
#17946=CARTESIAN_POINT('',(525.289999999997,-11.,-5.06784271248381));
#17947=CARTESIAN_POINT('',(525.19,-1.,-5.06784271250326));
#17948=CARTESIAN_POINT('Origin',(525.19,-1.,-2.06784312264538));
#17949=CARTESIAN_POINT('',(525.19,-1.,-2.06784312264538));
#17950=CARTESIAN_POINT('',(525.19,-1.,-2.06784312264538));
#17951=CARTESIAN_POINT('',(525.19,-11.,-2.06784312264538));
#17952=CARTESIAN_POINT('',(525.19,-11.,-2.06784312264538));
#17953=CARTESIAN_POINT('',(525.19,-1.,-2.06784312264538));
#17954=CARTESIAN_POINT('Origin',(525.089999999995,-1.,-2.06784271248386));
#17955=CARTESIAN_POINT('',(525.019291634168,-1.,-1.99712972210093));
#17956=CARTESIAN_POINT('Origin',(525.089999999995,-1.,-2.06784271248386));
#17957=CARTESIAN_POINT('',(525.019291634168,-11.,-1.99712972210093));
#17958=CARTESIAN_POINT('Origin',(525.089999999995,-11.,-2.06784271248386));
#17959=CARTESIAN_POINT('',(525.019291634168,-1.,-1.99712972210093));
#17960=CARTESIAN_POINT('Origin',(524.287137813192,-1.,-2.72928354306556));
#17961=CARTESIAN_POINT('',(524.287137813192,-1.,-2.72928354306556));
#17962=CARTESIAN_POINT('',(524.287137813192,-1.,-2.72928354306556));
#17963=CARTESIAN_POINT('',(524.287137813192,-11.,-2.72928354306556));
#17964=CARTESIAN_POINT('',(524.287137813192,-11.,-2.72928354306556));
#17965=CARTESIAN_POINT('',(524.287137813192,-1.,-2.72928354306556));
#17966=CARTESIAN_POINT('Origin',(524.075000000002,-1.,-2.5171572875067));
#17967=CARTESIAN_POINT('',(523.774999999865,-1.,-2.5171565049913));
#17968=CARTESIAN_POINT('Origin',(524.075000000002,-1.,-2.5171572875067));
#17969=CARTESIAN_POINT('',(523.774999999865,-11.,-2.5171565049913));
#17970=CARTESIAN_POINT('Origin',(524.075000000002,-11.,-2.5171572875067));
#17971=CARTESIAN_POINT('',(523.774999999865,-1.,-2.5171565049913));
#17972=CARTESIAN_POINT('Origin',(523.775,-1.,-0.482842904449759));
#17973=CARTESIAN_POINT('',(523.775,-1.,-0.482842904449759));
#17974=CARTESIAN_POINT('',(523.775,-1.,-0.482842904449759));
#17975=CARTESIAN_POINT('',(523.775,-11.,-0.482842904449759));
#17976=CARTESIAN_POINT('',(523.775,-11.,-0.482842904449759));
#17977=CARTESIAN_POINT('',(523.775,-1.,-0.482842904449759));
#17978=CARTESIAN_POINT('Origin',(524.075000000001,-1.,-0.482842712478543));
#17979=CARTESIAN_POINT('',(524.287135359139,-1.,-0.270714002956867));
#17980=CARTESIAN_POINT('Origin',(524.075000000001,-1.,-0.482842712478543));
#17981=CARTESIAN_POINT('',(524.287135359139,-11.,-0.270714002956867));
#17982=CARTESIAN_POINT('Origin',(524.075000000001,-11.,-0.482842712478543));
#17983=CARTESIAN_POINT('',(524.287135359139,-1.,-0.270714002956867));
#17984=CARTESIAN_POINT('Origin',(525.019290989671,-1.,-1.00286963345206));
#17985=CARTESIAN_POINT('',(525.019290989671,-1.,-1.00286963345206));
#17986=CARTESIAN_POINT('',(524.287135359162,-1.,-0.270714002934048));
#17987=CARTESIAN_POINT('',(525.019290989671,-11.,-1.00286963345206));
#17988=CARTESIAN_POINT('',(524.287135359162,-11.,-0.270714002934048));
#17989=CARTESIAN_POINT('',(525.019290989671,-1.,-1.00286963345206));
#17990=CARTESIAN_POINT('Origin',(525.089999999995,-1.,-0.932157287570639));
#17991=CARTESIAN_POINT('',(525.19,-1.,-0.932157105879078));
#17992=CARTESIAN_POINT('Origin',(525.089999999995,-1.,-0.932157287570639));
#17993=CARTESIAN_POINT('',(525.19,-11.,-0.932157105879078));
#17994=CARTESIAN_POINT('Origin',(525.089999999995,-11.,-0.932157287570639));
#17995=CARTESIAN_POINT('',(525.19,-1.,-0.932157105879078));
#17996=CARTESIAN_POINT('Origin',(525.19,-1.,3.06784271243162));
#17997=CARTESIAN_POINT('',(525.19,-1.,3.06784271243162));
#17998=CARTESIAN_POINT('',(525.19,-1.,-0.932157105879078));
#17999=CARTESIAN_POINT('',(525.19,-11.,3.06784271243162));
#18000=CARTESIAN_POINT('',(525.19,-11.,-0.932157105879078));
#18001=CARTESIAN_POINT('',(525.19,-1.,3.06784271243162));
#18002=CARTESIAN_POINT('Origin',(525.29,-1.,3.06784271243162));
#18003=CARTESIAN_POINT('',(525.29,-1.,3.06784271243162));
#18004=CARTESIAN_POINT('',(525.29,-1.,3.06784271243162));
#18005=CARTESIAN_POINT('',(525.29,-11.,3.06784271243162));
#18006=CARTESIAN_POINT('',(525.29,-11.,3.06784271243162));
#18007=CARTESIAN_POINT('',(525.29,-1.,3.06784271243162));
#18008=CARTESIAN_POINT('Origin',(525.290000000001,-1.,-0.932157287568379));
#18009=CARTESIAN_POINT('',(525.290000000001,-1.,-0.932157287568379));
#18010=CARTESIAN_POINT('',(525.290000000001,-1.,-0.932157287568379));
#18011=CARTESIAN_POINT('',(525.290000000001,-11.,-0.932157287568379));
#18012=CARTESIAN_POINT('',(525.290000000001,-11.,-0.932157287568379));
#18013=CARTESIAN_POINT('',(525.290000000001,-1.,-0.932157287568379));
#18014=CARTESIAN_POINT('Origin',(525.089999999999,-1.,-0.932157287570566));
#18015=CARTESIAN_POINT('Origin',(525.089999999999,-1.,-0.932157287570566));
#18016=CARTESIAN_POINT('Origin',(525.089999999999,-11.,-0.932157287570566));
#18017=CARTESIAN_POINT('Origin',(524.532499999932,-1.,-1.00000000003582));
#18018=CARTESIAN_POINT('Origin',(524.532499999932,-11.,-1.00000000003582));
#18019=CARTESIAN_POINT('Origin',(82.2335533905933,-1.,10.1464466094067));
#18020=CARTESIAN_POINT('',(82.2335533905933,-1.,10.1464466094067));
#18021=CARTESIAN_POINT('',(84.5264466094067,-1.,7.85355339059326));
#18022=CARTESIAN_POINT('',(82.2335533905933,-1.,10.1464466094067));
#18023=CARTESIAN_POINT('',(84.5264466094067,-16.,7.85355339059326));
#18024=CARTESIAN_POINT('',(84.5264466094067,-1.,7.85355339059326));
#18025=CARTESIAN_POINT('',(82.2335533905933,-16.,10.1464466094067));
#18026=CARTESIAN_POINT('',(82.2335533905933,-16.,10.1464466094067));
#18027=CARTESIAN_POINT('',(82.2335533905933,-1.,10.1464466094067));
#18028=CARTESIAN_POINT('Origin',(81.88,-1.,9.79289321881338));
#18029=CARTESIAN_POINT('',(81.38,-1.,9.79289321881338));
#18030=CARTESIAN_POINT('Origin',(81.88,-1.,9.79289321881338));
#18031=CARTESIAN_POINT('',(81.38,-16.,9.79289321881338));
#18032=CARTESIAN_POINT('Origin',(81.88,-16.,9.79289321881338));
#18033=CARTESIAN_POINT('',(81.38,-1.,9.79289321881338));
#18034=CARTESIAN_POINT('Origin',(81.38,-1.,2.20710678118663));
#18035=CARTESIAN_POINT('',(81.38,-1.,2.20710678118663));
#18036=CARTESIAN_POINT('',(81.38,-1.,9.79289321881338));
#18037=CARTESIAN_POINT('',(81.38,-16.,2.20710678118663));
#18038=CARTESIAN_POINT('',(81.38,-16.,9.79289321881338));
#18039=CARTESIAN_POINT('',(81.38,-1.,2.20710678118663));
#18040=CARTESIAN_POINT('Origin',(81.88,-1.,2.20710678118663));
#18041=CARTESIAN_POINT('',(82.2335533905933,-1.,1.85355339059335));
#18042=CARTESIAN_POINT('Origin',(81.88,-1.,2.20710678118663));
#18043=CARTESIAN_POINT('',(82.2335533905933,-16.,1.85355339059335));
#18044=CARTESIAN_POINT('Origin',(81.88,-16.,2.20710678118663));
#18045=CARTESIAN_POINT('',(82.2335533905933,-1.,1.85355339059335));
#18046=CARTESIAN_POINT('Origin',(84.5264466094067,-1.,4.1464466094068));
#18047=CARTESIAN_POINT('',(84.5264466094067,-1.,4.1464466094068));
#18048=CARTESIAN_POINT('',(82.2335533905933,-1.,1.85355339059335));
#18049=CARTESIAN_POINT('',(84.5264466094067,-16.,4.1464466094068));
#18050=CARTESIAN_POINT('',(82.2335533905933,-16.,1.85355339059335));
#18051=CARTESIAN_POINT('',(84.5264466094067,-1.,4.1464466094068));
#18052=CARTESIAN_POINT('Origin',(84.88,-1.,3.79289321881352));
#18053=CARTESIAN_POINT('',(85.38,-1.,3.79289321881352));
#18054=CARTESIAN_POINT('Origin',(84.88,-1.,3.79289321881352));
#18055=CARTESIAN_POINT('',(85.38,-16.,3.79289321881352));
#18056=CARTESIAN_POINT('Origin',(84.88,-16.,3.79289321881352));
#18057=CARTESIAN_POINT('',(85.38,-1.,3.79289321881352));
#18058=CARTESIAN_POINT('Origin',(85.3800000000027,-1.,-0.499999999999187));
#18059=CARTESIAN_POINT('',(85.3800000000027,-1.,-0.499999999999187));
#18060=CARTESIAN_POINT('',(85.38,-1.,3.79289321881352));
#18061=CARTESIAN_POINT('',(85.3800000000027,-16.,-0.499999999999188));
#18062=CARTESIAN_POINT('',(85.38,-16.,3.79289321881352));
#18063=CARTESIAN_POINT('',(85.3800000000027,-1.,-0.499999999999187));
#18064=CARTESIAN_POINT('Origin',(85.28,-1.,-0.499999999999187));
#18065=CARTESIAN_POINT('',(85.28,-1.,-0.499999999999187));
#18066=CARTESIAN_POINT('',(85.3800000000027,-1.,-0.499999999999187));
#18067=CARTESIAN_POINT('',(85.28,-16.,-0.499999999999187));
#18068=CARTESIAN_POINT('',(85.3800000000027,-16.,-0.499999999999187));
#18069=CARTESIAN_POINT('',(85.28,-1.,-0.499999999999187));
#18070=CARTESIAN_POINT('Origin',(85.28,-1.,3.79289353130842));
#18071=CARTESIAN_POINT('',(85.28,-1.,3.79289353130842));
#18072=CARTESIAN_POINT('',(85.28,-1.,3.79289353130842));
#18073=CARTESIAN_POINT('',(85.28,-16.,3.79289353130842));
#18074=CARTESIAN_POINT('',(85.28,-16.,3.79289353130842));
#18075=CARTESIAN_POINT('',(85.28,-1.,3.79289353130842));
#18076=CARTESIAN_POINT('Origin',(84.88,-1.,3.79289321881352));
#18077=CARTESIAN_POINT('',(84.5971569631441,-1.,4.07573560690663));
#18078=CARTESIAN_POINT('Origin',(84.88,-1.,3.79289321881352));
#18079=CARTESIAN_POINT('',(84.5971569631441,-16.,4.07573560690663));
#18080=CARTESIAN_POINT('Origin',(84.88,-16.,3.79289321881352));
#18081=CARTESIAN_POINT('',(84.5971569631441,-1.,4.07573560690663));
#18082=CARTESIAN_POINT('Origin',(82.3042643414106,-1.,1.78284298517311));
#18083=CARTESIAN_POINT('',(82.3042643414106,-1.,1.78284298517311));
#18084=CARTESIAN_POINT('',(82.3042643414106,-1.,1.78284298517311));
#18085=CARTESIAN_POINT('',(82.3042643414106,-16.,1.78284298517311));
#18086=CARTESIAN_POINT('',(82.3042643414106,-16.,1.78284298517311));
#18087=CARTESIAN_POINT('',(82.3042643414106,-1.,1.78284298517311));
#18088=CARTESIAN_POINT('Origin',(81.88,-1.,2.20710678118663));
#18089=CARTESIAN_POINT('',(81.28,-1.,2.20710626542065));
#18090=CARTESIAN_POINT('Origin',(81.88,-1.,2.20710678118663));
#18091=CARTESIAN_POINT('',(81.28,-16.,2.20710626542065));
#18092=CARTESIAN_POINT('Origin',(81.88,-16.,2.20710678118663));
#18093=CARTESIAN_POINT('',(81.28,-1.,2.20710626542065));
#18094=CARTESIAN_POINT('Origin',(81.28,-1.,9.79289271313566));
#18095=CARTESIAN_POINT('',(81.28,-1.,9.79289271313566));
#18096=CARTESIAN_POINT('',(81.28,-1.,9.79289271313566));
#18097=CARTESIAN_POINT('',(81.28,-16.,9.79289271313566));
#18098=CARTESIAN_POINT('',(81.28,-16.,9.79289271313566));
#18099=CARTESIAN_POINT('',(81.28,-1.,9.79289271313566));
#18100=CARTESIAN_POINT('Origin',(81.88,-1.,9.79289321881338));
#18101=CARTESIAN_POINT('',(82.3042637922836,-1.,10.2171575639539));
#18102=CARTESIAN_POINT('Origin',(81.88,-1.,9.79289321881338));
#18103=CARTESIAN_POINT('',(82.3042637922836,-16.,10.2171575639539));
#18104=CARTESIAN_POINT('Origin',(81.88,-16.,9.79289321881338));
#18105=CARTESIAN_POINT('',(82.3042637922836,-1.,10.2171575639539));
#18106=CARTESIAN_POINT('Origin',(84.5971575864422,-1.,7.92426376979526));
#18107=CARTESIAN_POINT('',(84.5971575864422,-1.,7.92426376979525));
#18108=CARTESIAN_POINT('',(82.3042637922836,-1.,10.2171575639539));
#18109=CARTESIAN_POINT('',(84.5971575864422,-16.,7.92426376979525));
#18110=CARTESIAN_POINT('',(82.3042637922836,-16.,10.2171575639539));
#18111=CARTESIAN_POINT('',(84.5971575864422,-1.,7.92426376979525));
#18112=CARTESIAN_POINT('Origin',(84.88,-1.,8.20710678118654));
#18113=CARTESIAN_POINT('',(85.28,-1.,8.20710710236864));
#18114=CARTESIAN_POINT('Origin',(84.88,-1.,8.20710678118654));
#18115=CARTESIAN_POINT('',(85.28,-16.,8.20710710236864));
#18116=CARTESIAN_POINT('Origin',(84.88,-16.,8.20710678118654));
#18117=CARTESIAN_POINT('',(85.28,-1.,8.20710710236864));
#18118=CARTESIAN_POINT('Origin',(85.28,-1.,15.0000000000002));
#18119=CARTESIAN_POINT('',(85.28,-1.,15.0000000000002));
#18120=CARTESIAN_POINT('',(85.28,-1.,8.20710710236864));
#18121=CARTESIAN_POINT('',(85.28,-16.,15.0000000000002));
#18122=CARTESIAN_POINT('',(85.28,-16.,8.20710710236864));
#18123=CARTESIAN_POINT('',(85.28,-1.,15.0000000000002));
#18124=CARTESIAN_POINT('Origin',(85.38,-1.,15.0000000000002));
#18125=CARTESIAN_POINT('',(85.38,-1.,15.0000000000002));
#18126=CARTESIAN_POINT('',(85.38,-1.,15.0000000000002));
#18127=CARTESIAN_POINT('',(85.38,-16.,15.0000000000002));
#18128=CARTESIAN_POINT('',(85.38,-16.,15.0000000000002));
#18129=CARTESIAN_POINT('',(85.38,-1.,15.0000000000002));
#18130=CARTESIAN_POINT('Origin',(85.38,-1.,8.20710678118654));
#18131=CARTESIAN_POINT('',(85.38,-1.,8.20710678118654));
#18132=CARTESIAN_POINT('',(85.38,-1.,8.20710678118654));
#18133=CARTESIAN_POINT('',(85.38,-16.,8.20710678118654));
#18134=CARTESIAN_POINT('',(85.38,-16.,8.20710678118654));
#18135=CARTESIAN_POINT('',(85.38,-1.,8.20710678118654));
#18136=CARTESIAN_POINT('Origin',(84.88,-1.,8.20710678118654));
#18137=CARTESIAN_POINT('Origin',(84.88,-1.,8.20710678118654));
#18138=CARTESIAN_POINT('Origin',(84.88,-16.,8.20710678118654));
#18139=CARTESIAN_POINT('Origin',(83.3300000000013,-1.,7.25000000000048));
#18140=CARTESIAN_POINT('Origin',(83.3300000000013,-16.,7.25000000000048));
#18141=CARTESIAN_POINT('Origin',(228.87022005726,-1.00000000000001,10.1464466094067));
#18142=CARTESIAN_POINT('',(228.87022005726,-1.00000000000001,10.1464466094067));
#18143=CARTESIAN_POINT('',(231.163113276073,-1.00000000000001,7.85355339059326));
#18144=CARTESIAN_POINT('',(228.87022005726,-1.00000000000001,10.1464466094067));
#18145=CARTESIAN_POINT('',(231.163113276073,-16.,7.85355339059326));
#18146=CARTESIAN_POINT('',(231.163113276073,-1.00000000000001,7.85355339059326));
#18147=CARTESIAN_POINT('',(228.87022005726,-16.,10.1464466094067));
#18148=CARTESIAN_POINT('',(228.87022005726,-16.,10.1464466094067));
#18149=CARTESIAN_POINT('',(228.87022005726,-1.00000000000001,10.1464466094067));
#18150=CARTESIAN_POINT('Origin',(228.516666666667,-1.00000000000001,9.79289321881338));
#18151=CARTESIAN_POINT('',(228.016666666667,-1.00000000000001,9.79289321881338));
#18152=CARTESIAN_POINT('Origin',(228.516666666667,-1.00000000000001,9.79289321881338));
#18153=CARTESIAN_POINT('',(228.016666666667,-16.,9.79289321881338));
#18154=CARTESIAN_POINT('Origin',(228.516666666667,-16.,9.79289321881338));
#18155=CARTESIAN_POINT('',(228.016666666667,-1.00000000000001,9.79289321881338));
#18156=CARTESIAN_POINT('Origin',(228.016666666667,-1.00000000000001,2.20710678118663));
#18157=CARTESIAN_POINT('',(228.016666666667,-1.00000000000001,2.20710678118663));
#18158=CARTESIAN_POINT('',(228.016666666667,-1.00000000000001,9.79289321881338));
#18159=CARTESIAN_POINT('',(228.016666666667,-16.,2.20710678118663));
#18160=CARTESIAN_POINT('',(228.016666666667,-16.,9.79289321881338));
#18161=CARTESIAN_POINT('',(228.016666666667,-1.00000000000001,2.20710678118663));
#18162=CARTESIAN_POINT('Origin',(228.516666666667,-1.00000000000001,2.20710678118663));
#18163=CARTESIAN_POINT('',(228.87022005726,-1.00000000000001,1.85355339059335));
#18164=CARTESIAN_POINT('Origin',(228.516666666667,-1.00000000000001,2.20710678118663));
#18165=CARTESIAN_POINT('',(228.87022005726,-16.,1.85355339059335));
#18166=CARTESIAN_POINT('Origin',(228.516666666667,-16.,2.20710678118663));
#18167=CARTESIAN_POINT('',(228.87022005726,-1.00000000000001,1.85355339059335));
#18168=CARTESIAN_POINT('Origin',(231.163113276073,-1.00000000000001,4.1464466094068));
#18169=CARTESIAN_POINT('',(231.163113276073,-1.00000000000001,4.1464466094068));
#18170=CARTESIAN_POINT('',(228.87022005726,-1.00000000000001,1.85355339059335));
#18171=CARTESIAN_POINT('',(231.163113276073,-16.,4.1464466094068));
#18172=CARTESIAN_POINT('',(228.87022005726,-16.,1.85355339059335));
#18173=CARTESIAN_POINT('',(231.163113276073,-1.00000000000001,4.1464466094068));
#18174=CARTESIAN_POINT('Origin',(231.516666666667,-1.00000000000001,3.79289321881352));
#18175=CARTESIAN_POINT('',(232.016666666667,-1.00000000000001,3.79289321881352));
#18176=CARTESIAN_POINT('Origin',(231.516666666667,-1.00000000000001,3.79289321881352));
#18177=CARTESIAN_POINT('',(232.016666666667,-16.,3.79289321881352));
#18178=CARTESIAN_POINT('Origin',(231.516666666667,-16.,3.79289321881352));
#18179=CARTESIAN_POINT('',(232.016666666667,-1.00000000000001,3.79289321881352));
#18180=CARTESIAN_POINT('Origin',(232.016666666669,-1.00000000000001,-0.499999999999187));
#18181=CARTESIAN_POINT('',(232.016666666669,-1.00000000000001,-0.499999999999187));
#18182=CARTESIAN_POINT('',(232.016666666667,-1.00000000000001,3.79289321881352));
#18183=CARTESIAN_POINT('',(232.016666666669,-16.,-0.499999999999188));
#18184=CARTESIAN_POINT('',(232.016666666667,-16.,3.79289321881352));
#18185=CARTESIAN_POINT('',(232.016666666669,-1.00000000000001,-0.499999999999187));
#18186=CARTESIAN_POINT('Origin',(231.916666666667,-1.00000000000001,-0.499999999999187));
#18187=CARTESIAN_POINT('',(231.916666666667,-1.00000000000001,-0.499999999999187));
#18188=CARTESIAN_POINT('',(232.016666666669,-1.00000000000001,-0.499999999999187));
#18189=CARTESIAN_POINT('',(231.916666666667,-16.,-0.499999999999187));
#18190=CARTESIAN_POINT('',(232.016666666669,-16.,-0.499999999999187));
#18191=CARTESIAN_POINT('',(231.916666666667,-1.00000000000001,-0.499999999999187));
#18192=CARTESIAN_POINT('Origin',(231.916666666667,-1.00000000000001,3.79289353130842));
#18193=CARTESIAN_POINT('',(231.916666666667,-1.00000000000001,3.79289353130842));
#18194=CARTESIAN_POINT('',(231.916666666667,-1.00000000000001,3.79289353130842));
#18195=CARTESIAN_POINT('',(231.916666666667,-16.,3.79289353130842));
#18196=CARTESIAN_POINT('',(231.916666666667,-16.,3.79289353130842));
#18197=CARTESIAN_POINT('',(231.916666666667,-1.00000000000001,3.79289353130842));
#18198=CARTESIAN_POINT('Origin',(231.516666666667,-1.00000000000001,3.79289321881352));
#18199=CARTESIAN_POINT('',(231.233823629811,-1.00000000000001,4.07573560690663));
#18200=CARTESIAN_POINT('Origin',(231.516666666667,-1.00000000000001,3.79289321881352));
#18201=CARTESIAN_POINT('',(231.233823629811,-16.,4.07573560690663));
#18202=CARTESIAN_POINT('Origin',(231.516666666667,-16.,3.79289321881352));
#18203=CARTESIAN_POINT('',(231.233823629811,-1.00000000000001,4.07573560690663));
#18204=CARTESIAN_POINT('Origin',(228.940931008077,-1.00000000000001,1.78284298517311));
#18205=CARTESIAN_POINT('',(228.940931008077,-1.00000000000001,1.78284298517311));
#18206=CARTESIAN_POINT('',(228.940931008077,-1.00000000000001,1.78284298517311));
#18207=CARTESIAN_POINT('',(228.940931008077,-16.,1.78284298517311));
#18208=CARTESIAN_POINT('',(228.940931008077,-16.,1.78284298517311));
#18209=CARTESIAN_POINT('',(228.940931008077,-1.00000000000001,1.78284298517311));
#18210=CARTESIAN_POINT('Origin',(228.516666666667,-1.00000000000001,2.20710678118663));
#18211=CARTESIAN_POINT('',(227.916666666667,-1.00000000000001,2.20710626542065));
#18212=CARTESIAN_POINT('Origin',(228.516666666667,-1.00000000000001,2.20710678118663));
#18213=CARTESIAN_POINT('',(227.916666666667,-16.,2.20710626542065));
#18214=CARTESIAN_POINT('Origin',(228.516666666667,-16.,2.20710678118663));
#18215=CARTESIAN_POINT('',(227.916666666667,-1.00000000000001,2.20710626542065));
#18216=CARTESIAN_POINT('Origin',(227.916666666667,-1.00000000000001,9.79289271313566));
#18217=CARTESIAN_POINT('',(227.916666666667,-1.00000000000001,9.79289271313566));
#18218=CARTESIAN_POINT('',(227.916666666667,-1.00000000000001,9.79289271313566));
#18219=CARTESIAN_POINT('',(227.916666666667,-16.,9.79289271313566));
#18220=CARTESIAN_POINT('',(227.916666666667,-16.,9.79289271313566));
#18221=CARTESIAN_POINT('',(227.916666666667,-1.00000000000001,9.79289271313566));
#18222=CARTESIAN_POINT('Origin',(228.516666666667,-1.00000000000001,9.79289321881338));
#18223=CARTESIAN_POINT('',(228.94093045895,-1.00000000000001,10.2171575639539));
#18224=CARTESIAN_POINT('Origin',(228.516666666667,-1.00000000000001,9.79289321881338));
#18225=CARTESIAN_POINT('',(228.94093045895,-16.,10.2171575639539));
#18226=CARTESIAN_POINT('Origin',(228.516666666667,-16.,9.79289321881338));
#18227=CARTESIAN_POINT('',(228.94093045895,-1.00000000000001,10.2171575639539));
#18228=CARTESIAN_POINT('Origin',(231.233824253109,-1.00000000000001,7.92426376979526));
#18229=CARTESIAN_POINT('',(231.233824253109,-1.00000000000001,7.92426376979525));
#18230=CARTESIAN_POINT('',(228.94093045895,-1.00000000000001,10.2171575639539));
#18231=CARTESIAN_POINT('',(231.233824253109,-16.,7.92426376979525));
#18232=CARTESIAN_POINT('',(228.94093045895,-16.,10.2171575639539));
#18233=CARTESIAN_POINT('',(231.233824253109,-1.00000000000001,7.92426376979525));
#18234=CARTESIAN_POINT('Origin',(231.516666666667,-1.00000000000001,8.20710678118654));
#18235=CARTESIAN_POINT('',(231.916666666667,-1.00000000000001,8.20710710236864));
#18236=CARTESIAN_POINT('Origin',(231.516666666667,-1.00000000000001,8.20710678118654));
#18237=CARTESIAN_POINT('',(231.916666666667,-16.,8.20710710236864));
#18238=CARTESIAN_POINT('Origin',(231.516666666667,-16.,8.20710678118654));
#18239=CARTESIAN_POINT('',(231.916666666667,-1.00000000000001,8.20710710236864));
#18240=CARTESIAN_POINT('Origin',(231.916666666667,-1.00000000000001,15.0000000000002));
#18241=CARTESIAN_POINT('',(231.916666666667,-1.00000000000001,15.0000000000002));
#18242=CARTESIAN_POINT('',(231.916666666667,-1.00000000000001,8.20710710236864));
#18243=CARTESIAN_POINT('',(231.916666666667,-16.,15.0000000000002));
#18244=CARTESIAN_POINT('',(231.916666666667,-16.,8.20710710236864));
#18245=CARTESIAN_POINT('',(231.916666666667,-1.00000000000001,15.0000000000002));
#18246=CARTESIAN_POINT('Origin',(232.016666666667,-1.00000000000001,15.0000000000002));
#18247=CARTESIAN_POINT('',(232.016666666667,-1.00000000000001,15.0000000000002));
#18248=CARTESIAN_POINT('',(232.016666666667,-1.00000000000001,15.0000000000002));
#18249=CARTESIAN_POINT('',(232.016666666667,-16.,15.0000000000002));
#18250=CARTESIAN_POINT('',(232.016666666667,-16.,15.0000000000002));
#18251=CARTESIAN_POINT('',(232.016666666667,-1.00000000000001,15.0000000000002));
#18252=CARTESIAN_POINT('Origin',(232.016666666667,-1.00000000000001,8.20710678118654));
#18253=CARTESIAN_POINT('',(232.016666666667,-1.00000000000001,8.20710678118654));
#18254=CARTESIAN_POINT('',(232.016666666667,-1.00000000000001,8.20710678118654));
#18255=CARTESIAN_POINT('',(232.016666666667,-16.,8.20710678118654));
#18256=CARTESIAN_POINT('',(232.016666666667,-16.,8.20710678118654));
#18257=CARTESIAN_POINT('',(232.016666666667,-1.00000000000001,8.20710678118654));
#18258=CARTESIAN_POINT('Origin',(231.516666666667,-1.00000000000001,8.20710678118654));
#18259=CARTESIAN_POINT('Origin',(231.516666666667,-1.00000000000001,8.20710678118654));
#18260=CARTESIAN_POINT('Origin',(231.516666666667,-16.,8.20710678118654));
#18261=CARTESIAN_POINT('Origin',(229.966666666668,-1.00000000000001,7.25000000000048));
#18262=CARTESIAN_POINT('Origin',(229.966666666668,-16.,7.25000000000048));
#18263=CARTESIAN_POINT('Origin',(375.506886723927,-1.00000000000003,10.1464466094067));
#18264=CARTESIAN_POINT('',(375.506886723927,-1.00000000000003,10.1464466094067));
#18265=CARTESIAN_POINT('',(377.79977994274,-1.00000000000003,7.85355339059326));
#18266=CARTESIAN_POINT('',(375.506886723927,-1.00000000000003,10.1464466094067));
#18267=CARTESIAN_POINT('',(377.79977994274,-16.,7.85355339059326));
#18268=CARTESIAN_POINT('',(377.79977994274,-1.00000000000003,7.85355339059326));
#18269=CARTESIAN_POINT('',(375.506886723927,-16.,10.1464466094067));
#18270=CARTESIAN_POINT('',(375.506886723927,-16.,10.1464466094067));
#18271=CARTESIAN_POINT('',(375.506886723927,-1.00000000000003,10.1464466094067));
#18272=CARTESIAN_POINT('Origin',(375.153333333333,-1.00000000000003,9.79289321881338));
#18273=CARTESIAN_POINT('',(374.653333333333,-1.00000000000003,9.79289321881338));
#18274=CARTESIAN_POINT('Origin',(375.153333333333,-1.00000000000003,9.79289321881338));
#18275=CARTESIAN_POINT('',(374.653333333333,-16.,9.79289321881338));
#18276=CARTESIAN_POINT('Origin',(375.153333333333,-16.,9.79289321881338));
#18277=CARTESIAN_POINT('',(374.653333333333,-1.00000000000003,9.79289321881338));
#18278=CARTESIAN_POINT('Origin',(374.653333333333,-1.00000000000003,2.20710678118663));
#18279=CARTESIAN_POINT('',(374.653333333333,-1.00000000000003,2.20710678118663));
#18280=CARTESIAN_POINT('',(374.653333333333,-1.00000000000003,9.79289321881338));
#18281=CARTESIAN_POINT('',(374.653333333333,-16.,2.20710678118663));
#18282=CARTESIAN_POINT('',(374.653333333333,-16.,9.79289321881338));
#18283=CARTESIAN_POINT('',(374.653333333333,-1.00000000000003,2.20710678118663));
#18284=CARTESIAN_POINT('Origin',(375.153333333333,-1.00000000000003,2.20710678118663));
#18285=CARTESIAN_POINT('',(375.506886723927,-1.00000000000003,1.85355339059335));
#18286=CARTESIAN_POINT('Origin',(375.153333333333,-1.00000000000003,2.20710678118663));
#18287=CARTESIAN_POINT('',(375.506886723927,-16.,1.85355339059335));
#18288=CARTESIAN_POINT('Origin',(375.153333333333,-16.,2.20710678118663));
#18289=CARTESIAN_POINT('',(375.506886723927,-1.00000000000003,1.85355339059335));
#18290=CARTESIAN_POINT('Origin',(377.79977994274,-1.00000000000003,4.1464466094068));
#18291=CARTESIAN_POINT('',(377.79977994274,-1.00000000000003,4.1464466094068));
#18292=CARTESIAN_POINT('',(375.506886723927,-1.00000000000003,1.85355339059335));
#18293=CARTESIAN_POINT('',(377.79977994274,-16.,4.1464466094068));
#18294=CARTESIAN_POINT('',(375.506886723927,-16.,1.85355339059335));
#18295=CARTESIAN_POINT('',(377.79977994274,-1.00000000000003,4.1464466094068));
#18296=CARTESIAN_POINT('Origin',(378.153333333333,-1.00000000000003,3.79289321881352));
#18297=CARTESIAN_POINT('',(378.653333333333,-1.00000000000003,3.79289321881352));
#18298=CARTESIAN_POINT('Origin',(378.153333333333,-1.00000000000003,3.79289321881352));
#18299=CARTESIAN_POINT('',(378.653333333333,-16.,3.79289321881352));
#18300=CARTESIAN_POINT('Origin',(378.153333333333,-16.,3.79289321881352));
#18301=CARTESIAN_POINT('',(378.653333333333,-1.00000000000003,3.79289321881352));
#18302=CARTESIAN_POINT('Origin',(378.653333333336,-1.00000000000003,-0.499999999999187));
#18303=CARTESIAN_POINT('',(378.653333333336,-1.00000000000003,-0.499999999999187));
#18304=CARTESIAN_POINT('',(378.653333333333,-1.00000000000003,3.79289321881352));
#18305=CARTESIAN_POINT('',(378.653333333336,-16.,-0.499999999999188));
#18306=CARTESIAN_POINT('',(378.653333333333,-16.,3.79289321881352));
#18307=CARTESIAN_POINT('',(378.653333333336,-1.00000000000003,-0.499999999999187));
#18308=CARTESIAN_POINT('Origin',(378.553333333333,-1.00000000000003,-0.499999999999187));
#18309=CARTESIAN_POINT('',(378.553333333333,-1.00000000000003,-0.499999999999187));
#18310=CARTESIAN_POINT('',(378.653333333336,-1.00000000000003,-0.499999999999187));
#18311=CARTESIAN_POINT('',(378.553333333333,-16.,-0.499999999999187));
#18312=CARTESIAN_POINT('',(378.653333333336,-16.,-0.499999999999187));
#18313=CARTESIAN_POINT('',(378.553333333333,-1.00000000000003,-0.499999999999187));
#18314=CARTESIAN_POINT('Origin',(378.553333333333,-1.00000000000003,3.79289353130842));
#18315=CARTESIAN_POINT('',(378.553333333333,-1.00000000000003,3.79289353130842));
#18316=CARTESIAN_POINT('',(378.553333333333,-1.00000000000003,3.79289353130842));
#18317=CARTESIAN_POINT('',(378.553333333333,-16.,3.79289353130842));
#18318=CARTESIAN_POINT('',(378.553333333333,-16.,3.79289353130842));
#18319=CARTESIAN_POINT('',(378.553333333333,-1.00000000000003,3.79289353130842));
#18320=CARTESIAN_POINT('Origin',(378.153333333333,-1.00000000000003,3.79289321881352));
#18321=CARTESIAN_POINT('',(377.870490296477,-1.00000000000003,4.07573560690663));
#18322=CARTESIAN_POINT('Origin',(378.153333333333,-1.00000000000003,3.79289321881352));
#18323=CARTESIAN_POINT('',(377.870490296477,-16.,4.07573560690663));
#18324=CARTESIAN_POINT('Origin',(378.153333333333,-16.,3.79289321881352));
#18325=CARTESIAN_POINT('',(377.870490296477,-1.00000000000003,4.07573560690663));
#18326=CARTESIAN_POINT('Origin',(375.577597674744,-1.00000000000003,1.78284298517311));
#18327=CARTESIAN_POINT('',(375.577597674744,-1.00000000000003,1.78284298517311));
#18328=CARTESIAN_POINT('',(375.577597674744,-1.00000000000003,1.78284298517311));
#18329=CARTESIAN_POINT('',(375.577597674744,-16.,1.78284298517311));
#18330=CARTESIAN_POINT('',(375.577597674744,-16.,1.78284298517311));
#18331=CARTESIAN_POINT('',(375.577597674744,-1.00000000000003,1.78284298517311));
#18332=CARTESIAN_POINT('Origin',(375.153333333333,-1.00000000000003,2.20710678118663));
#18333=CARTESIAN_POINT('',(374.553333333333,-1.00000000000003,2.20710626542065));
#18334=CARTESIAN_POINT('Origin',(375.153333333333,-1.00000000000003,2.20710678118663));
#18335=CARTESIAN_POINT('',(374.553333333333,-16.,2.20710626542065));
#18336=CARTESIAN_POINT('Origin',(375.153333333333,-16.,2.20710678118663));
#18337=CARTESIAN_POINT('',(374.553333333333,-1.00000000000003,2.20710626542065));
#18338=CARTESIAN_POINT('Origin',(374.553333333333,-1.00000000000003,9.79289271313566));
#18339=CARTESIAN_POINT('',(374.553333333333,-1.00000000000003,9.79289271313566));
#18340=CARTESIAN_POINT('',(374.553333333333,-1.00000000000003,9.79289271313566));
#18341=CARTESIAN_POINT('',(374.553333333333,-16.,9.79289271313566));
#18342=CARTESIAN_POINT('',(374.553333333333,-16.,9.79289271313566));
#18343=CARTESIAN_POINT('',(374.553333333333,-1.00000000000003,9.79289271313566));
#18344=CARTESIAN_POINT('Origin',(375.153333333333,-1.00000000000003,9.79289321881338));
#18345=CARTESIAN_POINT('',(375.577597125617,-1.00000000000003,10.2171575639539));
#18346=CARTESIAN_POINT('Origin',(375.153333333333,-1.00000000000003,9.79289321881338));
#18347=CARTESIAN_POINT('',(375.577597125617,-16.,10.2171575639539));
#18348=CARTESIAN_POINT('Origin',(375.153333333333,-16.,9.79289321881338));
#18349=CARTESIAN_POINT('',(375.577597125617,-1.00000000000003,10.2171575639539));
#18350=CARTESIAN_POINT('Origin',(377.870490919776,-1.00000000000003,7.92426376979526));
#18351=CARTESIAN_POINT('',(377.870490919776,-1.00000000000003,7.92426376979525));
#18352=CARTESIAN_POINT('',(375.577597125617,-1.00000000000003,10.2171575639539));
#18353=CARTESIAN_POINT('',(377.870490919776,-16.,7.92426376979525));
#18354=CARTESIAN_POINT('',(375.577597125617,-16.,10.2171575639539));
#18355=CARTESIAN_POINT('',(377.870490919776,-1.00000000000003,7.92426376979525));
#18356=CARTESIAN_POINT('Origin',(378.153333333333,-1.00000000000003,8.20710678118654));
#18357=CARTESIAN_POINT('',(378.553333333333,-1.00000000000003,8.20710710236864));
#18358=CARTESIAN_POINT('Origin',(378.153333333333,-1.00000000000003,8.20710678118654));
#18359=CARTESIAN_POINT('',(378.553333333333,-16.,8.20710710236864));
#18360=CARTESIAN_POINT('Origin',(378.153333333333,-16.,8.20710678118654));
#18361=CARTESIAN_POINT('',(378.553333333333,-1.00000000000003,8.20710710236864));
#18362=CARTESIAN_POINT('Origin',(378.553333333333,-1.00000000000003,15.0000000000002));
#18363=CARTESIAN_POINT('',(378.553333333333,-1.00000000000003,15.0000000000002));
#18364=CARTESIAN_POINT('',(378.553333333333,-1.00000000000003,8.20710710236864));
#18365=CARTESIAN_POINT('',(378.553333333333,-16.,15.0000000000002));
#18366=CARTESIAN_POINT('',(378.553333333333,-16.,8.20710710236864));
#18367=CARTESIAN_POINT('',(378.553333333333,-1.00000000000003,15.0000000000002));
#18368=CARTESIAN_POINT('Origin',(378.653333333333,-1.00000000000003,15.0000000000002));
#18369=CARTESIAN_POINT('',(378.653333333333,-1.00000000000003,15.0000000000002));
#18370=CARTESIAN_POINT('',(378.653333333333,-1.00000000000003,15.0000000000002));
#18371=CARTESIAN_POINT('',(378.653333333333,-16.,15.0000000000002));
#18372=CARTESIAN_POINT('',(378.653333333333,-16.,15.0000000000002));
#18373=CARTESIAN_POINT('',(378.653333333333,-1.00000000000003,15.0000000000002));
#18374=CARTESIAN_POINT('Origin',(378.653333333333,-1.00000000000003,8.20710678118654));
#18375=CARTESIAN_POINT('',(378.653333333333,-1.00000000000003,8.20710678118654));
#18376=CARTESIAN_POINT('',(378.653333333333,-1.00000000000003,8.20710678118654));
#18377=CARTESIAN_POINT('',(378.653333333333,-16.,8.20710678118654));
#18378=CARTESIAN_POINT('',(378.653333333333,-16.,8.20710678118654));
#18379=CARTESIAN_POINT('',(378.653333333333,-1.00000000000003,8.20710678118654));
#18380=CARTESIAN_POINT('Origin',(378.153333333333,-1.00000000000003,8.20710678118654));
#18381=CARTESIAN_POINT('Origin',(378.153333333333,-1.00000000000003,8.20710678118654));
#18382=CARTESIAN_POINT('Origin',(378.153333333333,-16.,8.20710678118654));
#18383=CARTESIAN_POINT('Origin',(376.603333333335,-1.00000000000003,7.25000000000048));
#18384=CARTESIAN_POINT('Origin',(376.603333333335,-16.,7.25000000000048));
#18385=CARTESIAN_POINT('Origin',(522.143553390593,-1.00000000000004,10.1464466094067));
#18386=CARTESIAN_POINT('',(522.143553390593,-1.00000000000004,10.1464466094067));
#18387=CARTESIAN_POINT('',(524.436446609407,-1.00000000000004,7.85355339059326));
#18388=CARTESIAN_POINT('',(522.143553390593,-1.00000000000004,10.1464466094067));
#18389=CARTESIAN_POINT('',(524.436446609407,-16.,7.85355339059326));
#18390=CARTESIAN_POINT('',(524.436446609407,-1.00000000000004,7.85355339059326));
#18391=CARTESIAN_POINT('',(522.143553390593,-16.,10.1464466094067));
#18392=CARTESIAN_POINT('',(522.143553390593,-16.,10.1464466094067));
#18393=CARTESIAN_POINT('',(522.143553390593,-1.00000000000004,10.1464466094067));
#18394=CARTESIAN_POINT('Origin',(521.79,-1.00000000000004,9.79289321881338));
#18395=CARTESIAN_POINT('',(521.29,-1.00000000000004,9.79289321881338));
#18396=CARTESIAN_POINT('Origin',(521.79,-1.00000000000004,9.79289321881338));
#18397=CARTESIAN_POINT('',(521.29,-16.,9.79289321881338));
#18398=CARTESIAN_POINT('Origin',(521.79,-16.,9.79289321881338));
#18399=CARTESIAN_POINT('',(521.29,-1.00000000000004,9.79289321881338));
#18400=CARTESIAN_POINT('Origin',(521.29,-1.00000000000004,2.20710678118663));
#18401=CARTESIAN_POINT('',(521.29,-1.00000000000004,2.20710678118663));
#18402=CARTESIAN_POINT('',(521.29,-1.00000000000004,9.79289321881338));
#18403=CARTESIAN_POINT('',(521.29,-16.,2.20710678118663));
#18404=CARTESIAN_POINT('',(521.29,-16.,9.79289321881338));
#18405=CARTESIAN_POINT('',(521.29,-1.00000000000004,2.20710678118663));
#18406=CARTESIAN_POINT('Origin',(521.79,-1.00000000000004,2.20710678118663));
#18407=CARTESIAN_POINT('',(522.143553390593,-1.00000000000004,1.85355339059335));
#18408=CARTESIAN_POINT('Origin',(521.79,-1.00000000000004,2.20710678118663));
#18409=CARTESIAN_POINT('',(522.143553390593,-16.,1.85355339059335));
#18410=CARTESIAN_POINT('Origin',(521.79,-16.,2.20710678118663));
#18411=CARTESIAN_POINT('',(522.143553390593,-1.00000000000004,1.85355339059335));
#18412=CARTESIAN_POINT('Origin',(524.436446609407,-1.00000000000004,4.1464466094068));
#18413=CARTESIAN_POINT('',(524.436446609407,-1.00000000000004,4.1464466094068));
#18414=CARTESIAN_POINT('',(522.143553390593,-1.00000000000004,1.85355339059335));
#18415=CARTESIAN_POINT('',(524.436446609407,-16.,4.1464466094068));
#18416=CARTESIAN_POINT('',(522.143553390593,-16.,1.85355339059335));
#18417=CARTESIAN_POINT('',(524.436446609407,-1.00000000000004,4.1464466094068));
#18418=CARTESIAN_POINT('Origin',(524.79,-1.00000000000004,3.79289321881352));
#18419=CARTESIAN_POINT('',(525.29,-1.00000000000004,3.79289321881352));
#18420=CARTESIAN_POINT('Origin',(524.79,-1.00000000000004,3.79289321881352));
#18421=CARTESIAN_POINT('',(525.29,-16.,3.79289321881352));
#18422=CARTESIAN_POINT('Origin',(524.79,-16.,3.79289321881352));
#18423=CARTESIAN_POINT('',(525.29,-1.00000000000004,3.79289321881352));
#18424=CARTESIAN_POINT('Origin',(525.290000000003,-1.00000000000004,-0.499999999999187));
#18425=CARTESIAN_POINT('',(525.290000000003,-1.00000000000004,-0.499999999999187));
#18426=CARTESIAN_POINT('',(525.29,-1.00000000000004,3.79289321881352));
#18427=CARTESIAN_POINT('',(525.290000000003,-16.,-0.499999999999188));
#18428=CARTESIAN_POINT('',(525.29,-16.,3.79289321881352));
#18429=CARTESIAN_POINT('',(525.290000000003,-1.00000000000004,-0.499999999999187));
#18430=CARTESIAN_POINT('Origin',(525.19,-1.00000000000004,-0.499999999999187));
#18431=CARTESIAN_POINT('',(525.19,-1.00000000000004,-0.499999999999187));
#18432=CARTESIAN_POINT('',(525.290000000003,-1.00000000000004,-0.499999999999187));
#18433=CARTESIAN_POINT('',(525.19,-16.,-0.499999999999187));
#18434=CARTESIAN_POINT('',(525.290000000003,-16.,-0.499999999999187));
#18435=CARTESIAN_POINT('',(525.19,-1.00000000000004,-0.499999999999187));
#18436=CARTESIAN_POINT('Origin',(525.19,-1.00000000000004,3.79289353130842));
#18437=CARTESIAN_POINT('',(525.19,-1.00000000000004,3.79289353130842));
#18438=CARTESIAN_POINT('',(525.19,-1.00000000000004,3.79289353130842));
#18439=CARTESIAN_POINT('',(525.19,-16.,3.79289353130842));
#18440=CARTESIAN_POINT('',(525.19,-16.,3.79289353130842));
#18441=CARTESIAN_POINT('',(525.19,-1.00000000000004,3.79289353130842));
#18442=CARTESIAN_POINT('Origin',(524.79,-1.00000000000004,3.79289321881352));
#18443=CARTESIAN_POINT('',(524.507156963144,-1.00000000000004,4.07573560690663));
#18444=CARTESIAN_POINT('Origin',(524.79,-1.00000000000004,3.79289321881352));
#18445=CARTESIAN_POINT('',(524.507156963144,-16.,4.07573560690663));
#18446=CARTESIAN_POINT('Origin',(524.79,-16.,3.79289321881352));
#18447=CARTESIAN_POINT('',(524.507156963144,-1.00000000000004,4.07573560690663));
#18448=CARTESIAN_POINT('Origin',(522.214264341411,-1.00000000000004,1.78284298517311));
#18449=CARTESIAN_POINT('',(522.214264341411,-1.00000000000004,1.78284298517311));
#18450=CARTESIAN_POINT('',(522.214264341411,-1.00000000000004,1.78284298517311));
#18451=CARTESIAN_POINT('',(522.214264341411,-16.,1.78284298517311));
#18452=CARTESIAN_POINT('',(522.214264341411,-16.,1.78284298517311));
#18453=CARTESIAN_POINT('',(522.214264341411,-1.00000000000004,1.78284298517311));
#18454=CARTESIAN_POINT('Origin',(521.79,-1.00000000000004,2.20710678118663));
#18455=CARTESIAN_POINT('',(521.19,-1.00000000000004,2.20710626542065));
#18456=CARTESIAN_POINT('Origin',(521.79,-1.00000000000004,2.20710678118663));
#18457=CARTESIAN_POINT('',(521.19,-16.,2.20710626542065));
#18458=CARTESIAN_POINT('Origin',(521.79,-16.,2.20710678118663));
#18459=CARTESIAN_POINT('',(521.19,-1.00000000000004,2.20710626542065));
#18460=CARTESIAN_POINT('Origin',(521.19,-1.00000000000004,9.79289271313566));
#18461=CARTESIAN_POINT('',(521.19,-1.00000000000004,9.79289271313566));
#18462=CARTESIAN_POINT('',(521.19,-1.00000000000004,9.79289271313566));
#18463=CARTESIAN_POINT('',(521.19,-16.,9.79289271313566));
#18464=CARTESIAN_POINT('',(521.19,-16.,9.79289271313566));
#18465=CARTESIAN_POINT('',(521.19,-1.00000000000004,9.79289271313566));
#18466=CARTESIAN_POINT('Origin',(521.79,-1.00000000000004,9.79289321881338));
#18467=CARTESIAN_POINT('',(522.214263792283,-1.00000000000004,10.2171575639539));
#18468=CARTESIAN_POINT('Origin',(521.79,-1.00000000000004,9.79289321881338));
#18469=CARTESIAN_POINT('',(522.214263792283,-16.,10.2171575639539));
#18470=CARTESIAN_POINT('Origin',(521.79,-16.,9.79289321881338));
#18471=CARTESIAN_POINT('',(522.214263792283,-1.00000000000004,10.2171575639539));
#18472=CARTESIAN_POINT('Origin',(524.507157586442,-1.00000000000004,7.92426376979526));
#18473=CARTESIAN_POINT('',(524.507157586442,-1.00000000000004,7.92426376979525));
#18474=CARTESIAN_POINT('',(522.214263792283,-1.00000000000004,10.2171575639539));
#18475=CARTESIAN_POINT('',(524.507157586442,-16.,7.92426376979525));
#18476=CARTESIAN_POINT('',(522.214263792283,-16.,10.2171575639539));
#18477=CARTESIAN_POINT('',(524.507157586442,-1.00000000000004,7.92426376979525));
#18478=CARTESIAN_POINT('Origin',(524.79,-1.00000000000004,8.20710678118654));
#18479=CARTESIAN_POINT('',(525.19,-1.00000000000004,8.20710710236864));
#18480=CARTESIAN_POINT('Origin',(524.79,-1.00000000000004,8.20710678118654));
#18481=CARTESIAN_POINT('',(525.19,-16.,8.20710710236864));
#18482=CARTESIAN_POINT('Origin',(524.79,-16.,8.20710678118654));
#18483=CARTESIAN_POINT('',(525.19,-1.00000000000004,8.20710710236864));
#18484=CARTESIAN_POINT('Origin',(525.19,-1.00000000000004,15.0000000000002));
#18485=CARTESIAN_POINT('',(525.19,-1.00000000000004,15.0000000000002));
#18486=CARTESIAN_POINT('',(525.19,-1.00000000000004,8.20710710236864));
#18487=CARTESIAN_POINT('',(525.19,-16.,15.0000000000002));
#18488=CARTESIAN_POINT('',(525.19,-16.,8.20710710236864));
#18489=CARTESIAN_POINT('',(525.19,-1.00000000000004,15.0000000000002));
#18490=CARTESIAN_POINT('Origin',(525.29,-1.00000000000004,15.0000000000002));
#18491=CARTESIAN_POINT('',(525.29,-1.00000000000004,15.0000000000002));
#18492=CARTESIAN_POINT('',(525.29,-1.00000000000004,15.0000000000002));
#18493=CARTESIAN_POINT('',(525.29,-16.,15.0000000000002));
#18494=CARTESIAN_POINT('',(525.29,-16.,15.0000000000002));
#18495=CARTESIAN_POINT('',(525.29,-1.00000000000004,15.0000000000002));
#18496=CARTESIAN_POINT('Origin',(525.29,-1.00000000000004,8.20710678118654));
#18497=CARTESIAN_POINT('',(525.29,-1.00000000000004,8.20710678118654));
#18498=CARTESIAN_POINT('',(525.29,-1.00000000000004,8.20710678118654));
#18499=CARTESIAN_POINT('',(525.29,-16.,8.20710678118654));
#18500=CARTESIAN_POINT('',(525.29,-16.,8.20710678118654));
#18501=CARTESIAN_POINT('',(525.29,-1.00000000000004,8.20710678118654));
#18502=CARTESIAN_POINT('Origin',(524.79,-1.00000000000004,8.20710678118654));
#18503=CARTESIAN_POINT('Origin',(524.79,-1.00000000000004,8.20710678118654));
#18504=CARTESIAN_POINT('Origin',(524.79,-16.,8.20710678118654));
#18505=CARTESIAN_POINT('Origin',(523.240000000001,-1.00000000000004,7.25000000000048));
#18506=CARTESIAN_POINT('Origin',(523.240000000001,-16.,7.25000000000048));
#18507=CARTESIAN_POINT('Origin',(82.2335533905933,-1.,24.47977994274));
#18508=CARTESIAN_POINT('',(82.2335533905933,-1.,24.47977994274));
#18509=CARTESIAN_POINT('',(84.5264466094067,-1.,22.1868867239266));
#18510=CARTESIAN_POINT('',(82.2335533905933,-1.,24.47977994274));
#18511=CARTESIAN_POINT('',(84.5264466094067,-16.,22.1868867239266));
#18512=CARTESIAN_POINT('',(84.5264466094067,-1.,22.1868867239266));
#18513=CARTESIAN_POINT('',(82.2335533905933,-16.,24.47977994274));
#18514=CARTESIAN_POINT('',(82.2335533905933,-16.,24.47977994274));
#18515=CARTESIAN_POINT('',(82.2335533905933,-1.,24.47977994274));
#18516=CARTESIAN_POINT('Origin',(81.88,-1.,24.1262265521467));
#18517=CARTESIAN_POINT('',(81.38,-1.,24.1262265521467));
#18518=CARTESIAN_POINT('Origin',(81.88,-1.,24.1262265521467));
#18519=CARTESIAN_POINT('',(81.38,-16.,24.1262265521467));
#18520=CARTESIAN_POINT('Origin',(81.88,-16.,24.1262265521467));
#18521=CARTESIAN_POINT('',(81.38,-1.,24.1262265521467));
#18522=CARTESIAN_POINT('Origin',(81.38,-1.,16.54044011452));
#18523=CARTESIAN_POINT('',(81.38,-1.,16.54044011452));
#18524=CARTESIAN_POINT('',(81.38,-1.,24.1262265521467));
#18525=CARTESIAN_POINT('',(81.38,-16.,16.54044011452));
#18526=CARTESIAN_POINT('',(81.38,-16.,24.1262265521467));
#18527=CARTESIAN_POINT('',(81.38,-1.,16.54044011452));
#18528=CARTESIAN_POINT('Origin',(81.88,-1.,16.54044011452));
#18529=CARTESIAN_POINT('',(82.2335533905933,-1.,16.1868867239267));
#18530=CARTESIAN_POINT('Origin',(81.88,-1.,16.54044011452));
#18531=CARTESIAN_POINT('',(82.2335533905933,-16.,16.1868867239267));
#18532=CARTESIAN_POINT('Origin',(81.88,-16.,16.54044011452));
#18533=CARTESIAN_POINT('',(82.2335533905933,-1.,16.1868867239267));
#18534=CARTESIAN_POINT('Origin',(84.5264466094067,-1.,18.4797799427401));
#18535=CARTESIAN_POINT('',(84.5264466094067,-1.,18.4797799427401));
#18536=CARTESIAN_POINT('',(82.2335533905933,-1.,16.1868867239267));
#18537=CARTESIAN_POINT('',(84.5264466094067,-16.,18.4797799427401));
#18538=CARTESIAN_POINT('',(82.2335533905933,-16.,16.1868867239267));
#18539=CARTESIAN_POINT('',(84.5264466094067,-1.,18.4797799427401));
#18540=CARTESIAN_POINT('Origin',(84.88,-1.,18.1262265521469));
#18541=CARTESIAN_POINT('',(85.38,-1.,18.1262265521469));
#18542=CARTESIAN_POINT('Origin',(84.88,-1.,18.1262265521469));
#18543=CARTESIAN_POINT('',(85.38,-16.,18.1262265521469));
#18544=CARTESIAN_POINT('Origin',(84.88,-16.,18.1262265521469));
#18545=CARTESIAN_POINT('',(85.38,-1.,18.1262265521469));
#18546=CARTESIAN_POINT('Origin',(85.3800000000027,-1.,13.8333333333341));
#18547=CARTESIAN_POINT('',(85.3800000000027,-1.,13.8333333333341));
#18548=CARTESIAN_POINT('',(85.38,-1.,18.1262265521469));
#18549=CARTESIAN_POINT('',(85.3800000000027,-16.,13.8333333333341));
#18550=CARTESIAN_POINT('',(85.38,-16.,18.1262265521469));
#18551=CARTESIAN_POINT('',(85.3800000000027,-1.,13.8333333333341));
#18552=CARTESIAN_POINT('Origin',(85.28,-1.,13.8333333333341));
#18553=CARTESIAN_POINT('',(85.28,-1.,13.8333333333341));
#18554=CARTESIAN_POINT('',(85.3800000000027,-1.,13.8333333333341));
#18555=CARTESIAN_POINT('',(85.28,-16.,13.8333333333341));
#18556=CARTESIAN_POINT('',(85.3800000000027,-16.,13.8333333333341));
#18557=CARTESIAN_POINT('',(85.28,-1.,13.8333333333341));
#18558=CARTESIAN_POINT('Origin',(85.28,-1.,18.1262268646418));
#18559=CARTESIAN_POINT('',(85.28,-1.,18.1262268646418));
#18560=CARTESIAN_POINT('',(85.28,-1.,18.1262268646418));
#18561=CARTESIAN_POINT('',(85.28,-16.,18.1262268646418));
#18562=CARTESIAN_POINT('',(85.28,-16.,18.1262268646418));
#18563=CARTESIAN_POINT('',(85.28,-1.,18.1262268646418));
#18564=CARTESIAN_POINT('Origin',(84.88,-1.,18.1262265521469));
#18565=CARTESIAN_POINT('',(84.5971569631441,-1.,18.40906894024));
#18566=CARTESIAN_POINT('Origin',(84.88,-1.,18.1262265521469));
#18567=CARTESIAN_POINT('',(84.5971569631441,-16.,18.40906894024));
#18568=CARTESIAN_POINT('Origin',(84.88,-16.,18.1262265521469));
#18569=CARTESIAN_POINT('',(84.5971569631441,-1.,18.40906894024));
#18570=CARTESIAN_POINT('Origin',(82.3042643414106,-1.,16.1161763185064));
#18571=CARTESIAN_POINT('',(82.3042643414106,-1.,16.1161763185064));
#18572=CARTESIAN_POINT('',(82.3042643414106,-1.,16.1161763185064));
#18573=CARTESIAN_POINT('',(82.3042643414106,-16.,16.1161763185064));
#18574=CARTESIAN_POINT('',(82.3042643414106,-16.,16.1161763185064));
#18575=CARTESIAN_POINT('',(82.3042643414106,-1.,16.1161763185064));
#18576=CARTESIAN_POINT('Origin',(81.88,-1.,16.54044011452));
#18577=CARTESIAN_POINT('',(81.28,-1.,16.540439598754));
#18578=CARTESIAN_POINT('Origin',(81.88,-1.,16.54044011452));
#18579=CARTESIAN_POINT('',(81.28,-16.,16.540439598754));
#18580=CARTESIAN_POINT('Origin',(81.88,-16.,16.54044011452));
#18581=CARTESIAN_POINT('',(81.28,-1.,16.540439598754));
#18582=CARTESIAN_POINT('Origin',(81.28,-1.,24.126226046469));
#18583=CARTESIAN_POINT('',(81.28,-1.,24.126226046469));
#18584=CARTESIAN_POINT('',(81.28,-1.,24.126226046469));
#18585=CARTESIAN_POINT('',(81.28,-16.,24.126226046469));
#18586=CARTESIAN_POINT('',(81.28,-16.,24.126226046469));
#18587=CARTESIAN_POINT('',(81.28,-1.,24.126226046469));
#18588=CARTESIAN_POINT('Origin',(81.88,-1.,24.1262265521467));
#18589=CARTESIAN_POINT('',(82.3042637922836,-1.,24.5504908972873));
#18590=CARTESIAN_POINT('Origin',(81.88,-1.,24.1262265521467));
#18591=CARTESIAN_POINT('',(82.3042637922836,-16.,24.5504908972873));
#18592=CARTESIAN_POINT('Origin',(81.88,-16.,24.1262265521467));
#18593=CARTESIAN_POINT('',(82.3042637922836,-1.,24.5504908972873));
#18594=CARTESIAN_POINT('Origin',(84.5971575864422,-1.,22.2575971031286));
#18595=CARTESIAN_POINT('',(84.5971575864422,-1.,22.2575971031286));
#18596=CARTESIAN_POINT('',(82.3042637922836,-1.,24.5504908972873));
#18597=CARTESIAN_POINT('',(84.5971575864422,-16.,22.2575971031286));
#18598=CARTESIAN_POINT('',(82.3042637922836,-16.,24.5504908972873));
#18599=CARTESIAN_POINT('',(84.5971575864422,-1.,22.2575971031286));
#18600=CARTESIAN_POINT('Origin',(84.88,-1.,22.5404401145199));
#18601=CARTESIAN_POINT('',(85.28,-1.,22.540440435702));
#18602=CARTESIAN_POINT('Origin',(84.88,-1.,22.5404401145199));
#18603=CARTESIAN_POINT('',(85.28,-16.,22.540440435702));
#18604=CARTESIAN_POINT('Origin',(84.88,-16.,22.5404401145199));
#18605=CARTESIAN_POINT('',(85.28,-1.,22.540440435702));
#18606=CARTESIAN_POINT('Origin',(85.28,-1.,29.3333333333335));
#18607=CARTESIAN_POINT('',(85.28,-1.,29.3333333333335));
#18608=CARTESIAN_POINT('',(85.28,-1.,22.540440435702));
#18609=CARTESIAN_POINT('',(85.28,-16.,29.3333333333335));
#18610=CARTESIAN_POINT('',(85.28,-16.,22.540440435702));
#18611=CARTESIAN_POINT('',(85.28,-1.,29.3333333333335));
#18612=CARTESIAN_POINT('Origin',(85.38,-1.,29.3333333333335));
#18613=CARTESIAN_POINT('',(85.38,-1.,29.3333333333335));
#18614=CARTESIAN_POINT('',(85.38,-1.,29.3333333333335));
#18615=CARTESIAN_POINT('',(85.38,-16.,29.3333333333335));
#18616=CARTESIAN_POINT('',(85.38,-16.,29.3333333333335));
#18617=CARTESIAN_POINT('',(85.38,-1.,29.3333333333335));
#18618=CARTESIAN_POINT('Origin',(85.38,-1.,22.5404401145199));
#18619=CARTESIAN_POINT('',(85.38,-1.,22.5404401145199));
#18620=CARTESIAN_POINT('',(85.38,-1.,22.5404401145199));
#18621=CARTESIAN_POINT('',(85.38,-16.,22.5404401145199));
#18622=CARTESIAN_POINT('',(85.38,-16.,22.5404401145199));
#18623=CARTESIAN_POINT('',(85.38,-1.,22.5404401145199));
#18624=CARTESIAN_POINT('Origin',(84.88,-1.,22.5404401145199));
#18625=CARTESIAN_POINT('Origin',(84.88,-1.,22.5404401145199));
#18626=CARTESIAN_POINT('Origin',(84.88,-16.,22.5404401145199));
#18627=CARTESIAN_POINT('Origin',(83.3300000000013,-1.,21.5833333333338));
#18628=CARTESIAN_POINT('Origin',(83.3300000000013,-16.,21.5833333333338));
#18629=CARTESIAN_POINT('Origin',(228.87022005726,-1.00000000000001,24.47977994274));
#18630=CARTESIAN_POINT('',(228.87022005726,-1.00000000000001,24.47977994274));
#18631=CARTESIAN_POINT('',(231.163113276073,-1.00000000000001,22.1868867239266));
#18632=CARTESIAN_POINT('',(228.87022005726,-1.00000000000001,24.47977994274));
#18633=CARTESIAN_POINT('',(231.163113276073,-16.,22.1868867239266));
#18634=CARTESIAN_POINT('',(231.163113276073,-1.00000000000001,22.1868867239266));
#18635=CARTESIAN_POINT('',(228.87022005726,-16.,24.47977994274));
#18636=CARTESIAN_POINT('',(228.87022005726,-16.,24.47977994274));
#18637=CARTESIAN_POINT('',(228.87022005726,-1.00000000000001,24.47977994274));
#18638=CARTESIAN_POINT('Origin',(228.516666666667,-1.00000000000001,24.1262265521467));
#18639=CARTESIAN_POINT('',(228.016666666667,-1.00000000000001,24.1262265521467));
#18640=CARTESIAN_POINT('Origin',(228.516666666667,-1.00000000000001,24.1262265521467));
#18641=CARTESIAN_POINT('',(228.016666666667,-16.,24.1262265521467));
#18642=CARTESIAN_POINT('Origin',(228.516666666667,-16.,24.1262265521467));
#18643=CARTESIAN_POINT('',(228.016666666667,-1.00000000000001,24.1262265521467));
#18644=CARTESIAN_POINT('Origin',(228.016666666667,-1.00000000000001,16.54044011452));
#18645=CARTESIAN_POINT('',(228.016666666667,-1.00000000000001,16.54044011452));
#18646=CARTESIAN_POINT('',(228.016666666667,-1.00000000000001,24.1262265521467));
#18647=CARTESIAN_POINT('',(228.016666666667,-16.,16.54044011452));
#18648=CARTESIAN_POINT('',(228.016666666667,-16.,24.1262265521467));
#18649=CARTESIAN_POINT('',(228.016666666667,-1.00000000000001,16.54044011452));
#18650=CARTESIAN_POINT('Origin',(228.516666666667,-1.00000000000001,16.54044011452));
#18651=CARTESIAN_POINT('',(228.87022005726,-1.00000000000001,16.1868867239267));
#18652=CARTESIAN_POINT('Origin',(228.516666666667,-1.00000000000001,16.54044011452));
#18653=CARTESIAN_POINT('',(228.87022005726,-16.,16.1868867239267));
#18654=CARTESIAN_POINT('Origin',(228.516666666667,-16.,16.54044011452));
#18655=CARTESIAN_POINT('',(228.87022005726,-1.00000000000001,16.1868867239267));
#18656=CARTESIAN_POINT('Origin',(231.163113276073,-1.00000000000001,18.4797799427401));
#18657=CARTESIAN_POINT('',(231.163113276073,-1.00000000000001,18.4797799427401));
#18658=CARTESIAN_POINT('',(228.87022005726,-1.00000000000001,16.1868867239267));
#18659=CARTESIAN_POINT('',(231.163113276073,-16.,18.4797799427401));
#18660=CARTESIAN_POINT('',(228.87022005726,-16.,16.1868867239267));
#18661=CARTESIAN_POINT('',(231.163113276073,-1.00000000000001,18.4797799427401));
#18662=CARTESIAN_POINT('Origin',(231.516666666667,-1.00000000000001,18.1262265521469));
#18663=CARTESIAN_POINT('',(232.016666666667,-1.00000000000001,18.1262265521469));
#18664=CARTESIAN_POINT('Origin',(231.516666666667,-1.00000000000001,18.1262265521469));
#18665=CARTESIAN_POINT('',(232.016666666667,-16.,18.1262265521469));
#18666=CARTESIAN_POINT('Origin',(231.516666666667,-16.,18.1262265521469));
#18667=CARTESIAN_POINT('',(232.016666666667,-1.00000000000001,18.1262265521469));
#18668=CARTESIAN_POINT('Origin',(232.016666666669,-1.00000000000001,13.8333333333341));
#18669=CARTESIAN_POINT('',(232.016666666669,-1.00000000000001,13.8333333333341));
#18670=CARTESIAN_POINT('',(232.016666666667,-1.00000000000001,18.1262265521469));
#18671=CARTESIAN_POINT('',(232.016666666669,-16.,13.8333333333341));
#18672=CARTESIAN_POINT('',(232.016666666667,-16.,18.1262265521469));
#18673=CARTESIAN_POINT('',(232.016666666669,-1.00000000000001,13.8333333333341));
#18674=CARTESIAN_POINT('Origin',(231.916666666667,-1.00000000000001,13.8333333333341));
#18675=CARTESIAN_POINT('',(231.916666666667,-1.00000000000001,13.8333333333341));
#18676=CARTESIAN_POINT('',(232.016666666669,-1.00000000000001,13.8333333333341));
#18677=CARTESIAN_POINT('',(231.916666666667,-16.,13.8333333333341));
#18678=CARTESIAN_POINT('',(232.016666666669,-16.,13.8333333333341));
#18679=CARTESIAN_POINT('',(231.916666666667,-1.00000000000001,13.8333333333341));
#18680=CARTESIAN_POINT('Origin',(231.916666666667,-1.00000000000001,18.1262268646418));
#18681=CARTESIAN_POINT('',(231.916666666667,-1.00000000000001,18.1262268646418));
#18682=CARTESIAN_POINT('',(231.916666666667,-1.00000000000001,18.1262268646418));
#18683=CARTESIAN_POINT('',(231.916666666667,-16.,18.1262268646418));
#18684=CARTESIAN_POINT('',(231.916666666667,-16.,18.1262268646418));
#18685=CARTESIAN_POINT('',(231.916666666667,-1.00000000000001,18.1262268646418));
#18686=CARTESIAN_POINT('Origin',(231.516666666667,-1.00000000000001,18.1262265521469));
#18687=CARTESIAN_POINT('',(231.233823629811,-1.00000000000001,18.40906894024));
#18688=CARTESIAN_POINT('Origin',(231.516666666667,-1.00000000000001,18.1262265521469));
#18689=CARTESIAN_POINT('',(231.233823629811,-16.,18.40906894024));
#18690=CARTESIAN_POINT('Origin',(231.516666666667,-16.,18.1262265521469));
#18691=CARTESIAN_POINT('',(231.233823629811,-1.00000000000001,18.40906894024));
#18692=CARTESIAN_POINT('Origin',(228.940931008077,-1.00000000000001,16.1161763185064));
#18693=CARTESIAN_POINT('',(228.940931008077,-1.00000000000001,16.1161763185064));
#18694=CARTESIAN_POINT('',(228.940931008077,-1.00000000000001,16.1161763185064));
#18695=CARTESIAN_POINT('',(228.940931008077,-16.,16.1161763185064));
#18696=CARTESIAN_POINT('',(228.940931008077,-16.,16.1161763185064));
#18697=CARTESIAN_POINT('',(228.940931008077,-1.00000000000001,16.1161763185064));
#18698=CARTESIAN_POINT('Origin',(228.516666666667,-1.00000000000001,16.54044011452));
#18699=CARTESIAN_POINT('',(227.916666666667,-1.00000000000001,16.540439598754));
#18700=CARTESIAN_POINT('Origin',(228.516666666667,-1.00000000000001,16.54044011452));
#18701=CARTESIAN_POINT('',(227.916666666667,-16.,16.540439598754));
#18702=CARTESIAN_POINT('Origin',(228.516666666667,-16.,16.54044011452));
#18703=CARTESIAN_POINT('',(227.916666666667,-1.00000000000001,16.540439598754));
#18704=CARTESIAN_POINT('Origin',(227.916666666667,-1.00000000000001,24.126226046469));
#18705=CARTESIAN_POINT('',(227.916666666667,-1.00000000000001,24.126226046469));
#18706=CARTESIAN_POINT('',(227.916666666667,-1.00000000000001,24.126226046469));
#18707=CARTESIAN_POINT('',(227.916666666667,-16.,24.126226046469));
#18708=CARTESIAN_POINT('',(227.916666666667,-16.,24.126226046469));
#18709=CARTESIAN_POINT('',(227.916666666667,-1.00000000000001,24.126226046469));
#18710=CARTESIAN_POINT('Origin',(228.516666666667,-1.00000000000001,24.1262265521467));
#18711=CARTESIAN_POINT('',(228.94093045895,-1.00000000000001,24.5504908972873));
#18712=CARTESIAN_POINT('Origin',(228.516666666667,-1.00000000000001,24.1262265521467));
#18713=CARTESIAN_POINT('',(228.94093045895,-16.,24.5504908972873));
#18714=CARTESIAN_POINT('Origin',(228.516666666667,-16.,24.1262265521467));
#18715=CARTESIAN_POINT('',(228.94093045895,-1.00000000000001,24.5504908972873));
#18716=CARTESIAN_POINT('Origin',(231.233824253109,-1.00000000000001,22.2575971031286));
#18717=CARTESIAN_POINT('',(231.233824253109,-1.00000000000001,22.2575971031286));
#18718=CARTESIAN_POINT('',(228.94093045895,-1.00000000000001,24.5504908972873));
#18719=CARTESIAN_POINT('',(231.233824253109,-16.,22.2575971031286));
#18720=CARTESIAN_POINT('',(228.94093045895,-16.,24.5504908972873));
#18721=CARTESIAN_POINT('',(231.233824253109,-1.00000000000001,22.2575971031286));
#18722=CARTESIAN_POINT('Origin',(231.516666666667,-1.00000000000001,22.5404401145199));
#18723=CARTESIAN_POINT('',(231.916666666667,-1.00000000000001,22.540440435702));
#18724=CARTESIAN_POINT('Origin',(231.516666666667,-1.00000000000001,22.5404401145199));
#18725=CARTESIAN_POINT('',(231.916666666667,-16.,22.540440435702));
#18726=CARTESIAN_POINT('Origin',(231.516666666667,-16.,22.5404401145199));
#18727=CARTESIAN_POINT('',(231.916666666667,-1.00000000000001,22.540440435702));
#18728=CARTESIAN_POINT('Origin',(231.916666666667,-1.00000000000001,29.3333333333335));
#18729=CARTESIAN_POINT('',(231.916666666667,-1.00000000000001,29.3333333333335));
#18730=CARTESIAN_POINT('',(231.916666666667,-1.00000000000001,22.540440435702));
#18731=CARTESIAN_POINT('',(231.916666666667,-16.,29.3333333333335));
#18732=CARTESIAN_POINT('',(231.916666666667,-16.,22.540440435702));
#18733=CARTESIAN_POINT('',(231.916666666667,-1.00000000000001,29.3333333333335));
#18734=CARTESIAN_POINT('Origin',(232.016666666667,-1.00000000000001,29.3333333333335));
#18735=CARTESIAN_POINT('',(232.016666666667,-1.00000000000001,29.3333333333335));
#18736=CARTESIAN_POINT('',(232.016666666667,-1.00000000000001,29.3333333333335));
#18737=CARTESIAN_POINT('',(232.016666666667,-16.,29.3333333333335));
#18738=CARTESIAN_POINT('',(232.016666666667,-16.,29.3333333333335));
#18739=CARTESIAN_POINT('',(232.016666666667,-1.00000000000001,29.3333333333335));
#18740=CARTESIAN_POINT('Origin',(232.016666666667,-1.00000000000001,22.5404401145199));
#18741=CARTESIAN_POINT('',(232.016666666667,-1.00000000000001,22.5404401145199));
#18742=CARTESIAN_POINT('',(232.016666666667,-1.00000000000001,22.5404401145199));
#18743=CARTESIAN_POINT('',(232.016666666667,-16.,22.5404401145199));
#18744=CARTESIAN_POINT('',(232.016666666667,-16.,22.5404401145199));
#18745=CARTESIAN_POINT('',(232.016666666667,-1.00000000000001,22.5404401145199));
#18746=CARTESIAN_POINT('Origin',(231.516666666667,-1.00000000000001,22.5404401145199));
#18747=CARTESIAN_POINT('Origin',(231.516666666667,-1.00000000000001,22.5404401145199));
#18748=CARTESIAN_POINT('Origin',(231.516666666667,-16.,22.5404401145199));
#18749=CARTESIAN_POINT('Origin',(229.966666666668,-1.00000000000001,21.5833333333338));
#18750=CARTESIAN_POINT('Origin',(229.966666666668,-16.,21.5833333333338));
#18751=CARTESIAN_POINT('Origin',(375.506886723927,-1.00000000000003,24.47977994274));
#18752=CARTESIAN_POINT('',(375.506886723927,-1.00000000000003,24.47977994274));
#18753=CARTESIAN_POINT('',(377.79977994274,-1.00000000000003,22.1868867239266));
#18754=CARTESIAN_POINT('',(375.506886723927,-1.00000000000003,24.47977994274));
#18755=CARTESIAN_POINT('',(377.79977994274,-16.,22.1868867239266));
#18756=CARTESIAN_POINT('',(377.79977994274,-1.00000000000003,22.1868867239266));
#18757=CARTESIAN_POINT('',(375.506886723927,-16.,24.47977994274));
#18758=CARTESIAN_POINT('',(375.506886723927,-16.,24.47977994274));
#18759=CARTESIAN_POINT('',(375.506886723927,-1.00000000000003,24.47977994274));
#18760=CARTESIAN_POINT('Origin',(375.153333333333,-1.00000000000003,24.1262265521467));
#18761=CARTESIAN_POINT('',(374.653333333333,-1.00000000000003,24.1262265521467));
#18762=CARTESIAN_POINT('Origin',(375.153333333333,-1.00000000000003,24.1262265521467));
#18763=CARTESIAN_POINT('',(374.653333333333,-16.,24.1262265521467));
#18764=CARTESIAN_POINT('Origin',(375.153333333333,-16.,24.1262265521467));
#18765=CARTESIAN_POINT('',(374.653333333333,-1.00000000000003,24.1262265521467));
#18766=CARTESIAN_POINT('Origin',(374.653333333333,-1.00000000000003,16.54044011452));
#18767=CARTESIAN_POINT('',(374.653333333333,-1.00000000000003,16.54044011452));
#18768=CARTESIAN_POINT('',(374.653333333333,-1.00000000000003,24.1262265521467));
#18769=CARTESIAN_POINT('',(374.653333333333,-16.,16.54044011452));
#18770=CARTESIAN_POINT('',(374.653333333333,-16.,24.1262265521467));
#18771=CARTESIAN_POINT('',(374.653333333333,-1.00000000000003,16.54044011452));
#18772=CARTESIAN_POINT('Origin',(375.153333333333,-1.00000000000003,16.54044011452));
#18773=CARTESIAN_POINT('',(375.506886723927,-1.00000000000003,16.1868867239267));
#18774=CARTESIAN_POINT('Origin',(375.153333333333,-1.00000000000003,16.54044011452));
#18775=CARTESIAN_POINT('',(375.506886723927,-16.,16.1868867239267));
#18776=CARTESIAN_POINT('Origin',(375.153333333333,-16.,16.54044011452));
#18777=CARTESIAN_POINT('',(375.506886723927,-1.00000000000003,16.1868867239267));
#18778=CARTESIAN_POINT('Origin',(377.79977994274,-1.00000000000003,18.4797799427401));
#18779=CARTESIAN_POINT('',(377.79977994274,-1.00000000000003,18.4797799427401));
#18780=CARTESIAN_POINT('',(375.506886723927,-1.00000000000003,16.1868867239267));
#18781=CARTESIAN_POINT('',(377.79977994274,-16.,18.4797799427401));
#18782=CARTESIAN_POINT('',(375.506886723927,-16.,16.1868867239267));
#18783=CARTESIAN_POINT('',(377.79977994274,-1.00000000000003,18.4797799427401));
#18784=CARTESIAN_POINT('Origin',(378.153333333333,-1.00000000000003,18.1262265521469));
#18785=CARTESIAN_POINT('',(378.653333333333,-1.00000000000003,18.1262265521469));
#18786=CARTESIAN_POINT('Origin',(378.153333333333,-1.00000000000003,18.1262265521469));
#18787=CARTESIAN_POINT('',(378.653333333333,-16.,18.1262265521469));
#18788=CARTESIAN_POINT('Origin',(378.153333333333,-16.,18.1262265521469));
#18789=CARTESIAN_POINT('',(378.653333333333,-1.00000000000003,18.1262265521469));
#18790=CARTESIAN_POINT('Origin',(378.653333333336,-1.00000000000003,13.8333333333341));
#18791=CARTESIAN_POINT('',(378.653333333336,-1.00000000000003,13.8333333333341));
#18792=CARTESIAN_POINT('',(378.653333333333,-1.00000000000003,18.1262265521469));
#18793=CARTESIAN_POINT('',(378.653333333336,-16.,13.8333333333341));
#18794=CARTESIAN_POINT('',(378.653333333333,-16.,18.1262265521469));
#18795=CARTESIAN_POINT('',(378.653333333336,-1.00000000000003,13.8333333333341));
#18796=CARTESIAN_POINT('Origin',(378.553333333333,-1.00000000000003,13.8333333333341));
#18797=CARTESIAN_POINT('',(378.553333333333,-1.00000000000003,13.8333333333341));
#18798=CARTESIAN_POINT('',(378.653333333336,-1.00000000000003,13.8333333333341));
#18799=CARTESIAN_POINT('',(378.553333333333,-16.,13.8333333333341));
#18800=CARTESIAN_POINT('',(378.653333333336,-16.,13.8333333333341));
#18801=CARTESIAN_POINT('',(378.553333333333,-1.00000000000003,13.8333333333341));
#18802=CARTESIAN_POINT('Origin',(378.553333333333,-1.00000000000003,18.1262268646418));
#18803=CARTESIAN_POINT('',(378.553333333333,-1.00000000000003,18.1262268646418));
#18804=CARTESIAN_POINT('',(378.553333333333,-1.00000000000003,18.1262268646418));
#18805=CARTESIAN_POINT('',(378.553333333333,-16.,18.1262268646418));
#18806=CARTESIAN_POINT('',(378.553333333333,-16.,18.1262268646418));
#18807=CARTESIAN_POINT('',(378.553333333333,-1.00000000000003,18.1262268646418));
#18808=CARTESIAN_POINT('Origin',(378.153333333333,-1.00000000000003,18.1262265521469));
#18809=CARTESIAN_POINT('',(377.870490296477,-1.00000000000003,18.40906894024));
#18810=CARTESIAN_POINT('Origin',(378.153333333333,-1.00000000000003,18.1262265521469));
#18811=CARTESIAN_POINT('',(377.870490296477,-16.,18.40906894024));
#18812=CARTESIAN_POINT('Origin',(378.153333333333,-16.,18.1262265521469));
#18813=CARTESIAN_POINT('',(377.870490296477,-1.00000000000003,18.40906894024));
#18814=CARTESIAN_POINT('Origin',(375.577597674744,-1.00000000000003,16.1161763185064));
#18815=CARTESIAN_POINT('',(375.577597674744,-1.00000000000003,16.1161763185064));
#18816=CARTESIAN_POINT('',(375.577597674744,-1.00000000000003,16.1161763185064));
#18817=CARTESIAN_POINT('',(375.577597674744,-16.,16.1161763185064));
#18818=CARTESIAN_POINT('',(375.577597674744,-16.,16.1161763185064));
#18819=CARTESIAN_POINT('',(375.577597674744,-1.00000000000003,16.1161763185064));
#18820=CARTESIAN_POINT('Origin',(375.153333333333,-1.00000000000003,16.54044011452));
#18821=CARTESIAN_POINT('',(374.553333333333,-1.00000000000003,16.540439598754));
#18822=CARTESIAN_POINT('Origin',(375.153333333333,-1.00000000000003,16.54044011452));
#18823=CARTESIAN_POINT('',(374.553333333333,-16.,16.540439598754));
#18824=CARTESIAN_POINT('Origin',(375.153333333333,-16.,16.54044011452));
#18825=CARTESIAN_POINT('',(374.553333333333,-1.00000000000003,16.540439598754));
#18826=CARTESIAN_POINT('Origin',(374.553333333333,-1.00000000000003,24.126226046469));
#18827=CARTESIAN_POINT('',(374.553333333333,-1.00000000000003,24.126226046469));
#18828=CARTESIAN_POINT('',(374.553333333333,-1.00000000000003,24.126226046469));
#18829=CARTESIAN_POINT('',(374.553333333333,-16.,24.126226046469));
#18830=CARTESIAN_POINT('',(374.553333333333,-16.,24.126226046469));
#18831=CARTESIAN_POINT('',(374.553333333333,-1.00000000000003,24.126226046469));
#18832=CARTESIAN_POINT('Origin',(375.153333333333,-1.00000000000003,24.1262265521467));
#18833=CARTESIAN_POINT('',(375.577597125617,-1.00000000000003,24.5504908972873));
#18834=CARTESIAN_POINT('Origin',(375.153333333333,-1.00000000000003,24.1262265521467));
#18835=CARTESIAN_POINT('',(375.577597125617,-16.,24.5504908972873));
#18836=CARTESIAN_POINT('Origin',(375.153333333333,-16.,24.1262265521467));
#18837=CARTESIAN_POINT('',(375.577597125617,-1.00000000000003,24.5504908972873));
#18838=CARTESIAN_POINT('Origin',(377.870490919776,-1.00000000000003,22.2575971031286));
#18839=CARTESIAN_POINT('',(377.870490919776,-1.00000000000003,22.2575971031286));
#18840=CARTESIAN_POINT('',(375.577597125617,-1.00000000000003,24.5504908972873));
#18841=CARTESIAN_POINT('',(377.870490919776,-16.,22.2575971031286));
#18842=CARTESIAN_POINT('',(375.577597125617,-16.,24.5504908972873));
#18843=CARTESIAN_POINT('',(377.870490919776,-1.00000000000003,22.2575971031286));
#18844=CARTESIAN_POINT('Origin',(378.153333333333,-1.00000000000003,22.5404401145199));
#18845=CARTESIAN_POINT('',(378.553333333333,-1.00000000000003,22.540440435702));
#18846=CARTESIAN_POINT('Origin',(378.153333333333,-1.00000000000003,22.5404401145199));
#18847=CARTESIAN_POINT('',(378.553333333333,-16.,22.540440435702));
#18848=CARTESIAN_POINT('Origin',(378.153333333333,-16.,22.5404401145199));
#18849=CARTESIAN_POINT('',(378.553333333333,-1.00000000000003,22.540440435702));
#18850=CARTESIAN_POINT('Origin',(378.553333333333,-1.00000000000003,29.3333333333335));
#18851=CARTESIAN_POINT('',(378.553333333333,-1.00000000000003,29.3333333333335));
#18852=CARTESIAN_POINT('',(378.553333333333,-1.00000000000003,22.540440435702));
#18853=CARTESIAN_POINT('',(378.553333333333,-16.,29.3333333333335));
#18854=CARTESIAN_POINT('',(378.553333333333,-16.,22.540440435702));
#18855=CARTESIAN_POINT('',(378.553333333333,-1.00000000000003,29.3333333333335));
#18856=CARTESIAN_POINT('Origin',(378.653333333333,-1.00000000000003,29.3333333333335));
#18857=CARTESIAN_POINT('',(378.653333333333,-1.00000000000003,29.3333333333335));
#18858=CARTESIAN_POINT('',(378.653333333333,-1.00000000000003,29.3333333333335));
#18859=CARTESIAN_POINT('',(378.653333333333,-16.,29.3333333333335));
#18860=CARTESIAN_POINT('',(378.653333333333,-16.,29.3333333333335));
#18861=CARTESIAN_POINT('',(378.653333333333,-1.00000000000003,29.3333333333335));
#18862=CARTESIAN_POINT('Origin',(378.653333333333,-1.00000000000003,22.5404401145199));
#18863=CARTESIAN_POINT('',(378.653333333333,-1.00000000000003,22.5404401145199));
#18864=CARTESIAN_POINT('',(378.653333333333,-1.00000000000003,22.5404401145199));
#18865=CARTESIAN_POINT('',(378.653333333333,-16.,22.5404401145199));
#18866=CARTESIAN_POINT('',(378.653333333333,-16.,22.5404401145199));
#18867=CARTESIAN_POINT('',(378.653333333333,-1.00000000000003,22.5404401145199));
#18868=CARTESIAN_POINT('Origin',(378.153333333333,-1.00000000000003,22.5404401145199));
#18869=CARTESIAN_POINT('Origin',(378.153333333333,-1.00000000000003,22.5404401145199));
#18870=CARTESIAN_POINT('Origin',(378.153333333333,-16.,22.5404401145199));
#18871=CARTESIAN_POINT('Origin',(376.603333333335,-1.00000000000003,21.5833333333338));
#18872=CARTESIAN_POINT('Origin',(376.603333333335,-16.,21.5833333333338));
#18873=CARTESIAN_POINT('Origin',(522.143553390593,-1.00000000000004,24.47977994274));
#18874=CARTESIAN_POINT('',(522.143553390593,-1.00000000000004,24.47977994274));
#18875=CARTESIAN_POINT('',(524.436446609407,-1.00000000000004,22.1868867239266));
#18876=CARTESIAN_POINT('',(522.143553390593,-1.00000000000004,24.47977994274));
#18877=CARTESIAN_POINT('',(524.436446609407,-16.,22.1868867239266));
#18878=CARTESIAN_POINT('',(524.436446609407,-1.00000000000004,22.1868867239266));
#18879=CARTESIAN_POINT('',(522.143553390593,-16.,24.47977994274));
#18880=CARTESIAN_POINT('',(522.143553390593,-16.,24.47977994274));
#18881=CARTESIAN_POINT('',(522.143553390593,-1.00000000000004,24.47977994274));
#18882=CARTESIAN_POINT('Origin',(521.79,-1.00000000000004,24.1262265521467));
#18883=CARTESIAN_POINT('',(521.29,-1.00000000000004,24.1262265521467));
#18884=CARTESIAN_POINT('Origin',(521.79,-1.00000000000004,24.1262265521467));
#18885=CARTESIAN_POINT('',(521.29,-16.,24.1262265521467));
#18886=CARTESIAN_POINT('Origin',(521.79,-16.,24.1262265521467));
#18887=CARTESIAN_POINT('',(521.29,-1.00000000000004,24.1262265521467));
#18888=CARTESIAN_POINT('Origin',(521.29,-1.00000000000004,16.54044011452));
#18889=CARTESIAN_POINT('',(521.29,-1.00000000000004,16.54044011452));
#18890=CARTESIAN_POINT('',(521.29,-1.00000000000004,24.1262265521467));
#18891=CARTESIAN_POINT('',(521.29,-16.,16.54044011452));
#18892=CARTESIAN_POINT('',(521.29,-16.,24.1262265521467));
#18893=CARTESIAN_POINT('',(521.29,-1.00000000000004,16.54044011452));
#18894=CARTESIAN_POINT('Origin',(521.79,-1.00000000000004,16.54044011452));
#18895=CARTESIAN_POINT('',(522.143553390593,-1.00000000000004,16.1868867239267));
#18896=CARTESIAN_POINT('Origin',(521.79,-1.00000000000004,16.54044011452));
#18897=CARTESIAN_POINT('',(522.143553390593,-16.,16.1868867239267));
#18898=CARTESIAN_POINT('Origin',(521.79,-16.,16.54044011452));
#18899=CARTESIAN_POINT('',(522.143553390593,-1.00000000000004,16.1868867239267));
#18900=CARTESIAN_POINT('Origin',(524.436446609407,-1.00000000000004,18.4797799427401));
#18901=CARTESIAN_POINT('',(524.436446609407,-1.00000000000004,18.4797799427401));
#18902=CARTESIAN_POINT('',(522.143553390593,-1.00000000000004,16.1868867239267));
#18903=CARTESIAN_POINT('',(524.436446609407,-16.,18.4797799427401));
#18904=CARTESIAN_POINT('',(522.143553390593,-16.,16.1868867239267));
#18905=CARTESIAN_POINT('',(524.436446609407,-1.00000000000004,18.4797799427401));
#18906=CARTESIAN_POINT('Origin',(524.79,-1.00000000000004,18.1262265521469));
#18907=CARTESIAN_POINT('',(525.29,-1.00000000000004,18.1262265521469));
#18908=CARTESIAN_POINT('Origin',(524.79,-1.00000000000004,18.1262265521469));
#18909=CARTESIAN_POINT('',(525.29,-16.,18.1262265521469));
#18910=CARTESIAN_POINT('Origin',(524.79,-16.,18.1262265521469));
#18911=CARTESIAN_POINT('',(525.29,-1.00000000000004,18.1262265521469));
#18912=CARTESIAN_POINT('Origin',(525.290000000003,-1.00000000000004,13.8333333333341));
#18913=CARTESIAN_POINT('',(525.290000000003,-1.00000000000004,13.8333333333341));
#18914=CARTESIAN_POINT('',(525.29,-1.00000000000004,18.1262265521469));
#18915=CARTESIAN_POINT('',(525.290000000003,-16.,13.8333333333341));
#18916=CARTESIAN_POINT('',(525.29,-16.,18.1262265521469));
#18917=CARTESIAN_POINT('',(525.290000000003,-1.00000000000004,13.8333333333341));
#18918=CARTESIAN_POINT('Origin',(525.19,-1.00000000000004,13.8333333333341));
#18919=CARTESIAN_POINT('',(525.19,-1.00000000000004,13.8333333333341));
#18920=CARTESIAN_POINT('',(525.290000000003,-1.00000000000004,13.8333333333341));
#18921=CARTESIAN_POINT('',(525.19,-16.,13.8333333333341));
#18922=CARTESIAN_POINT('',(525.290000000003,-16.,13.8333333333341));
#18923=CARTESIAN_POINT('',(525.19,-1.00000000000004,13.8333333333341));
#18924=CARTESIAN_POINT('Origin',(525.19,-1.00000000000004,18.1262268646418));
#18925=CARTESIAN_POINT('',(525.19,-1.00000000000004,18.1262268646418));
#18926=CARTESIAN_POINT('',(525.19,-1.00000000000004,18.1262268646418));
#18927=CARTESIAN_POINT('',(525.19,-16.,18.1262268646418));
#18928=CARTESIAN_POINT('',(525.19,-16.,18.1262268646418));
#18929=CARTESIAN_POINT('',(525.19,-1.00000000000004,18.1262268646418));
#18930=CARTESIAN_POINT('Origin',(524.79,-1.00000000000004,18.1262265521469));
#18931=CARTESIAN_POINT('',(524.507156963144,-1.00000000000004,18.40906894024));
#18932=CARTESIAN_POINT('Origin',(524.79,-1.00000000000004,18.1262265521469));
#18933=CARTESIAN_POINT('',(524.507156963144,-16.,18.40906894024));
#18934=CARTESIAN_POINT('Origin',(524.79,-16.,18.1262265521469));
#18935=CARTESIAN_POINT('',(524.507156963144,-1.00000000000004,18.40906894024));
#18936=CARTESIAN_POINT('Origin',(522.214264341411,-1.00000000000004,16.1161763185064));
#18937=CARTESIAN_POINT('',(522.214264341411,-1.00000000000004,16.1161763185064));
#18938=CARTESIAN_POINT('',(522.214264341411,-1.00000000000004,16.1161763185064));
#18939=CARTESIAN_POINT('',(522.214264341411,-16.,16.1161763185064));
#18940=CARTESIAN_POINT('',(522.214264341411,-16.,16.1161763185064));
#18941=CARTESIAN_POINT('',(522.214264341411,-1.00000000000004,16.1161763185064));
#18942=CARTESIAN_POINT('Origin',(521.79,-1.00000000000004,16.54044011452));
#18943=CARTESIAN_POINT('',(521.19,-1.00000000000004,16.540439598754));
#18944=CARTESIAN_POINT('Origin',(521.79,-1.00000000000004,16.54044011452));
#18945=CARTESIAN_POINT('',(521.19,-16.,16.540439598754));
#18946=CARTESIAN_POINT('Origin',(521.79,-16.,16.54044011452));
#18947=CARTESIAN_POINT('',(521.19,-1.00000000000004,16.540439598754));
#18948=CARTESIAN_POINT('Origin',(521.19,-1.00000000000004,24.126226046469));
#18949=CARTESIAN_POINT('',(521.19,-1.00000000000004,24.126226046469));
#18950=CARTESIAN_POINT('',(521.19,-1.00000000000004,24.126226046469));
#18951=CARTESIAN_POINT('',(521.19,-16.,24.126226046469));
#18952=CARTESIAN_POINT('',(521.19,-16.,24.126226046469));
#18953=CARTESIAN_POINT('',(521.19,-1.00000000000004,24.126226046469));
#18954=CARTESIAN_POINT('Origin',(521.79,-1.00000000000004,24.1262265521467));
#18955=CARTESIAN_POINT('',(522.214263792283,-1.00000000000004,24.5504908972873));
#18956=CARTESIAN_POINT('Origin',(521.79,-1.00000000000004,24.1262265521467));
#18957=CARTESIAN_POINT('',(522.214263792283,-16.,24.5504908972873));
#18958=CARTESIAN_POINT('Origin',(521.79,-16.,24.1262265521467));
#18959=CARTESIAN_POINT('',(522.214263792283,-1.00000000000004,24.5504908972873));
#18960=CARTESIAN_POINT('Origin',(524.507157586442,-1.00000000000004,22.2575971031286));
#18961=CARTESIAN_POINT('',(524.507157586442,-1.00000000000004,22.2575971031286));
#18962=CARTESIAN_POINT('',(522.214263792283,-1.00000000000004,24.5504908972873));
#18963=CARTESIAN_POINT('',(524.507157586442,-16.,22.2575971031286));
#18964=CARTESIAN_POINT('',(522.214263792283,-16.,24.5504908972873));
#18965=CARTESIAN_POINT('',(524.507157586442,-1.00000000000004,22.2575971031286));
#18966=CARTESIAN_POINT('Origin',(524.79,-1.00000000000004,22.5404401145199));
#18967=CARTESIAN_POINT('',(525.19,-1.00000000000004,22.540440435702));
#18968=CARTESIAN_POINT('Origin',(524.79,-1.00000000000004,22.5404401145199));
#18969=CARTESIAN_POINT('',(525.19,-16.,22.540440435702));
#18970=CARTESIAN_POINT('Origin',(524.79,-16.,22.5404401145199));
#18971=CARTESIAN_POINT('',(525.19,-1.00000000000004,22.540440435702));
#18972=CARTESIAN_POINT('Origin',(525.19,-1.00000000000004,29.3333333333335));
#18973=CARTESIAN_POINT('',(525.19,-1.00000000000004,29.3333333333335));
#18974=CARTESIAN_POINT('',(525.19,-1.00000000000004,22.540440435702));
#18975=CARTESIAN_POINT('',(525.19,-16.,29.3333333333335));
#18976=CARTESIAN_POINT('',(525.19,-16.,22.540440435702));
#18977=CARTESIAN_POINT('',(525.19,-1.00000000000004,29.3333333333335));
#18978=CARTESIAN_POINT('Origin',(525.29,-1.00000000000004,29.3333333333335));
#18979=CARTESIAN_POINT('',(525.29,-1.00000000000004,29.3333333333335));
#18980=CARTESIAN_POINT('',(525.29,-1.00000000000004,29.3333333333335));
#18981=CARTESIAN_POINT('',(525.29,-16.,29.3333333333335));
#18982=CARTESIAN_POINT('',(525.29,-16.,29.3333333333335));
#18983=CARTESIAN_POINT('',(525.29,-1.00000000000004,29.3333333333335));
#18984=CARTESIAN_POINT('Origin',(525.29,-1.00000000000004,22.5404401145199));
#18985=CARTESIAN_POINT('',(525.29,-1.00000000000004,22.5404401145199));
#18986=CARTESIAN_POINT('',(525.29,-1.00000000000004,22.5404401145199));
#18987=CARTESIAN_POINT('',(525.29,-16.,22.5404401145199));
#18988=CARTESIAN_POINT('',(525.29,-16.,22.5404401145199));
#18989=CARTESIAN_POINT('',(525.29,-1.00000000000004,22.5404401145199));
#18990=CARTESIAN_POINT('Origin',(524.79,-1.00000000000004,22.5404401145199));
#18991=CARTESIAN_POINT('Origin',(524.79,-1.00000000000004,22.5404401145199));
#18992=CARTESIAN_POINT('Origin',(524.79,-16.,22.5404401145199));
#18993=CARTESIAN_POINT('Origin',(523.240000000001,-1.00000000000004,21.5833333333338));
#18994=CARTESIAN_POINT('Origin',(523.240000000001,-16.,21.5833333333338));
#18995=CARTESIAN_POINT('Origin',(82.2335533905933,-1.,38.8131132760733));
#18996=CARTESIAN_POINT('',(82.2335533905933,-1.,38.8131132760733));
#18997=CARTESIAN_POINT('',(84.5264466094067,-1.,36.5202200572599));
#18998=CARTESIAN_POINT('',(82.2335533905933,-1.,38.8131132760733));
#18999=CARTESIAN_POINT('',(84.5264466094067,-16.,36.5202200572599));
#19000=CARTESIAN_POINT('',(84.5264466094067,-1.,36.5202200572599));
#19001=CARTESIAN_POINT('',(82.2335533905933,-16.,38.8131132760733));
#19002=CARTESIAN_POINT('',(82.2335533905933,-16.,38.8131132760733));
#19003=CARTESIAN_POINT('',(82.2335533905933,-1.,38.8131132760733));
#19004=CARTESIAN_POINT('Origin',(81.88,-1.,38.45955988548));
#19005=CARTESIAN_POINT('',(81.38,-1.,38.45955988548));
#19006=CARTESIAN_POINT('Origin',(81.88,-1.,38.45955988548));
#19007=CARTESIAN_POINT('',(81.38,-16.,38.45955988548));
#19008=CARTESIAN_POINT('Origin',(81.88,-16.,38.45955988548));
#19009=CARTESIAN_POINT('',(81.38,-1.,38.45955988548));
#19010=CARTESIAN_POINT('Origin',(81.38,-1.,30.8737734478533));
#19011=CARTESIAN_POINT('',(81.38,-1.,30.8737734478533));
#19012=CARTESIAN_POINT('',(81.38,-1.,38.45955988548));
#19013=CARTESIAN_POINT('',(81.38,-16.,30.8737734478533));
#19014=CARTESIAN_POINT('',(81.38,-16.,38.45955988548));
#19015=CARTESIAN_POINT('',(81.38,-1.,30.8737734478533));
#19016=CARTESIAN_POINT('Origin',(81.88,-1.,30.8737734478533));
#19017=CARTESIAN_POINT('',(82.2335533905933,-1.,30.52022005726));
#19018=CARTESIAN_POINT('Origin',(81.88,-1.,30.8737734478533));
#19019=CARTESIAN_POINT('',(82.2335533905933,-16.,30.52022005726));
#19020=CARTESIAN_POINT('Origin',(81.88,-16.,30.8737734478533));
#19021=CARTESIAN_POINT('',(82.2335533905933,-1.,30.52022005726));
#19022=CARTESIAN_POINT('Origin',(84.5264466094067,-1.,32.8131132760735));
#19023=CARTESIAN_POINT('',(84.5264466094067,-1.,32.8131132760735));
#19024=CARTESIAN_POINT('',(82.2335533905933,-1.,30.52022005726));
#19025=CARTESIAN_POINT('',(84.5264466094067,-16.,32.8131132760735));
#19026=CARTESIAN_POINT('',(82.2335533905933,-16.,30.52022005726));
#19027=CARTESIAN_POINT('',(84.5264466094067,-1.,32.8131132760735));
#19028=CARTESIAN_POINT('Origin',(84.88,-1.,32.4595598854802));
#19029=CARTESIAN_POINT('',(85.38,-1.,32.4595598854802));
#19030=CARTESIAN_POINT('Origin',(84.88,-1.,32.4595598854802));
#19031=CARTESIAN_POINT('',(85.38,-16.,32.4595598854802));
#19032=CARTESIAN_POINT('Origin',(84.88,-16.,32.4595598854802));
#19033=CARTESIAN_POINT('',(85.38,-1.,32.4595598854802));
#19034=CARTESIAN_POINT('Origin',(85.3800000000027,-1.,28.1666666666675));
#19035=CARTESIAN_POINT('',(85.3800000000027,-1.,28.1666666666675));
#19036=CARTESIAN_POINT('',(85.38,-1.,32.4595598854802));
#19037=CARTESIAN_POINT('',(85.3800000000027,-16.,28.1666666666675));
#19038=CARTESIAN_POINT('',(85.38,-16.,32.4595598854802));
#19039=CARTESIAN_POINT('',(85.3800000000027,-1.,28.1666666666675));
#19040=CARTESIAN_POINT('Origin',(85.28,-1.,28.1666666666675));
#19041=CARTESIAN_POINT('',(85.28,-1.,28.1666666666675));
#19042=CARTESIAN_POINT('',(85.3800000000027,-1.,28.1666666666675));
#19043=CARTESIAN_POINT('',(85.28,-16.,28.1666666666675));
#19044=CARTESIAN_POINT('',(85.3800000000027,-16.,28.1666666666675));
#19045=CARTESIAN_POINT('',(85.28,-1.,28.1666666666675));
#19046=CARTESIAN_POINT('Origin',(85.28,-1.,32.4595601979751));
#19047=CARTESIAN_POINT('',(85.28,-1.,32.4595601979751));
#19048=CARTESIAN_POINT('',(85.28,-1.,32.4595601979751));
#19049=CARTESIAN_POINT('',(85.28,-16.,32.4595601979751));
#19050=CARTESIAN_POINT('',(85.28,-16.,32.4595601979751));
#19051=CARTESIAN_POINT('',(85.28,-1.,32.4595601979751));
#19052=CARTESIAN_POINT('Origin',(84.88,-1.,32.4595598854802));
#19053=CARTESIAN_POINT('',(84.5971569631441,-1.,32.7424022735733));
#19054=CARTESIAN_POINT('Origin',(84.88,-1.,32.4595598854802));
#19055=CARTESIAN_POINT('',(84.5971569631441,-16.,32.7424022735733));
#19056=CARTESIAN_POINT('Origin',(84.88,-16.,32.4595598854802));
#19057=CARTESIAN_POINT('',(84.5971569631441,-1.,32.7424022735733));
#19058=CARTESIAN_POINT('Origin',(82.3042643414106,-1.,30.4495096518398));
#19059=CARTESIAN_POINT('',(82.3042643414106,-1.,30.4495096518398));
#19060=CARTESIAN_POINT('',(82.3042643414106,-1.,30.4495096518398));
#19061=CARTESIAN_POINT('',(82.3042643414106,-16.,30.4495096518398));
#19062=CARTESIAN_POINT('',(82.3042643414106,-16.,30.4495096518398));
#19063=CARTESIAN_POINT('',(82.3042643414106,-1.,30.4495096518398));
#19064=CARTESIAN_POINT('Origin',(81.88,-1.,30.8737734478533));
#19065=CARTESIAN_POINT('',(81.28,-1.,30.8737729320873));
#19066=CARTESIAN_POINT('Origin',(81.88,-1.,30.8737734478533));
#19067=CARTESIAN_POINT('',(81.28,-16.,30.8737729320873));
#19068=CARTESIAN_POINT('Origin',(81.88,-16.,30.8737734478533));
#19069=CARTESIAN_POINT('',(81.28,-1.,30.8737729320873));
#19070=CARTESIAN_POINT('Origin',(81.28,-1.,38.4595593798023));
#19071=CARTESIAN_POINT('',(81.28,-1.,38.4595593798023));
#19072=CARTESIAN_POINT('',(81.28,-1.,38.4595593798023));
#19073=CARTESIAN_POINT('',(81.28,-16.,38.4595593798023));
#19074=CARTESIAN_POINT('',(81.28,-16.,38.4595593798023));
#19075=CARTESIAN_POINT('',(81.28,-1.,38.4595593798023));
#19076=CARTESIAN_POINT('Origin',(81.88,-1.,38.45955988548));
#19077=CARTESIAN_POINT('',(82.3042637922836,-1.,38.8838242306206));
#19078=CARTESIAN_POINT('Origin',(81.88,-1.,38.45955988548));
#19079=CARTESIAN_POINT('',(82.3042637922836,-16.,38.8838242306206));
#19080=CARTESIAN_POINT('Origin',(81.88,-16.,38.45955988548));
#19081=CARTESIAN_POINT('',(82.3042637922836,-1.,38.8838242306206));
#19082=CARTESIAN_POINT('Origin',(84.5971575864422,-1.,36.5909304364619));
#19083=CARTESIAN_POINT('',(84.5971575864422,-1.,36.5909304364619));
#19084=CARTESIAN_POINT('',(82.3042637922836,-1.,38.8838242306206));
#19085=CARTESIAN_POINT('',(84.5971575864422,-16.,36.5909304364619));
#19086=CARTESIAN_POINT('',(82.3042637922836,-16.,38.8838242306206));
#19087=CARTESIAN_POINT('',(84.5971575864422,-1.,36.5909304364619));
#19088=CARTESIAN_POINT('Origin',(84.88,-1.,36.8737734478532));
#19089=CARTESIAN_POINT('',(85.28,-1.,36.8737737690353));
#19090=CARTESIAN_POINT('Origin',(84.88,-1.,36.8737734478532));
#19091=CARTESIAN_POINT('',(85.28,-16.,36.8737737690353));
#19092=CARTESIAN_POINT('Origin',(84.88,-16.,36.8737734478532));
#19093=CARTESIAN_POINT('',(85.28,-1.,36.8737737690353));
#19094=CARTESIAN_POINT('Origin',(85.28,-1.,43.6666666666668));
#19095=CARTESIAN_POINT('',(85.28,-1.,43.6666666666668));
#19096=CARTESIAN_POINT('',(85.28,-1.,36.8737737690353));
#19097=CARTESIAN_POINT('',(85.28,-16.,43.6666666666668));
#19098=CARTESIAN_POINT('',(85.28,-16.,36.8737737690353));
#19099=CARTESIAN_POINT('',(85.28,-1.,43.6666666666668));
#19100=CARTESIAN_POINT('Origin',(85.38,-1.,43.6666666666668));
#19101=CARTESIAN_POINT('',(85.38,-1.,43.6666666666668));
#19102=CARTESIAN_POINT('',(85.38,-1.,43.6666666666668));
#19103=CARTESIAN_POINT('',(85.38,-16.,43.6666666666668));
#19104=CARTESIAN_POINT('',(85.38,-16.,43.6666666666668));
#19105=CARTESIAN_POINT('',(85.38,-1.,43.6666666666668));
#19106=CARTESIAN_POINT('Origin',(85.38,-1.,36.8737734478532));
#19107=CARTESIAN_POINT('',(85.38,-1.,36.8737734478532));
#19108=CARTESIAN_POINT('',(85.38,-1.,36.8737734478532));
#19109=CARTESIAN_POINT('',(85.38,-16.,36.8737734478532));
#19110=CARTESIAN_POINT('',(85.38,-16.,36.8737734478532));
#19111=CARTESIAN_POINT('',(85.38,-1.,36.8737734478532));
#19112=CARTESIAN_POINT('Origin',(84.88,-1.,36.8737734478532));
#19113=CARTESIAN_POINT('Origin',(84.88,-1.,36.8737734478532));
#19114=CARTESIAN_POINT('Origin',(84.88,-16.,36.8737734478532));
#19115=CARTESIAN_POINT('Origin',(83.3300000000013,-1.,35.9166666666672));
#19116=CARTESIAN_POINT('Origin',(83.3300000000013,-16.,35.9166666666672));
#19117=CARTESIAN_POINT('Origin',(228.87022005726,-1.00000000000001,38.8131132760733));
#19118=CARTESIAN_POINT('',(228.87022005726,-1.00000000000001,38.8131132760733));
#19119=CARTESIAN_POINT('',(231.163113276073,-1.00000000000001,36.5202200572599));
#19120=CARTESIAN_POINT('',(228.87022005726,-1.00000000000001,38.8131132760733));
#19121=CARTESIAN_POINT('',(231.163113276073,-16.,36.5202200572599));
#19122=CARTESIAN_POINT('',(231.163113276073,-1.00000000000001,36.5202200572599));
#19123=CARTESIAN_POINT('',(228.87022005726,-16.,38.8131132760733));
#19124=CARTESIAN_POINT('',(228.87022005726,-16.,38.8131132760733));
#19125=CARTESIAN_POINT('',(228.87022005726,-1.00000000000001,38.8131132760733));
#19126=CARTESIAN_POINT('Origin',(228.516666666667,-1.00000000000001,38.45955988548));
#19127=CARTESIAN_POINT('',(228.016666666667,-1.00000000000001,38.45955988548));
#19128=CARTESIAN_POINT('Origin',(228.516666666667,-1.00000000000001,38.45955988548));
#19129=CARTESIAN_POINT('',(228.016666666667,-16.,38.45955988548));
#19130=CARTESIAN_POINT('Origin',(228.516666666667,-16.,38.45955988548));
#19131=CARTESIAN_POINT('',(228.016666666667,-1.00000000000001,38.45955988548));
#19132=CARTESIAN_POINT('Origin',(228.016666666667,-1.00000000000001,30.8737734478533));
#19133=CARTESIAN_POINT('',(228.016666666667,-1.00000000000001,30.8737734478533));
#19134=CARTESIAN_POINT('',(228.016666666667,-1.00000000000001,38.45955988548));
#19135=CARTESIAN_POINT('',(228.016666666667,-16.,30.8737734478533));
#19136=CARTESIAN_POINT('',(228.016666666667,-16.,38.45955988548));
#19137=CARTESIAN_POINT('',(228.016666666667,-1.00000000000001,30.8737734478533));
#19138=CARTESIAN_POINT('Origin',(228.516666666667,-1.00000000000001,30.8737734478533));
#19139=CARTESIAN_POINT('',(228.87022005726,-1.00000000000001,30.52022005726));
#19140=CARTESIAN_POINT('Origin',(228.516666666667,-1.00000000000001,30.8737734478533));
#19141=CARTESIAN_POINT('',(228.87022005726,-16.,30.52022005726));
#19142=CARTESIAN_POINT('Origin',(228.516666666667,-16.,30.8737734478533));
#19143=CARTESIAN_POINT('',(228.87022005726,-1.00000000000001,30.52022005726));
#19144=CARTESIAN_POINT('Origin',(231.163113276073,-1.00000000000001,32.8131132760735));
#19145=CARTESIAN_POINT('',(231.163113276073,-1.00000000000001,32.8131132760735));
#19146=CARTESIAN_POINT('',(228.87022005726,-1.00000000000001,30.52022005726));
#19147=CARTESIAN_POINT('',(231.163113276073,-16.,32.8131132760735));
#19148=CARTESIAN_POINT('',(228.87022005726,-16.,30.52022005726));
#19149=CARTESIAN_POINT('',(231.163113276073,-1.00000000000001,32.8131132760735));
#19150=CARTESIAN_POINT('Origin',(231.516666666667,-1.00000000000001,32.4595598854802));
#19151=CARTESIAN_POINT('',(232.016666666667,-1.00000000000001,32.4595598854802));
#19152=CARTESIAN_POINT('Origin',(231.516666666667,-1.00000000000001,32.4595598854802));
#19153=CARTESIAN_POINT('',(232.016666666667,-16.,32.4595598854802));
#19154=CARTESIAN_POINT('Origin',(231.516666666667,-16.,32.4595598854802));
#19155=CARTESIAN_POINT('',(232.016666666667,-1.00000000000001,32.4595598854802));
#19156=CARTESIAN_POINT('Origin',(232.016666666669,-1.00000000000001,28.1666666666675));
#19157=CARTESIAN_POINT('',(232.016666666669,-1.00000000000001,28.1666666666675));
#19158=CARTESIAN_POINT('',(232.016666666667,-1.00000000000001,32.4595598854802));
#19159=CARTESIAN_POINT('',(232.016666666669,-16.,28.1666666666675));
#19160=CARTESIAN_POINT('',(232.016666666667,-16.,32.4595598854802));
#19161=CARTESIAN_POINT('',(232.016666666669,-1.00000000000001,28.1666666666675));
#19162=CARTESIAN_POINT('Origin',(231.916666666667,-1.00000000000001,28.1666666666675));
#19163=CARTESIAN_POINT('',(231.916666666667,-1.00000000000001,28.1666666666675));
#19164=CARTESIAN_POINT('',(232.016666666669,-1.00000000000001,28.1666666666675));
#19165=CARTESIAN_POINT('',(231.916666666667,-16.,28.1666666666675));
#19166=CARTESIAN_POINT('',(232.016666666669,-16.,28.1666666666675));
#19167=CARTESIAN_POINT('',(231.916666666667,-1.00000000000001,28.1666666666675));
#19168=CARTESIAN_POINT('Origin',(231.916666666667,-1.00000000000001,32.4595601979751));
#19169=CARTESIAN_POINT('',(231.916666666667,-1.00000000000001,32.4595601979751));
#19170=CARTESIAN_POINT('',(231.916666666667,-1.00000000000001,32.4595601979751));
#19171=CARTESIAN_POINT('',(231.916666666667,-16.,32.4595601979751));
#19172=CARTESIAN_POINT('',(231.916666666667,-16.,32.4595601979751));
#19173=CARTESIAN_POINT('',(231.916666666667,-1.00000000000001,32.4595601979751));
#19174=CARTESIAN_POINT('Origin',(231.516666666667,-1.00000000000001,32.4595598854802));
#19175=CARTESIAN_POINT('',(231.233823629811,-1.00000000000001,32.7424022735733));
#19176=CARTESIAN_POINT('Origin',(231.516666666667,-1.00000000000001,32.4595598854802));
#19177=CARTESIAN_POINT('',(231.233823629811,-16.,32.7424022735733));
#19178=CARTESIAN_POINT('Origin',(231.516666666667,-16.,32.4595598854802));
#19179=CARTESIAN_POINT('',(231.233823629811,-1.00000000000001,32.7424022735733));
#19180=CARTESIAN_POINT('Origin',(228.940931008077,-1.00000000000001,30.4495096518398));
#19181=CARTESIAN_POINT('',(228.940931008077,-1.00000000000001,30.4495096518398));
#19182=CARTESIAN_POINT('',(228.940931008077,-1.00000000000001,30.4495096518398));
#19183=CARTESIAN_POINT('',(228.940931008077,-16.,30.4495096518398));
#19184=CARTESIAN_POINT('',(228.940931008077,-16.,30.4495096518398));
#19185=CARTESIAN_POINT('',(228.940931008077,-1.00000000000001,30.4495096518398));
#19186=CARTESIAN_POINT('Origin',(228.516666666667,-1.00000000000001,30.8737734478533));
#19187=CARTESIAN_POINT('',(227.916666666667,-1.00000000000001,30.8737729320873));
#19188=CARTESIAN_POINT('Origin',(228.516666666667,-1.00000000000001,30.8737734478533));
#19189=CARTESIAN_POINT('',(227.916666666667,-16.,30.8737729320873));
#19190=CARTESIAN_POINT('Origin',(228.516666666667,-16.,30.8737734478533));
#19191=CARTESIAN_POINT('',(227.916666666667,-1.00000000000001,30.8737729320873));
#19192=CARTESIAN_POINT('Origin',(227.916666666667,-1.00000000000001,38.4595593798023));
#19193=CARTESIAN_POINT('',(227.916666666667,-1.00000000000001,38.4595593798023));
#19194=CARTESIAN_POINT('',(227.916666666667,-1.00000000000001,38.4595593798023));
#19195=CARTESIAN_POINT('',(227.916666666667,-16.,38.4595593798023));
#19196=CARTESIAN_POINT('',(227.916666666667,-16.,38.4595593798023));
#19197=CARTESIAN_POINT('',(227.916666666667,-1.00000000000001,38.4595593798023));
#19198=CARTESIAN_POINT('Origin',(228.516666666667,-1.00000000000001,38.45955988548));
#19199=CARTESIAN_POINT('',(228.94093045895,-1.00000000000001,38.8838242306206));
#19200=CARTESIAN_POINT('Origin',(228.516666666667,-1.00000000000001,38.45955988548));
#19201=CARTESIAN_POINT('',(228.94093045895,-16.,38.8838242306206));
#19202=CARTESIAN_POINT('Origin',(228.516666666667,-16.,38.45955988548));
#19203=CARTESIAN_POINT('',(228.94093045895,-1.00000000000001,38.8838242306206));
#19204=CARTESIAN_POINT('Origin',(231.233824253109,-1.00000000000001,36.5909304364619));
#19205=CARTESIAN_POINT('',(231.233824253109,-1.00000000000001,36.5909304364619));
#19206=CARTESIAN_POINT('',(228.94093045895,-1.00000000000001,38.8838242306206));
#19207=CARTESIAN_POINT('',(231.233824253109,-16.,36.5909304364619));
#19208=CARTESIAN_POINT('',(228.94093045895,-16.,38.8838242306206));
#19209=CARTESIAN_POINT('',(231.233824253109,-1.00000000000001,36.5909304364619));
#19210=CARTESIAN_POINT('Origin',(231.516666666667,-1.00000000000001,36.8737734478532));
#19211=CARTESIAN_POINT('',(231.916666666667,-1.00000000000001,36.8737737690353));
#19212=CARTESIAN_POINT('Origin',(231.516666666667,-1.00000000000001,36.8737734478532));
#19213=CARTESIAN_POINT('',(231.916666666667,-16.,36.8737737690353));
#19214=CARTESIAN_POINT('Origin',(231.516666666667,-16.,36.8737734478532));
#19215=CARTESIAN_POINT('',(231.916666666667,-1.00000000000001,36.8737737690353));
#19216=CARTESIAN_POINT('Origin',(231.916666666667,-1.00000000000001,43.6666666666668));
#19217=CARTESIAN_POINT('',(231.916666666667,-1.00000000000001,43.6666666666668));
#19218=CARTESIAN_POINT('',(231.916666666667,-1.00000000000001,36.8737737690353));
#19219=CARTESIAN_POINT('',(231.916666666667,-16.,43.6666666666668));
#19220=CARTESIAN_POINT('',(231.916666666667,-16.,36.8737737690353));
#19221=CARTESIAN_POINT('',(231.916666666667,-1.00000000000001,43.6666666666668));
#19222=CARTESIAN_POINT('Origin',(232.016666666667,-1.00000000000001,43.6666666666668));
#19223=CARTESIAN_POINT('',(232.016666666667,-1.00000000000001,43.6666666666668));
#19224=CARTESIAN_POINT('',(232.016666666667,-1.00000000000001,43.6666666666668));
#19225=CARTESIAN_POINT('',(232.016666666667,-16.,43.6666666666668));
#19226=CARTESIAN_POINT('',(232.016666666667,-16.,43.6666666666668));
#19227=CARTESIAN_POINT('',(232.016666666667,-1.00000000000001,43.6666666666668));
#19228=CARTESIAN_POINT('Origin',(232.016666666667,-1.00000000000001,36.8737734478532));
#19229=CARTESIAN_POINT('',(232.016666666667,-1.00000000000001,36.8737734478532));
#19230=CARTESIAN_POINT('',(232.016666666667,-1.00000000000001,36.8737734478532));
#19231=CARTESIAN_POINT('',(232.016666666667,-16.,36.8737734478532));
#19232=CARTESIAN_POINT('',(232.016666666667,-16.,36.8737734478532));
#19233=CARTESIAN_POINT('',(232.016666666667,-1.00000000000001,36.8737734478532));
#19234=CARTESIAN_POINT('Origin',(231.516666666667,-1.00000000000001,36.8737734478532));
#19235=CARTESIAN_POINT('Origin',(231.516666666667,-1.00000000000001,36.8737734478532));
#19236=CARTESIAN_POINT('Origin',(231.516666666667,-16.,36.8737734478532));
#19237=CARTESIAN_POINT('Origin',(229.966666666668,-1.00000000000001,35.9166666666672));
#19238=CARTESIAN_POINT('Origin',(229.966666666668,-16.,35.9166666666672));
#19239=CARTESIAN_POINT('Origin',(375.506886723927,-1.00000000000003,38.8131132760733));
#19240=CARTESIAN_POINT('',(375.506886723927,-1.00000000000003,38.8131132760733));
#19241=CARTESIAN_POINT('',(377.79977994274,-1.00000000000003,36.5202200572599));
#19242=CARTESIAN_POINT('',(375.506886723927,-1.00000000000003,38.8131132760733));
#19243=CARTESIAN_POINT('',(377.79977994274,-16.,36.5202200572599));
#19244=CARTESIAN_POINT('',(377.79977994274,-1.00000000000003,36.5202200572599));
#19245=CARTESIAN_POINT('',(375.506886723927,-16.,38.8131132760733));
#19246=CARTESIAN_POINT('',(375.506886723927,-16.,38.8131132760733));
#19247=CARTESIAN_POINT('',(375.506886723927,-1.00000000000003,38.8131132760733));
#19248=CARTESIAN_POINT('Origin',(375.153333333333,-1.00000000000003,38.45955988548));
#19249=CARTESIAN_POINT('',(374.653333333333,-1.00000000000003,38.45955988548));
#19250=CARTESIAN_POINT('Origin',(375.153333333333,-1.00000000000003,38.45955988548));
#19251=CARTESIAN_POINT('',(374.653333333333,-16.,38.45955988548));
#19252=CARTESIAN_POINT('Origin',(375.153333333333,-16.,38.45955988548));
#19253=CARTESIAN_POINT('',(374.653333333333,-1.00000000000003,38.45955988548));
#19254=CARTESIAN_POINT('Origin',(374.653333333333,-1.00000000000003,30.8737734478533));
#19255=CARTESIAN_POINT('',(374.653333333333,-1.00000000000003,30.8737734478533));
#19256=CARTESIAN_POINT('',(374.653333333333,-1.00000000000003,38.45955988548));
#19257=CARTESIAN_POINT('',(374.653333333333,-16.,30.8737734478533));
#19258=CARTESIAN_POINT('',(374.653333333333,-16.,38.45955988548));
#19259=CARTESIAN_POINT('',(374.653333333333,-1.00000000000003,30.8737734478533));
#19260=CARTESIAN_POINT('Origin',(375.153333333333,-1.00000000000003,30.8737734478533));
#19261=CARTESIAN_POINT('',(375.506886723927,-1.00000000000003,30.52022005726));
#19262=CARTESIAN_POINT('Origin',(375.153333333333,-1.00000000000003,30.8737734478533));
#19263=CARTESIAN_POINT('',(375.506886723927,-16.,30.52022005726));
#19264=CARTESIAN_POINT('Origin',(375.153333333333,-16.,30.8737734478533));
#19265=CARTESIAN_POINT('',(375.506886723927,-1.00000000000003,30.52022005726));
#19266=CARTESIAN_POINT('Origin',(377.79977994274,-1.00000000000003,32.8131132760735));
#19267=CARTESIAN_POINT('',(377.79977994274,-1.00000000000003,32.8131132760735));
#19268=CARTESIAN_POINT('',(375.506886723927,-1.00000000000003,30.52022005726));
#19269=CARTESIAN_POINT('',(377.79977994274,-16.,32.8131132760735));
#19270=CARTESIAN_POINT('',(375.506886723927,-16.,30.52022005726));
#19271=CARTESIAN_POINT('',(377.79977994274,-1.00000000000003,32.8131132760735));
#19272=CARTESIAN_POINT('Origin',(378.153333333333,-1.00000000000003,32.4595598854802));
#19273=CARTESIAN_POINT('',(378.653333333333,-1.00000000000003,32.4595598854802));
#19274=CARTESIAN_POINT('Origin',(378.153333333333,-1.00000000000003,32.4595598854802));
#19275=CARTESIAN_POINT('',(378.653333333333,-16.,32.4595598854802));
#19276=CARTESIAN_POINT('Origin',(378.153333333333,-16.,32.4595598854802));
#19277=CARTESIAN_POINT('',(378.653333333333,-1.00000000000003,32.4595598854802));
#19278=CARTESIAN_POINT('Origin',(378.653333333336,-1.00000000000003,28.1666666666675));
#19279=CARTESIAN_POINT('',(378.653333333336,-1.00000000000003,28.1666666666675));
#19280=CARTESIAN_POINT('',(378.653333333333,-1.00000000000003,32.4595598854802));
#19281=CARTESIAN_POINT('',(378.653333333336,-16.,28.1666666666675));
#19282=CARTESIAN_POINT('',(378.653333333333,-16.,32.4595598854802));
#19283=CARTESIAN_POINT('',(378.653333333336,-1.00000000000003,28.1666666666675));
#19284=CARTESIAN_POINT('Origin',(378.553333333333,-1.00000000000003,28.1666666666675));
#19285=CARTESIAN_POINT('',(378.553333333333,-1.00000000000003,28.1666666666675));
#19286=CARTESIAN_POINT('',(378.653333333336,-1.00000000000003,28.1666666666675));
#19287=CARTESIAN_POINT('',(378.553333333333,-16.,28.1666666666675));
#19288=CARTESIAN_POINT('',(378.653333333336,-16.,28.1666666666675));
#19289=CARTESIAN_POINT('',(378.553333333333,-1.00000000000003,28.1666666666675));
#19290=CARTESIAN_POINT('Origin',(378.553333333333,-1.00000000000003,32.4595601979751));
#19291=CARTESIAN_POINT('',(378.553333333333,-1.00000000000003,32.4595601979751));
#19292=CARTESIAN_POINT('',(378.553333333333,-1.00000000000003,32.4595601979751));
#19293=CARTESIAN_POINT('',(378.553333333333,-16.,32.4595601979751));
#19294=CARTESIAN_POINT('',(378.553333333333,-16.,32.4595601979751));
#19295=CARTESIAN_POINT('',(378.553333333333,-1.00000000000003,32.4595601979751));
#19296=CARTESIAN_POINT('Origin',(378.153333333333,-1.00000000000003,32.4595598854802));
#19297=CARTESIAN_POINT('',(377.870490296477,-1.00000000000003,32.7424022735733));
#19298=CARTESIAN_POINT('Origin',(378.153333333333,-1.00000000000003,32.4595598854802));
#19299=CARTESIAN_POINT('',(377.870490296477,-16.,32.7424022735733));
#19300=CARTESIAN_POINT('Origin',(378.153333333333,-16.,32.4595598854802));
#19301=CARTESIAN_POINT('',(377.870490296477,-1.00000000000003,32.7424022735733));
#19302=CARTESIAN_POINT('Origin',(375.577597674744,-1.00000000000003,30.4495096518398));
#19303=CARTESIAN_POINT('',(375.577597674744,-1.00000000000003,30.4495096518398));
#19304=CARTESIAN_POINT('',(375.577597674744,-1.00000000000003,30.4495096518398));
#19305=CARTESIAN_POINT('',(375.577597674744,-16.,30.4495096518398));
#19306=CARTESIAN_POINT('',(375.577597674744,-16.,30.4495096518398));
#19307=CARTESIAN_POINT('',(375.577597674744,-1.00000000000003,30.4495096518398));
#19308=CARTESIAN_POINT('Origin',(375.153333333333,-1.00000000000003,30.8737734478533));
#19309=CARTESIAN_POINT('',(374.553333333333,-1.00000000000003,30.8737729320873));
#19310=CARTESIAN_POINT('Origin',(375.153333333333,-1.00000000000003,30.8737734478533));
#19311=CARTESIAN_POINT('',(374.553333333333,-16.,30.8737729320873));
#19312=CARTESIAN_POINT('Origin',(375.153333333333,-16.,30.8737734478533));
#19313=CARTESIAN_POINT('',(374.553333333333,-1.00000000000003,30.8737729320873));
#19314=CARTESIAN_POINT('Origin',(374.553333333333,-1.00000000000003,38.4595593798023));
#19315=CARTESIAN_POINT('',(374.553333333333,-1.00000000000003,38.4595593798023));
#19316=CARTESIAN_POINT('',(374.553333333333,-1.00000000000003,38.4595593798023));
#19317=CARTESIAN_POINT('',(374.553333333333,-16.,38.4595593798023));
#19318=CARTESIAN_POINT('',(374.553333333333,-16.,38.4595593798023));
#19319=CARTESIAN_POINT('',(374.553333333333,-1.00000000000003,38.4595593798023));
#19320=CARTESIAN_POINT('Origin',(375.153333333333,-1.00000000000003,38.45955988548));
#19321=CARTESIAN_POINT('',(375.577597125617,-1.00000000000003,38.8838242306206));
#19322=CARTESIAN_POINT('Origin',(375.153333333333,-1.00000000000003,38.45955988548));
#19323=CARTESIAN_POINT('',(375.577597125617,-16.,38.8838242306206));
#19324=CARTESIAN_POINT('Origin',(375.153333333333,-16.,38.45955988548));
#19325=CARTESIAN_POINT('',(375.577597125617,-1.00000000000003,38.8838242306206));
#19326=CARTESIAN_POINT('Origin',(377.870490919776,-1.00000000000003,36.5909304364619));
#19327=CARTESIAN_POINT('',(377.870490919776,-1.00000000000003,36.5909304364619));
#19328=CARTESIAN_POINT('',(375.577597125617,-1.00000000000003,38.8838242306206));
#19329=CARTESIAN_POINT('',(377.870490919776,-16.,36.5909304364619));
#19330=CARTESIAN_POINT('',(375.577597125617,-16.,38.8838242306206));
#19331=CARTESIAN_POINT('',(377.870490919776,-1.00000000000003,36.5909304364619));
#19332=CARTESIAN_POINT('Origin',(378.153333333333,-1.00000000000003,36.8737734478532));
#19333=CARTESIAN_POINT('',(378.553333333333,-1.00000000000003,36.8737737690353));
#19334=CARTESIAN_POINT('Origin',(378.153333333333,-1.00000000000003,36.8737734478532));
#19335=CARTESIAN_POINT('',(378.553333333333,-16.,36.8737737690353));
#19336=CARTESIAN_POINT('Origin',(378.153333333333,-16.,36.8737734478532));
#19337=CARTESIAN_POINT('',(378.553333333333,-1.00000000000003,36.8737737690353));
#19338=CARTESIAN_POINT('Origin',(378.553333333333,-1.00000000000003,43.6666666666668));
#19339=CARTESIAN_POINT('',(378.553333333333,-1.00000000000003,43.6666666666668));
#19340=CARTESIAN_POINT('',(378.553333333333,-1.00000000000003,36.8737737690353));
#19341=CARTESIAN_POINT('',(378.553333333333,-16.,43.6666666666668));
#19342=CARTESIAN_POINT('',(378.553333333333,-16.,36.8737737690353));
#19343=CARTESIAN_POINT('',(378.553333333333,-1.00000000000003,43.6666666666668));
#19344=CARTESIAN_POINT('Origin',(378.653333333333,-1.00000000000003,43.6666666666668));
#19345=CARTESIAN_POINT('',(378.653333333333,-1.00000000000003,43.6666666666668));
#19346=CARTESIAN_POINT('',(378.653333333333,-1.00000000000003,43.6666666666668));
#19347=CARTESIAN_POINT('',(378.653333333333,-16.,43.6666666666668));
#19348=CARTESIAN_POINT('',(378.653333333333,-16.,43.6666666666668));
#19349=CARTESIAN_POINT('',(378.653333333333,-1.00000000000003,43.6666666666668));
#19350=CARTESIAN_POINT('Origin',(378.653333333333,-1.00000000000003,36.8737734478532));
#19351=CARTESIAN_POINT('',(378.653333333333,-1.00000000000003,36.8737734478532));
#19352=CARTESIAN_POINT('',(378.653333333333,-1.00000000000003,36.8737734478532));
#19353=CARTESIAN_POINT('',(378.653333333333,-16.,36.8737734478532));
#19354=CARTESIAN_POINT('',(378.653333333333,-16.,36.8737734478532));
#19355=CARTESIAN_POINT('',(378.653333333333,-1.00000000000003,36.8737734478532));
#19356=CARTESIAN_POINT('Origin',(378.153333333333,-1.00000000000003,36.8737734478532));
#19357=CARTESIAN_POINT('Origin',(378.153333333333,-1.00000000000003,36.8737734478532));
#19358=CARTESIAN_POINT('Origin',(378.153333333333,-16.,36.8737734478532));
#19359=CARTESIAN_POINT('Origin',(376.603333333335,-1.00000000000003,35.9166666666672));
#19360=CARTESIAN_POINT('Origin',(376.603333333335,-16.,35.9166666666672));
#19361=CARTESIAN_POINT('Origin',(522.143553390593,-1.00000000000004,38.8131132760733));
#19362=CARTESIAN_POINT('',(522.143553390593,-1.00000000000004,38.8131132760733));
#19363=CARTESIAN_POINT('',(524.436446609407,-1.00000000000004,36.5202200572599));
#19364=CARTESIAN_POINT('',(522.143553390593,-1.00000000000004,38.8131132760733));
#19365=CARTESIAN_POINT('',(524.436446609407,-16.,36.5202200572599));
#19366=CARTESIAN_POINT('',(524.436446609407,-1.00000000000004,36.5202200572599));
#19367=CARTESIAN_POINT('',(522.143553390593,-16.,38.8131132760733));
#19368=CARTESIAN_POINT('',(522.143553390593,-16.,38.8131132760733));
#19369=CARTESIAN_POINT('',(522.143553390593,-1.00000000000004,38.8131132760733));
#19370=CARTESIAN_POINT('Origin',(521.79,-1.00000000000004,38.45955988548));
#19371=CARTESIAN_POINT('',(521.29,-1.00000000000004,38.45955988548));
#19372=CARTESIAN_POINT('Origin',(521.79,-1.00000000000004,38.45955988548));
#19373=CARTESIAN_POINT('',(521.29,-16.,38.45955988548));
#19374=CARTESIAN_POINT('Origin',(521.79,-16.,38.45955988548));
#19375=CARTESIAN_POINT('',(521.29,-1.00000000000004,38.45955988548));
#19376=CARTESIAN_POINT('Origin',(521.29,-1.00000000000004,30.8737734478533));
#19377=CARTESIAN_POINT('',(521.29,-1.00000000000004,30.8737734478533));
#19378=CARTESIAN_POINT('',(521.29,-1.00000000000004,38.45955988548));
#19379=CARTESIAN_POINT('',(521.29,-16.,30.8737734478533));
#19380=CARTESIAN_POINT('',(521.29,-16.,38.45955988548));
#19381=CARTESIAN_POINT('',(521.29,-1.00000000000004,30.8737734478533));
#19382=CARTESIAN_POINT('Origin',(521.79,-1.00000000000004,30.8737734478533));
#19383=CARTESIAN_POINT('',(522.143553390593,-1.00000000000004,30.52022005726));
#19384=CARTESIAN_POINT('Origin',(521.79,-1.00000000000004,30.8737734478533));
#19385=CARTESIAN_POINT('',(522.143553390593,-16.,30.52022005726));
#19386=CARTESIAN_POINT('Origin',(521.79,-16.,30.8737734478533));
#19387=CARTESIAN_POINT('',(522.143553390593,-1.00000000000004,30.52022005726));
#19388=CARTESIAN_POINT('Origin',(524.436446609407,-1.00000000000004,32.8131132760735));
#19389=CARTESIAN_POINT('',(524.436446609407,-1.00000000000004,32.8131132760735));
#19390=CARTESIAN_POINT('',(522.143553390593,-1.00000000000004,30.52022005726));
#19391=CARTESIAN_POINT('',(524.436446609407,-16.,32.8131132760735));
#19392=CARTESIAN_POINT('',(522.143553390593,-16.,30.52022005726));
#19393=CARTESIAN_POINT('',(524.436446609407,-1.00000000000004,32.8131132760735));
#19394=CARTESIAN_POINT('Origin',(524.79,-1.00000000000004,32.4595598854802));
#19395=CARTESIAN_POINT('',(525.29,-1.00000000000004,32.4595598854802));
#19396=CARTESIAN_POINT('Origin',(524.79,-1.00000000000004,32.4595598854802));
#19397=CARTESIAN_POINT('',(525.29,-16.,32.4595598854802));
#19398=CARTESIAN_POINT('Origin',(524.79,-16.,32.4595598854802));
#19399=CARTESIAN_POINT('',(525.29,-1.00000000000004,32.4595598854802));
#19400=CARTESIAN_POINT('Origin',(525.290000000003,-1.00000000000004,28.1666666666675));
#19401=CARTESIAN_POINT('',(525.290000000003,-1.00000000000004,28.1666666666675));
#19402=CARTESIAN_POINT('',(525.29,-1.00000000000004,32.4595598854802));
#19403=CARTESIAN_POINT('',(525.290000000003,-16.,28.1666666666675));
#19404=CARTESIAN_POINT('',(525.29,-16.,32.4595598854802));
#19405=CARTESIAN_POINT('',(525.290000000003,-1.00000000000004,28.1666666666675));
#19406=CARTESIAN_POINT('Origin',(525.19,-1.00000000000004,28.1666666666675));
#19407=CARTESIAN_POINT('',(525.19,-1.00000000000004,28.1666666666675));
#19408=CARTESIAN_POINT('',(525.290000000003,-1.00000000000004,28.1666666666675));
#19409=CARTESIAN_POINT('',(525.19,-16.,28.1666666666675));
#19410=CARTESIAN_POINT('',(525.290000000003,-16.,28.1666666666675));
#19411=CARTESIAN_POINT('',(525.19,-1.00000000000004,28.1666666666675));
#19412=CARTESIAN_POINT('Origin',(525.19,-1.00000000000004,32.4595601979751));
#19413=CARTESIAN_POINT('',(525.19,-1.00000000000004,32.4595601979751));
#19414=CARTESIAN_POINT('',(525.19,-1.00000000000004,32.4595601979751));
#19415=CARTESIAN_POINT('',(525.19,-16.,32.4595601979751));
#19416=CARTESIAN_POINT('',(525.19,-16.,32.4595601979751));
#19417=CARTESIAN_POINT('',(525.19,-1.00000000000004,32.4595601979751));
#19418=CARTESIAN_POINT('Origin',(524.79,-1.00000000000004,32.4595598854802));
#19419=CARTESIAN_POINT('',(524.507156963144,-1.00000000000004,32.7424022735733));
#19420=CARTESIAN_POINT('Origin',(524.79,-1.00000000000004,32.4595598854802));
#19421=CARTESIAN_POINT('',(524.507156963144,-16.,32.7424022735733));
#19422=CARTESIAN_POINT('Origin',(524.79,-16.,32.4595598854802));
#19423=CARTESIAN_POINT('',(524.507156963144,-1.00000000000004,32.7424022735733));
#19424=CARTESIAN_POINT('Origin',(522.214264341411,-1.00000000000004,30.4495096518398));
#19425=CARTESIAN_POINT('',(522.214264341411,-1.00000000000004,30.4495096518398));
#19426=CARTESIAN_POINT('',(522.214264341411,-1.00000000000004,30.4495096518398));
#19427=CARTESIAN_POINT('',(522.214264341411,-16.,30.4495096518398));
#19428=CARTESIAN_POINT('',(522.214264341411,-16.,30.4495096518398));
#19429=CARTESIAN_POINT('',(522.214264341411,-1.00000000000004,30.4495096518398));
#19430=CARTESIAN_POINT('Origin',(521.79,-1.00000000000004,30.8737734478533));
#19431=CARTESIAN_POINT('',(521.19,-1.00000000000004,30.8737729320873));
#19432=CARTESIAN_POINT('Origin',(521.79,-1.00000000000004,30.8737734478533));
#19433=CARTESIAN_POINT('',(521.19,-16.,30.8737729320873));
#19434=CARTESIAN_POINT('Origin',(521.79,-16.,30.8737734478533));
#19435=CARTESIAN_POINT('',(521.19,-1.00000000000004,30.8737729320873));
#19436=CARTESIAN_POINT('Origin',(521.19,-1.00000000000004,38.4595593798023));
#19437=CARTESIAN_POINT('',(521.19,-1.00000000000004,38.4595593798023));
#19438=CARTESIAN_POINT('',(521.19,-1.00000000000004,38.4595593798023));
#19439=CARTESIAN_POINT('',(521.19,-16.,38.4595593798023));
#19440=CARTESIAN_POINT('',(521.19,-16.,38.4595593798023));
#19441=CARTESIAN_POINT('',(521.19,-1.00000000000004,38.4595593798023));
#19442=CARTESIAN_POINT('Origin',(521.79,-1.00000000000004,38.45955988548));
#19443=CARTESIAN_POINT('',(522.214263792283,-1.00000000000004,38.8838242306206));
#19444=CARTESIAN_POINT('Origin',(521.79,-1.00000000000004,38.45955988548));
#19445=CARTESIAN_POINT('',(522.214263792283,-16.,38.8838242306206));
#19446=CARTESIAN_POINT('Origin',(521.79,-16.,38.45955988548));
#19447=CARTESIAN_POINT('',(522.214263792283,-1.00000000000004,38.8838242306206));
#19448=CARTESIAN_POINT('Origin',(524.507157586442,-1.00000000000004,36.5909304364619));
#19449=CARTESIAN_POINT('',(524.507157586442,-1.00000000000004,36.5909304364619));
#19450=CARTESIAN_POINT('',(522.214263792283,-1.00000000000004,38.8838242306206));
#19451=CARTESIAN_POINT('',(524.507157586442,-16.,36.5909304364619));
#19452=CARTESIAN_POINT('',(522.214263792283,-16.,38.8838242306206));
#19453=CARTESIAN_POINT('',(524.507157586442,-1.00000000000004,36.5909304364619));
#19454=CARTESIAN_POINT('Origin',(524.79,-1.00000000000004,36.8737734478532));
#19455=CARTESIAN_POINT('',(525.19,-1.00000000000004,36.8737737690353));
#19456=CARTESIAN_POINT('Origin',(524.79,-1.00000000000004,36.8737734478532));
#19457=CARTESIAN_POINT('',(525.19,-16.,36.8737737690353));
#19458=CARTESIAN_POINT('Origin',(524.79,-16.,36.8737734478532));
#19459=CARTESIAN_POINT('',(525.19,-1.00000000000004,36.8737737690353));
#19460=CARTESIAN_POINT('Origin',(525.19,-1.00000000000004,43.6666666666668));
#19461=CARTESIAN_POINT('',(525.19,-1.00000000000004,43.6666666666668));
#19462=CARTESIAN_POINT('',(525.19,-1.00000000000004,36.8737737690353));
#19463=CARTESIAN_POINT('',(525.19,-16.,43.6666666666668));
#19464=CARTESIAN_POINT('',(525.19,-16.,36.8737737690353));
#19465=CARTESIAN_POINT('',(525.19,-1.00000000000004,43.6666666666668));
#19466=CARTESIAN_POINT('Origin',(525.29,-1.00000000000004,43.6666666666668));
#19467=CARTESIAN_POINT('',(525.29,-1.00000000000004,43.6666666666668));
#19468=CARTESIAN_POINT('',(525.29,-1.00000000000004,43.6666666666668));
#19469=CARTESIAN_POINT('',(525.29,-16.,43.6666666666668));
#19470=CARTESIAN_POINT('',(525.29,-16.,43.6666666666668));
#19471=CARTESIAN_POINT('',(525.29,-1.00000000000004,43.6666666666668));
#19472=CARTESIAN_POINT('Origin',(525.29,-1.00000000000004,36.8737734478532));
#19473=CARTESIAN_POINT('',(525.29,-1.00000000000004,36.8737734478532));
#19474=CARTESIAN_POINT('',(525.29,-1.00000000000004,36.8737734478532));
#19475=CARTESIAN_POINT('',(525.29,-16.,36.8737734478532));
#19476=CARTESIAN_POINT('',(525.29,-16.,36.8737734478532));
#19477=CARTESIAN_POINT('',(525.29,-1.00000000000004,36.8737734478532));
#19478=CARTESIAN_POINT('Origin',(524.79,-1.00000000000004,36.8737734478532));
#19479=CARTESIAN_POINT('Origin',(524.79,-1.00000000000004,36.8737734478532));
#19480=CARTESIAN_POINT('Origin',(524.79,-16.,36.8737734478532));
#19481=CARTESIAN_POINT('Origin',(523.240000000001,-1.00000000000004,35.9166666666672));
#19482=CARTESIAN_POINT('Origin',(523.240000000001,-16.,35.9166666666672));
#19483=CARTESIAN_POINT('Origin',(82.2335533905933,-1.,53.1464466094067));
#19484=CARTESIAN_POINT('',(82.2335533905933,-1.,53.1464466094067));
#19485=CARTESIAN_POINT('',(84.5264466094067,-1.,50.8535533905933));
#19486=CARTESIAN_POINT('',(82.2335533905933,-1.,53.1464466094067));
#19487=CARTESIAN_POINT('',(84.5264466094067,-16.,50.8535533905933));
#19488=CARTESIAN_POINT('',(84.5264466094067,-1.,50.8535533905933));
#19489=CARTESIAN_POINT('',(82.2335533905933,-16.,53.1464466094067));
#19490=CARTESIAN_POINT('',(82.2335533905933,-16.,53.1464466094067));
#19491=CARTESIAN_POINT('',(82.2335533905933,-1.,53.1464466094067));
#19492=CARTESIAN_POINT('Origin',(81.88,-1.,52.7928932188134));
#19493=CARTESIAN_POINT('',(81.38,-1.,52.7928932188134));
#19494=CARTESIAN_POINT('Origin',(81.88,-1.,52.7928932188134));
#19495=CARTESIAN_POINT('',(81.38,-16.,52.7928932188134));
#19496=CARTESIAN_POINT('Origin',(81.88,-16.,52.7928932188134));
#19497=CARTESIAN_POINT('',(81.38,-1.,52.7928932188134));
#19498=CARTESIAN_POINT('Origin',(81.38,-1.,45.2071067811866));
#19499=CARTESIAN_POINT('',(81.38,-1.,45.2071067811866));
#19500=CARTESIAN_POINT('',(81.38,-1.,52.7928932188134));
#19501=CARTESIAN_POINT('',(81.38,-16.,45.2071067811866));
#19502=CARTESIAN_POINT('',(81.38,-16.,52.7928932188134));
#19503=CARTESIAN_POINT('',(81.38,-1.,45.2071067811866));
#19504=CARTESIAN_POINT('Origin',(81.88,-1.,45.2071067811866));
#19505=CARTESIAN_POINT('',(82.2335533905933,-1.,44.8535533905934));
#19506=CARTESIAN_POINT('Origin',(81.88,-1.,45.2071067811866));
#19507=CARTESIAN_POINT('',(82.2335533905933,-16.,44.8535533905934));
#19508=CARTESIAN_POINT('Origin',(81.88,-16.,45.2071067811866));
#19509=CARTESIAN_POINT('',(82.2335533905933,-1.,44.8535533905934));
#19510=CARTESIAN_POINT('Origin',(84.5264466094067,-1.,47.1464466094068));
#19511=CARTESIAN_POINT('',(84.5264466094067,-1.,47.1464466094068));
#19512=CARTESIAN_POINT('',(82.2335533905933,-1.,44.8535533905934));
#19513=CARTESIAN_POINT('',(84.5264466094067,-16.,47.1464466094068));
#19514=CARTESIAN_POINT('',(82.2335533905933,-16.,44.8535533905934));
#19515=CARTESIAN_POINT('',(84.5264466094067,-1.,47.1464466094068));
#19516=CARTESIAN_POINT('Origin',(84.88,-1.,46.7928932188135));
#19517=CARTESIAN_POINT('',(85.38,-1.,46.7928932188135));
#19518=CARTESIAN_POINT('Origin',(84.88,-1.,46.7928932188135));
#19519=CARTESIAN_POINT('',(85.38,-16.,46.7928932188135));
#19520=CARTESIAN_POINT('Origin',(84.88,-16.,46.7928932188135));
#19521=CARTESIAN_POINT('',(85.38,-1.,46.7928932188135));
#19522=CARTESIAN_POINT('Origin',(85.3800000000027,-1.,42.5000000000008));
#19523=CARTESIAN_POINT('',(85.3800000000027,-1.,42.5000000000008));
#19524=CARTESIAN_POINT('',(85.38,-1.,46.7928932188135));
#19525=CARTESIAN_POINT('',(85.3800000000027,-16.,42.5000000000008));
#19526=CARTESIAN_POINT('',(85.38,-16.,46.7928932188135));
#19527=CARTESIAN_POINT('',(85.3800000000027,-1.,42.5000000000008));
#19528=CARTESIAN_POINT('Origin',(85.28,-1.,42.5000000000008));
#19529=CARTESIAN_POINT('',(85.28,-1.,42.5000000000008));
#19530=CARTESIAN_POINT('',(85.3800000000027,-1.,42.5000000000008));
#19531=CARTESIAN_POINT('',(85.28,-16.,42.5000000000008));
#19532=CARTESIAN_POINT('',(85.3800000000027,-16.,42.5000000000008));
#19533=CARTESIAN_POINT('',(85.28,-1.,42.5000000000008));
#19534=CARTESIAN_POINT('Origin',(85.28,-1.,46.7928935313084));
#19535=CARTESIAN_POINT('',(85.28,-1.,46.7928935313084));
#19536=CARTESIAN_POINT('',(85.28,-1.,46.7928935313084));
#19537=CARTESIAN_POINT('',(85.28,-16.,46.7928935313084));
#19538=CARTESIAN_POINT('',(85.28,-16.,46.7928935313084));
#19539=CARTESIAN_POINT('',(85.28,-1.,46.7928935313084));
#19540=CARTESIAN_POINT('Origin',(84.88,-1.,46.7928932188135));
#19541=CARTESIAN_POINT('',(84.5971569631441,-1.,47.0757356069066));
#19542=CARTESIAN_POINT('Origin',(84.88,-1.,46.7928932188135));
#19543=CARTESIAN_POINT('',(84.5971569631441,-16.,47.0757356069066));
#19544=CARTESIAN_POINT('Origin',(84.88,-16.,46.7928932188135));
#19545=CARTESIAN_POINT('',(84.5971569631441,-1.,47.0757356069066));
#19546=CARTESIAN_POINT('Origin',(82.3042643414106,-1.,44.7828429851731));
#19547=CARTESIAN_POINT('',(82.3042643414106,-1.,44.7828429851731));
#19548=CARTESIAN_POINT('',(82.3042643414106,-1.,44.7828429851731));
#19549=CARTESIAN_POINT('',(82.3042643414106,-16.,44.7828429851731));
#19550=CARTESIAN_POINT('',(82.3042643414106,-16.,44.7828429851731));
#19551=CARTESIAN_POINT('',(82.3042643414106,-1.,44.7828429851731));
#19552=CARTESIAN_POINT('Origin',(81.88,-1.,45.2071067811866));
#19553=CARTESIAN_POINT('',(81.28,-1.,45.2071062654207));
#19554=CARTESIAN_POINT('Origin',(81.88,-1.,45.2071067811866));
#19555=CARTESIAN_POINT('',(81.28,-16.,45.2071062654207));
#19556=CARTESIAN_POINT('Origin',(81.88,-16.,45.2071067811866));
#19557=CARTESIAN_POINT('',(81.28,-1.,45.2071062654207));
#19558=CARTESIAN_POINT('Origin',(81.28,-1.,52.7928927131357));
#19559=CARTESIAN_POINT('',(81.28,-1.,52.7928927131357));
#19560=CARTESIAN_POINT('',(81.28,-1.,52.7928927131357));
#19561=CARTESIAN_POINT('',(81.28,-16.,52.7928927131357));
#19562=CARTESIAN_POINT('',(81.28,-16.,52.7928927131357));
#19563=CARTESIAN_POINT('',(81.28,-1.,52.7928927131357));
#19564=CARTESIAN_POINT('Origin',(81.88,-1.,52.7928932188134));
#19565=CARTESIAN_POINT('',(82.3042637922836,-1.,53.2171575639539));
#19566=CARTESIAN_POINT('Origin',(81.88,-1.,52.7928932188134));
#19567=CARTESIAN_POINT('',(82.3042637922836,-16.,53.2171575639539));
#19568=CARTESIAN_POINT('Origin',(81.88,-16.,52.7928932188134));
#19569=CARTESIAN_POINT('',(82.3042637922836,-1.,53.2171575639539));
#19570=CARTESIAN_POINT('Origin',(84.5971575864422,-1.,50.9242637697953));
#19571=CARTESIAN_POINT('',(84.5971575864422,-1.,50.9242637697952));
#19572=CARTESIAN_POINT('',(82.3042637922836,-1.,53.2171575639539));
#19573=CARTESIAN_POINT('',(84.5971575864422,-16.,50.9242637697952));
#19574=CARTESIAN_POINT('',(82.3042637922836,-16.,53.2171575639539));
#19575=CARTESIAN_POINT('',(84.5971575864422,-1.,50.9242637697952));
#19576=CARTESIAN_POINT('Origin',(84.88,-1.,51.2071067811865));
#19577=CARTESIAN_POINT('',(85.28,-1.,51.2071071023686));
#19578=CARTESIAN_POINT('Origin',(84.88,-1.,51.2071067811865));
#19579=CARTESIAN_POINT('',(85.28,-16.,51.2071071023686));
#19580=CARTESIAN_POINT('Origin',(84.88,-16.,51.2071067811865));
#19581=CARTESIAN_POINT('',(85.28,-1.,51.2071071023686));
#19582=CARTESIAN_POINT('Origin',(85.28,-1.,58.0000000000001));
#19583=CARTESIAN_POINT('',(85.28,-1.,58.0000000000001));
#19584=CARTESIAN_POINT('',(85.28,-1.,51.2071071023686));
#19585=CARTESIAN_POINT('',(85.28,-16.,58.0000000000001));
#19586=CARTESIAN_POINT('',(85.28,-16.,51.2071071023686));
#19587=CARTESIAN_POINT('',(85.28,-1.,58.0000000000001));
#19588=CARTESIAN_POINT('Origin',(85.38,-1.,58.0000000000001));
#19589=CARTESIAN_POINT('',(85.38,-1.,58.0000000000001));
#19590=CARTESIAN_POINT('',(85.38,-1.,58.0000000000001));
#19591=CARTESIAN_POINT('',(85.38,-16.,58.0000000000001));
#19592=CARTESIAN_POINT('',(85.38,-16.,58.0000000000001));
#19593=CARTESIAN_POINT('',(85.38,-1.,58.0000000000001));
#19594=CARTESIAN_POINT('Origin',(85.38,-1.,51.2071067811865));
#19595=CARTESIAN_POINT('',(85.38,-1.,51.2071067811865));
#19596=CARTESIAN_POINT('',(85.38,-1.,51.2071067811865));
#19597=CARTESIAN_POINT('',(85.38,-16.,51.2071067811865));
#19598=CARTESIAN_POINT('',(85.38,-16.,51.2071067811865));
#19599=CARTESIAN_POINT('',(85.38,-1.,51.2071067811865));
#19600=CARTESIAN_POINT('Origin',(84.88,-1.,51.2071067811865));
#19601=CARTESIAN_POINT('Origin',(84.88,-1.,51.2071067811865));
#19602=CARTESIAN_POINT('Origin',(84.88,-16.,51.2071067811865));
#19603=CARTESIAN_POINT('Origin',(83.3300000000013,-1.,50.2500000000005));
#19604=CARTESIAN_POINT('Origin',(83.3300000000013,-16.,50.2500000000005));
#19605=CARTESIAN_POINT('Origin',(228.87022005726,-1.00000000000001,53.1464466094067));
#19606=CARTESIAN_POINT('',(228.87022005726,-1.00000000000001,53.1464466094067));
#19607=CARTESIAN_POINT('',(231.163113276073,-1.00000000000001,50.8535533905933));
#19608=CARTESIAN_POINT('',(228.87022005726,-1.00000000000001,53.1464466094067));
#19609=CARTESIAN_POINT('',(231.163113276073,-16.,50.8535533905933));
#19610=CARTESIAN_POINT('',(231.163113276073,-1.00000000000001,50.8535533905933));
#19611=CARTESIAN_POINT('',(228.87022005726,-16.,53.1464466094067));
#19612=CARTESIAN_POINT('',(228.87022005726,-16.,53.1464466094067));
#19613=CARTESIAN_POINT('',(228.87022005726,-1.00000000000001,53.1464466094067));
#19614=CARTESIAN_POINT('Origin',(228.516666666667,-1.00000000000001,52.7928932188134));
#19615=CARTESIAN_POINT('',(228.016666666667,-1.00000000000001,52.7928932188134));
#19616=CARTESIAN_POINT('Origin',(228.516666666667,-1.00000000000001,52.7928932188134));
#19617=CARTESIAN_POINT('',(228.016666666667,-16.,52.7928932188134));
#19618=CARTESIAN_POINT('Origin',(228.516666666667,-16.,52.7928932188134));
#19619=CARTESIAN_POINT('',(228.016666666667,-1.00000000000001,52.7928932188134));
#19620=CARTESIAN_POINT('Origin',(228.016666666667,-1.00000000000001,45.2071067811866));
#19621=CARTESIAN_POINT('',(228.016666666667,-1.00000000000001,45.2071067811866));
#19622=CARTESIAN_POINT('',(228.016666666667,-1.00000000000001,52.7928932188134));
#19623=CARTESIAN_POINT('',(228.016666666667,-16.,45.2071067811866));
#19624=CARTESIAN_POINT('',(228.016666666667,-16.,52.7928932188134));
#19625=CARTESIAN_POINT('',(228.016666666667,-1.00000000000001,45.2071067811866));
#19626=CARTESIAN_POINT('Origin',(228.516666666667,-1.00000000000001,45.2071067811866));
#19627=CARTESIAN_POINT('',(228.87022005726,-1.00000000000001,44.8535533905934));
#19628=CARTESIAN_POINT('Origin',(228.516666666667,-1.00000000000001,45.2071067811866));
#19629=CARTESIAN_POINT('',(228.87022005726,-16.,44.8535533905934));
#19630=CARTESIAN_POINT('Origin',(228.516666666667,-16.,45.2071067811866));
#19631=CARTESIAN_POINT('',(228.87022005726,-1.00000000000001,44.8535533905934));
#19632=CARTESIAN_POINT('Origin',(231.163113276073,-1.00000000000001,47.1464466094068));
#19633=CARTESIAN_POINT('',(231.163113276073,-1.00000000000001,47.1464466094068));
#19634=CARTESIAN_POINT('',(228.87022005726,-1.00000000000001,44.8535533905934));
#19635=CARTESIAN_POINT('',(231.163113276073,-16.,47.1464466094068));
#19636=CARTESIAN_POINT('',(228.87022005726,-16.,44.8535533905934));
#19637=CARTESIAN_POINT('',(231.163113276073,-1.00000000000001,47.1464466094068));
#19638=CARTESIAN_POINT('Origin',(231.516666666667,-1.00000000000001,46.7928932188135));
#19639=CARTESIAN_POINT('',(232.016666666667,-1.00000000000001,46.7928932188135));
#19640=CARTESIAN_POINT('Origin',(231.516666666667,-1.00000000000001,46.7928932188135));
#19641=CARTESIAN_POINT('',(232.016666666667,-16.,46.7928932188135));
#19642=CARTESIAN_POINT('Origin',(231.516666666667,-16.,46.7928932188135));
#19643=CARTESIAN_POINT('',(232.016666666667,-1.00000000000001,46.7928932188135));
#19644=CARTESIAN_POINT('Origin',(232.016666666669,-1.00000000000001,42.5000000000008));
#19645=CARTESIAN_POINT('',(232.016666666669,-1.00000000000001,42.5000000000008));
#19646=CARTESIAN_POINT('',(232.016666666667,-1.00000000000001,46.7928932188135));
#19647=CARTESIAN_POINT('',(232.016666666669,-16.,42.5000000000008));
#19648=CARTESIAN_POINT('',(232.016666666667,-16.,46.7928932188135));
#19649=CARTESIAN_POINT('',(232.016666666669,-1.00000000000001,42.5000000000008));
#19650=CARTESIAN_POINT('Origin',(231.916666666667,-1.00000000000001,42.5000000000008));
#19651=CARTESIAN_POINT('',(231.916666666667,-1.00000000000001,42.5000000000008));
#19652=CARTESIAN_POINT('',(232.016666666669,-1.00000000000001,42.5000000000008));
#19653=CARTESIAN_POINT('',(231.916666666667,-16.,42.5000000000008));
#19654=CARTESIAN_POINT('',(232.016666666669,-16.,42.5000000000008));
#19655=CARTESIAN_POINT('',(231.916666666667,-1.00000000000001,42.5000000000008));
#19656=CARTESIAN_POINT('Origin',(231.916666666667,-1.00000000000001,46.7928935313084));
#19657=CARTESIAN_POINT('',(231.916666666667,-1.00000000000001,46.7928935313084));
#19658=CARTESIAN_POINT('',(231.916666666667,-1.00000000000001,46.7928935313084));
#19659=CARTESIAN_POINT('',(231.916666666667,-16.,46.7928935313084));
#19660=CARTESIAN_POINT('',(231.916666666667,-16.,46.7928935313084));
#19661=CARTESIAN_POINT('',(231.916666666667,-1.00000000000001,46.7928935313084));
#19662=CARTESIAN_POINT('Origin',(231.516666666667,-1.00000000000001,46.7928932188135));
#19663=CARTESIAN_POINT('',(231.233823629811,-1.00000000000001,47.0757356069066));
#19664=CARTESIAN_POINT('Origin',(231.516666666667,-1.00000000000001,46.7928932188135));
#19665=CARTESIAN_POINT('',(231.233823629811,-16.,47.0757356069066));
#19666=CARTESIAN_POINT('Origin',(231.516666666667,-16.,46.7928932188135));
#19667=CARTESIAN_POINT('',(231.233823629811,-1.00000000000001,47.0757356069066));
#19668=CARTESIAN_POINT('Origin',(228.940931008077,-1.00000000000001,44.7828429851731));
#19669=CARTESIAN_POINT('',(228.940931008077,-1.00000000000001,44.7828429851731));
#19670=CARTESIAN_POINT('',(228.940931008077,-1.00000000000001,44.7828429851731));
#19671=CARTESIAN_POINT('',(228.940931008077,-16.,44.7828429851731));
#19672=CARTESIAN_POINT('',(228.940931008077,-16.,44.7828429851731));
#19673=CARTESIAN_POINT('',(228.940931008077,-1.00000000000001,44.7828429851731));
#19674=CARTESIAN_POINT('Origin',(228.516666666667,-1.00000000000001,45.2071067811866));
#19675=CARTESIAN_POINT('',(227.916666666667,-1.00000000000001,45.2071062654207));
#19676=CARTESIAN_POINT('Origin',(228.516666666667,-1.00000000000001,45.2071067811866));
#19677=CARTESIAN_POINT('',(227.916666666667,-16.,45.2071062654207));
#19678=CARTESIAN_POINT('Origin',(228.516666666667,-16.,45.2071067811866));
#19679=CARTESIAN_POINT('',(227.916666666667,-1.00000000000001,45.2071062654207));
#19680=CARTESIAN_POINT('Origin',(227.916666666667,-1.00000000000001,52.7928927131357));
#19681=CARTESIAN_POINT('',(227.916666666667,-1.00000000000001,52.7928927131357));
#19682=CARTESIAN_POINT('',(227.916666666667,-1.00000000000001,52.7928927131357));
#19683=CARTESIAN_POINT('',(227.916666666667,-16.,52.7928927131357));
#19684=CARTESIAN_POINT('',(227.916666666667,-16.,52.7928927131357));
#19685=CARTESIAN_POINT('',(227.916666666667,-1.00000000000001,52.7928927131357));
#19686=CARTESIAN_POINT('Origin',(228.516666666667,-1.00000000000001,52.7928932188134));
#19687=CARTESIAN_POINT('',(228.94093045895,-1.00000000000001,53.2171575639539));
#19688=CARTESIAN_POINT('Origin',(228.516666666667,-1.00000000000001,52.7928932188134));
#19689=CARTESIAN_POINT('',(228.94093045895,-16.,53.2171575639539));
#19690=CARTESIAN_POINT('Origin',(228.516666666667,-16.,52.7928932188134));
#19691=CARTESIAN_POINT('',(228.94093045895,-1.00000000000001,53.2171575639539));
#19692=CARTESIAN_POINT('Origin',(231.233824253109,-1.00000000000001,50.9242637697953));
#19693=CARTESIAN_POINT('',(231.233824253109,-1.00000000000001,50.9242637697952));
#19694=CARTESIAN_POINT('',(228.94093045895,-1.00000000000001,53.2171575639539));
#19695=CARTESIAN_POINT('',(231.233824253109,-16.,50.9242637697952));
#19696=CARTESIAN_POINT('',(228.94093045895,-16.,53.2171575639539));
#19697=CARTESIAN_POINT('',(231.233824253109,-1.00000000000001,50.9242637697952));
#19698=CARTESIAN_POINT('Origin',(231.516666666667,-1.00000000000001,51.2071067811865));
#19699=CARTESIAN_POINT('',(231.916666666667,-1.00000000000001,51.2071071023686));
#19700=CARTESIAN_POINT('Origin',(231.516666666667,-1.00000000000001,51.2071067811865));
#19701=CARTESIAN_POINT('',(231.916666666667,-16.,51.2071071023686));
#19702=CARTESIAN_POINT('Origin',(231.516666666667,-16.,51.2071067811865));
#19703=CARTESIAN_POINT('',(231.916666666667,-1.00000000000001,51.2071071023686));
#19704=CARTESIAN_POINT('Origin',(231.916666666667,-1.00000000000001,58.0000000000001));
#19705=CARTESIAN_POINT('',(231.916666666667,-1.00000000000001,58.0000000000001));
#19706=CARTESIAN_POINT('',(231.916666666667,-1.00000000000001,51.2071071023686));
#19707=CARTESIAN_POINT('',(231.916666666667,-16.,58.0000000000001));
#19708=CARTESIAN_POINT('',(231.916666666667,-16.,51.2071071023686));
#19709=CARTESIAN_POINT('',(231.916666666667,-1.00000000000001,58.0000000000001));
#19710=CARTESIAN_POINT('Origin',(232.016666666667,-1.00000000000001,58.0000000000001));
#19711=CARTESIAN_POINT('',(232.016666666667,-1.00000000000001,58.0000000000001));
#19712=CARTESIAN_POINT('',(232.016666666667,-1.00000000000001,58.0000000000001));
#19713=CARTESIAN_POINT('',(232.016666666667,-16.,58.0000000000001));
#19714=CARTESIAN_POINT('',(232.016666666667,-16.,58.0000000000001));
#19715=CARTESIAN_POINT('',(232.016666666667,-1.00000000000001,58.0000000000001));
#19716=CARTESIAN_POINT('Origin',(232.016666666667,-1.00000000000001,51.2071067811865));
#19717=CARTESIAN_POINT('',(232.016666666667,-1.00000000000001,51.2071067811865));
#19718=CARTESIAN_POINT('',(232.016666666667,-1.00000000000001,51.2071067811865));
#19719=CARTESIAN_POINT('',(232.016666666667,-16.,51.2071067811865));
#19720=CARTESIAN_POINT('',(232.016666666667,-16.,51.2071067811865));
#19721=CARTESIAN_POINT('',(232.016666666667,-1.00000000000001,51.2071067811865));
#19722=CARTESIAN_POINT('Origin',(231.516666666667,-1.00000000000001,51.2071067811865));
#19723=CARTESIAN_POINT('Origin',(231.516666666667,-1.00000000000001,51.2071067811865));
#19724=CARTESIAN_POINT('Origin',(231.516666666667,-16.,51.2071067811865));
#19725=CARTESIAN_POINT('Origin',(229.966666666668,-1.00000000000001,50.2500000000005));
#19726=CARTESIAN_POINT('Origin',(229.966666666668,-16.,50.2500000000005));
#19727=CARTESIAN_POINT('Origin',(375.506886723927,-1.00000000000003,53.1464466094067));
#19728=CARTESIAN_POINT('',(375.506886723927,-1.00000000000003,53.1464466094067));
#19729=CARTESIAN_POINT('',(377.79977994274,-1.00000000000003,50.8535533905933));
#19730=CARTESIAN_POINT('',(375.506886723927,-1.00000000000003,53.1464466094067));
#19731=CARTESIAN_POINT('',(377.79977994274,-16.,50.8535533905933));
#19732=CARTESIAN_POINT('',(377.79977994274,-1.00000000000003,50.8535533905933));
#19733=CARTESIAN_POINT('',(375.506886723927,-16.,53.1464466094067));
#19734=CARTESIAN_POINT('',(375.506886723927,-16.,53.1464466094067));
#19735=CARTESIAN_POINT('',(375.506886723927,-1.00000000000003,53.1464466094067));
#19736=CARTESIAN_POINT('Origin',(375.153333333333,-1.00000000000003,52.7928932188134));
#19737=CARTESIAN_POINT('',(374.653333333333,-1.00000000000003,52.7928932188134));
#19738=CARTESIAN_POINT('Origin',(375.153333333333,-1.00000000000003,52.7928932188134));
#19739=CARTESIAN_POINT('',(374.653333333333,-16.,52.7928932188134));
#19740=CARTESIAN_POINT('Origin',(375.153333333333,-16.,52.7928932188134));
#19741=CARTESIAN_POINT('',(374.653333333333,-1.00000000000003,52.7928932188134));
#19742=CARTESIAN_POINT('Origin',(374.653333333333,-1.00000000000003,45.2071067811866));
#19743=CARTESIAN_POINT('',(374.653333333333,-1.00000000000003,45.2071067811866));
#19744=CARTESIAN_POINT('',(374.653333333333,-1.00000000000003,52.7928932188134));
#19745=CARTESIAN_POINT('',(374.653333333333,-16.,45.2071067811866));
#19746=CARTESIAN_POINT('',(374.653333333333,-16.,52.7928932188134));
#19747=CARTESIAN_POINT('',(374.653333333333,-1.00000000000003,45.2071067811866));
#19748=CARTESIAN_POINT('Origin',(375.153333333333,-1.00000000000003,45.2071067811866));
#19749=CARTESIAN_POINT('',(375.506886723927,-1.00000000000003,44.8535533905934));
#19750=CARTESIAN_POINT('Origin',(375.153333333333,-1.00000000000003,45.2071067811866));
#19751=CARTESIAN_POINT('',(375.506886723927,-16.,44.8535533905934));
#19752=CARTESIAN_POINT('Origin',(375.153333333333,-16.,45.2071067811866));
#19753=CARTESIAN_POINT('',(375.506886723927,-1.00000000000003,44.8535533905934));
#19754=CARTESIAN_POINT('Origin',(377.79977994274,-1.00000000000003,47.1464466094068));
#19755=CARTESIAN_POINT('',(377.79977994274,-1.00000000000003,47.1464466094068));
#19756=CARTESIAN_POINT('',(375.506886723927,-1.00000000000003,44.8535533905934));
#19757=CARTESIAN_POINT('',(377.79977994274,-16.,47.1464466094068));
#19758=CARTESIAN_POINT('',(375.506886723927,-16.,44.8535533905934));
#19759=CARTESIAN_POINT('',(377.79977994274,-1.00000000000003,47.1464466094068));
#19760=CARTESIAN_POINT('Origin',(378.153333333333,-1.00000000000003,46.7928932188135));
#19761=CARTESIAN_POINT('',(378.653333333333,-1.00000000000003,46.7928932188135));
#19762=CARTESIAN_POINT('Origin',(378.153333333333,-1.00000000000003,46.7928932188135));
#19763=CARTESIAN_POINT('',(378.653333333333,-16.,46.7928932188135));
#19764=CARTESIAN_POINT('Origin',(378.153333333333,-16.,46.7928932188135));
#19765=CARTESIAN_POINT('',(378.653333333333,-1.00000000000003,46.7928932188135));
#19766=CARTESIAN_POINT('Origin',(378.653333333336,-1.00000000000003,42.5000000000008));
#19767=CARTESIAN_POINT('',(378.653333333336,-1.00000000000003,42.5000000000008));
#19768=CARTESIAN_POINT('',(378.653333333333,-1.00000000000003,46.7928932188135));
#19769=CARTESIAN_POINT('',(378.653333333336,-16.,42.5000000000008));
#19770=CARTESIAN_POINT('',(378.653333333333,-16.,46.7928932188135));
#19771=CARTESIAN_POINT('',(378.653333333336,-1.00000000000003,42.5000000000008));
#19772=CARTESIAN_POINT('Origin',(378.553333333333,-1.00000000000003,42.5000000000008));
#19773=CARTESIAN_POINT('',(378.553333333333,-1.00000000000003,42.5000000000008));
#19774=CARTESIAN_POINT('',(378.653333333336,-1.00000000000003,42.5000000000008));
#19775=CARTESIAN_POINT('',(378.553333333333,-16.,42.5000000000008));
#19776=CARTESIAN_POINT('',(378.653333333336,-16.,42.5000000000008));
#19777=CARTESIAN_POINT('',(378.553333333333,-1.00000000000003,42.5000000000008));
#19778=CARTESIAN_POINT('Origin',(378.553333333333,-1.00000000000003,46.7928935313084));
#19779=CARTESIAN_POINT('',(378.553333333333,-1.00000000000003,46.7928935313084));
#19780=CARTESIAN_POINT('',(378.553333333333,-1.00000000000003,46.7928935313084));
#19781=CARTESIAN_POINT('',(378.553333333333,-16.,46.7928935313084));
#19782=CARTESIAN_POINT('',(378.553333333333,-16.,46.7928935313084));
#19783=CARTESIAN_POINT('',(378.553333333333,-1.00000000000003,46.7928935313084));
#19784=CARTESIAN_POINT('Origin',(378.153333333333,-1.00000000000003,46.7928932188135));
#19785=CARTESIAN_POINT('',(377.870490296477,-1.00000000000003,47.0757356069066));
#19786=CARTESIAN_POINT('Origin',(378.153333333333,-1.00000000000003,46.7928932188135));
#19787=CARTESIAN_POINT('',(377.870490296477,-16.,47.0757356069066));
#19788=CARTESIAN_POINT('Origin',(378.153333333333,-16.,46.7928932188135));
#19789=CARTESIAN_POINT('',(377.870490296477,-1.00000000000003,47.0757356069066));
#19790=CARTESIAN_POINT('Origin',(375.577597674744,-1.00000000000003,44.7828429851731));
#19791=CARTESIAN_POINT('',(375.577597674744,-1.00000000000003,44.7828429851731));
#19792=CARTESIAN_POINT('',(375.577597674744,-1.00000000000003,44.7828429851731));
#19793=CARTESIAN_POINT('',(375.577597674744,-16.,44.7828429851731));
#19794=CARTESIAN_POINT('',(375.577597674744,-16.,44.7828429851731));
#19795=CARTESIAN_POINT('',(375.577597674744,-1.00000000000003,44.7828429851731));
#19796=CARTESIAN_POINT('Origin',(375.153333333333,-1.00000000000003,45.2071067811866));
#19797=CARTESIAN_POINT('',(374.553333333333,-1.00000000000003,45.2071062654207));
#19798=CARTESIAN_POINT('Origin',(375.153333333333,-1.00000000000003,45.2071067811866));
#19799=CARTESIAN_POINT('',(374.553333333333,-16.,45.2071062654207));
#19800=CARTESIAN_POINT('Origin',(375.153333333333,-16.,45.2071067811866));
#19801=CARTESIAN_POINT('',(374.553333333333,-1.00000000000003,45.2071062654207));
#19802=CARTESIAN_POINT('Origin',(374.553333333333,-1.00000000000003,52.7928927131357));
#19803=CARTESIAN_POINT('',(374.553333333333,-1.00000000000003,52.7928927131357));
#19804=CARTESIAN_POINT('',(374.553333333333,-1.00000000000003,52.7928927131357));
#19805=CARTESIAN_POINT('',(374.553333333333,-16.,52.7928927131357));
#19806=CARTESIAN_POINT('',(374.553333333333,-16.,52.7928927131357));
#19807=CARTESIAN_POINT('',(374.553333333333,-1.00000000000003,52.7928927131357));
#19808=CARTESIAN_POINT('Origin',(375.153333333333,-1.00000000000003,52.7928932188134));
#19809=CARTESIAN_POINT('',(375.577597125617,-1.00000000000003,53.2171575639539));
#19810=CARTESIAN_POINT('Origin',(375.153333333333,-1.00000000000003,52.7928932188134));
#19811=CARTESIAN_POINT('',(375.577597125617,-16.,53.2171575639539));
#19812=CARTESIAN_POINT('Origin',(375.153333333333,-16.,52.7928932188134));
#19813=CARTESIAN_POINT('',(375.577597125617,-1.00000000000003,53.2171575639539));
#19814=CARTESIAN_POINT('Origin',(377.870490919776,-1.00000000000003,50.9242637697953));
#19815=CARTESIAN_POINT('',(377.870490919776,-1.00000000000003,50.9242637697952));
#19816=CARTESIAN_POINT('',(375.577597125617,-1.00000000000003,53.2171575639539));
#19817=CARTESIAN_POINT('',(377.870490919776,-16.,50.9242637697952));
#19818=CARTESIAN_POINT('',(375.577597125617,-16.,53.2171575639539));
#19819=CARTESIAN_POINT('',(377.870490919776,-1.00000000000003,50.9242637697952));
#19820=CARTESIAN_POINT('Origin',(378.153333333333,-1.00000000000003,51.2071067811865));
#19821=CARTESIAN_POINT('',(378.553333333333,-1.00000000000003,51.2071071023686));
#19822=CARTESIAN_POINT('Origin',(378.153333333333,-1.00000000000003,51.2071067811865));
#19823=CARTESIAN_POINT('',(378.553333333333,-16.,51.2071071023686));
#19824=CARTESIAN_POINT('Origin',(378.153333333333,-16.,51.2071067811865));
#19825=CARTESIAN_POINT('',(378.553333333333,-1.00000000000003,51.2071071023686));
#19826=CARTESIAN_POINT('Origin',(378.553333333333,-1.00000000000003,58.0000000000001));
#19827=CARTESIAN_POINT('',(378.553333333333,-1.00000000000003,58.0000000000001));
#19828=CARTESIAN_POINT('',(378.553333333333,-1.00000000000003,51.2071071023686));
#19829=CARTESIAN_POINT('',(378.553333333333,-16.,58.0000000000001));
#19830=CARTESIAN_POINT('',(378.553333333333,-16.,51.2071071023686));
#19831=CARTESIAN_POINT('',(378.553333333333,-1.00000000000003,58.0000000000001));
#19832=CARTESIAN_POINT('Origin',(378.653333333333,-1.00000000000003,58.0000000000001));
#19833=CARTESIAN_POINT('',(378.653333333333,-1.00000000000003,58.0000000000001));
#19834=CARTESIAN_POINT('',(378.653333333333,-1.00000000000003,58.0000000000001));
#19835=CARTESIAN_POINT('',(378.653333333333,-16.,58.0000000000001));
#19836=CARTESIAN_POINT('',(378.653333333333,-16.,58.0000000000001));
#19837=CARTESIAN_POINT('',(378.653333333333,-1.00000000000003,58.0000000000001));
#19838=CARTESIAN_POINT('Origin',(378.653333333333,-1.00000000000003,51.2071067811865));
#19839=CARTESIAN_POINT('',(378.653333333333,-1.00000000000003,51.2071067811865));
#19840=CARTESIAN_POINT('',(378.653333333333,-1.00000000000003,51.2071067811865));
#19841=CARTESIAN_POINT('',(378.653333333333,-16.,51.2071067811865));
#19842=CARTESIAN_POINT('',(378.653333333333,-16.,51.2071067811865));
#19843=CARTESIAN_POINT('',(378.653333333333,-1.00000000000003,51.2071067811865));
#19844=CARTESIAN_POINT('Origin',(378.153333333333,-1.00000000000003,51.2071067811865));
#19845=CARTESIAN_POINT('Origin',(378.153333333333,-1.00000000000003,51.2071067811865));
#19846=CARTESIAN_POINT('Origin',(378.153333333333,-16.,51.2071067811865));
#19847=CARTESIAN_POINT('Origin',(376.603333333335,-1.00000000000003,50.2500000000005));
#19848=CARTESIAN_POINT('Origin',(376.603333333335,-16.,50.2500000000005));
#19849=CARTESIAN_POINT('Origin',(522.143553390593,-1.00000000000004,53.1464466094067));
#19850=CARTESIAN_POINT('',(522.143553390593,-1.00000000000004,53.1464466094067));
#19851=CARTESIAN_POINT('',(524.436446609407,-1.00000000000004,50.8535533905933));
#19852=CARTESIAN_POINT('',(522.143553390593,-1.00000000000004,53.1464466094067));
#19853=CARTESIAN_POINT('',(524.436446609407,-16.,50.8535533905933));
#19854=CARTESIAN_POINT('',(524.436446609407,-1.00000000000004,50.8535533905933));
#19855=CARTESIAN_POINT('',(522.143553390593,-16.,53.1464466094067));
#19856=CARTESIAN_POINT('',(522.143553390593,-16.,53.1464466094067));
#19857=CARTESIAN_POINT('',(522.143553390593,-1.00000000000004,53.1464466094067));
#19858=CARTESIAN_POINT('Origin',(521.79,-1.00000000000004,52.7928932188134));
#19859=CARTESIAN_POINT('',(521.29,-1.00000000000004,52.7928932188134));
#19860=CARTESIAN_POINT('Origin',(521.79,-1.00000000000004,52.7928932188134));
#19861=CARTESIAN_POINT('',(521.29,-16.,52.7928932188134));
#19862=CARTESIAN_POINT('Origin',(521.79,-16.,52.7928932188134));
#19863=CARTESIAN_POINT('',(521.29,-1.00000000000004,52.7928932188134));
#19864=CARTESIAN_POINT('Origin',(521.29,-1.00000000000004,45.2071067811866));
#19865=CARTESIAN_POINT('',(521.29,-1.00000000000004,45.2071067811866));
#19866=CARTESIAN_POINT('',(521.29,-1.00000000000004,52.7928932188134));
#19867=CARTESIAN_POINT('',(521.29,-16.,45.2071067811866));
#19868=CARTESIAN_POINT('',(521.29,-16.,52.7928932188134));
#19869=CARTESIAN_POINT('',(521.29,-1.00000000000004,45.2071067811866));
#19870=CARTESIAN_POINT('Origin',(521.79,-1.00000000000004,45.2071067811866));
#19871=CARTESIAN_POINT('',(522.143553390593,-1.00000000000004,44.8535533905934));
#19872=CARTESIAN_POINT('Origin',(521.79,-1.00000000000004,45.2071067811866));
#19873=CARTESIAN_POINT('',(522.143553390593,-16.,44.8535533905934));
#19874=CARTESIAN_POINT('Origin',(521.79,-16.,45.2071067811866));
#19875=CARTESIAN_POINT('',(522.143553390593,-1.00000000000004,44.8535533905934));
#19876=CARTESIAN_POINT('Origin',(524.436446609407,-1.00000000000004,47.1464466094068));
#19877=CARTESIAN_POINT('',(524.436446609407,-1.00000000000004,47.1464466094068));
#19878=CARTESIAN_POINT('',(522.143553390593,-1.00000000000004,44.8535533905934));
#19879=CARTESIAN_POINT('',(524.436446609407,-16.,47.1464466094068));
#19880=CARTESIAN_POINT('',(522.143553390593,-16.,44.8535533905934));
#19881=CARTESIAN_POINT('',(524.436446609407,-1.00000000000004,47.1464466094068));
#19882=CARTESIAN_POINT('Origin',(524.79,-1.00000000000004,46.7928932188135));
#19883=CARTESIAN_POINT('',(525.29,-1.00000000000004,46.7928932188135));
#19884=CARTESIAN_POINT('Origin',(524.79,-1.00000000000004,46.7928932188135));
#19885=CARTESIAN_POINT('',(525.29,-16.,46.7928932188135));
#19886=CARTESIAN_POINT('Origin',(524.79,-16.,46.7928932188135));
#19887=CARTESIAN_POINT('',(525.29,-1.00000000000004,46.7928932188135));
#19888=CARTESIAN_POINT('Origin',(525.290000000003,-1.00000000000004,42.5000000000008));
#19889=CARTESIAN_POINT('',(525.290000000003,-1.00000000000004,42.5000000000008));
#19890=CARTESIAN_POINT('',(525.29,-1.00000000000004,46.7928932188135));
#19891=CARTESIAN_POINT('',(525.290000000003,-16.,42.5000000000008));
#19892=CARTESIAN_POINT('',(525.29,-16.,46.7928932188135));
#19893=CARTESIAN_POINT('',(525.290000000003,-1.00000000000004,42.5000000000008));
#19894=CARTESIAN_POINT('Origin',(525.19,-1.00000000000004,42.5000000000008));
#19895=CARTESIAN_POINT('',(525.19,-1.00000000000004,42.5000000000008));
#19896=CARTESIAN_POINT('',(525.290000000003,-1.00000000000004,42.5000000000008));
#19897=CARTESIAN_POINT('',(525.19,-16.,42.5000000000008));
#19898=CARTESIAN_POINT('',(525.290000000003,-16.,42.5000000000008));
#19899=CARTESIAN_POINT('',(525.19,-1.00000000000004,42.5000000000008));
#19900=CARTESIAN_POINT('Origin',(525.19,-1.00000000000004,46.7928935313084));
#19901=CARTESIAN_POINT('',(525.19,-1.00000000000004,46.7928935313084));
#19902=CARTESIAN_POINT('',(525.19,-1.00000000000004,46.7928935313084));
#19903=CARTESIAN_POINT('',(525.19,-16.,46.7928935313084));
#19904=CARTESIAN_POINT('',(525.19,-16.,46.7928935313084));
#19905=CARTESIAN_POINT('',(525.19,-1.00000000000004,46.7928935313084));
#19906=CARTESIAN_POINT('Origin',(524.79,-1.00000000000004,46.7928932188135));
#19907=CARTESIAN_POINT('',(524.507156963144,-1.00000000000004,47.0757356069066));
#19908=CARTESIAN_POINT('Origin',(524.79,-1.00000000000004,46.7928932188135));
#19909=CARTESIAN_POINT('',(524.507156963144,-16.,47.0757356069066));
#19910=CARTESIAN_POINT('Origin',(524.79,-16.,46.7928932188135));
#19911=CARTESIAN_POINT('',(524.507156963144,-1.00000000000004,47.0757356069066));
#19912=CARTESIAN_POINT('Origin',(522.214264341411,-1.00000000000004,44.7828429851731));
#19913=CARTESIAN_POINT('',(522.214264341411,-1.00000000000004,44.7828429851731));
#19914=CARTESIAN_POINT('',(522.214264341411,-1.00000000000004,44.7828429851731));
#19915=CARTESIAN_POINT('',(522.214264341411,-16.,44.7828429851731));
#19916=CARTESIAN_POINT('',(522.214264341411,-16.,44.7828429851731));
#19917=CARTESIAN_POINT('',(522.214264341411,-1.00000000000004,44.7828429851731));
#19918=CARTESIAN_POINT('Origin',(521.79,-1.00000000000004,45.2071067811866));
#19919=CARTESIAN_POINT('',(521.19,-1.00000000000004,45.2071062654207));
#19920=CARTESIAN_POINT('Origin',(521.79,-1.00000000000004,45.2071067811866));
#19921=CARTESIAN_POINT('',(521.19,-16.,45.2071062654207));
#19922=CARTESIAN_POINT('Origin',(521.79,-16.,45.2071067811866));
#19923=CARTESIAN_POINT('',(521.19,-1.00000000000004,45.2071062654207));
#19924=CARTESIAN_POINT('Origin',(521.19,-1.00000000000004,52.7928927131357));
#19925=CARTESIAN_POINT('',(521.19,-1.00000000000004,52.7928927131357));
#19926=CARTESIAN_POINT('',(521.19,-1.00000000000004,52.7928927131357));
#19927=CARTESIAN_POINT('',(521.19,-16.,52.7928927131357));
#19928=CARTESIAN_POINT('',(521.19,-16.,52.7928927131357));
#19929=CARTESIAN_POINT('',(521.19,-1.00000000000004,52.7928927131357));
#19930=CARTESIAN_POINT('Origin',(521.79,-1.00000000000004,52.7928932188134));
#19931=CARTESIAN_POINT('',(522.214263792283,-1.00000000000004,53.2171575639539));
#19932=CARTESIAN_POINT('Origin',(521.79,-1.00000000000004,52.7928932188134));
#19933=CARTESIAN_POINT('',(522.214263792283,-16.,53.2171575639539));
#19934=CARTESIAN_POINT('Origin',(521.79,-16.,52.7928932188134));
#19935=CARTESIAN_POINT('',(522.214263792283,-1.00000000000004,53.2171575639539));
#19936=CARTESIAN_POINT('Origin',(524.507157586442,-1.00000000000004,50.9242637697953));
#19937=CARTESIAN_POINT('',(524.507157586442,-1.00000000000004,50.9242637697952));
#19938=CARTESIAN_POINT('',(522.214263792283,-1.00000000000004,53.2171575639539));
#19939=CARTESIAN_POINT('',(524.507157586442,-16.,50.9242637697952));
#19940=CARTESIAN_POINT('',(522.214263792283,-16.,53.2171575639539));
#19941=CARTESIAN_POINT('',(524.507157586442,-1.00000000000004,50.9242637697952));
#19942=CARTESIAN_POINT('Origin',(524.79,-1.00000000000004,51.2071067811865));
#19943=CARTESIAN_POINT('',(525.19,-1.00000000000004,51.2071071023686));
#19944=CARTESIAN_POINT('Origin',(524.79,-1.00000000000004,51.2071067811865));
#19945=CARTESIAN_POINT('',(525.19,-16.,51.2071071023686));
#19946=CARTESIAN_POINT('Origin',(524.79,-16.,51.2071067811865));
#19947=CARTESIAN_POINT('',(525.19,-1.00000000000004,51.2071071023686));
#19948=CARTESIAN_POINT('Origin',(525.19,-1.00000000000004,58.0000000000001));
#19949=CARTESIAN_POINT('',(525.19,-1.00000000000004,58.0000000000001));
#19950=CARTESIAN_POINT('',(525.19,-1.00000000000004,51.2071071023686));
#19951=CARTESIAN_POINT('',(525.19,-16.,58.0000000000001));
#19952=CARTESIAN_POINT('',(525.19,-16.,51.2071071023686));
#19953=CARTESIAN_POINT('',(525.19,-1.00000000000004,58.0000000000001));
#19954=CARTESIAN_POINT('Origin',(525.29,-1.00000000000004,58.0000000000001));
#19955=CARTESIAN_POINT('',(525.29,-1.00000000000004,58.0000000000001));
#19956=CARTESIAN_POINT('',(525.29,-1.00000000000004,58.0000000000001));
#19957=CARTESIAN_POINT('',(525.29,-16.,58.0000000000001));
#19958=CARTESIAN_POINT('',(525.29,-16.,58.0000000000001));
#19959=CARTESIAN_POINT('',(525.29,-1.00000000000004,58.0000000000001));
#19960=CARTESIAN_POINT('Origin',(525.29,-1.00000000000004,51.2071067811865));
#19961=CARTESIAN_POINT('',(525.29,-1.00000000000004,51.2071067811865));
#19962=CARTESIAN_POINT('',(525.29,-1.00000000000004,51.2071067811865));
#19963=CARTESIAN_POINT('',(525.29,-16.,51.2071067811865));
#19964=CARTESIAN_POINT('',(525.29,-16.,51.2071067811865));
#19965=CARTESIAN_POINT('',(525.29,-1.00000000000004,51.2071067811865));
#19966=CARTESIAN_POINT('Origin',(524.79,-1.00000000000004,51.2071067811865));
#19967=CARTESIAN_POINT('Origin',(524.79,-1.00000000000004,51.2071067811865));
#19968=CARTESIAN_POINT('Origin',(524.79,-16.,51.2071067811865));
#19969=CARTESIAN_POINT('Origin',(523.240000000001,-1.00000000000004,50.2500000000005));
#19970=CARTESIAN_POINT('Origin',(523.240000000001,-16.,50.2500000000005));
#19971=CARTESIAN_POINT('',(0.,0.,0.));
#19972=CARTESIAN_POINT('',(0.,0.,0.));
#19973=CARTESIAN_POINT('',(0.,0.,0.));
#19974=CARTESIAN_POINT('',(0.,0.,0.));
#19975=UNCERTAINTY_MEASURE_WITH_UNIT(LENGTH_MEASURE(0.01),#19985,
'DISTANCE_ACCURACY_VALUE',
'Maximum model space distance between geometric entities at asserted c
onnectivities');
#19976=UNCERTAINTY_MEASURE_WITH_UNIT(LENGTH_MEASURE(0.01),#19985,
'DISTANCE_ACCURACY_VALUE',
'Maximum model space distance between geometric entities at asserted c
onnectivities');
#19977=UNCERTAINTY_MEASURE_WITH_UNIT(LENGTH_MEASURE(0.01),#19985,
'DISTANCE_ACCURACY_VALUE',
'Maximum model space distance between geometric entities at asserted c
onnectivities');
#19978=UNCERTAINTY_MEASURE_WITH_UNIT(LENGTH_MEASURE(0.01),#19985,
'DISTANCE_ACCURACY_VALUE',
'Maximum model space distance between geometric entities at asserted c
onnectivities');
#19979=UNCERTAINTY_MEASURE_WITH_UNIT(LENGTH_MEASURE(0.01),#19985,
'DISTANCE_ACCURACY_VALUE',
'Maximum model space distance between geometric entities at asserted c
onnectivities');
#19980=(
GEOMETRIC_REPRESENTATION_CONTEXT(3)
GLOBAL_UNCERTAINTY_ASSIGNED_CONTEXT((#19975))
GLOBAL_UNIT_ASSIGNED_CONTEXT((#19985,#19987,#19988))
REPRESENTATION_CONTEXT('','3D')
);
#19981=(
GEOMETRIC_REPRESENTATION_CONTEXT(3)
GLOBAL_UNCERTAINTY_ASSIGNED_CONTEXT((#19976))
GLOBAL_UNIT_ASSIGNED_CONTEXT((#19985,#19987,#19988))
REPRESENTATION_CONTEXT('','3D')
);
#19982=(
GEOMETRIC_REPRESENTATION_CONTEXT(3)
GLOBAL_UNCERTAINTY_ASSIGNED_CONTEXT((#19977))
GLOBAL_UNIT_ASSIGNED_CONTEXT((#19985,#19987,#19988))
REPRESENTATION_CONTEXT('','3D')
);
#19983=(
GEOMETRIC_REPRESENTATION_CONTEXT(3)
GLOBAL_UNCERTAINTY_ASSIGNED_CONTEXT((#19978))
GLOBAL_UNIT_ASSIGNED_CONTEXT((#19985,#19987,#19988))
REPRESENTATION_CONTEXT('','3D')
);
#19984=(
GEOMETRIC_REPRESENTATION_CONTEXT(3)
GLOBAL_UNCERTAINTY_ASSIGNED_CONTEXT((#19979))
GLOBAL_UNIT_ASSIGNED_CONTEXT((#19985,#19987,#19988))
REPRESENTATION_CONTEXT('','3D')
);
#19985=(
LENGTH_UNIT()
NAMED_UNIT(*)
SI_UNIT(.MILLI.,.METRE.)
);
#19986=(
LENGTH_UNIT()
NAMED_UNIT(*)
SI_UNIT($,.METRE.)
);
#19987=(
NAMED_UNIT(*)
PLANE_ANGLE_UNIT()
SI_UNIT($,.RADIAN.)
);
#19988=(
NAMED_UNIT(*)
SI_UNIT($,.STERADIAN.)
SOLID_ANGLE_UNIT()
);
#19989=SHAPE_DEFINITION_REPRESENTATION(#19993,#20000);
#19990=SHAPE_DEFINITION_REPRESENTATION(#19994,#20001);
#19991=SHAPE_DEFINITION_REPRESENTATION(#19995,#20002);
#19992=SHAPE_DEFINITION_REPRESENTATION(#19996,#20003);
#19993=PRODUCT_DEFINITION_SHAPE('',$,#20005);
#19994=PRODUCT_DEFINITION_SHAPE('',$,#20006);
#19995=PRODUCT_DEFINITION_SHAPE('',$,#20007);
#19996=PRODUCT_DEFINITION_SHAPE('',$,#20008);
#19997=PRODUCT_DEFINITION_SHAPE($,$,#20);
#19998=PRODUCT_DEFINITION_SHAPE($,$,#21);
#19999=PRODUCT_DEFINITION_SHAPE($,$,#22);
#20000=SHAPE_REPRESENTATION('',(#11545,#12576,#12577,#12578),#19980);
#20001=SHAPE_REPRESENTATION('',(#11546),#19981);
#20002=SHAPE_REPRESENTATION('',(#11814),#19982);
#20003=SHAPE_REPRESENTATION('',(#12575),#19983);
#20004=PRODUCT_DEFINITION_CONTEXT('part definition',#20018,'design');
#20005=PRODUCT_DEFINITION('JC_CardContainer','JC_CardContainer v31',#20009,
#20004);
#20006=PRODUCT_DEFINITION('Tray','Tray',#20010,#20004);
#20007=PRODUCT_DEFINITION('DoveTails','DoveTails',#20011,#20004);
#20008=PRODUCT_DEFINITION('PadLock_Receiver','PadLock_Receiver',#20012,
#20004);
#20009=PRODUCT_DEFINITION_FORMATION('',$,#20020);
#20010=PRODUCT_DEFINITION_FORMATION('',$,#20021);
#20011=PRODUCT_DEFINITION_FORMATION('',$,#20022);
#20012=PRODUCT_DEFINITION_FORMATION('',$,#20023);
#20013=PRODUCT_RELATED_PRODUCT_CATEGORY('JC_CardContainer v31',
'JC_CardContainer v31',(#20020));
#20014=PRODUCT_RELATED_PRODUCT_CATEGORY('Tray','Tray',(#20021));
#20015=PRODUCT_RELATED_PRODUCT_CATEGORY('DoveTails','DoveTails',(#20022));
#20016=PRODUCT_RELATED_PRODUCT_CATEGORY('PadLock_Receiver',
'PadLock_Receiver',(#20023));
#20017=APPLICATION_PROTOCOL_DEFINITION('international standard',
'automotive_design',2009,#20018);
#20018=APPLICATION_CONTEXT(
'Core Data for Automotive Mechanical Design Process');
#20019=PRODUCT_CONTEXT('part definition',#20018,'mechanical');
#20020=PRODUCT('JC_CardContainer','JC_CardContainer v31',$,(#20019));
#20021=PRODUCT('Tray','Tray',$,(#20019));
#20022=PRODUCT('DoveTails','DoveTails',$,(#20019));
#20023=PRODUCT('PadLock_Receiver','PadLock_Receiver',$,(#20019));
#20024=PRESENTATION_STYLE_ASSIGNMENT((#20025));
#20025=SURFACE_STYLE_USAGE(.BOTH.,#20026);
#20026=SURFACE_SIDE_STYLE('',(#20027));
#20027=SURFACE_STYLE_FILL_AREA(#20028);
#20028=FILL_AREA_STYLE('Steel - Satin',(#20029));
#20029=FILL_AREA_STYLE_COLOUR('Steel - Satin',#20030);
#20030=COLOUR_RGB('Steel - Satin',0.627450980392157,0.627450980392157,0.627450980392157);
ENDSEC;
END-ISO-10303-21;
