ISO-10303-21;
HEADER;
/* Generated by software containing ST-Developer
 * from STEP Tools, Inc. (www.steptools.com) 
 */

FILE_DESCRIPTION(
/* description */ (''),
/* implementation_level */ '2;1');

FILE_NAME(
/* name */ 'MS_BookShelves.step',
/* time_stamp */ '2025-07-30T16:04:43-05:00',
/* author */ (''),
/* organization */ (''),
/* preprocessor_version */ 'ST-DEVELOPER v20.1',
/* originating_system */ 'Autodesk Translation Framework v14.10.0.0',
/* authorisation */ '');

FILE_SCHEMA (('AUTOMOTIVE_DESIGN { 1 0 10303 214 3 1 1 }'));
ENDSEC;

DATA;
#10=MECHANICAL_DESIGN_GEOMETRIC_PRESENTATION_REPRESENTATION('',(#272,#273,
#274,#275,#276,#277,#278,#279,#280,#281,#282,#283,#284,#285,#286,#287),
#3666);
#11=FACE_BOUND('',#442,.T.);
#12=ITEM_DEFINED_TRANSFORMATION($,$,#2222,#2229);
#13=ITEM_DEFINED_TRANSFORMATION($,$,#2222,#2230);
#14=ITEM_DEFINED_TRANSFORMATION($,$,#2243,#2250);
#15=ITEM_DEFINED_TRANSFORMATION($,$,#2243,#2251);
#16=ITEM_DEFINED_TRANSFORMATION($,$,#2243,#2252);
#17=ITEM_DEFINED_TRANSFORMATION($,$,#2243,#2253);
#18=ITEM_DEFINED_TRANSFORMATION($,$,#2243,#2254);
#19=ITEM_DEFINED_TRANSFORMATION($,$,#2243,#2255);
#20=ITEM_DEFINED_TRANSFORMATION($,$,#2221,#2256);
#21=ITEM_DEFINED_TRANSFORMATION($,$,#2231,#2257);
#22=ITEM_DEFINED_TRANSFORMATION($,$,#2242,#2258);
#23=ITEM_DEFINED_TRANSFORMATION($,$,#2261,#2268);
#24=ITEM_DEFINED_TRANSFORMATION($,$,#2270,#2282);
#25=ITEM_DEFINED_TRANSFORMATION($,$,#2284,#2291);
#26=ITEM_DEFINED_TRANSFORMATION($,$,#2284,#2292);
#27=ITEM_DEFINED_TRANSFORMATION($,$,#2294,#2301);
#28=ITEM_DEFINED_TRANSFORMATION($,$,#2303,#2317);
#29=ITEM_DEFINED_TRANSFORMATION($,$,#2310,#2318);
#30=ITEM_DEFINED_TRANSFORMATION($,$,#2303,#2319);
#31=ITEM_DEFINED_TRANSFORMATION($,$,#2310,#2320);
#32=ITEM_DEFINED_TRANSFORMATION($,$,#2329,#2343);
#33=ITEM_DEFINED_TRANSFORMATION($,$,#2336,#2344);
#34=ITEM_DEFINED_TRANSFORMATION($,$,#2322,#2345);
#35=ITEM_DEFINED_TRANSFORMATION($,$,#2329,#2346);
#36=ITEM_DEFINED_TRANSFORMATION($,$,#2336,#2347);
#37=ITEM_DEFINED_TRANSFORMATION($,$,#2329,#2348);
#38=ITEM_DEFINED_TRANSFORMATION($,$,#2336,#2349);
#39=ITEM_DEFINED_TRANSFORMATION($,$,#2322,#2350);
#40=ITEM_DEFINED_TRANSFORMATION($,$,#2329,#2351);
#41=ITEM_DEFINED_TRANSFORMATION($,$,#2336,#2352);
#42=ITEM_DEFINED_TRANSFORMATION($,$,#2354,#2358);
#43=ITEM_DEFINED_TRANSFORMATION($,$,#2355,#2359);
#44=ITEM_DEFINED_TRANSFORMATION($,$,#2356,#2360);
#45=ITEM_DEFINED_TRANSFORMATION($,$,#2357,#2361);
#46=ITEM_DEFINED_TRANSFORMATION($,$,#2363,#2370);
#47=ITEM_DEFINED_TRANSFORMATION($,$,#2260,#2371);
#48=ITEM_DEFINED_TRANSFORMATION($,$,#2269,#2372);
#49=ITEM_DEFINED_TRANSFORMATION($,$,#2283,#2373);
#50=ITEM_DEFINED_TRANSFORMATION($,$,#2293,#2374);
#51=ITEM_DEFINED_TRANSFORMATION($,$,#2302,#2375);
#52=ITEM_DEFINED_TRANSFORMATION($,$,#2321,#2376);
#53=ITEM_DEFINED_TRANSFORMATION($,$,#2353,#2377);
#54=ITEM_DEFINED_TRANSFORMATION($,$,#2362,#2378);
#55=ITEM_DEFINED_TRANSFORMATION($,$,#2380,#2401);
#56=ITEM_DEFINED_TRANSFORMATION($,$,#2387,#2402);
#57=ITEM_DEFINED_TRANSFORMATION($,$,#2394,#2403);
#58=ITEM_DEFINED_TRANSFORMATION($,$,#2380,#2404);
#59=ITEM_DEFINED_TRANSFORMATION($,$,#2387,#2405);
#60=ITEM_DEFINED_TRANSFORMATION($,$,#2394,#2406);
#61=ITEM_DEFINED_TRANSFORMATION($,$,#2394,#2407);
#62=ITEM_DEFINED_TRANSFORMATION($,$,#2394,#2408);
#63=ITEM_DEFINED_TRANSFORMATION($,$,#2220,#2412);
#64=ITEM_DEFINED_TRANSFORMATION($,$,#2259,#2413);
#65=ITEM_DEFINED_TRANSFORMATION($,$,#2379,#2414);
#66=ITEM_DEFINED_TRANSFORMATION($,$,#2409,#2415);
#67=ITEM_DEFINED_TRANSFORMATION($,$,#2410,#2416);
#68=ITEM_DEFINED_TRANSFORMATION($,$,#2411,#2417);
#69=(
REPRESENTATION_RELATIONSHIP($,$,#3808,#3807)
REPRESENTATION_RELATIONSHIP_WITH_TRANSFORMATION(#12)
SHAPE_REPRESENTATION_RELATIONSHIP()
);
#70=(
REPRESENTATION_RELATIONSHIP($,$,#3808,#3807)
REPRESENTATION_RELATIONSHIP_WITH_TRANSFORMATION(#13)
SHAPE_REPRESENTATION_RELATIONSHIP()
);
#71=(
REPRESENTATION_RELATIONSHIP($,$,#3811,#3810)
REPRESENTATION_RELATIONSHIP_WITH_TRANSFORMATION(#14)
SHAPE_REPRESENTATION_RELATIONSHIP()
);
#72=(
REPRESENTATION_RELATIONSHIP($,$,#3811,#3810)
REPRESENTATION_RELATIONSHIP_WITH_TRANSFORMATION(#15)
SHAPE_REPRESENTATION_RELATIONSHIP()
);
#73=(
REPRESENTATION_RELATIONSHIP($,$,#3811,#3810)
REPRESENTATION_RELATIONSHIP_WITH_TRANSFORMATION(#16)
SHAPE_REPRESENTATION_RELATIONSHIP()
);
#74=(
REPRESENTATION_RELATIONSHIP($,$,#3811,#3810)
REPRESENTATION_RELATIONSHIP_WITH_TRANSFORMATION(#17)
SHAPE_REPRESENTATION_RELATIONSHIP()
);
#75=(
REPRESENTATION_RELATIONSHIP($,$,#3811,#3810)
REPRESENTATION_RELATIONSHIP_WITH_TRANSFORMATION(#18)
SHAPE_REPRESENTATION_RELATIONSHIP()
);
#76=(
REPRESENTATION_RELATIONSHIP($,$,#3811,#3810)
REPRESENTATION_RELATIONSHIP_WITH_TRANSFORMATION(#19)
SHAPE_REPRESENTATION_RELATIONSHIP()
);
#77=(
REPRESENTATION_RELATIONSHIP($,$,#3807,#3806)
REPRESENTATION_RELATIONSHIP_WITH_TRANSFORMATION(#20)
SHAPE_REPRESENTATION_RELATIONSHIP()
);
#78=(
REPRESENTATION_RELATIONSHIP($,$,#3809,#3806)
REPRESENTATION_RELATIONSHIP_WITH_TRANSFORMATION(#21)
SHAPE_REPRESENTATION_RELATIONSHIP()
);
#79=(
REPRESENTATION_RELATIONSHIP($,$,#3810,#3806)
REPRESENTATION_RELATIONSHIP_WITH_TRANSFORMATION(#22)
SHAPE_REPRESENTATION_RELATIONSHIP()
);
#80=(
REPRESENTATION_RELATIONSHIP($,$,#3814,#3813)
REPRESENTATION_RELATIONSHIP_WITH_TRANSFORMATION(#23)
SHAPE_REPRESENTATION_RELATIONSHIP()
);
#81=(
REPRESENTATION_RELATIONSHIP($,$,#3816,#3815)
REPRESENTATION_RELATIONSHIP_WITH_TRANSFORMATION(#24)
SHAPE_REPRESENTATION_RELATIONSHIP()
);
#82=(
REPRESENTATION_RELATIONSHIP($,$,#3818,#3817)
REPRESENTATION_RELATIONSHIP_WITH_TRANSFORMATION(#25)
SHAPE_REPRESENTATION_RELATIONSHIP()
);
#83=(
REPRESENTATION_RELATIONSHIP($,$,#3818,#3817)
REPRESENTATION_RELATIONSHIP_WITH_TRANSFORMATION(#26)
SHAPE_REPRESENTATION_RELATIONSHIP()
);
#84=(
REPRESENTATION_RELATIONSHIP($,$,#3820,#3819)
REPRESENTATION_RELATIONSHIP_WITH_TRANSFORMATION(#27)
SHAPE_REPRESENTATION_RELATIONSHIP()
);
#85=(
REPRESENTATION_RELATIONSHIP($,$,#3822,#3821)
REPRESENTATION_RELATIONSHIP_WITH_TRANSFORMATION(#28)
SHAPE_REPRESENTATION_RELATIONSHIP()
);
#86=(
REPRESENTATION_RELATIONSHIP($,$,#3823,#3821)
REPRESENTATION_RELATIONSHIP_WITH_TRANSFORMATION(#29)
SHAPE_REPRESENTATION_RELATIONSHIP()
);
#87=(
REPRESENTATION_RELATIONSHIP($,$,#3822,#3821)
REPRESENTATION_RELATIONSHIP_WITH_TRANSFORMATION(#30)
SHAPE_REPRESENTATION_RELATIONSHIP()
);
#88=(
REPRESENTATION_RELATIONSHIP($,$,#3823,#3821)
REPRESENTATION_RELATIONSHIP_WITH_TRANSFORMATION(#31)
SHAPE_REPRESENTATION_RELATIONSHIP()
);
#89=(
REPRESENTATION_RELATIONSHIP($,$,#3826,#3824)
REPRESENTATION_RELATIONSHIP_WITH_TRANSFORMATION(#32)
SHAPE_REPRESENTATION_RELATIONSHIP()
);
#90=(
REPRESENTATION_RELATIONSHIP($,$,#3827,#3824)
REPRESENTATION_RELATIONSHIP_WITH_TRANSFORMATION(#33)
SHAPE_REPRESENTATION_RELATIONSHIP()
);
#91=(
REPRESENTATION_RELATIONSHIP($,$,#3825,#3824)
REPRESENTATION_RELATIONSHIP_WITH_TRANSFORMATION(#34)
SHAPE_REPRESENTATION_RELATIONSHIP()
);
#92=(
REPRESENTATION_RELATIONSHIP($,$,#3826,#3824)
REPRESENTATION_RELATIONSHIP_WITH_TRANSFORMATION(#35)
SHAPE_REPRESENTATION_RELATIONSHIP()
);
#93=(
REPRESENTATION_RELATIONSHIP($,$,#3827,#3824)
REPRESENTATION_RELATIONSHIP_WITH_TRANSFORMATION(#36)
SHAPE_REPRESENTATION_RELATIONSHIP()
);
#94=(
REPRESENTATION_RELATIONSHIP($,$,#3826,#3824)
REPRESENTATION_RELATIONSHIP_WITH_TRANSFORMATION(#37)
SHAPE_REPRESENTATION_RELATIONSHIP()
);
#95=(
REPRESENTATION_RELATIONSHIP($,$,#3827,#3824)
REPRESENTATION_RELATIONSHIP_WITH_TRANSFORMATION(#38)
SHAPE_REPRESENTATION_RELATIONSHIP()
);
#96=(
REPRESENTATION_RELATIONSHIP($,$,#3825,#3824)
REPRESENTATION_RELATIONSHIP_WITH_TRANSFORMATION(#39)
SHAPE_REPRESENTATION_RELATIONSHIP()
);
#97=(
REPRESENTATION_RELATIONSHIP($,$,#3826,#3824)
REPRESENTATION_RELATIONSHIP_WITH_TRANSFORMATION(#40)
SHAPE_REPRESENTATION_RELATIONSHIP()
);
#98=(
REPRESENTATION_RELATIONSHIP($,$,#3827,#3824)
REPRESENTATION_RELATIONSHIP_WITH_TRANSFORMATION(#41)
SHAPE_REPRESENTATION_RELATIONSHIP()
);
#99=(
REPRESENTATION_RELATIONSHIP($,$,#3829,#3828)
REPRESENTATION_RELATIONSHIP_WITH_TRANSFORMATION(#42)
SHAPE_REPRESENTATION_RELATIONSHIP()
);
#100=(
REPRESENTATION_RELATIONSHIP($,$,#3830,#3828)
REPRESENTATION_RELATIONSHIP_WITH_TRANSFORMATION(#43)
SHAPE_REPRESENTATION_RELATIONSHIP()
);
#101=(
REPRESENTATION_RELATIONSHIP($,$,#3831,#3828)
REPRESENTATION_RELATIONSHIP_WITH_TRANSFORMATION(#44)
SHAPE_REPRESENTATION_RELATIONSHIP()
);
#102=(
REPRESENTATION_RELATIONSHIP($,$,#3832,#3828)
REPRESENTATION_RELATIONSHIP_WITH_TRANSFORMATION(#45)
SHAPE_REPRESENTATION_RELATIONSHIP()
);
#103=(
REPRESENTATION_RELATIONSHIP($,$,#3834,#3833)
REPRESENTATION_RELATIONSHIP_WITH_TRANSFORMATION(#46)
SHAPE_REPRESENTATION_RELATIONSHIP()
);
#104=(
REPRESENTATION_RELATIONSHIP($,$,#3813,#3812)
REPRESENTATION_RELATIONSHIP_WITH_TRANSFORMATION(#47)
SHAPE_REPRESENTATION_RELATIONSHIP()
);
#105=(
REPRESENTATION_RELATIONSHIP($,$,#3815,#3812)
REPRESENTATION_RELATIONSHIP_WITH_TRANSFORMATION(#48)
SHAPE_REPRESENTATION_RELATIONSHIP()
);
#106=(
REPRESENTATION_RELATIONSHIP($,$,#3817,#3812)
REPRESENTATION_RELATIONSHIP_WITH_TRANSFORMATION(#49)
SHAPE_REPRESENTATION_RELATIONSHIP()
);
#107=(
REPRESENTATION_RELATIONSHIP($,$,#3819,#3812)
REPRESENTATION_RELATIONSHIP_WITH_TRANSFORMATION(#50)
SHAPE_REPRESENTATION_RELATIONSHIP()
);
#108=(
REPRESENTATION_RELATIONSHIP($,$,#3821,#3812)
REPRESENTATION_RELATIONSHIP_WITH_TRANSFORMATION(#51)
SHAPE_REPRESENTATION_RELATIONSHIP()
);
#109=(
REPRESENTATION_RELATIONSHIP($,$,#3824,#3812)
REPRESENTATION_RELATIONSHIP_WITH_TRANSFORMATION(#52)
SHAPE_REPRESENTATION_RELATIONSHIP()
);
#110=(
REPRESENTATION_RELATIONSHIP($,$,#3828,#3812)
REPRESENTATION_RELATIONSHIP_WITH_TRANSFORMATION(#53)
SHAPE_REPRESENTATION_RELATIONSHIP()
);
#111=(
REPRESENTATION_RELATIONSHIP($,$,#3833,#3812)
REPRESENTATION_RELATIONSHIP_WITH_TRANSFORMATION(#54)
SHAPE_REPRESENTATION_RELATIONSHIP()
);
#112=(
REPRESENTATION_RELATIONSHIP($,$,#3836,#3835)
REPRESENTATION_RELATIONSHIP_WITH_TRANSFORMATION(#55)
SHAPE_REPRESENTATION_RELATIONSHIP()
);
#113=(
REPRESENTATION_RELATIONSHIP($,$,#3837,#3835)
REPRESENTATION_RELATIONSHIP_WITH_TRANSFORMATION(#56)
SHAPE_REPRESENTATION_RELATIONSHIP()
);
#114=(
REPRESENTATION_RELATIONSHIP($,$,#3838,#3835)
REPRESENTATION_RELATIONSHIP_WITH_TRANSFORMATION(#57)
SHAPE_REPRESENTATION_RELATIONSHIP()
);
#115=(
REPRESENTATION_RELATIONSHIP($,$,#3836,#3835)
REPRESENTATION_RELATIONSHIP_WITH_TRANSFORMATION(#58)
SHAPE_REPRESENTATION_RELATIONSHIP()
);
#116=(
REPRESENTATION_RELATIONSHIP($,$,#3837,#3835)
REPRESENTATION_RELATIONSHIP_WITH_TRANSFORMATION(#59)
SHAPE_REPRESENTATION_RELATIONSHIP()
);
#117=(
REPRESENTATION_RELATIONSHIP($,$,#3838,#3835)
REPRESENTATION_RELATIONSHIP_WITH_TRANSFORMATION(#60)
SHAPE_REPRESENTATION_RELATIONSHIP()
);
#118=(
REPRESENTATION_RELATIONSHIP($,$,#3838,#3835)
REPRESENTATION_RELATIONSHIP_WITH_TRANSFORMATION(#61)
SHAPE_REPRESENTATION_RELATIONSHIP()
);
#119=(
REPRESENTATION_RELATIONSHIP($,$,#3838,#3835)
REPRESENTATION_RELATIONSHIP_WITH_TRANSFORMATION(#62)
SHAPE_REPRESENTATION_RELATIONSHIP()
);
#120=(
REPRESENTATION_RELATIONSHIP($,$,#3806,#3805)
REPRESENTATION_RELATIONSHIP_WITH_TRANSFORMATION(#63)
SHAPE_REPRESENTATION_RELATIONSHIP()
);
#121=(
REPRESENTATION_RELATIONSHIP($,$,#3812,#3805)
REPRESENTATION_RELATIONSHIP_WITH_TRANSFORMATION(#64)
SHAPE_REPRESENTATION_RELATIONSHIP()
);
#122=(
REPRESENTATION_RELATIONSHIP($,$,#3835,#3805)
REPRESENTATION_RELATIONSHIP_WITH_TRANSFORMATION(#65)
SHAPE_REPRESENTATION_RELATIONSHIP()
);
#123=(
REPRESENTATION_RELATIONSHIP($,$,#3839,#3805)
REPRESENTATION_RELATIONSHIP_WITH_TRANSFORMATION(#66)
SHAPE_REPRESENTATION_RELATIONSHIP()
);
#124=(
REPRESENTATION_RELATIONSHIP($,$,#3840,#3805)
REPRESENTATION_RELATIONSHIP_WITH_TRANSFORMATION(#67)
SHAPE_REPRESENTATION_RELATIONSHIP()
);
#125=(
REPRESENTATION_RELATIONSHIP($,$,#3841,#3805)
REPRESENTATION_RELATIONSHIP_WITH_TRANSFORMATION(#68)
SHAPE_REPRESENTATION_RELATIONSHIP()
);
#126=CONTEXT_DEPENDENT_SHAPE_REPRESENTATION(#69,#3715);
#127=CONTEXT_DEPENDENT_SHAPE_REPRESENTATION(#70,#3716);
#128=CONTEXT_DEPENDENT_SHAPE_REPRESENTATION(#71,#3720);
#129=CONTEXT_DEPENDENT_SHAPE_REPRESENTATION(#72,#3721);
#130=CONTEXT_DEPENDENT_SHAPE_REPRESENTATION(#73,#3722);
#131=CONTEXT_DEPENDENT_SHAPE_REPRESENTATION(#74,#3723);
#132=CONTEXT_DEPENDENT_SHAPE_REPRESENTATION(#75,#3724);
#133=CONTEXT_DEPENDENT_SHAPE_REPRESENTATION(#76,#3725);
#134=CONTEXT_DEPENDENT_SHAPE_REPRESENTATION(#77,#3726);
#135=CONTEXT_DEPENDENT_SHAPE_REPRESENTATION(#78,#3727);
#136=CONTEXT_DEPENDENT_SHAPE_REPRESENTATION(#79,#3728);
#137=CONTEXT_DEPENDENT_SHAPE_REPRESENTATION(#80,#3732);
#138=CONTEXT_DEPENDENT_SHAPE_REPRESENTATION(#81,#3735);
#139=CONTEXT_DEPENDENT_SHAPE_REPRESENTATION(#82,#3738);
#140=CONTEXT_DEPENDENT_SHAPE_REPRESENTATION(#83,#3739);
#141=CONTEXT_DEPENDENT_SHAPE_REPRESENTATION(#84,#3742);
#142=CONTEXT_DEPENDENT_SHAPE_REPRESENTATION(#85,#3746);
#143=CONTEXT_DEPENDENT_SHAPE_REPRESENTATION(#86,#3747);
#144=CONTEXT_DEPENDENT_SHAPE_REPRESENTATION(#87,#3748);
#145=CONTEXT_DEPENDENT_SHAPE_REPRESENTATION(#88,#3749);
#146=CONTEXT_DEPENDENT_SHAPE_REPRESENTATION(#89,#3754);
#147=CONTEXT_DEPENDENT_SHAPE_REPRESENTATION(#90,#3755);
#148=CONTEXT_DEPENDENT_SHAPE_REPRESENTATION(#91,#3756);
#149=CONTEXT_DEPENDENT_SHAPE_REPRESENTATION(#92,#3757);
#150=CONTEXT_DEPENDENT_SHAPE_REPRESENTATION(#93,#3758);
#151=CONTEXT_DEPENDENT_SHAPE_REPRESENTATION(#94,#3759);
#152=CONTEXT_DEPENDENT_SHAPE_REPRESENTATION(#95,#3760);
#153=CONTEXT_DEPENDENT_SHAPE_REPRESENTATION(#96,#3761);
#154=CONTEXT_DEPENDENT_SHAPE_REPRESENTATION(#97,#3762);
#155=CONTEXT_DEPENDENT_SHAPE_REPRESENTATION(#98,#3763);
#156=CONTEXT_DEPENDENT_SHAPE_REPRESENTATION(#99,#3769);
#157=CONTEXT_DEPENDENT_SHAPE_REPRESENTATION(#100,#3770);
#158=CONTEXT_DEPENDENT_SHAPE_REPRESENTATION(#101,#3771);
#159=CONTEXT_DEPENDENT_SHAPE_REPRESENTATION(#102,#3772);
#160=CONTEXT_DEPENDENT_SHAPE_REPRESENTATION(#103,#3775);
#161=CONTEXT_DEPENDENT_SHAPE_REPRESENTATION(#104,#3776);
#162=CONTEXT_DEPENDENT_SHAPE_REPRESENTATION(#105,#3777);
#163=CONTEXT_DEPENDENT_SHAPE_REPRESENTATION(#106,#3778);
#164=CONTEXT_DEPENDENT_SHAPE_REPRESENTATION(#107,#3779);
#165=CONTEXT_DEPENDENT_SHAPE_REPRESENTATION(#108,#3780);
#166=CONTEXT_DEPENDENT_SHAPE_REPRESENTATION(#109,#3781);
#167=CONTEXT_DEPENDENT_SHAPE_REPRESENTATION(#110,#3782);
#168=CONTEXT_DEPENDENT_SHAPE_REPRESENTATION(#111,#3783);
#169=CONTEXT_DEPENDENT_SHAPE_REPRESENTATION(#112,#3788);
#170=CONTEXT_DEPENDENT_SHAPE_REPRESENTATION(#113,#3789);
#171=CONTEXT_DEPENDENT_SHAPE_REPRESENTATION(#114,#3790);
#172=CONTEXT_DEPENDENT_SHAPE_REPRESENTATION(#115,#3791);
#173=CONTEXT_DEPENDENT_SHAPE_REPRESENTATION(#116,#3792);
#174=CONTEXT_DEPENDENT_SHAPE_REPRESENTATION(#117,#3793);
#175=CONTEXT_DEPENDENT_SHAPE_REPRESENTATION(#118,#3794);
#176=CONTEXT_DEPENDENT_SHAPE_REPRESENTATION(#119,#3795);
#177=CONTEXT_DEPENDENT_SHAPE_REPRESENTATION(#120,#3799);
#178=CONTEXT_DEPENDENT_SHAPE_REPRESENTATION(#121,#3800);
#179=CONTEXT_DEPENDENT_SHAPE_REPRESENTATION(#122,#3801);
#180=CONTEXT_DEPENDENT_SHAPE_REPRESENTATION(#123,#3802);
#181=CONTEXT_DEPENDENT_SHAPE_REPRESENTATION(#124,#3803);
#182=CONTEXT_DEPENDENT_SHAPE_REPRESENTATION(#125,#3804);
#183=NEXT_ASSEMBLY_USAGE_OCCURRENCE('>>WSSi_Sides:1','>>WSSi_Sides:1',
'>>WSSi_Sides:1',#3845,#3846,'>>WSSi_Sides:1');
#184=NEXT_ASSEMBLY_USAGE_OCCURRENCE('>>WSSi_Sides:2','>>WSSi_Sides:2',
'>>WSSi_Sides:2',#3845,#3846,'>>WSSi_Sides:2');
#185=NEXT_ASSEMBLY_USAGE_OCCURRENCE('WSS_Shelves_:1','WSS_Shelves_:1',
'WSS_Shelves_:1',#3848,#3849,'WSS_Shelves_:1');
#186=NEXT_ASSEMBLY_USAGE_OCCURRENCE('WSS_Shelves_:2','WSS_Shelves_:2',
'WSS_Shelves_:2',#3848,#3849,'WSS_Shelves_:2');
#187=NEXT_ASSEMBLY_USAGE_OCCURRENCE('WSS_Shelves_:3','WSS_Shelves_:3',
'WSS_Shelves_:3',#3848,#3849,'WSS_Shelves_:3');
#188=NEXT_ASSEMBLY_USAGE_OCCURRENCE('WSS_Shelves_:4','WSS_Shelves_:4',
'WSS_Shelves_:4',#3848,#3849,'WSS_Shelves_:4');
#189=NEXT_ASSEMBLY_USAGE_OCCURRENCE('WSS_Shelves_:5','WSS_Shelves_:5',
'WSS_Shelves_:5',#3848,#3849,'WSS_Shelves_:5');
#190=NEXT_ASSEMBLY_USAGE_OCCURRENCE('WSS_Shelves_:6','WSS_Shelves_:6',
'WSS_Shelves_:6',#3848,#3849,'WSS_Shelves_:6');
#191=NEXT_ASSEMBLY_USAGE_OCCURRENCE('~~~>WS - Sides:1',
'~~~>WS - Sides:1','~~~>WS - Sides:1',#3844,#3845,'~~~>WS - Sides:1');
#192=NEXT_ASSEMBLY_USAGE_OCCURRENCE('>WS - Back:1','>WS - Back:1',
'>WS - Back:1',#3844,#3847,'>WS - Back:1');
#193=NEXT_ASSEMBLY_USAGE_OCCURRENCE('~~~>WS - Shelves:1',
'~~~>WS - Shelves:1','~~~>WS - Shelves:1',#3844,#3848,
'~~~>WS - Shelves:1');
#194=NEXT_ASSEMBLY_USAGE_OCCURRENCE('>>WCT_TableTop:1',
'>>WCT_TableTop:1','>>WCT_TableTop:1',#3851,#3852,'>>WCT_TableTop:1');
#195=NEXT_ASSEMBLY_USAGE_OCCURRENCE('>>WCB_Bottom:1','>>WCB_Bottom:1',
'>>WCB_Bottom:1',#3853,#3854,'>>WCB_Bottom:1');
#196=NEXT_ASSEMBLY_USAGE_OCCURRENCE('>>WCS_Sides:1','>>WCS_Sides:1',
'>>WCS_Sides:1',#3855,#3856,'>>WCS_Sides:1');
#197=NEXT_ASSEMBLY_USAGE_OCCURRENCE('>>WCS_Sides:2','>>WCS_Sides:2',
'>>WCS_Sides:2',#3855,#3856,'>>WCS_Sides:2');
#198=NEXT_ASSEMBLY_USAGE_OCCURRENCE('>>WCBa_Back:1','>>WCBa_Back:1',
'>>WCBa_Back:1',#3857,#3858,'>>WCBa_Back:1');
#199=NEXT_ASSEMBLY_USAGE_OCCURRENCE('>>WCF - Top/Bottom:1',
'>>WCF - Top/Bottom:1','>>WCF - Top/Bottom:1',#3859,#3860,
'>>WCF - Top/Bottom:1');
#200=NEXT_ASSEMBLY_USAGE_OCCURRENCE('>>WCF - Left/Right:1',
'>>WCF - Left/Right:1','>>WCF - Left/Right:1',#3859,#3861,
'>>WCF - Left/Right:1');
#201=NEXT_ASSEMBLY_USAGE_OCCURRENCE('>>WCF - Top/Bottom:2',
'>>WCF - Top/Bottom:2','>>WCF - Top/Bottom:2',#3859,#3860,
'>>WCF - Top/Bottom:2');
#202=NEXT_ASSEMBLY_USAGE_OCCURRENCE('>>WCF - Left/Right:2',
'>>WCF - Left/Right:2','>>WCF - Left/Right:2',#3859,#3861,
'>>WCF - Left/Right:2');
#203=NEXT_ASSEMBLY_USAGE_OCCURRENCE('>>WCD - Top/Bottom:1',
'>>WCD - Top/Bottom:1','>>WCD - Top/Bottom:1',#3862,#3864,
'>>WCD - Top/Bottom:1');
#204=NEXT_ASSEMBLY_USAGE_OCCURRENCE('>>WCD - Left/Right:1',
'>>WCD - Left/Right:1','>>WCD - Left/Right:1',#3862,#3865,
'>>WCD - Left/Right:1');
#205=NEXT_ASSEMBLY_USAGE_OCCURRENCE('>>WCD - Center:1',
'>>WCD - Center:1','>>WCD - Center:1',#3862,#3863,'>>WCD - Center:1');
#206=NEXT_ASSEMBLY_USAGE_OCCURRENCE('>>WCD - Top/Bottom:3',
'>>WCD - Top/Bottom:3','>>WCD - Top/Bottom:3',#3862,#3864,
'>>WCD - Top/Bottom:3');
#207=NEXT_ASSEMBLY_USAGE_OCCURRENCE('>>WCD - Left/Right:2',
'>>WCD - Left/Right:2','>>WCD - Left/Right:2',#3862,#3865,
'>>WCD - Left/Right:2');
#208=NEXT_ASSEMBLY_USAGE_OCCURRENCE('>>WCD - Top/Bottom:6',
'>>WCD - Top/Bottom:6','>>WCD - Top/Bottom:6',#3862,#3864,
'>>WCD - Top/Bottom:6');
#209=NEXT_ASSEMBLY_USAGE_OCCURRENCE('>>WCD - Left/Right:3',
'>>WCD - Left/Right:3','>>WCD - Left/Right:3',#3862,#3865,
'>>WCD - Left/Right:3');
#210=NEXT_ASSEMBLY_USAGE_OCCURRENCE('>>WCD - Center:2',
'>>WCD - Center:2','>>WCD - Center:2',#3862,#3863,'>>WCD - Center:2');
#211=NEXT_ASSEMBLY_USAGE_OCCURRENCE('>>WCD - Top/Bottom:5',
'>>WCD - Top/Bottom:5','>>WCD - Top/Bottom:5',#3862,#3864,
'>>WCD - Top/Bottom:5');
#212=NEXT_ASSEMBLY_USAGE_OCCURRENCE('>>WCD - Left/Right:4',
'>>WCD - Left/Right:4','>>WCD - Left/Right:4',#3862,#3865,
'>>WCD - Left/Right:4');
#213=NEXT_ASSEMBLY_USAGE_OCCURRENCE('WCM - West Top/Bottom:1',
'WCM - West Top/Bottom:1','WCM - West Top/Bottom:1',#3866,#3867,
'WCM - West Top/Bottom:1');
#214=NEXT_ASSEMBLY_USAGE_OCCURRENCE('WC_M - West Left/Right:1',
'WC_M - West Left/Right:1','WC_M - West Left/Right:1',#3866,#3868,
'WC_M - West Left/Right:1');
#215=NEXT_ASSEMBLY_USAGE_OCCURRENCE('WC_M - North Top/Bottom:1',
'WC_M - North Top/Bottom:1','WC_M - North Top/Bottom:1',#3866,#3869,
'WC_M - North Top/Bottom:1');
#216=NEXT_ASSEMBLY_USAGE_OCCURRENCE('WC_M - North Left/Right:1',
'WC_M - North Left/Right:1','WC_M - North Left/Right:1',#3866,#3870,
'WC_M - North Left/Right:1');
#217=NEXT_ASSEMBLY_USAGE_OCCURRENCE('WCS_Shelves:1','WCS_Shelves:1',
'WCS_Shelves:1',#3871,#3872,'WCS_Shelves:1');
#218=NEXT_ASSEMBLY_USAGE_OCCURRENCE('~~~WC - Table Top:1',
'~~~WC - Table Top:1','~~~WC - Table Top:1',#3850,#3851,
'~~~WC - Table Top:1');
#219=NEXT_ASSEMBLY_USAGE_OCCURRENCE('~~~>WC - Bottom:1',
'~~~>WC - Bottom:1','~~~>WC - Bottom:1',#3850,#3853,'~~~>WC - Bottom:1');
#220=NEXT_ASSEMBLY_USAGE_OCCURRENCE('~~~>WC - Sides:1',
'~~~>WC - Sides:1','~~~>WC - Sides:1',#3850,#3855,'~~~>WC - Sides:1');
#221=NEXT_ASSEMBLY_USAGE_OCCURRENCE('~~~>WC - Back:1','~~~>WC - Back:1',
'~~~>WC - Back:1',#3850,#3857,'~~~>WC - Back:1');
#222=NEXT_ASSEMBLY_USAGE_OCCURRENCE('~~~>WC - Front:1',
'~~~>WC - Front:1','~~~>WC - Front:1',#3850,#3859,'~~~>WC - Front:1');
#223=NEXT_ASSEMBLY_USAGE_OCCURRENCE('~~~>WC - Doors:1',
'~~~>WC - Doors:1','~~~>WC - Doors:1',#3850,#3862,'~~~>WC - Doors:1');
#224=NEXT_ASSEMBLY_USAGE_OCCURRENCE('>WC - Molding:1','>WC - Molding:1',
'>WC - Molding:1',#3850,#3866,'>WC - Molding:1');
#225=NEXT_ASSEMBLY_USAGE_OCCURRENCE('~~~>WC - Shelves:1',
'~~~>WC - Shelves:1','~~~>WC - Shelves:1',#3850,#3871,
'~~~>WC - Shelves:1');
#226=NEXT_ASSEMBLY_USAGE_OCCURRENCE('>WTG - Front/Back:1',
'>WTG - Front/Back:1','>WTG - Front/Back:1',#3873,#3874,
'>WTG - Front/Back:1');
#227=NEXT_ASSEMBLY_USAGE_OCCURRENCE('>WTG - Left/Right:1',
'>WTG - Left/Right:1','>WTG - Left/Right:1',#3873,#3875,
'>WTG - Left/Right:1');
#228=NEXT_ASSEMBLY_USAGE_OCCURRENCE('>WTG - Brace:1','>WTG - Brace:1',
'>WTG - Brace:1',#3873,#3876,'>WTG - Brace:1');
#229=NEXT_ASSEMBLY_USAGE_OCCURRENCE('>WTG - Front/Back:2',
'>WTG - Front/Back:2','>WTG - Front/Back:2',#3873,#3874,
'>WTG - Front/Back:2');
#230=NEXT_ASSEMBLY_USAGE_OCCURRENCE('>WTG - Left/Right:2',
'>WTG - Left/Right:2','>WTG - Left/Right:2',#3873,#3875,
'>WTG - Left/Right:2');
#231=NEXT_ASSEMBLY_USAGE_OCCURRENCE('>WTG - Brace:2','>WTG - Brace:2',
'>WTG - Brace:2',#3873,#3876,'>WTG - Brace:2');
#232=NEXT_ASSEMBLY_USAGE_OCCURRENCE('>WTG - Brace:3','>WTG - Brace:3',
'>WTG - Brace:3',#3873,#3876,'>WTG - Brace:3');
#233=NEXT_ASSEMBLY_USAGE_OCCURRENCE('>WTG - Brace:4','>WTG - Brace:4',
'>WTG - Brace:4',#3873,#3876,'>WTG - Brace:4');
#234=NEXT_ASSEMBLY_USAGE_OCCURRENCE('~~~West Shelves:1',
'~~~West Shelves:1','~~~West Shelves:1',#3843,#3844,'~~~West Shelves:1');
#235=NEXT_ASSEMBLY_USAGE_OCCURRENCE('~~~West Cabinet:1',
'~~~West Cabinet:1','~~~West Cabinet:1',#3843,#3850,'~~~West Cabinet:1');
#236=NEXT_ASSEMBLY_USAGE_OCCURRENCE('~~~West Toe Guard:1',
'~~~West Toe Guard:1','~~~West Toe Guard:1',#3843,#3873,
'~~~West Toe Guard:1');
#237=NEXT_ASSEMBLY_USAGE_OCCURRENCE('North Shelves:1','North Shelves:1',
'North Shelves:1',#3843,#3877,'North Shelves:1');
#238=NEXT_ASSEMBLY_USAGE_OCCURRENCE('North Cabinet:1','North Cabinet:1',
'North Cabinet:1',#3843,#3878,'North Cabinet:1');
#239=NEXT_ASSEMBLY_USAGE_OCCURRENCE('North Toe Guard:1',
'North Toe Guard:1','North Toe Guard:1',#3843,#3879,'North Toe Guard:1');
#240=SHAPE_REPRESENTATION_RELATIONSHIP('SRR','None',#3808,#256);
#241=SHAPE_REPRESENTATION_RELATIONSHIP('SRR','None',#3809,#257);
#242=SHAPE_REPRESENTATION_RELATIONSHIP('SRR','None',#3811,#258);
#243=SHAPE_REPRESENTATION_RELATIONSHIP('SRR','None',#3814,#259);
#244=SHAPE_REPRESENTATION_RELATIONSHIP('SRR','None',#3816,#260);
#245=SHAPE_REPRESENTATION_RELATIONSHIP('SRR','None',#3818,#261);
#246=SHAPE_REPRESENTATION_RELATIONSHIP('SRR','None',#3820,#262);
#247=SHAPE_REPRESENTATION_RELATIONSHIP('SRR','None',#3822,#263);
#248=SHAPE_REPRESENTATION_RELATIONSHIP('SRR','None',#3823,#264);
#249=SHAPE_REPRESENTATION_RELATIONSHIP('SRR','None',#3825,#265);
#250=SHAPE_REPRESENTATION_RELATIONSHIP('SRR','None',#3826,#266);
#251=SHAPE_REPRESENTATION_RELATIONSHIP('SRR','None',#3827,#267);
#252=SHAPE_REPRESENTATION_RELATIONSHIP('SRR','None',#3834,#268);
#253=SHAPE_REPRESENTATION_RELATIONSHIP('SRR','None',#3836,#269);
#254=SHAPE_REPRESENTATION_RELATIONSHIP('SRR','None',#3837,#270);
#255=SHAPE_REPRESENTATION_RELATIONSHIP('SRR','None',#3838,#271);
#256=ADVANCED_BREP_SHAPE_REPRESENTATION('',(#288),#3632);
#257=ADVANCED_BREP_SHAPE_REPRESENTATION('',(#289),#3633);
#258=ADVANCED_BREP_SHAPE_REPRESENTATION('',(#290),#3635);
#259=ADVANCED_BREP_SHAPE_REPRESENTATION('',(#291),#3638);
#260=ADVANCED_BREP_SHAPE_REPRESENTATION('',(#292),#3640);
#261=ADVANCED_BREP_SHAPE_REPRESENTATION('',(#293),#3642);
#262=ADVANCED_BREP_SHAPE_REPRESENTATION('',(#294),#3644);
#263=ADVANCED_BREP_SHAPE_REPRESENTATION('',(#295),#3646);
#264=ADVANCED_BREP_SHAPE_REPRESENTATION('',(#296),#3647);
#265=ADVANCED_BREP_SHAPE_REPRESENTATION('',(#297),#3649);
#266=ADVANCED_BREP_SHAPE_REPRESENTATION('',(#298),#3650);
#267=ADVANCED_BREP_SHAPE_REPRESENTATION('',(#299),#3651);
#268=ADVANCED_BREP_SHAPE_REPRESENTATION('',(#300),#3658);
#269=ADVANCED_BREP_SHAPE_REPRESENTATION('',(#301),#3660);
#270=ADVANCED_BREP_SHAPE_REPRESENTATION('',(#302),#3661);
#271=ADVANCED_BREP_SHAPE_REPRESENTATION('',(#303),#3662);
#272=STYLED_ITEM('',(#3994),#288);
#273=STYLED_ITEM('',(#3994),#289);
#274=STYLED_ITEM('',(#3994),#290);
#275=STYLED_ITEM('',(#3994),#291);
#276=STYLED_ITEM('',(#3994),#292);
#277=STYLED_ITEM('',(#3994),#293);
#278=STYLED_ITEM('',(#3994),#294);
#279=STYLED_ITEM('',(#3994),#295);
#280=STYLED_ITEM('',(#3994),#296);
#281=STYLED_ITEM('',(#3994),#297);
#282=STYLED_ITEM('',(#3994),#298);
#283=STYLED_ITEM('',(#3994),#299);
#284=STYLED_ITEM('',(#3994),#300);
#285=STYLED_ITEM('',(#3994),#301);
#286=STYLED_ITEM('',(#3994),#302);
#287=STYLED_ITEM('',(#3994),#303);
#288=MANIFOLD_SOLID_BREP('Body1',#1949);
#289=MANIFOLD_SOLID_BREP('Body4',#1950);
#290=MANIFOLD_SOLID_BREP('Body1',#1951);
#291=MANIFOLD_SOLID_BREP('Body1',#1952);
#292=MANIFOLD_SOLID_BREP('Body1',#1953);
#293=MANIFOLD_SOLID_BREP('Body1',#1954);
#294=MANIFOLD_SOLID_BREP('Body1',#1955);
#295=MANIFOLD_SOLID_BREP('Body1',#1956);
#296=MANIFOLD_SOLID_BREP('Body1',#1957);
#297=MANIFOLD_SOLID_BREP('Body1',#1958);
#298=MANIFOLD_SOLID_BREP('Body1',#1959);
#299=MANIFOLD_SOLID_BREP('Body1',#1960);
#300=MANIFOLD_SOLID_BREP('Body1',#1961);
#301=MANIFOLD_SOLID_BREP('Body1',#1962);
#302=MANIFOLD_SOLID_BREP('Body1',#1963);
#303=MANIFOLD_SOLID_BREP('Body1',#1964);
#304=FACE_OUTER_BOUND('',#409,.T.);
#305=FACE_OUTER_BOUND('',#410,.T.);
#306=FACE_OUTER_BOUND('',#411,.T.);
#307=FACE_OUTER_BOUND('',#412,.T.);
#308=FACE_OUTER_BOUND('',#413,.T.);
#309=FACE_OUTER_BOUND('',#414,.T.);
#310=FACE_OUTER_BOUND('',#415,.T.);
#311=FACE_OUTER_BOUND('',#416,.T.);
#312=FACE_OUTER_BOUND('',#417,.T.);
#313=FACE_OUTER_BOUND('',#418,.T.);
#314=FACE_OUTER_BOUND('',#419,.T.);
#315=FACE_OUTER_BOUND('',#420,.T.);
#316=FACE_OUTER_BOUND('',#421,.T.);
#317=FACE_OUTER_BOUND('',#422,.T.);
#318=FACE_OUTER_BOUND('',#423,.T.);
#319=FACE_OUTER_BOUND('',#424,.T.);
#320=FACE_OUTER_BOUND('',#425,.T.);
#321=FACE_OUTER_BOUND('',#426,.T.);
#322=FACE_OUTER_BOUND('',#427,.T.);
#323=FACE_OUTER_BOUND('',#428,.T.);
#324=FACE_OUTER_BOUND('',#429,.T.);
#325=FACE_OUTER_BOUND('',#430,.T.);
#326=FACE_OUTER_BOUND('',#431,.T.);
#327=FACE_OUTER_BOUND('',#432,.T.);
#328=FACE_OUTER_BOUND('',#433,.T.);
#329=FACE_OUTER_BOUND('',#434,.T.);
#330=FACE_OUTER_BOUND('',#435,.T.);
#331=FACE_OUTER_BOUND('',#436,.T.);
#332=FACE_OUTER_BOUND('',#437,.T.);
#333=FACE_OUTER_BOUND('',#438,.T.);
#334=FACE_OUTER_BOUND('',#439,.T.);
#335=FACE_OUTER_BOUND('',#440,.T.);
#336=FACE_OUTER_BOUND('',#441,.T.);
#337=FACE_OUTER_BOUND('',#443,.T.);
#338=FACE_OUTER_BOUND('',#444,.T.);
#339=FACE_OUTER_BOUND('',#445,.T.);
#340=FACE_OUTER_BOUND('',#446,.T.);
#341=FACE_OUTER_BOUND('',#447,.T.);
#342=FACE_OUTER_BOUND('',#448,.T.);
#343=FACE_OUTER_BOUND('',#449,.T.);
#344=FACE_OUTER_BOUND('',#450,.T.);
#345=FACE_OUTER_BOUND('',#451,.T.);
#346=FACE_OUTER_BOUND('',#452,.T.);
#347=FACE_OUTER_BOUND('',#453,.T.);
#348=FACE_OUTER_BOUND('',#454,.T.);
#349=FACE_OUTER_BOUND('',#455,.T.);
#350=FACE_OUTER_BOUND('',#456,.T.);
#351=FACE_OUTER_BOUND('',#457,.T.);
#352=FACE_OUTER_BOUND('',#458,.T.);
#353=FACE_OUTER_BOUND('',#459,.T.);
#354=FACE_OUTER_BOUND('',#460,.T.);
#355=FACE_OUTER_BOUND('',#461,.T.);
#356=FACE_OUTER_BOUND('',#462,.T.);
#357=FACE_OUTER_BOUND('',#463,.T.);
#358=FACE_OUTER_BOUND('',#464,.T.);
#359=FACE_OUTER_BOUND('',#465,.T.);
#360=FACE_OUTER_BOUND('',#466,.T.);
#361=FACE_OUTER_BOUND('',#467,.T.);
#362=FACE_OUTER_BOUND('',#468,.T.);
#363=FACE_OUTER_BOUND('',#469,.T.);
#364=FACE_OUTER_BOUND('',#470,.T.);
#365=FACE_OUTER_BOUND('',#471,.T.);
#366=FACE_OUTER_BOUND('',#472,.T.);
#367=FACE_OUTER_BOUND('',#473,.T.);
#368=FACE_OUTER_BOUND('',#474,.T.);
#369=FACE_OUTER_BOUND('',#475,.T.);
#370=FACE_OUTER_BOUND('',#476,.T.);
#371=FACE_OUTER_BOUND('',#477,.T.);
#372=FACE_OUTER_BOUND('',#478,.T.);
#373=FACE_OUTER_BOUND('',#479,.T.);
#374=FACE_OUTER_BOUND('',#480,.T.);
#375=FACE_OUTER_BOUND('',#481,.T.);
#376=FACE_OUTER_BOUND('',#482,.T.);
#377=FACE_OUTER_BOUND('',#483,.T.);
#378=FACE_OUTER_BOUND('',#484,.T.);
#379=FACE_OUTER_BOUND('',#485,.T.);
#380=FACE_OUTER_BOUND('',#486,.T.);
#381=FACE_OUTER_BOUND('',#487,.T.);
#382=FACE_OUTER_BOUND('',#488,.T.);
#383=FACE_OUTER_BOUND('',#489,.T.);
#384=FACE_OUTER_BOUND('',#490,.T.);
#385=FACE_OUTER_BOUND('',#491,.T.);
#386=FACE_OUTER_BOUND('',#492,.T.);
#387=FACE_OUTER_BOUND('',#493,.T.);
#388=FACE_OUTER_BOUND('',#494,.T.);
#389=FACE_OUTER_BOUND('',#495,.T.);
#390=FACE_OUTER_BOUND('',#496,.T.);
#391=FACE_OUTER_BOUND('',#497,.T.);
#392=FACE_OUTER_BOUND('',#498,.T.);
#393=FACE_OUTER_BOUND('',#499,.T.);
#394=FACE_OUTER_BOUND('',#500,.T.);
#395=FACE_OUTER_BOUND('',#501,.T.);
#396=FACE_OUTER_BOUND('',#502,.T.);
#397=FACE_OUTER_BOUND('',#503,.T.);
#398=FACE_OUTER_BOUND('',#504,.T.);
#399=FACE_OUTER_BOUND('',#505,.T.);
#400=FACE_OUTER_BOUND('',#506,.T.);
#401=FACE_OUTER_BOUND('',#507,.T.);
#402=FACE_OUTER_BOUND('',#508,.T.);
#403=FACE_OUTER_BOUND('',#509,.T.);
#404=FACE_OUTER_BOUND('',#510,.T.);
#405=FACE_OUTER_BOUND('',#511,.T.);
#406=FACE_OUTER_BOUND('',#512,.T.);
#407=FACE_OUTER_BOUND('',#513,.T.);
#408=FACE_OUTER_BOUND('',#514,.T.);
#409=EDGE_LOOP('',(#1307,#1308,#1309,#1310));
#410=EDGE_LOOP('',(#1311,#1312,#1313,#1314));
#411=EDGE_LOOP('',(#1315,#1316,#1317,#1318));
#412=EDGE_LOOP('',(#1319,#1320,#1321,#1322));
#413=EDGE_LOOP('',(#1323,#1324,#1325,#1326));
#414=EDGE_LOOP('',(#1327,#1328,#1329,#1330));
#415=EDGE_LOOP('',(#1331,#1332,#1333,#1334));
#416=EDGE_LOOP('',(#1335,#1336,#1337,#1338));
#417=EDGE_LOOP('',(#1339,#1340,#1341,#1342));
#418=EDGE_LOOP('',(#1343,#1344,#1345,#1346,#1347,#1348,#1349,#1350));
#419=EDGE_LOOP('',(#1351,#1352,#1353,#1354));
#420=EDGE_LOOP('',(#1355,#1356,#1357,#1358));
#421=EDGE_LOOP('',(#1359,#1360,#1361,#1362));
#422=EDGE_LOOP('',(#1363,#1364,#1365,#1366,#1367,#1368,#1369,#1370));
#423=EDGE_LOOP('',(#1371,#1372,#1373,#1374));
#424=EDGE_LOOP('',(#1375,#1376,#1377,#1378));
#425=EDGE_LOOP('',(#1379,#1380,#1381,#1382));
#426=EDGE_LOOP('',(#1383,#1384,#1385,#1386));
#427=EDGE_LOOP('',(#1387,#1388,#1389,#1390));
#428=EDGE_LOOP('',(#1391,#1392,#1393,#1394));
#429=EDGE_LOOP('',(#1395,#1396,#1397,#1398));
#430=EDGE_LOOP('',(#1399,#1400,#1401,#1402));
#431=EDGE_LOOP('',(#1403,#1404,#1405,#1406));
#432=EDGE_LOOP('',(#1407,#1408,#1409,#1410));
#433=EDGE_LOOP('',(#1411,#1412,#1413,#1414));
#434=EDGE_LOOP('',(#1415,#1416,#1417,#1418));
#435=EDGE_LOOP('',(#1419,#1420,#1421,#1422));
#436=EDGE_LOOP('',(#1423,#1424,#1425,#1426));
#437=EDGE_LOOP('',(#1427,#1428,#1429,#1430));
#438=EDGE_LOOP('',(#1431,#1432,#1433,#1434));
#439=EDGE_LOOP('',(#1435,#1436,#1437,#1438));
#440=EDGE_LOOP('',(#1439,#1440,#1441,#1442));
#441=EDGE_LOOP('',(#1443,#1444,#1445,#1446));
#442=EDGE_LOOP('',(#1447,#1448,#1449,#1450));
#443=EDGE_LOOP('',(#1451,#1452,#1453,#1454));
#444=EDGE_LOOP('',(#1455,#1456,#1457,#1458));
#445=EDGE_LOOP('',(#1459,#1460,#1461,#1462));
#446=EDGE_LOOP('',(#1463,#1464,#1465,#1466));
#447=EDGE_LOOP('',(#1467,#1468,#1469,#1470));
#448=EDGE_LOOP('',(#1471,#1472,#1473,#1474));
#449=EDGE_LOOP('',(#1475,#1476,#1477,#1478));
#450=EDGE_LOOP('',(#1479,#1480,#1481,#1482));
#451=EDGE_LOOP('',(#1483,#1484,#1485,#1486));
#452=EDGE_LOOP('',(#1487,#1488,#1489,#1490));
#453=EDGE_LOOP('',(#1491,#1492,#1493,#1494));
#454=EDGE_LOOP('',(#1495,#1496,#1497,#1498));
#455=EDGE_LOOP('',(#1499,#1500,#1501,#1502));
#456=EDGE_LOOP('',(#1503,#1504,#1505,#1506));
#457=EDGE_LOOP('',(#1507,#1508,#1509,#1510));
#458=EDGE_LOOP('',(#1511,#1512,#1513,#1514));
#459=EDGE_LOOP('',(#1515,#1516,#1517,#1518));
#460=EDGE_LOOP('',(#1519,#1520,#1521,#1522));
#461=EDGE_LOOP('',(#1523,#1524,#1525,#1526));
#462=EDGE_LOOP('',(#1527,#1528,#1529,#1530));
#463=EDGE_LOOP('',(#1531,#1532,#1533,#1534));
#464=EDGE_LOOP('',(#1535,#1536,#1537,#1538));
#465=EDGE_LOOP('',(#1539,#1540,#1541,#1542));
#466=EDGE_LOOP('',(#1543,#1544,#1545,#1546));
#467=EDGE_LOOP('',(#1547,#1548,#1549,#1550));
#468=EDGE_LOOP('',(#1551,#1552,#1553,#1554));
#469=EDGE_LOOP('',(#1555,#1556,#1557,#1558));
#470=EDGE_LOOP('',(#1559,#1560,#1561,#1562));
#471=EDGE_LOOP('',(#1563,#1564,#1565,#1566));
#472=EDGE_LOOP('',(#1567,#1568,#1569,#1570));
#473=EDGE_LOOP('',(#1571,#1572,#1573,#1574));
#474=EDGE_LOOP('',(#1575,#1576,#1577,#1578));
#475=EDGE_LOOP('',(#1579,#1580,#1581,#1582));
#476=EDGE_LOOP('',(#1583,#1584,#1585,#1586));
#477=EDGE_LOOP('',(#1587,#1588,#1589,#1590));
#478=EDGE_LOOP('',(#1591,#1592,#1593,#1594));
#479=EDGE_LOOP('',(#1595,#1596,#1597,#1598));
#480=EDGE_LOOP('',(#1599,#1600,#1601,#1602));
#481=EDGE_LOOP('',(#1603,#1604,#1605,#1606));
#482=EDGE_LOOP('',(#1607,#1608,#1609,#1610));
#483=EDGE_LOOP('',(#1611,#1612,#1613,#1614));
#484=EDGE_LOOP('',(#1615,#1616,#1617,#1618));
#485=EDGE_LOOP('',(#1619,#1620,#1621,#1622));
#486=EDGE_LOOP('',(#1623,#1624,#1625,#1626));
#487=EDGE_LOOP('',(#1627,#1628,#1629,#1630));
#488=EDGE_LOOP('',(#1631,#1632,#1633,#1634));
#489=EDGE_LOOP('',(#1635,#1636,#1637,#1638));
#490=EDGE_LOOP('',(#1639,#1640,#1641,#1642));
#491=EDGE_LOOP('',(#1643,#1644,#1645,#1646));
#492=EDGE_LOOP('',(#1647,#1648,#1649,#1650));
#493=EDGE_LOOP('',(#1651,#1652,#1653,#1654));
#494=EDGE_LOOP('',(#1655,#1656,#1657,#1658));
#495=EDGE_LOOP('',(#1659,#1660,#1661,#1662));
#496=EDGE_LOOP('',(#1663,#1664,#1665,#1666));
#497=EDGE_LOOP('',(#1667,#1668,#1669,#1670));
#498=EDGE_LOOP('',(#1671,#1672,#1673,#1674));
#499=EDGE_LOOP('',(#1675,#1676,#1677,#1678));
#500=EDGE_LOOP('',(#1679,#1680,#1681,#1682));
#501=EDGE_LOOP('',(#1683,#1684,#1685,#1686));
#502=EDGE_LOOP('',(#1687,#1688,#1689,#1690));
#503=EDGE_LOOP('',(#1691,#1692,#1693,#1694));
#504=EDGE_LOOP('',(#1695,#1696,#1697,#1698));
#505=EDGE_LOOP('',(#1699,#1700,#1701,#1702));
#506=EDGE_LOOP('',(#1703,#1704,#1705,#1706));
#507=EDGE_LOOP('',(#1707,#1708,#1709,#1710));
#508=EDGE_LOOP('',(#1711,#1712,#1713,#1714));
#509=EDGE_LOOP('',(#1715,#1716,#1717,#1718));
#510=EDGE_LOOP('',(#1719,#1720,#1721,#1722));
#511=EDGE_LOOP('',(#1723,#1724,#1725,#1726));
#512=EDGE_LOOP('',(#1727,#1728,#1729,#1730));
#513=EDGE_LOOP('',(#1731,#1732,#1733,#1734));
#514=EDGE_LOOP('',(#1735,#1736,#1737,#1738));
#515=LINE('',#3039,#731);
#516=LINE('',#3041,#732);
#517=LINE('',#3043,#733);
#518=LINE('',#3044,#734);
#519=LINE('',#3047,#735);
#520=LINE('',#3049,#736);
#521=LINE('',#3050,#737);
#522=LINE('',#3053,#738);
#523=LINE('',#3055,#739);
#524=LINE('',#3056,#740);
#525=LINE('',#3058,#741);
#526=LINE('',#3059,#742);
#527=LINE('',#3068,#743);
#528=LINE('',#3070,#744);
#529=LINE('',#3072,#745);
#530=LINE('',#3073,#746);
#531=LINE('',#3076,#747);
#532=LINE('',#3078,#748);
#533=LINE('',#3079,#749);
#534=LINE('',#3082,#750);
#535=LINE('',#3084,#751);
#536=LINE('',#3085,#752);
#537=LINE('',#3088,#753);
#538=LINE('',#3090,#754);
#539=LINE('',#3092,#755);
#540=LINE('',#3094,#756);
#541=LINE('',#3095,#757);
#542=LINE('',#3098,#758);
#543=LINE('',#3100,#759);
#544=LINE('',#3101,#760);
#545=LINE('',#3104,#761);
#546=LINE('',#3105,#762);
#547=LINE('',#3108,#763);
#548=LINE('',#3109,#764);
#549=LINE('',#3111,#765);
#550=LINE('',#3112,#766);
#551=LINE('',#3120,#767);
#552=LINE('',#3122,#768);
#553=LINE('',#3124,#769);
#554=LINE('',#3125,#770);
#555=LINE('',#3128,#771);
#556=LINE('',#3130,#772);
#557=LINE('',#3131,#773);
#558=LINE('',#3134,#774);
#559=LINE('',#3136,#775);
#560=LINE('',#3137,#776);
#561=LINE('',#3139,#777);
#562=LINE('',#3140,#778);
#563=LINE('',#3158,#779);
#564=LINE('',#3160,#780);
#565=LINE('',#3162,#781);
#566=LINE('',#3163,#782);
#567=LINE('',#3166,#783);
#568=LINE('',#3168,#784);
#569=LINE('',#3169,#785);
#570=LINE('',#3172,#786);
#571=LINE('',#3174,#787);
#572=LINE('',#3175,#788);
#573=LINE('',#3177,#789);
#574=LINE('',#3178,#790);
#575=LINE('',#3187,#791);
#576=LINE('',#3189,#792);
#577=LINE('',#3191,#793);
#578=LINE('',#3192,#794);
#579=LINE('',#3195,#795);
#580=LINE('',#3197,#796);
#581=LINE('',#3198,#797);
#582=LINE('',#3201,#798);
#583=LINE('',#3203,#799);
#584=LINE('',#3204,#800);
#585=LINE('',#3206,#801);
#586=LINE('',#3207,#802);
#587=LINE('',#3211,#803);
#588=LINE('',#3213,#804);
#589=LINE('',#3215,#805);
#590=LINE('',#3216,#806);
#591=LINE('',#3219,#807);
#592=LINE('',#3221,#808);
#593=LINE('',#3222,#809);
#594=LINE('',#3225,#810);
#595=LINE('',#3226,#811);
#596=LINE('',#3229,#812);
#597=LINE('',#3230,#813);
#598=LINE('',#3232,#814);
#599=LINE('',#3241,#815);
#600=LINE('',#3243,#816);
#601=LINE('',#3245,#817);
#602=LINE('',#3246,#818);
#603=LINE('',#3249,#819);
#604=LINE('',#3251,#820);
#605=LINE('',#3252,#821);
#606=LINE('',#3255,#822);
#607=LINE('',#3257,#823);
#608=LINE('',#3258,#824);
#609=LINE('',#3260,#825);
#610=LINE('',#3261,#826);
#611=LINE('',#3271,#827);
#612=LINE('',#3273,#828);
#613=LINE('',#3275,#829);
#614=LINE('',#3276,#830);
#615=LINE('',#3279,#831);
#616=LINE('',#3281,#832);
#617=LINE('',#3282,#833);
#618=LINE('',#3285,#834);
#619=LINE('',#3287,#835);
#620=LINE('',#3288,#836);
#621=LINE('',#3290,#837);
#622=LINE('',#3291,#838);
#623=LINE('',#3300,#839);
#624=LINE('',#3302,#840);
#625=LINE('',#3304,#841);
#626=LINE('',#3305,#842);
#627=LINE('',#3308,#843);
#628=LINE('',#3310,#844);
#629=LINE('',#3311,#845);
#630=LINE('',#3314,#846);
#631=LINE('',#3316,#847);
#632=LINE('',#3317,#848);
#633=LINE('',#3319,#849);
#634=LINE('',#3320,#850);
#635=LINE('',#3327,#851);
#636=LINE('',#3329,#852);
#637=LINE('',#3331,#853);
#638=LINE('',#3332,#854);
#639=LINE('',#3335,#855);
#640=LINE('',#3337,#856);
#641=LINE('',#3338,#857);
#642=LINE('',#3341,#858);
#643=LINE('',#3343,#859);
#644=LINE('',#3344,#860);
#645=LINE('',#3346,#861);
#646=LINE('',#3347,#862);
#647=LINE('',#3359,#863);
#648=LINE('',#3361,#864);
#649=LINE('',#3363,#865);
#650=LINE('',#3364,#866);
#651=LINE('',#3367,#867);
#652=LINE('',#3369,#868);
#653=LINE('',#3370,#869);
#654=LINE('',#3373,#870);
#655=LINE('',#3375,#871);
#656=LINE('',#3376,#872);
#657=LINE('',#3378,#873);
#658=LINE('',#3379,#874);
#659=LINE('',#3386,#875);
#660=LINE('',#3388,#876);
#661=LINE('',#3390,#877);
#662=LINE('',#3391,#878);
#663=LINE('',#3394,#879);
#664=LINE('',#3396,#880);
#665=LINE('',#3397,#881);
#666=LINE('',#3400,#882);
#667=LINE('',#3402,#883);
#668=LINE('',#3403,#884);
#669=LINE('',#3405,#885);
#670=LINE('',#3406,#886);
#671=LINE('',#3413,#887);
#672=LINE('',#3415,#888);
#673=LINE('',#3417,#889);
#674=LINE('',#3418,#890);
#675=LINE('',#3421,#891);
#676=LINE('',#3423,#892);
#677=LINE('',#3424,#893);
#678=LINE('',#3427,#894);
#679=LINE('',#3429,#895);
#680=LINE('',#3430,#896);
#681=LINE('',#3432,#897);
#682=LINE('',#3433,#898);
#683=LINE('',#3460,#899);
#684=LINE('',#3462,#900);
#685=LINE('',#3464,#901);
#686=LINE('',#3465,#902);
#687=LINE('',#3468,#903);
#688=LINE('',#3470,#904);
#689=LINE('',#3471,#905);
#690=LINE('',#3474,#906);
#691=LINE('',#3476,#907);
#692=LINE('',#3477,#908);
#693=LINE('',#3479,#909);
#694=LINE('',#3480,#910);
#695=LINE('',#3497,#911);
#696=LINE('',#3499,#912);
#697=LINE('',#3501,#913);
#698=LINE('',#3502,#914);
#699=LINE('',#3505,#915);
#700=LINE('',#3507,#916);
#701=LINE('',#3508,#917);
#702=LINE('',#3511,#918);
#703=LINE('',#3513,#919);
#704=LINE('',#3514,#920);
#705=LINE('',#3516,#921);
#706=LINE('',#3517,#922);
#707=LINE('',#3524,#923);
#708=LINE('',#3526,#924);
#709=LINE('',#3528,#925);
#710=LINE('',#3529,#926);
#711=LINE('',#3532,#927);
#712=LINE('',#3534,#928);
#713=LINE('',#3535,#929);
#714=LINE('',#3538,#930);
#715=LINE('',#3540,#931);
#716=LINE('',#3541,#932);
#717=LINE('',#3543,#933);
#718=LINE('',#3544,#934);
#719=LINE('',#3551,#935);
#720=LINE('',#3553,#936);
#721=LINE('',#3555,#937);
#722=LINE('',#3556,#938);
#723=LINE('',#3559,#939);
#724=LINE('',#3561,#940);
#725=LINE('',#3562,#941);
#726=LINE('',#3565,#942);
#727=LINE('',#3567,#943);
#728=LINE('',#3568,#944);
#729=LINE('',#3570,#945);
#730=LINE('',#3571,#946);
#731=VECTOR('',#2428,0.393700787401575);
#732=VECTOR('',#2429,0.393700787401575);
#733=VECTOR('',#2430,0.393700787401575);
#734=VECTOR('',#2431,0.393700787401575);
#735=VECTOR('',#2434,0.393700787401575);
#736=VECTOR('',#2435,0.393700787401575);
#737=VECTOR('',#2436,0.393700787401575);
#738=VECTOR('',#2439,0.393700787401575);
#739=VECTOR('',#2440,0.393700787401575);
#740=VECTOR('',#2441,0.393700787401575);
#741=VECTOR('',#2444,0.393700787401575);
#742=VECTOR('',#2445,0.393700787401575);
#743=VECTOR('',#2458,0.393700787401575);
#744=VECTOR('',#2459,0.393700787401575);
#745=VECTOR('',#2460,0.393700787401575);
#746=VECTOR('',#2461,0.393700787401575);
#747=VECTOR('',#2464,0.393700787401575);
#748=VECTOR('',#2465,0.393700787401575);
#749=VECTOR('',#2466,0.393700787401575);
#750=VECTOR('',#2469,0.393700787401575);
#751=VECTOR('',#2470,0.393700787401575);
#752=VECTOR('',#2471,0.393700787401575);
#753=VECTOR('',#2474,0.393700787401575);
#754=VECTOR('',#2475,0.393700787401575);
#755=VECTOR('',#2476,0.393700787401575);
#756=VECTOR('',#2477,0.393700787401575);
#757=VECTOR('',#2478,0.393700787401575);
#758=VECTOR('',#2481,0.393700787401575);
#759=VECTOR('',#2482,0.393700787401575);
#760=VECTOR('',#2483,0.393700787401575);
#761=VECTOR('',#2486,0.393700787401575);
#762=VECTOR('',#2487,0.393700787401575);
#763=VECTOR('',#2490,0.393700787401575);
#764=VECTOR('',#2491,0.393700787401575);
#765=VECTOR('',#2494,0.393700787401575);
#766=VECTOR('',#2495,0.393700787401575);
#767=VECTOR('',#2506,0.393700787401575);
#768=VECTOR('',#2507,0.393700787401575);
#769=VECTOR('',#2508,0.393700787401575);
#770=VECTOR('',#2509,0.393700787401575);
#771=VECTOR('',#2512,0.393700787401575);
#772=VECTOR('',#2513,0.393700787401575);
#773=VECTOR('',#2514,0.393700787401575);
#774=VECTOR('',#2517,0.393700787401575);
#775=VECTOR('',#2518,0.393700787401575);
#776=VECTOR('',#2519,0.393700787401575);
#777=VECTOR('',#2522,0.393700787401575);
#778=VECTOR('',#2523,0.393700787401575);
#779=VECTOR('',#2554,0.393700787401575);
#780=VECTOR('',#2555,0.393700787401575);
#781=VECTOR('',#2556,0.393700787401575);
#782=VECTOR('',#2557,0.393700787401575);
#783=VECTOR('',#2560,0.393700787401575);
#784=VECTOR('',#2561,0.393700787401575);
#785=VECTOR('',#2562,0.393700787401575);
#786=VECTOR('',#2565,0.393700787401575);
#787=VECTOR('',#2566,0.393700787401575);
#788=VECTOR('',#2567,0.393700787401575);
#789=VECTOR('',#2570,0.393700787401575);
#790=VECTOR('',#2571,0.393700787401575);
#791=VECTOR('',#2584,0.393700787401575);
#792=VECTOR('',#2585,0.393700787401575);
#793=VECTOR('',#2586,0.393700787401575);
#794=VECTOR('',#2587,0.393700787401575);
#795=VECTOR('',#2590,0.393700787401575);
#796=VECTOR('',#2591,0.393700787401575);
#797=VECTOR('',#2592,0.393700787401575);
#798=VECTOR('',#2595,0.393700787401575);
#799=VECTOR('',#2596,0.393700787401575);
#800=VECTOR('',#2597,0.393700787401575);
#801=VECTOR('',#2600,0.393700787401575);
#802=VECTOR('',#2601,0.393700787401575);
#803=VECTOR('',#2604,0.393700787401575);
#804=VECTOR('',#2605,0.393700787401575);
#805=VECTOR('',#2606,0.393700787401575);
#806=VECTOR('',#2607,0.393700787401575);
#807=VECTOR('',#2610,0.393700787401575);
#808=VECTOR('',#2611,0.393700787401575);
#809=VECTOR('',#2612,0.393700787401575);
#810=VECTOR('',#2615,0.393700787401575);
#811=VECTOR('',#2616,0.393700787401575);
#812=VECTOR('',#2619,0.393700787401575);
#813=VECTOR('',#2620,0.393700787401575);
#814=VECTOR('',#2623,0.393700787401575);
#815=VECTOR('',#2636,0.393700787401575);
#816=VECTOR('',#2637,0.393700787401575);
#817=VECTOR('',#2638,0.393700787401575);
#818=VECTOR('',#2639,0.393700787401575);
#819=VECTOR('',#2642,0.393700787401575);
#820=VECTOR('',#2643,0.393700787401575);
#821=VECTOR('',#2644,0.393700787401575);
#822=VECTOR('',#2647,0.393700787401575);
#823=VECTOR('',#2648,0.393700787401575);
#824=VECTOR('',#2649,0.393700787401575);
#825=VECTOR('',#2652,0.393700787401575);
#826=VECTOR('',#2653,0.393700787401575);
#827=VECTOR('',#2668,0.393700787401575);
#828=VECTOR('',#2669,0.393700787401575);
#829=VECTOR('',#2670,0.393700787401575);
#830=VECTOR('',#2671,0.393700787401575);
#831=VECTOR('',#2674,0.393700787401575);
#832=VECTOR('',#2675,0.393700787401575);
#833=VECTOR('',#2676,0.393700787401575);
#834=VECTOR('',#2679,0.393700787401575);
#835=VECTOR('',#2680,0.393700787401575);
#836=VECTOR('',#2681,0.393700787401575);
#837=VECTOR('',#2684,0.393700787401575);
#838=VECTOR('',#2685,0.393700787401575);
#839=VECTOR('',#2698,0.393700787401575);
#840=VECTOR('',#2699,0.393700787401575);
#841=VECTOR('',#2700,0.393700787401575);
#842=VECTOR('',#2701,0.393700787401575);
#843=VECTOR('',#2704,0.393700787401575);
#844=VECTOR('',#2705,0.393700787401575);
#845=VECTOR('',#2706,0.393700787401575);
#846=VECTOR('',#2709,0.393700787401575);
#847=VECTOR('',#2710,0.393700787401575);
#848=VECTOR('',#2711,0.393700787401575);
#849=VECTOR('',#2714,0.393700787401575);
#850=VECTOR('',#2715,0.393700787401575);
#851=VECTOR('',#2724,0.393700787401575);
#852=VECTOR('',#2725,0.393700787401575);
#853=VECTOR('',#2726,0.393700787401575);
#854=VECTOR('',#2727,0.393700787401575);
#855=VECTOR('',#2730,0.393700787401575);
#856=VECTOR('',#2731,0.393700787401575);
#857=VECTOR('',#2732,0.393700787401575);
#858=VECTOR('',#2735,0.393700787401575);
#859=VECTOR('',#2736,0.393700787401575);
#860=VECTOR('',#2737,0.393700787401575);
#861=VECTOR('',#2740,0.393700787401575);
#862=VECTOR('',#2741,0.393700787401575);
#863=VECTOR('',#2760,0.393700787401575);
#864=VECTOR('',#2761,0.393700787401575);
#865=VECTOR('',#2762,0.393700787401575);
#866=VECTOR('',#2763,0.393700787401575);
#867=VECTOR('',#2766,0.393700787401575);
#868=VECTOR('',#2767,0.393700787401575);
#869=VECTOR('',#2768,0.393700787401575);
#870=VECTOR('',#2771,0.393700787401575);
#871=VECTOR('',#2772,0.393700787401575);
#872=VECTOR('',#2773,0.393700787401575);
#873=VECTOR('',#2776,0.393700787401575);
#874=VECTOR('',#2777,0.393700787401575);
#875=VECTOR('',#2786,0.393700787401575);
#876=VECTOR('',#2787,0.393700787401575);
#877=VECTOR('',#2788,0.393700787401575);
#878=VECTOR('',#2789,0.393700787401575);
#879=VECTOR('',#2792,0.393700787401575);
#880=VECTOR('',#2793,0.393700787401575);
#881=VECTOR('',#2794,0.393700787401575);
#882=VECTOR('',#2797,0.393700787401575);
#883=VECTOR('',#2798,0.393700787401575);
#884=VECTOR('',#2799,0.393700787401575);
#885=VECTOR('',#2802,0.393700787401575);
#886=VECTOR('',#2803,0.393700787401575);
#887=VECTOR('',#2812,0.393700787401575);
#888=VECTOR('',#2813,0.393700787401575);
#889=VECTOR('',#2814,0.393700787401575);
#890=VECTOR('',#2815,0.393700787401575);
#891=VECTOR('',#2818,0.393700787401575);
#892=VECTOR('',#2819,0.393700787401575);
#893=VECTOR('',#2820,0.393700787401575);
#894=VECTOR('',#2823,0.393700787401575);
#895=VECTOR('',#2824,0.393700787401575);
#896=VECTOR('',#2825,0.393700787401575);
#897=VECTOR('',#2828,0.393700787401575);
#898=VECTOR('',#2829,0.393700787401575);
#899=VECTOR('',#2878,0.393700787401575);
#900=VECTOR('',#2879,0.393700787401575);
#901=VECTOR('',#2880,0.393700787401575);
#902=VECTOR('',#2881,0.393700787401575);
#903=VECTOR('',#2884,0.393700787401575);
#904=VECTOR('',#2885,0.393700787401575);
#905=VECTOR('',#2886,0.393700787401575);
#906=VECTOR('',#2889,0.393700787401575);
#907=VECTOR('',#2890,0.393700787401575);
#908=VECTOR('',#2891,0.393700787401575);
#909=VECTOR('',#2894,0.393700787401575);
#910=VECTOR('',#2895,0.393700787401575);
#911=VECTOR('',#2924,0.393700787401575);
#912=VECTOR('',#2925,0.393700787401575);
#913=VECTOR('',#2926,0.393700787401575);
#914=VECTOR('',#2927,0.393700787401575);
#915=VECTOR('',#2930,0.393700787401575);
#916=VECTOR('',#2931,0.393700787401575);
#917=VECTOR('',#2932,0.393700787401575);
#918=VECTOR('',#2935,0.393700787401575);
#919=VECTOR('',#2936,0.393700787401575);
#920=VECTOR('',#2937,0.393700787401575);
#921=VECTOR('',#2940,0.393700787401575);
#922=VECTOR('',#2941,0.393700787401575);
#923=VECTOR('',#2950,0.393700787401575);
#924=VECTOR('',#2951,0.393700787401575);
#925=VECTOR('',#2952,0.393700787401575);
#926=VECTOR('',#2953,0.393700787401575);
#927=VECTOR('',#2956,0.393700787401575);
#928=VECTOR('',#2957,0.393700787401575);
#929=VECTOR('',#2958,0.393700787401575);
#930=VECTOR('',#2961,0.393700787401575);
#931=VECTOR('',#2962,0.393700787401575);
#932=VECTOR('',#2963,0.393700787401575);
#933=VECTOR('',#2966,0.393700787401575);
#934=VECTOR('',#2967,0.393700787401575);
#935=VECTOR('',#2976,0.393700787401575);
#936=VECTOR('',#2977,0.393700787401575);
#937=VECTOR('',#2978,0.393700787401575);
#938=VECTOR('',#2979,0.393700787401575);
#939=VECTOR('',#2982,0.393700787401575);
#940=VECTOR('',#2983,0.393700787401575);
#941=VECTOR('',#2984,0.393700787401575);
#942=VECTOR('',#2987,0.393700787401575);
#943=VECTOR('',#2988,0.393700787401575);
#944=VECTOR('',#2989,0.393700787401575);
#945=VECTOR('',#2992,0.393700787401575);
#946=VECTOR('',#2993,0.393700787401575);
#947=VERTEX_POINT('',#3037);
#948=VERTEX_POINT('',#3038);
#949=VERTEX_POINT('',#3040);
#950=VERTEX_POINT('',#3042);
#951=VERTEX_POINT('',#3046);
#952=VERTEX_POINT('',#3048);
#953=VERTEX_POINT('',#3052);
#954=VERTEX_POINT('',#3054);
#955=VERTEX_POINT('',#3066);
#956=VERTEX_POINT('',#3067);
#957=VERTEX_POINT('',#3069);
#958=VERTEX_POINT('',#3071);
#959=VERTEX_POINT('',#3075);
#960=VERTEX_POINT('',#3077);
#961=VERTEX_POINT('',#3081);
#962=VERTEX_POINT('',#3083);
#963=VERTEX_POINT('',#3087);
#964=VERTEX_POINT('',#3089);
#965=VERTEX_POINT('',#3091);
#966=VERTEX_POINT('',#3093);
#967=VERTEX_POINT('',#3097);
#968=VERTEX_POINT('',#3099);
#969=VERTEX_POINT('',#3103);
#970=VERTEX_POINT('',#3107);
#971=VERTEX_POINT('',#3118);
#972=VERTEX_POINT('',#3119);
#973=VERTEX_POINT('',#3121);
#974=VERTEX_POINT('',#3123);
#975=VERTEX_POINT('',#3127);
#976=VERTEX_POINT('',#3129);
#977=VERTEX_POINT('',#3133);
#978=VERTEX_POINT('',#3135);
#979=VERTEX_POINT('',#3156);
#980=VERTEX_POINT('',#3157);
#981=VERTEX_POINT('',#3159);
#982=VERTEX_POINT('',#3161);
#983=VERTEX_POINT('',#3165);
#984=VERTEX_POINT('',#3167);
#985=VERTEX_POINT('',#3171);
#986=VERTEX_POINT('',#3173);
#987=VERTEX_POINT('',#3185);
#988=VERTEX_POINT('',#3186);
#989=VERTEX_POINT('',#3188);
#990=VERTEX_POINT('',#3190);
#991=VERTEX_POINT('',#3194);
#992=VERTEX_POINT('',#3196);
#993=VERTEX_POINT('',#3200);
#994=VERTEX_POINT('',#3202);
#995=VERTEX_POINT('',#3209);
#996=VERTEX_POINT('',#3210);
#997=VERTEX_POINT('',#3212);
#998=VERTEX_POINT('',#3214);
#999=VERTEX_POINT('',#3218);
#1000=VERTEX_POINT('',#3220);
#1001=VERTEX_POINT('',#3224);
#1002=VERTEX_POINT('',#3228);
#1003=VERTEX_POINT('',#3239);
#1004=VERTEX_POINT('',#3240);
#1005=VERTEX_POINT('',#3242);
#1006=VERTEX_POINT('',#3244);
#1007=VERTEX_POINT('',#3248);
#1008=VERTEX_POINT('',#3250);
#1009=VERTEX_POINT('',#3254);
#1010=VERTEX_POINT('',#3256);
#1011=VERTEX_POINT('',#3269);
#1012=VERTEX_POINT('',#3270);
#1013=VERTEX_POINT('',#3272);
#1014=VERTEX_POINT('',#3274);
#1015=VERTEX_POINT('',#3278);
#1016=VERTEX_POINT('',#3280);
#1017=VERTEX_POINT('',#3284);
#1018=VERTEX_POINT('',#3286);
#1019=VERTEX_POINT('',#3298);
#1020=VERTEX_POINT('',#3299);
#1021=VERTEX_POINT('',#3301);
#1022=VERTEX_POINT('',#3303);
#1023=VERTEX_POINT('',#3307);
#1024=VERTEX_POINT('',#3309);
#1025=VERTEX_POINT('',#3313);
#1026=VERTEX_POINT('',#3315);
#1027=VERTEX_POINT('',#3325);
#1028=VERTEX_POINT('',#3326);
#1029=VERTEX_POINT('',#3328);
#1030=VERTEX_POINT('',#3330);
#1031=VERTEX_POINT('',#3334);
#1032=VERTEX_POINT('',#3336);
#1033=VERTEX_POINT('',#3340);
#1034=VERTEX_POINT('',#3342);
#1035=VERTEX_POINT('',#3357);
#1036=VERTEX_POINT('',#3358);
#1037=VERTEX_POINT('',#3360);
#1038=VERTEX_POINT('',#3362);
#1039=VERTEX_POINT('',#3366);
#1040=VERTEX_POINT('',#3368);
#1041=VERTEX_POINT('',#3372);
#1042=VERTEX_POINT('',#3374);
#1043=VERTEX_POINT('',#3384);
#1044=VERTEX_POINT('',#3385);
#1045=VERTEX_POINT('',#3387);
#1046=VERTEX_POINT('',#3389);
#1047=VERTEX_POINT('',#3393);
#1048=VERTEX_POINT('',#3395);
#1049=VERTEX_POINT('',#3399);
#1050=VERTEX_POINT('',#3401);
#1051=VERTEX_POINT('',#3411);
#1052=VERTEX_POINT('',#3412);
#1053=VERTEX_POINT('',#3414);
#1054=VERTEX_POINT('',#3416);
#1055=VERTEX_POINT('',#3420);
#1056=VERTEX_POINT('',#3422);
#1057=VERTEX_POINT('',#3426);
#1058=VERTEX_POINT('',#3428);
#1059=VERTEX_POINT('',#3458);
#1060=VERTEX_POINT('',#3459);
#1061=VERTEX_POINT('',#3461);
#1062=VERTEX_POINT('',#3463);
#1063=VERTEX_POINT('',#3467);
#1064=VERTEX_POINT('',#3469);
#1065=VERTEX_POINT('',#3473);
#1066=VERTEX_POINT('',#3475);
#1067=VERTEX_POINT('',#3495);
#1068=VERTEX_POINT('',#3496);
#1069=VERTEX_POINT('',#3498);
#1070=VERTEX_POINT('',#3500);
#1071=VERTEX_POINT('',#3504);
#1072=VERTEX_POINT('',#3506);
#1073=VERTEX_POINT('',#3510);
#1074=VERTEX_POINT('',#3512);
#1075=VERTEX_POINT('',#3522);
#1076=VERTEX_POINT('',#3523);
#1077=VERTEX_POINT('',#3525);
#1078=VERTEX_POINT('',#3527);
#1079=VERTEX_POINT('',#3531);
#1080=VERTEX_POINT('',#3533);
#1081=VERTEX_POINT('',#3537);
#1082=VERTEX_POINT('',#3539);
#1083=VERTEX_POINT('',#3549);
#1084=VERTEX_POINT('',#3550);
#1085=VERTEX_POINT('',#3552);
#1086=VERTEX_POINT('',#3554);
#1087=VERTEX_POINT('',#3558);
#1088=VERTEX_POINT('',#3560);
#1089=VERTEX_POINT('',#3564);
#1090=VERTEX_POINT('',#3566);
#1091=EDGE_CURVE('',#947,#948,#515,.T.);
#1092=EDGE_CURVE('',#947,#949,#516,.T.);
#1093=EDGE_CURVE('',#950,#949,#517,.T.);
#1094=EDGE_CURVE('',#948,#950,#518,.T.);
#1095=EDGE_CURVE('',#948,#951,#519,.T.);
#1096=EDGE_CURVE('',#952,#950,#520,.T.);
#1097=EDGE_CURVE('',#951,#952,#521,.T.);
#1098=EDGE_CURVE('',#951,#953,#522,.T.);
#1099=EDGE_CURVE('',#954,#952,#523,.T.);
#1100=EDGE_CURVE('',#953,#954,#524,.T.);
#1101=EDGE_CURVE('',#953,#947,#525,.T.);
#1102=EDGE_CURVE('',#949,#954,#526,.T.);
#1103=EDGE_CURVE('',#955,#956,#527,.T.);
#1104=EDGE_CURVE('',#956,#957,#528,.T.);
#1105=EDGE_CURVE('',#958,#957,#529,.T.);
#1106=EDGE_CURVE('',#955,#958,#530,.T.);
#1107=EDGE_CURVE('',#959,#955,#531,.T.);
#1108=EDGE_CURVE('',#960,#958,#532,.T.);
#1109=EDGE_CURVE('',#959,#960,#533,.T.);
#1110=EDGE_CURVE('',#961,#959,#534,.T.);
#1111=EDGE_CURVE('',#962,#960,#535,.T.);
#1112=EDGE_CURVE('',#961,#962,#536,.T.);
#1113=EDGE_CURVE('',#963,#962,#537,.T.);
#1114=EDGE_CURVE('',#957,#964,#538,.T.);
#1115=EDGE_CURVE('',#965,#964,#539,.T.);
#1116=EDGE_CURVE('',#966,#965,#540,.T.);
#1117=EDGE_CURVE('',#963,#966,#541,.T.);
#1118=EDGE_CURVE('',#966,#967,#542,.T.);
#1119=EDGE_CURVE('',#968,#967,#543,.T.);
#1120=EDGE_CURVE('',#963,#968,#544,.T.);
#1121=EDGE_CURVE('',#965,#969,#545,.T.);
#1122=EDGE_CURVE('',#967,#969,#546,.T.);
#1123=EDGE_CURVE('',#964,#970,#547,.T.);
#1124=EDGE_CURVE('',#969,#970,#548,.T.);
#1125=EDGE_CURVE('',#956,#961,#549,.T.);
#1126=EDGE_CURVE('',#970,#968,#550,.T.);
#1127=EDGE_CURVE('',#971,#972,#551,.T.);
#1128=EDGE_CURVE('',#972,#973,#552,.T.);
#1129=EDGE_CURVE('',#974,#973,#553,.T.);
#1130=EDGE_CURVE('',#971,#974,#554,.T.);
#1131=EDGE_CURVE('',#975,#971,#555,.T.);
#1132=EDGE_CURVE('',#976,#974,#556,.T.);
#1133=EDGE_CURVE('',#975,#976,#557,.T.);
#1134=EDGE_CURVE('',#977,#975,#558,.T.);
#1135=EDGE_CURVE('',#978,#976,#559,.T.);
#1136=EDGE_CURVE('',#977,#978,#560,.T.);
#1137=EDGE_CURVE('',#972,#977,#561,.T.);
#1138=EDGE_CURVE('',#973,#978,#562,.T.);
#1139=EDGE_CURVE('',#979,#980,#563,.T.);
#1140=EDGE_CURVE('',#980,#981,#564,.T.);
#1141=EDGE_CURVE('',#982,#981,#565,.T.);
#1142=EDGE_CURVE('',#979,#982,#566,.T.);
#1143=EDGE_CURVE('',#983,#979,#567,.T.);
#1144=EDGE_CURVE('',#984,#982,#568,.T.);
#1145=EDGE_CURVE('',#983,#984,#569,.T.);
#1146=EDGE_CURVE('',#985,#983,#570,.T.);
#1147=EDGE_CURVE('',#986,#984,#571,.T.);
#1148=EDGE_CURVE('',#985,#986,#572,.T.);
#1149=EDGE_CURVE('',#980,#985,#573,.T.);
#1150=EDGE_CURVE('',#981,#986,#574,.T.);
#1151=EDGE_CURVE('',#987,#988,#575,.T.);
#1152=EDGE_CURVE('',#988,#989,#576,.T.);
#1153=EDGE_CURVE('',#990,#989,#577,.T.);
#1154=EDGE_CURVE('',#987,#990,#578,.T.);
#1155=EDGE_CURVE('',#991,#987,#579,.T.);
#1156=EDGE_CURVE('',#992,#990,#580,.T.);
#1157=EDGE_CURVE('',#991,#992,#581,.T.);
#1158=EDGE_CURVE('',#993,#991,#582,.T.);
#1159=EDGE_CURVE('',#994,#992,#583,.T.);
#1160=EDGE_CURVE('',#993,#994,#584,.T.);
#1161=EDGE_CURVE('',#988,#993,#585,.T.);
#1162=EDGE_CURVE('',#989,#994,#586,.T.);
#1163=EDGE_CURVE('',#995,#996,#587,.T.);
#1164=EDGE_CURVE('',#997,#995,#588,.T.);
#1165=EDGE_CURVE('',#998,#997,#589,.T.);
#1166=EDGE_CURVE('',#996,#998,#590,.T.);
#1167=EDGE_CURVE('',#997,#999,#591,.T.);
#1168=EDGE_CURVE('',#1000,#999,#592,.T.);
#1169=EDGE_CURVE('',#998,#1000,#593,.T.);
#1170=EDGE_CURVE('',#995,#1001,#594,.T.);
#1171=EDGE_CURVE('',#999,#1001,#595,.T.);
#1172=EDGE_CURVE('',#1002,#1000,#596,.T.);
#1173=EDGE_CURVE('',#996,#1002,#597,.T.);
#1174=EDGE_CURVE('',#1001,#1002,#598,.T.);
#1175=EDGE_CURVE('',#1003,#1004,#599,.T.);
#1176=EDGE_CURVE('',#1003,#1005,#600,.T.);
#1177=EDGE_CURVE('',#1006,#1005,#601,.T.);
#1178=EDGE_CURVE('',#1004,#1006,#602,.T.);
#1179=EDGE_CURVE('',#1004,#1007,#603,.T.);
#1180=EDGE_CURVE('',#1008,#1006,#604,.T.);
#1181=EDGE_CURVE('',#1007,#1008,#605,.T.);
#1182=EDGE_CURVE('',#1007,#1009,#606,.T.);
#1183=EDGE_CURVE('',#1010,#1008,#607,.T.);
#1184=EDGE_CURVE('',#1009,#1010,#608,.T.);
#1185=EDGE_CURVE('',#1009,#1003,#609,.T.);
#1186=EDGE_CURVE('',#1005,#1010,#610,.T.);
#1187=EDGE_CURVE('',#1011,#1012,#611,.T.);
#1188=EDGE_CURVE('',#1012,#1013,#612,.T.);
#1189=EDGE_CURVE('',#1014,#1013,#613,.T.);
#1190=EDGE_CURVE('',#1011,#1014,#614,.T.);
#1191=EDGE_CURVE('',#1015,#1011,#615,.T.);
#1192=EDGE_CURVE('',#1016,#1014,#616,.T.);
#1193=EDGE_CURVE('',#1015,#1016,#617,.T.);
#1194=EDGE_CURVE('',#1017,#1015,#618,.T.);
#1195=EDGE_CURVE('',#1018,#1016,#619,.T.);
#1196=EDGE_CURVE('',#1017,#1018,#620,.T.);
#1197=EDGE_CURVE('',#1012,#1017,#621,.T.);
#1198=EDGE_CURVE('',#1013,#1018,#622,.T.);
#1199=EDGE_CURVE('',#1019,#1020,#623,.T.);
#1200=EDGE_CURVE('',#1019,#1021,#624,.T.);
#1201=EDGE_CURVE('',#1022,#1021,#625,.T.);
#1202=EDGE_CURVE('',#1020,#1022,#626,.T.);
#1203=EDGE_CURVE('',#1020,#1023,#627,.T.);
#1204=EDGE_CURVE('',#1024,#1022,#628,.T.);
#1205=EDGE_CURVE('',#1023,#1024,#629,.T.);
#1206=EDGE_CURVE('',#1023,#1025,#630,.T.);
#1207=EDGE_CURVE('',#1026,#1024,#631,.T.);
#1208=EDGE_CURVE('',#1025,#1026,#632,.T.);
#1209=EDGE_CURVE('',#1025,#1019,#633,.T.);
#1210=EDGE_CURVE('',#1021,#1026,#634,.T.);
#1211=EDGE_CURVE('',#1027,#1028,#635,.T.);
#1212=EDGE_CURVE('',#1027,#1029,#636,.T.);
#1213=EDGE_CURVE('',#1030,#1029,#637,.T.);
#1214=EDGE_CURVE('',#1028,#1030,#638,.T.);
#1215=EDGE_CURVE('',#1028,#1031,#639,.T.);
#1216=EDGE_CURVE('',#1032,#1030,#640,.T.);
#1217=EDGE_CURVE('',#1031,#1032,#641,.T.);
#1218=EDGE_CURVE('',#1031,#1033,#642,.T.);
#1219=EDGE_CURVE('',#1034,#1032,#643,.T.);
#1220=EDGE_CURVE('',#1033,#1034,#644,.T.);
#1221=EDGE_CURVE('',#1033,#1027,#645,.T.);
#1222=EDGE_CURVE('',#1029,#1034,#646,.T.);
#1223=EDGE_CURVE('',#1035,#1036,#647,.T.);
#1224=EDGE_CURVE('',#1035,#1037,#648,.T.);
#1225=EDGE_CURVE('',#1038,#1037,#649,.T.);
#1226=EDGE_CURVE('',#1036,#1038,#650,.T.);
#1227=EDGE_CURVE('',#1036,#1039,#651,.T.);
#1228=EDGE_CURVE('',#1040,#1038,#652,.T.);
#1229=EDGE_CURVE('',#1039,#1040,#653,.T.);
#1230=EDGE_CURVE('',#1039,#1041,#654,.T.);
#1231=EDGE_CURVE('',#1042,#1040,#655,.T.);
#1232=EDGE_CURVE('',#1041,#1042,#656,.T.);
#1233=EDGE_CURVE('',#1041,#1035,#657,.T.);
#1234=EDGE_CURVE('',#1037,#1042,#658,.T.);
#1235=EDGE_CURVE('',#1043,#1044,#659,.T.);
#1236=EDGE_CURVE('',#1043,#1045,#660,.T.);
#1237=EDGE_CURVE('',#1046,#1045,#661,.T.);
#1238=EDGE_CURVE('',#1044,#1046,#662,.T.);
#1239=EDGE_CURVE('',#1044,#1047,#663,.T.);
#1240=EDGE_CURVE('',#1048,#1046,#664,.T.);
#1241=EDGE_CURVE('',#1047,#1048,#665,.T.);
#1242=EDGE_CURVE('',#1047,#1049,#666,.T.);
#1243=EDGE_CURVE('',#1050,#1048,#667,.T.);
#1244=EDGE_CURVE('',#1049,#1050,#668,.T.);
#1245=EDGE_CURVE('',#1049,#1043,#669,.T.);
#1246=EDGE_CURVE('',#1045,#1050,#670,.T.);
#1247=EDGE_CURVE('',#1051,#1052,#671,.T.);
#1248=EDGE_CURVE('',#1051,#1053,#672,.T.);
#1249=EDGE_CURVE('',#1054,#1053,#673,.T.);
#1250=EDGE_CURVE('',#1052,#1054,#674,.T.);
#1251=EDGE_CURVE('',#1052,#1055,#675,.T.);
#1252=EDGE_CURVE('',#1056,#1054,#676,.T.);
#1253=EDGE_CURVE('',#1055,#1056,#677,.T.);
#1254=EDGE_CURVE('',#1055,#1057,#678,.T.);
#1255=EDGE_CURVE('',#1058,#1056,#679,.T.);
#1256=EDGE_CURVE('',#1057,#1058,#680,.T.);
#1257=EDGE_CURVE('',#1057,#1051,#681,.T.);
#1258=EDGE_CURVE('',#1053,#1058,#682,.T.);
#1259=EDGE_CURVE('',#1059,#1060,#683,.T.);
#1260=EDGE_CURVE('',#1060,#1061,#684,.T.);
#1261=EDGE_CURVE('',#1062,#1061,#685,.T.);
#1262=EDGE_CURVE('',#1059,#1062,#686,.T.);
#1263=EDGE_CURVE('',#1063,#1059,#687,.T.);
#1264=EDGE_CURVE('',#1064,#1062,#688,.T.);
#1265=EDGE_CURVE('',#1063,#1064,#689,.T.);
#1266=EDGE_CURVE('',#1065,#1063,#690,.T.);
#1267=EDGE_CURVE('',#1066,#1064,#691,.T.);
#1268=EDGE_CURVE('',#1065,#1066,#692,.T.);
#1269=EDGE_CURVE('',#1060,#1065,#693,.T.);
#1270=EDGE_CURVE('',#1061,#1066,#694,.T.);
#1271=EDGE_CURVE('',#1067,#1068,#695,.T.);
#1272=EDGE_CURVE('',#1067,#1069,#696,.T.);
#1273=EDGE_CURVE('',#1070,#1069,#697,.T.);
#1274=EDGE_CURVE('',#1068,#1070,#698,.T.);
#1275=EDGE_CURVE('',#1068,#1071,#699,.T.);
#1276=EDGE_CURVE('',#1072,#1070,#700,.T.);
#1277=EDGE_CURVE('',#1071,#1072,#701,.T.);
#1278=EDGE_CURVE('',#1071,#1073,#702,.T.);
#1279=EDGE_CURVE('',#1074,#1072,#703,.T.);
#1280=EDGE_CURVE('',#1073,#1074,#704,.T.);
#1281=EDGE_CURVE('',#1073,#1067,#705,.T.);
#1282=EDGE_CURVE('',#1069,#1074,#706,.T.);
#1283=EDGE_CURVE('',#1075,#1076,#707,.T.);
#1284=EDGE_CURVE('',#1076,#1077,#708,.T.);
#1285=EDGE_CURVE('',#1078,#1077,#709,.T.);
#1286=EDGE_CURVE('',#1075,#1078,#710,.T.);
#1287=EDGE_CURVE('',#1079,#1075,#711,.T.);
#1288=EDGE_CURVE('',#1080,#1078,#712,.T.);
#1289=EDGE_CURVE('',#1079,#1080,#713,.T.);
#1290=EDGE_CURVE('',#1081,#1079,#714,.T.);
#1291=EDGE_CURVE('',#1082,#1080,#715,.T.);
#1292=EDGE_CURVE('',#1081,#1082,#716,.T.);
#1293=EDGE_CURVE('',#1076,#1081,#717,.T.);
#1294=EDGE_CURVE('',#1077,#1082,#718,.T.);
#1295=EDGE_CURVE('',#1083,#1084,#719,.T.);
#1296=EDGE_CURVE('',#1083,#1085,#720,.T.);
#1297=EDGE_CURVE('',#1086,#1085,#721,.T.);
#1298=EDGE_CURVE('',#1084,#1086,#722,.T.);
#1299=EDGE_CURVE('',#1084,#1087,#723,.T.);
#1300=EDGE_CURVE('',#1088,#1086,#724,.T.);
#1301=EDGE_CURVE('',#1087,#1088,#725,.T.);
#1302=EDGE_CURVE('',#1089,#1087,#726,.T.);
#1303=EDGE_CURVE('',#1090,#1088,#727,.T.);
#1304=EDGE_CURVE('',#1089,#1090,#728,.T.);
#1305=EDGE_CURVE('',#1083,#1089,#729,.T.);
#1306=EDGE_CURVE('',#1085,#1090,#730,.T.);
#1307=ORIENTED_EDGE('',*,*,#1091,.F.);
#1308=ORIENTED_EDGE('',*,*,#1092,.T.);
#1309=ORIENTED_EDGE('',*,*,#1093,.F.);
#1310=ORIENTED_EDGE('',*,*,#1094,.F.);
#1311=ORIENTED_EDGE('',*,*,#1095,.F.);
#1312=ORIENTED_EDGE('',*,*,#1094,.T.);
#1313=ORIENTED_EDGE('',*,*,#1096,.F.);
#1314=ORIENTED_EDGE('',*,*,#1097,.F.);
#1315=ORIENTED_EDGE('',*,*,#1098,.F.);
#1316=ORIENTED_EDGE('',*,*,#1097,.T.);
#1317=ORIENTED_EDGE('',*,*,#1099,.F.);
#1318=ORIENTED_EDGE('',*,*,#1100,.F.);
#1319=ORIENTED_EDGE('',*,*,#1101,.F.);
#1320=ORIENTED_EDGE('',*,*,#1100,.T.);
#1321=ORIENTED_EDGE('',*,*,#1102,.F.);
#1322=ORIENTED_EDGE('',*,*,#1092,.F.);
#1323=ORIENTED_EDGE('',*,*,#1102,.T.);
#1324=ORIENTED_EDGE('',*,*,#1099,.T.);
#1325=ORIENTED_EDGE('',*,*,#1096,.T.);
#1326=ORIENTED_EDGE('',*,*,#1093,.T.);
#1327=ORIENTED_EDGE('',*,*,#1101,.T.);
#1328=ORIENTED_EDGE('',*,*,#1091,.T.);
#1329=ORIENTED_EDGE('',*,*,#1095,.T.);
#1330=ORIENTED_EDGE('',*,*,#1098,.T.);
#1331=ORIENTED_EDGE('',*,*,#1103,.T.);
#1332=ORIENTED_EDGE('',*,*,#1104,.T.);
#1333=ORIENTED_EDGE('',*,*,#1105,.F.);
#1334=ORIENTED_EDGE('',*,*,#1106,.F.);
#1335=ORIENTED_EDGE('',*,*,#1107,.T.);
#1336=ORIENTED_EDGE('',*,*,#1106,.T.);
#1337=ORIENTED_EDGE('',*,*,#1108,.F.);
#1338=ORIENTED_EDGE('',*,*,#1109,.F.);
#1339=ORIENTED_EDGE('',*,*,#1110,.T.);
#1340=ORIENTED_EDGE('',*,*,#1109,.T.);
#1341=ORIENTED_EDGE('',*,*,#1111,.F.);
#1342=ORIENTED_EDGE('',*,*,#1112,.F.);
#1343=ORIENTED_EDGE('',*,*,#1113,.T.);
#1344=ORIENTED_EDGE('',*,*,#1111,.T.);
#1345=ORIENTED_EDGE('',*,*,#1108,.T.);
#1346=ORIENTED_EDGE('',*,*,#1105,.T.);
#1347=ORIENTED_EDGE('',*,*,#1114,.T.);
#1348=ORIENTED_EDGE('',*,*,#1115,.F.);
#1349=ORIENTED_EDGE('',*,*,#1116,.F.);
#1350=ORIENTED_EDGE('',*,*,#1117,.F.);
#1351=ORIENTED_EDGE('',*,*,#1117,.T.);
#1352=ORIENTED_EDGE('',*,*,#1118,.T.);
#1353=ORIENTED_EDGE('',*,*,#1119,.F.);
#1354=ORIENTED_EDGE('',*,*,#1120,.F.);
#1355=ORIENTED_EDGE('',*,*,#1116,.T.);
#1356=ORIENTED_EDGE('',*,*,#1121,.T.);
#1357=ORIENTED_EDGE('',*,*,#1122,.F.);
#1358=ORIENTED_EDGE('',*,*,#1118,.F.);
#1359=ORIENTED_EDGE('',*,*,#1115,.T.);
#1360=ORIENTED_EDGE('',*,*,#1123,.T.);
#1361=ORIENTED_EDGE('',*,*,#1124,.F.);
#1362=ORIENTED_EDGE('',*,*,#1121,.F.);
#1363=ORIENTED_EDGE('',*,*,#1125,.T.);
#1364=ORIENTED_EDGE('',*,*,#1112,.T.);
#1365=ORIENTED_EDGE('',*,*,#1113,.F.);
#1366=ORIENTED_EDGE('',*,*,#1120,.T.);
#1367=ORIENTED_EDGE('',*,*,#1126,.F.);
#1368=ORIENTED_EDGE('',*,*,#1123,.F.);
#1369=ORIENTED_EDGE('',*,*,#1114,.F.);
#1370=ORIENTED_EDGE('',*,*,#1104,.F.);
#1371=ORIENTED_EDGE('',*,*,#1119,.T.);
#1372=ORIENTED_EDGE('',*,*,#1122,.T.);
#1373=ORIENTED_EDGE('',*,*,#1124,.T.);
#1374=ORIENTED_EDGE('',*,*,#1126,.T.);
#1375=ORIENTED_EDGE('',*,*,#1125,.F.);
#1376=ORIENTED_EDGE('',*,*,#1103,.F.);
#1377=ORIENTED_EDGE('',*,*,#1107,.F.);
#1378=ORIENTED_EDGE('',*,*,#1110,.F.);
#1379=ORIENTED_EDGE('',*,*,#1127,.T.);
#1380=ORIENTED_EDGE('',*,*,#1128,.T.);
#1381=ORIENTED_EDGE('',*,*,#1129,.F.);
#1382=ORIENTED_EDGE('',*,*,#1130,.F.);
#1383=ORIENTED_EDGE('',*,*,#1131,.T.);
#1384=ORIENTED_EDGE('',*,*,#1130,.T.);
#1385=ORIENTED_EDGE('',*,*,#1132,.F.);
#1386=ORIENTED_EDGE('',*,*,#1133,.F.);
#1387=ORIENTED_EDGE('',*,*,#1134,.T.);
#1388=ORIENTED_EDGE('',*,*,#1133,.T.);
#1389=ORIENTED_EDGE('',*,*,#1135,.F.);
#1390=ORIENTED_EDGE('',*,*,#1136,.F.);
#1391=ORIENTED_EDGE('',*,*,#1137,.T.);
#1392=ORIENTED_EDGE('',*,*,#1136,.T.);
#1393=ORIENTED_EDGE('',*,*,#1138,.F.);
#1394=ORIENTED_EDGE('',*,*,#1128,.F.);
#1395=ORIENTED_EDGE('',*,*,#1138,.T.);
#1396=ORIENTED_EDGE('',*,*,#1135,.T.);
#1397=ORIENTED_EDGE('',*,*,#1132,.T.);
#1398=ORIENTED_EDGE('',*,*,#1129,.T.);
#1399=ORIENTED_EDGE('',*,*,#1137,.F.);
#1400=ORIENTED_EDGE('',*,*,#1127,.F.);
#1401=ORIENTED_EDGE('',*,*,#1131,.F.);
#1402=ORIENTED_EDGE('',*,*,#1134,.F.);
#1403=ORIENTED_EDGE('',*,*,#1139,.T.);
#1404=ORIENTED_EDGE('',*,*,#1140,.T.);
#1405=ORIENTED_EDGE('',*,*,#1141,.F.);
#1406=ORIENTED_EDGE('',*,*,#1142,.F.);
#1407=ORIENTED_EDGE('',*,*,#1143,.T.);
#1408=ORIENTED_EDGE('',*,*,#1142,.T.);
#1409=ORIENTED_EDGE('',*,*,#1144,.F.);
#1410=ORIENTED_EDGE('',*,*,#1145,.F.);
#1411=ORIENTED_EDGE('',*,*,#1146,.T.);
#1412=ORIENTED_EDGE('',*,*,#1145,.T.);
#1413=ORIENTED_EDGE('',*,*,#1147,.F.);
#1414=ORIENTED_EDGE('',*,*,#1148,.F.);
#1415=ORIENTED_EDGE('',*,*,#1149,.T.);
#1416=ORIENTED_EDGE('',*,*,#1148,.T.);
#1417=ORIENTED_EDGE('',*,*,#1150,.F.);
#1418=ORIENTED_EDGE('',*,*,#1140,.F.);
#1419=ORIENTED_EDGE('',*,*,#1150,.T.);
#1420=ORIENTED_EDGE('',*,*,#1147,.T.);
#1421=ORIENTED_EDGE('',*,*,#1144,.T.);
#1422=ORIENTED_EDGE('',*,*,#1141,.T.);
#1423=ORIENTED_EDGE('',*,*,#1149,.F.);
#1424=ORIENTED_EDGE('',*,*,#1139,.F.);
#1425=ORIENTED_EDGE('',*,*,#1143,.F.);
#1426=ORIENTED_EDGE('',*,*,#1146,.F.);
#1427=ORIENTED_EDGE('',*,*,#1151,.T.);
#1428=ORIENTED_EDGE('',*,*,#1152,.T.);
#1429=ORIENTED_EDGE('',*,*,#1153,.F.);
#1430=ORIENTED_EDGE('',*,*,#1154,.F.);
#1431=ORIENTED_EDGE('',*,*,#1155,.T.);
#1432=ORIENTED_EDGE('',*,*,#1154,.T.);
#1433=ORIENTED_EDGE('',*,*,#1156,.F.);
#1434=ORIENTED_EDGE('',*,*,#1157,.F.);
#1435=ORIENTED_EDGE('',*,*,#1158,.T.);
#1436=ORIENTED_EDGE('',*,*,#1157,.T.);
#1437=ORIENTED_EDGE('',*,*,#1159,.F.);
#1438=ORIENTED_EDGE('',*,*,#1160,.F.);
#1439=ORIENTED_EDGE('',*,*,#1161,.T.);
#1440=ORIENTED_EDGE('',*,*,#1160,.T.);
#1441=ORIENTED_EDGE('',*,*,#1162,.F.);
#1442=ORIENTED_EDGE('',*,*,#1152,.F.);
#1443=ORIENTED_EDGE('',*,*,#1162,.T.);
#1444=ORIENTED_EDGE('',*,*,#1159,.T.);
#1445=ORIENTED_EDGE('',*,*,#1156,.T.);
#1446=ORIENTED_EDGE('',*,*,#1153,.T.);
#1447=ORIENTED_EDGE('',*,*,#1163,.F.);
#1448=ORIENTED_EDGE('',*,*,#1164,.F.);
#1449=ORIENTED_EDGE('',*,*,#1165,.F.);
#1450=ORIENTED_EDGE('',*,*,#1166,.F.);
#1451=ORIENTED_EDGE('',*,*,#1165,.T.);
#1452=ORIENTED_EDGE('',*,*,#1167,.T.);
#1453=ORIENTED_EDGE('',*,*,#1168,.F.);
#1454=ORIENTED_EDGE('',*,*,#1169,.F.);
#1455=ORIENTED_EDGE('',*,*,#1164,.T.);
#1456=ORIENTED_EDGE('',*,*,#1170,.T.);
#1457=ORIENTED_EDGE('',*,*,#1171,.F.);
#1458=ORIENTED_EDGE('',*,*,#1167,.F.);
#1459=ORIENTED_EDGE('',*,*,#1166,.T.);
#1460=ORIENTED_EDGE('',*,*,#1169,.T.);
#1461=ORIENTED_EDGE('',*,*,#1172,.F.);
#1462=ORIENTED_EDGE('',*,*,#1173,.F.);
#1463=ORIENTED_EDGE('',*,*,#1163,.T.);
#1464=ORIENTED_EDGE('',*,*,#1173,.T.);
#1465=ORIENTED_EDGE('',*,*,#1174,.F.);
#1466=ORIENTED_EDGE('',*,*,#1170,.F.);
#1467=ORIENTED_EDGE('',*,*,#1174,.T.);
#1468=ORIENTED_EDGE('',*,*,#1172,.T.);
#1469=ORIENTED_EDGE('',*,*,#1168,.T.);
#1470=ORIENTED_EDGE('',*,*,#1171,.T.);
#1471=ORIENTED_EDGE('',*,*,#1161,.F.);
#1472=ORIENTED_EDGE('',*,*,#1151,.F.);
#1473=ORIENTED_EDGE('',*,*,#1155,.F.);
#1474=ORIENTED_EDGE('',*,*,#1158,.F.);
#1475=ORIENTED_EDGE('',*,*,#1175,.F.);
#1476=ORIENTED_EDGE('',*,*,#1176,.T.);
#1477=ORIENTED_EDGE('',*,*,#1177,.F.);
#1478=ORIENTED_EDGE('',*,*,#1178,.F.);
#1479=ORIENTED_EDGE('',*,*,#1179,.F.);
#1480=ORIENTED_EDGE('',*,*,#1178,.T.);
#1481=ORIENTED_EDGE('',*,*,#1180,.F.);
#1482=ORIENTED_EDGE('',*,*,#1181,.F.);
#1483=ORIENTED_EDGE('',*,*,#1182,.F.);
#1484=ORIENTED_EDGE('',*,*,#1181,.T.);
#1485=ORIENTED_EDGE('',*,*,#1183,.F.);
#1486=ORIENTED_EDGE('',*,*,#1184,.F.);
#1487=ORIENTED_EDGE('',*,*,#1185,.F.);
#1488=ORIENTED_EDGE('',*,*,#1184,.T.);
#1489=ORIENTED_EDGE('',*,*,#1186,.F.);
#1490=ORIENTED_EDGE('',*,*,#1176,.F.);
#1491=ORIENTED_EDGE('',*,*,#1186,.T.);
#1492=ORIENTED_EDGE('',*,*,#1183,.T.);
#1493=ORIENTED_EDGE('',*,*,#1180,.T.);
#1494=ORIENTED_EDGE('',*,*,#1177,.T.);
#1495=ORIENTED_EDGE('',*,*,#1185,.T.);
#1496=ORIENTED_EDGE('',*,*,#1175,.T.);
#1497=ORIENTED_EDGE('',*,*,#1179,.T.);
#1498=ORIENTED_EDGE('',*,*,#1182,.T.);
#1499=ORIENTED_EDGE('',*,*,#1187,.T.);
#1500=ORIENTED_EDGE('',*,*,#1188,.T.);
#1501=ORIENTED_EDGE('',*,*,#1189,.F.);
#1502=ORIENTED_EDGE('',*,*,#1190,.F.);
#1503=ORIENTED_EDGE('',*,*,#1191,.T.);
#1504=ORIENTED_EDGE('',*,*,#1190,.T.);
#1505=ORIENTED_EDGE('',*,*,#1192,.F.);
#1506=ORIENTED_EDGE('',*,*,#1193,.F.);
#1507=ORIENTED_EDGE('',*,*,#1194,.T.);
#1508=ORIENTED_EDGE('',*,*,#1193,.T.);
#1509=ORIENTED_EDGE('',*,*,#1195,.F.);
#1510=ORIENTED_EDGE('',*,*,#1196,.F.);
#1511=ORIENTED_EDGE('',*,*,#1197,.T.);
#1512=ORIENTED_EDGE('',*,*,#1196,.T.);
#1513=ORIENTED_EDGE('',*,*,#1198,.F.);
#1514=ORIENTED_EDGE('',*,*,#1188,.F.);
#1515=ORIENTED_EDGE('',*,*,#1198,.T.);
#1516=ORIENTED_EDGE('',*,*,#1195,.T.);
#1517=ORIENTED_EDGE('',*,*,#1192,.T.);
#1518=ORIENTED_EDGE('',*,*,#1189,.T.);
#1519=ORIENTED_EDGE('',*,*,#1197,.F.);
#1520=ORIENTED_EDGE('',*,*,#1187,.F.);
#1521=ORIENTED_EDGE('',*,*,#1191,.F.);
#1522=ORIENTED_EDGE('',*,*,#1194,.F.);
#1523=ORIENTED_EDGE('',*,*,#1199,.F.);
#1524=ORIENTED_EDGE('',*,*,#1200,.T.);
#1525=ORIENTED_EDGE('',*,*,#1201,.F.);
#1526=ORIENTED_EDGE('',*,*,#1202,.F.);
#1527=ORIENTED_EDGE('',*,*,#1203,.F.);
#1528=ORIENTED_EDGE('',*,*,#1202,.T.);
#1529=ORIENTED_EDGE('',*,*,#1204,.F.);
#1530=ORIENTED_EDGE('',*,*,#1205,.F.);
#1531=ORIENTED_EDGE('',*,*,#1206,.F.);
#1532=ORIENTED_EDGE('',*,*,#1205,.T.);
#1533=ORIENTED_EDGE('',*,*,#1207,.F.);
#1534=ORIENTED_EDGE('',*,*,#1208,.F.);
#1535=ORIENTED_EDGE('',*,*,#1209,.F.);
#1536=ORIENTED_EDGE('',*,*,#1208,.T.);
#1537=ORIENTED_EDGE('',*,*,#1210,.F.);
#1538=ORIENTED_EDGE('',*,*,#1200,.F.);
#1539=ORIENTED_EDGE('',*,*,#1210,.T.);
#1540=ORIENTED_EDGE('',*,*,#1207,.T.);
#1541=ORIENTED_EDGE('',*,*,#1204,.T.);
#1542=ORIENTED_EDGE('',*,*,#1201,.T.);
#1543=ORIENTED_EDGE('',*,*,#1209,.T.);
#1544=ORIENTED_EDGE('',*,*,#1199,.T.);
#1545=ORIENTED_EDGE('',*,*,#1203,.T.);
#1546=ORIENTED_EDGE('',*,*,#1206,.T.);
#1547=ORIENTED_EDGE('',*,*,#1211,.F.);
#1548=ORIENTED_EDGE('',*,*,#1212,.T.);
#1549=ORIENTED_EDGE('',*,*,#1213,.F.);
#1550=ORIENTED_EDGE('',*,*,#1214,.F.);
#1551=ORIENTED_EDGE('',*,*,#1215,.F.);
#1552=ORIENTED_EDGE('',*,*,#1214,.T.);
#1553=ORIENTED_EDGE('',*,*,#1216,.F.);
#1554=ORIENTED_EDGE('',*,*,#1217,.F.);
#1555=ORIENTED_EDGE('',*,*,#1218,.F.);
#1556=ORIENTED_EDGE('',*,*,#1217,.T.);
#1557=ORIENTED_EDGE('',*,*,#1219,.F.);
#1558=ORIENTED_EDGE('',*,*,#1220,.F.);
#1559=ORIENTED_EDGE('',*,*,#1221,.F.);
#1560=ORIENTED_EDGE('',*,*,#1220,.T.);
#1561=ORIENTED_EDGE('',*,*,#1222,.F.);
#1562=ORIENTED_EDGE('',*,*,#1212,.F.);
#1563=ORIENTED_EDGE('',*,*,#1222,.T.);
#1564=ORIENTED_EDGE('',*,*,#1219,.T.);
#1565=ORIENTED_EDGE('',*,*,#1216,.T.);
#1566=ORIENTED_EDGE('',*,*,#1213,.T.);
#1567=ORIENTED_EDGE('',*,*,#1221,.T.);
#1568=ORIENTED_EDGE('',*,*,#1211,.T.);
#1569=ORIENTED_EDGE('',*,*,#1215,.T.);
#1570=ORIENTED_EDGE('',*,*,#1218,.T.);
#1571=ORIENTED_EDGE('',*,*,#1223,.F.);
#1572=ORIENTED_EDGE('',*,*,#1224,.T.);
#1573=ORIENTED_EDGE('',*,*,#1225,.F.);
#1574=ORIENTED_EDGE('',*,*,#1226,.F.);
#1575=ORIENTED_EDGE('',*,*,#1227,.F.);
#1576=ORIENTED_EDGE('',*,*,#1226,.T.);
#1577=ORIENTED_EDGE('',*,*,#1228,.F.);
#1578=ORIENTED_EDGE('',*,*,#1229,.F.);
#1579=ORIENTED_EDGE('',*,*,#1230,.F.);
#1580=ORIENTED_EDGE('',*,*,#1229,.T.);
#1581=ORIENTED_EDGE('',*,*,#1231,.F.);
#1582=ORIENTED_EDGE('',*,*,#1232,.F.);
#1583=ORIENTED_EDGE('',*,*,#1233,.F.);
#1584=ORIENTED_EDGE('',*,*,#1232,.T.);
#1585=ORIENTED_EDGE('',*,*,#1234,.F.);
#1586=ORIENTED_EDGE('',*,*,#1224,.F.);
#1587=ORIENTED_EDGE('',*,*,#1234,.T.);
#1588=ORIENTED_EDGE('',*,*,#1231,.T.);
#1589=ORIENTED_EDGE('',*,*,#1228,.T.);
#1590=ORIENTED_EDGE('',*,*,#1225,.T.);
#1591=ORIENTED_EDGE('',*,*,#1233,.T.);
#1592=ORIENTED_EDGE('',*,*,#1223,.T.);
#1593=ORIENTED_EDGE('',*,*,#1227,.T.);
#1594=ORIENTED_EDGE('',*,*,#1230,.T.);
#1595=ORIENTED_EDGE('',*,*,#1235,.F.);
#1596=ORIENTED_EDGE('',*,*,#1236,.T.);
#1597=ORIENTED_EDGE('',*,*,#1237,.F.);
#1598=ORIENTED_EDGE('',*,*,#1238,.F.);
#1599=ORIENTED_EDGE('',*,*,#1239,.F.);
#1600=ORIENTED_EDGE('',*,*,#1238,.T.);
#1601=ORIENTED_EDGE('',*,*,#1240,.F.);
#1602=ORIENTED_EDGE('',*,*,#1241,.F.);
#1603=ORIENTED_EDGE('',*,*,#1242,.F.);
#1604=ORIENTED_EDGE('',*,*,#1241,.T.);
#1605=ORIENTED_EDGE('',*,*,#1243,.F.);
#1606=ORIENTED_EDGE('',*,*,#1244,.F.);
#1607=ORIENTED_EDGE('',*,*,#1245,.F.);
#1608=ORIENTED_EDGE('',*,*,#1244,.T.);
#1609=ORIENTED_EDGE('',*,*,#1246,.F.);
#1610=ORIENTED_EDGE('',*,*,#1236,.F.);
#1611=ORIENTED_EDGE('',*,*,#1246,.T.);
#1612=ORIENTED_EDGE('',*,*,#1243,.T.);
#1613=ORIENTED_EDGE('',*,*,#1240,.T.);
#1614=ORIENTED_EDGE('',*,*,#1237,.T.);
#1615=ORIENTED_EDGE('',*,*,#1245,.T.);
#1616=ORIENTED_EDGE('',*,*,#1235,.T.);
#1617=ORIENTED_EDGE('',*,*,#1239,.T.);
#1618=ORIENTED_EDGE('',*,*,#1242,.T.);
#1619=ORIENTED_EDGE('',*,*,#1247,.F.);
#1620=ORIENTED_EDGE('',*,*,#1248,.T.);
#1621=ORIENTED_EDGE('',*,*,#1249,.F.);
#1622=ORIENTED_EDGE('',*,*,#1250,.F.);
#1623=ORIENTED_EDGE('',*,*,#1251,.F.);
#1624=ORIENTED_EDGE('',*,*,#1250,.T.);
#1625=ORIENTED_EDGE('',*,*,#1252,.F.);
#1626=ORIENTED_EDGE('',*,*,#1253,.F.);
#1627=ORIENTED_EDGE('',*,*,#1254,.F.);
#1628=ORIENTED_EDGE('',*,*,#1253,.T.);
#1629=ORIENTED_EDGE('',*,*,#1255,.F.);
#1630=ORIENTED_EDGE('',*,*,#1256,.F.);
#1631=ORIENTED_EDGE('',*,*,#1257,.F.);
#1632=ORIENTED_EDGE('',*,*,#1256,.T.);
#1633=ORIENTED_EDGE('',*,*,#1258,.F.);
#1634=ORIENTED_EDGE('',*,*,#1248,.F.);
#1635=ORIENTED_EDGE('',*,*,#1258,.T.);
#1636=ORIENTED_EDGE('',*,*,#1255,.T.);
#1637=ORIENTED_EDGE('',*,*,#1252,.T.);
#1638=ORIENTED_EDGE('',*,*,#1249,.T.);
#1639=ORIENTED_EDGE('',*,*,#1257,.T.);
#1640=ORIENTED_EDGE('',*,*,#1247,.T.);
#1641=ORIENTED_EDGE('',*,*,#1251,.T.);
#1642=ORIENTED_EDGE('',*,*,#1254,.T.);
#1643=ORIENTED_EDGE('',*,*,#1259,.T.);
#1644=ORIENTED_EDGE('',*,*,#1260,.T.);
#1645=ORIENTED_EDGE('',*,*,#1261,.F.);
#1646=ORIENTED_EDGE('',*,*,#1262,.F.);
#1647=ORIENTED_EDGE('',*,*,#1263,.T.);
#1648=ORIENTED_EDGE('',*,*,#1262,.T.);
#1649=ORIENTED_EDGE('',*,*,#1264,.F.);
#1650=ORIENTED_EDGE('',*,*,#1265,.F.);
#1651=ORIENTED_EDGE('',*,*,#1266,.T.);
#1652=ORIENTED_EDGE('',*,*,#1265,.T.);
#1653=ORIENTED_EDGE('',*,*,#1267,.F.);
#1654=ORIENTED_EDGE('',*,*,#1268,.F.);
#1655=ORIENTED_EDGE('',*,*,#1269,.T.);
#1656=ORIENTED_EDGE('',*,*,#1268,.T.);
#1657=ORIENTED_EDGE('',*,*,#1270,.F.);
#1658=ORIENTED_EDGE('',*,*,#1260,.F.);
#1659=ORIENTED_EDGE('',*,*,#1270,.T.);
#1660=ORIENTED_EDGE('',*,*,#1267,.T.);
#1661=ORIENTED_EDGE('',*,*,#1264,.T.);
#1662=ORIENTED_EDGE('',*,*,#1261,.T.);
#1663=ORIENTED_EDGE('',*,*,#1269,.F.);
#1664=ORIENTED_EDGE('',*,*,#1259,.F.);
#1665=ORIENTED_EDGE('',*,*,#1263,.F.);
#1666=ORIENTED_EDGE('',*,*,#1266,.F.);
#1667=ORIENTED_EDGE('',*,*,#1271,.F.);
#1668=ORIENTED_EDGE('',*,*,#1272,.T.);
#1669=ORIENTED_EDGE('',*,*,#1273,.F.);
#1670=ORIENTED_EDGE('',*,*,#1274,.F.);
#1671=ORIENTED_EDGE('',*,*,#1275,.F.);
#1672=ORIENTED_EDGE('',*,*,#1274,.T.);
#1673=ORIENTED_EDGE('',*,*,#1276,.F.);
#1674=ORIENTED_EDGE('',*,*,#1277,.F.);
#1675=ORIENTED_EDGE('',*,*,#1278,.F.);
#1676=ORIENTED_EDGE('',*,*,#1277,.T.);
#1677=ORIENTED_EDGE('',*,*,#1279,.F.);
#1678=ORIENTED_EDGE('',*,*,#1280,.F.);
#1679=ORIENTED_EDGE('',*,*,#1281,.F.);
#1680=ORIENTED_EDGE('',*,*,#1280,.T.);
#1681=ORIENTED_EDGE('',*,*,#1282,.F.);
#1682=ORIENTED_EDGE('',*,*,#1272,.F.);
#1683=ORIENTED_EDGE('',*,*,#1282,.T.);
#1684=ORIENTED_EDGE('',*,*,#1279,.T.);
#1685=ORIENTED_EDGE('',*,*,#1276,.T.);
#1686=ORIENTED_EDGE('',*,*,#1273,.T.);
#1687=ORIENTED_EDGE('',*,*,#1281,.T.);
#1688=ORIENTED_EDGE('',*,*,#1271,.T.);
#1689=ORIENTED_EDGE('',*,*,#1275,.T.);
#1690=ORIENTED_EDGE('',*,*,#1278,.T.);
#1691=ORIENTED_EDGE('',*,*,#1283,.T.);
#1692=ORIENTED_EDGE('',*,*,#1284,.T.);
#1693=ORIENTED_EDGE('',*,*,#1285,.F.);
#1694=ORIENTED_EDGE('',*,*,#1286,.F.);
#1695=ORIENTED_EDGE('',*,*,#1287,.T.);
#1696=ORIENTED_EDGE('',*,*,#1286,.T.);
#1697=ORIENTED_EDGE('',*,*,#1288,.F.);
#1698=ORIENTED_EDGE('',*,*,#1289,.F.);
#1699=ORIENTED_EDGE('',*,*,#1290,.T.);
#1700=ORIENTED_EDGE('',*,*,#1289,.T.);
#1701=ORIENTED_EDGE('',*,*,#1291,.F.);
#1702=ORIENTED_EDGE('',*,*,#1292,.F.);
#1703=ORIENTED_EDGE('',*,*,#1293,.T.);
#1704=ORIENTED_EDGE('',*,*,#1292,.T.);
#1705=ORIENTED_EDGE('',*,*,#1294,.F.);
#1706=ORIENTED_EDGE('',*,*,#1284,.F.);
#1707=ORIENTED_EDGE('',*,*,#1294,.T.);
#1708=ORIENTED_EDGE('',*,*,#1291,.T.);
#1709=ORIENTED_EDGE('',*,*,#1288,.T.);
#1710=ORIENTED_EDGE('',*,*,#1285,.T.);
#1711=ORIENTED_EDGE('',*,*,#1293,.F.);
#1712=ORIENTED_EDGE('',*,*,#1283,.F.);
#1713=ORIENTED_EDGE('',*,*,#1287,.F.);
#1714=ORIENTED_EDGE('',*,*,#1290,.F.);
#1715=ORIENTED_EDGE('',*,*,#1295,.F.);
#1716=ORIENTED_EDGE('',*,*,#1296,.T.);
#1717=ORIENTED_EDGE('',*,*,#1297,.F.);
#1718=ORIENTED_EDGE('',*,*,#1298,.F.);
#1719=ORIENTED_EDGE('',*,*,#1299,.F.);
#1720=ORIENTED_EDGE('',*,*,#1298,.T.);
#1721=ORIENTED_EDGE('',*,*,#1300,.F.);
#1722=ORIENTED_EDGE('',*,*,#1301,.F.);
#1723=ORIENTED_EDGE('',*,*,#1302,.T.);
#1724=ORIENTED_EDGE('',*,*,#1301,.T.);
#1725=ORIENTED_EDGE('',*,*,#1303,.F.);
#1726=ORIENTED_EDGE('',*,*,#1304,.F.);
#1727=ORIENTED_EDGE('',*,*,#1305,.T.);
#1728=ORIENTED_EDGE('',*,*,#1304,.T.);
#1729=ORIENTED_EDGE('',*,*,#1306,.F.);
#1730=ORIENTED_EDGE('',*,*,#1296,.F.);
#1731=ORIENTED_EDGE('',*,*,#1305,.F.);
#1732=ORIENTED_EDGE('',*,*,#1295,.T.);
#1733=ORIENTED_EDGE('',*,*,#1299,.T.);
#1734=ORIENTED_EDGE('',*,*,#1302,.F.);
#1735=ORIENTED_EDGE('',*,*,#1306,.T.);
#1736=ORIENTED_EDGE('',*,*,#1303,.T.);
#1737=ORIENTED_EDGE('',*,*,#1300,.T.);
#1738=ORIENTED_EDGE('',*,*,#1297,.T.);
#1739=PLANE('',#2223);
#1740=PLANE('',#2224);
#1741=PLANE('',#2225);
#1742=PLANE('',#2226);
#1743=PLANE('',#2227);
#1744=PLANE('',#2228);
#1745=PLANE('',#2232);
#1746=PLANE('',#2233);
#1747=PLANE('',#2234);
#1748=PLANE('',#2235);
#1749=PLANE('',#2236);
#1750=PLANE('',#2237);
#1751=PLANE('',#2238);
#1752=PLANE('',#2239);
#1753=PLANE('',#2240);
#1754=PLANE('',#2241);
#1755=PLANE('',#2244);
#1756=PLANE('',#2245);
#1757=PLANE('',#2246);
#1758=PLANE('',#2247);
#1759=PLANE('',#2248);
#1760=PLANE('',#2249);
#1761=PLANE('',#2262);
#1762=PLANE('',#2263);
#1763=PLANE('',#2264);
#1764=PLANE('',#2265);
#1765=PLANE('',#2266);
#1766=PLANE('',#2267);
#1767=PLANE('',#2271);
#1768=PLANE('',#2272);
#1769=PLANE('',#2273);
#1770=PLANE('',#2274);
#1771=PLANE('',#2275);
#1772=PLANE('',#2276);
#1773=PLANE('',#2277);
#1774=PLANE('',#2278);
#1775=PLANE('',#2279);
#1776=PLANE('',#2280);
#1777=PLANE('',#2281);
#1778=PLANE('',#2285);
#1779=PLANE('',#2286);
#1780=PLANE('',#2287);
#1781=PLANE('',#2288);
#1782=PLANE('',#2289);
#1783=PLANE('',#2290);
#1784=PLANE('',#2295);
#1785=PLANE('',#2296);
#1786=PLANE('',#2297);
#1787=PLANE('',#2298);
#1788=PLANE('',#2299);
#1789=PLANE('',#2300);
#1790=PLANE('',#2304);
#1791=PLANE('',#2305);
#1792=PLANE('',#2306);
#1793=PLANE('',#2307);
#1794=PLANE('',#2308);
#1795=PLANE('',#2309);
#1796=PLANE('',#2311);
#1797=PLANE('',#2312);
#1798=PLANE('',#2313);
#1799=PLANE('',#2314);
#1800=PLANE('',#2315);
#1801=PLANE('',#2316);
#1802=PLANE('',#2323);
#1803=PLANE('',#2324);
#1804=PLANE('',#2325);
#1805=PLANE('',#2326);
#1806=PLANE('',#2327);
#1807=PLANE('',#2328);
#1808=PLANE('',#2330);
#1809=PLANE('',#2331);
#1810=PLANE('',#2332);
#1811=PLANE('',#2333);
#1812=PLANE('',#2334);
#1813=PLANE('',#2335);
#1814=PLANE('',#2337);
#1815=PLANE('',#2338);
#1816=PLANE('',#2339);
#1817=PLANE('',#2340);
#1818=PLANE('',#2341);
#1819=PLANE('',#2342);
#1820=PLANE('',#2364);
#1821=PLANE('',#2365);
#1822=PLANE('',#2366);
#1823=PLANE('',#2367);
#1824=PLANE('',#2368);
#1825=PLANE('',#2369);
#1826=PLANE('',#2381);
#1827=PLANE('',#2382);
#1828=PLANE('',#2383);
#1829=PLANE('',#2384);
#1830=PLANE('',#2385);
#1831=PLANE('',#2386);
#1832=PLANE('',#2388);
#1833=PLANE('',#2389);
#1834=PLANE('',#2390);
#1835=PLANE('',#2391);
#1836=PLANE('',#2392);
#1837=PLANE('',#2393);
#1838=PLANE('',#2395);
#1839=PLANE('',#2396);
#1840=PLANE('',#2397);
#1841=PLANE('',#2398);
#1842=PLANE('',#2399);
#1843=PLANE('',#2400);
#1844=ADVANCED_FACE('',(#304),#1739,.T.);
#1845=ADVANCED_FACE('',(#305),#1740,.T.);
#1846=ADVANCED_FACE('',(#306),#1741,.T.);
#1847=ADVANCED_FACE('',(#307),#1742,.T.);
#1848=ADVANCED_FACE('',(#308),#1743,.T.);
#1849=ADVANCED_FACE('',(#309),#1744,.F.);
#1850=ADVANCED_FACE('',(#310),#1745,.T.);
#1851=ADVANCED_FACE('',(#311),#1746,.T.);
#1852=ADVANCED_FACE('',(#312),#1747,.T.);
#1853=ADVANCED_FACE('',(#313),#1748,.T.);
#1854=ADVANCED_FACE('',(#314),#1749,.T.);
#1855=ADVANCED_FACE('',(#315),#1750,.T.);
#1856=ADVANCED_FACE('',(#316),#1751,.T.);
#1857=ADVANCED_FACE('',(#317),#1752,.T.);
#1858=ADVANCED_FACE('',(#318),#1753,.T.);
#1859=ADVANCED_FACE('',(#319),#1754,.F.);
#1860=ADVANCED_FACE('',(#320),#1755,.T.);
#1861=ADVANCED_FACE('',(#321),#1756,.T.);
#1862=ADVANCED_FACE('',(#322),#1757,.T.);
#1863=ADVANCED_FACE('',(#323),#1758,.T.);
#1864=ADVANCED_FACE('',(#324),#1759,.T.);
#1865=ADVANCED_FACE('',(#325),#1760,.F.);
#1866=ADVANCED_FACE('',(#326),#1761,.T.);
#1867=ADVANCED_FACE('',(#327),#1762,.T.);
#1868=ADVANCED_FACE('',(#328),#1763,.T.);
#1869=ADVANCED_FACE('',(#329),#1764,.T.);
#1870=ADVANCED_FACE('',(#330),#1765,.T.);
#1871=ADVANCED_FACE('',(#331),#1766,.F.);
#1872=ADVANCED_FACE('',(#332),#1767,.T.);
#1873=ADVANCED_FACE('',(#333),#1768,.T.);
#1874=ADVANCED_FACE('',(#334),#1769,.T.);
#1875=ADVANCED_FACE('',(#335),#1770,.T.);
#1876=ADVANCED_FACE('',(#336,#11),#1771,.T.);
#1877=ADVANCED_FACE('',(#337),#1772,.T.);
#1878=ADVANCED_FACE('',(#338),#1773,.T.);
#1879=ADVANCED_FACE('',(#339),#1774,.T.);
#1880=ADVANCED_FACE('',(#340),#1775,.T.);
#1881=ADVANCED_FACE('',(#341),#1776,.T.);
#1882=ADVANCED_FACE('',(#342),#1777,.F.);
#1883=ADVANCED_FACE('',(#343),#1778,.T.);
#1884=ADVANCED_FACE('',(#344),#1779,.T.);
#1885=ADVANCED_FACE('',(#345),#1780,.T.);
#1886=ADVANCED_FACE('',(#346),#1781,.T.);
#1887=ADVANCED_FACE('',(#347),#1782,.T.);
#1888=ADVANCED_FACE('',(#348),#1783,.F.);
#1889=ADVANCED_FACE('',(#349),#1784,.T.);
#1890=ADVANCED_FACE('',(#350),#1785,.T.);
#1891=ADVANCED_FACE('',(#351),#1786,.T.);
#1892=ADVANCED_FACE('',(#352),#1787,.T.);
#1893=ADVANCED_FACE('',(#353),#1788,.T.);
#1894=ADVANCED_FACE('',(#354),#1789,.F.);
#1895=ADVANCED_FACE('',(#355),#1790,.T.);
#1896=ADVANCED_FACE('',(#356),#1791,.T.);
#1897=ADVANCED_FACE('',(#357),#1792,.T.);
#1898=ADVANCED_FACE('',(#358),#1793,.T.);
#1899=ADVANCED_FACE('',(#359),#1794,.T.);
#1900=ADVANCED_FACE('',(#360),#1795,.F.);
#1901=ADVANCED_FACE('',(#361),#1796,.T.);
#1902=ADVANCED_FACE('',(#362),#1797,.T.);
#1903=ADVANCED_FACE('',(#363),#1798,.T.);
#1904=ADVANCED_FACE('',(#364),#1799,.T.);
#1905=ADVANCED_FACE('',(#365),#1800,.T.);
#1906=ADVANCED_FACE('',(#366),#1801,.F.);
#1907=ADVANCED_FACE('',(#367),#1802,.T.);
#1908=ADVANCED_FACE('',(#368),#1803,.T.);
#1909=ADVANCED_FACE('',(#369),#1804,.T.);
#1910=ADVANCED_FACE('',(#370),#1805,.T.);
#1911=ADVANCED_FACE('',(#371),#1806,.T.);
#1912=ADVANCED_FACE('',(#372),#1807,.F.);
#1913=ADVANCED_FACE('',(#373),#1808,.T.);
#1914=ADVANCED_FACE('',(#374),#1809,.T.);
#1915=ADVANCED_FACE('',(#375),#1810,.T.);
#1916=ADVANCED_FACE('',(#376),#1811,.T.);
#1917=ADVANCED_FACE('',(#377),#1812,.T.);
#1918=ADVANCED_FACE('',(#378),#1813,.F.);
#1919=ADVANCED_FACE('',(#379),#1814,.T.);
#1920=ADVANCED_FACE('',(#380),#1815,.T.);
#1921=ADVANCED_FACE('',(#381),#1816,.T.);
#1922=ADVANCED_FACE('',(#382),#1817,.T.);
#1923=ADVANCED_FACE('',(#383),#1818,.T.);
#1924=ADVANCED_FACE('',(#384),#1819,.F.);
#1925=ADVANCED_FACE('',(#385),#1820,.T.);
#1926=ADVANCED_FACE('',(#386),#1821,.T.);
#1927=ADVANCED_FACE('',(#387),#1822,.T.);
#1928=ADVANCED_FACE('',(#388),#1823,.T.);
#1929=ADVANCED_FACE('',(#389),#1824,.T.);
#1930=ADVANCED_FACE('',(#390),#1825,.F.);
#1931=ADVANCED_FACE('',(#391),#1826,.T.);
#1932=ADVANCED_FACE('',(#392),#1827,.T.);
#1933=ADVANCED_FACE('',(#393),#1828,.T.);
#1934=ADVANCED_FACE('',(#394),#1829,.T.);
#1935=ADVANCED_FACE('',(#395),#1830,.T.);
#1936=ADVANCED_FACE('',(#396),#1831,.F.);
#1937=ADVANCED_FACE('',(#397),#1832,.T.);
#1938=ADVANCED_FACE('',(#398),#1833,.T.);
#1939=ADVANCED_FACE('',(#399),#1834,.T.);
#1940=ADVANCED_FACE('',(#400),#1835,.T.);
#1941=ADVANCED_FACE('',(#401),#1836,.T.);
#1942=ADVANCED_FACE('',(#402),#1837,.F.);
#1943=ADVANCED_FACE('',(#403),#1838,.T.);
#1944=ADVANCED_FACE('',(#404),#1839,.T.);
#1945=ADVANCED_FACE('',(#405),#1840,.T.);
#1946=ADVANCED_FACE('',(#406),#1841,.T.);
#1947=ADVANCED_FACE('',(#407),#1842,.T.);
#1948=ADVANCED_FACE('',(#408),#1843,.T.);
#1949=CLOSED_SHELL('',(#1844,#1845,#1846,#1847,#1848,#1849));
#1950=CLOSED_SHELL('',(#1850,#1851,#1852,#1853,#1854,#1855,#1856,#1857,
#1858,#1859));
#1951=CLOSED_SHELL('',(#1860,#1861,#1862,#1863,#1864,#1865));
#1952=CLOSED_SHELL('',(#1866,#1867,#1868,#1869,#1870,#1871));
#1953=CLOSED_SHELL('',(#1872,#1873,#1874,#1875,#1876,#1877,#1878,#1879,
#1880,#1881,#1882));
#1954=CLOSED_SHELL('',(#1883,#1884,#1885,#1886,#1887,#1888));
#1955=CLOSED_SHELL('',(#1889,#1890,#1891,#1892,#1893,#1894));
#1956=CLOSED_SHELL('',(#1895,#1896,#1897,#1898,#1899,#1900));
#1957=CLOSED_SHELL('',(#1901,#1902,#1903,#1904,#1905,#1906));
#1958=CLOSED_SHELL('',(#1907,#1908,#1909,#1910,#1911,#1912));
#1959=CLOSED_SHELL('',(#1913,#1914,#1915,#1916,#1917,#1918));
#1960=CLOSED_SHELL('',(#1919,#1920,#1921,#1922,#1923,#1924));
#1961=CLOSED_SHELL('',(#1925,#1926,#1927,#1928,#1929,#1930));
#1962=CLOSED_SHELL('',(#1931,#1932,#1933,#1934,#1935,#1936));
#1963=CLOSED_SHELL('',(#1937,#1938,#1939,#1940,#1941,#1942));
#1964=CLOSED_SHELL('',(#1943,#1944,#1945,#1946,#1947,#1948));
#1965=DERIVED_UNIT_ELEMENT(#2011,1.);
#1966=DERIVED_UNIT_ELEMENT(#3670,-3.);
#1967=DERIVED_UNIT_ELEMENT(#2011,1.);
#1968=DERIVED_UNIT_ELEMENT(#3670,-3.);
#1969=DERIVED_UNIT_ELEMENT(#2011,1.);
#1970=DERIVED_UNIT_ELEMENT(#3670,-3.);
#1971=DERIVED_UNIT_ELEMENT(#2011,1.);
#1972=DERIVED_UNIT_ELEMENT(#3670,-3.);
#1973=DERIVED_UNIT_ELEMENT(#2011,1.);
#1974=DERIVED_UNIT_ELEMENT(#3670,-3.);
#1975=DERIVED_UNIT_ELEMENT(#2011,1.);
#1976=DERIVED_UNIT_ELEMENT(#3670,-3.);
#1977=DERIVED_UNIT_ELEMENT(#2011,1.);
#1978=DERIVED_UNIT_ELEMENT(#3670,-3.);
#1979=DERIVED_UNIT_ELEMENT(#2011,1.);
#1980=DERIVED_UNIT_ELEMENT(#3670,-3.);
#1981=DERIVED_UNIT_ELEMENT(#2011,1.);
#1982=DERIVED_UNIT_ELEMENT(#3670,-3.);
#1983=DERIVED_UNIT_ELEMENT(#2011,1.);
#1984=DERIVED_UNIT_ELEMENT(#3670,-3.);
#1985=DERIVED_UNIT_ELEMENT(#2011,1.);
#1986=DERIVED_UNIT_ELEMENT(#3670,-3.);
#1987=DERIVED_UNIT_ELEMENT(#2011,1.);
#1988=DERIVED_UNIT_ELEMENT(#3670,-3.);
#1989=DERIVED_UNIT_ELEMENT(#2011,1.);
#1990=DERIVED_UNIT_ELEMENT(#3670,-3.);
#1991=DERIVED_UNIT_ELEMENT(#2011,1.);
#1992=DERIVED_UNIT_ELEMENT(#3670,-3.);
#1993=DERIVED_UNIT_ELEMENT(#2011,1.);
#1994=DERIVED_UNIT_ELEMENT(#3670,-3.);
#1995=DERIVED_UNIT_ELEMENT(#2011,1.);
#1996=DERIVED_UNIT_ELEMENT(#3670,-3.);
#1997=DERIVED_UNIT_ELEMENT(#2011,1.);
#1998=DERIVED_UNIT_ELEMENT(#3670,-3.);
#1999=DERIVED_UNIT_ELEMENT(#2011,1.);
#2000=DERIVED_UNIT_ELEMENT(#3670,-3.);
#2001=DERIVED_UNIT_ELEMENT(#2011,1.);
#2002=DERIVED_UNIT_ELEMENT(#3670,-3.);
#2003=DERIVED_UNIT_ELEMENT(#2011,1.);
#2004=DERIVED_UNIT_ELEMENT(#3670,-3.);
#2005=DERIVED_UNIT_ELEMENT(#2011,1.);
#2006=DERIVED_UNIT_ELEMENT(#3670,-3.);
#2007=DERIVED_UNIT_ELEMENT(#2011,1.);
#2008=DERIVED_UNIT_ELEMENT(#3670,-3.);
#2009=DERIVED_UNIT_ELEMENT(#2011,1.);
#2010=DERIVED_UNIT_ELEMENT(#3670,-3.);
#2011=(
MASS_UNIT()
NAMED_UNIT(*)
SI_UNIT(.KILO.,.GRAM.)
);
#2012=DERIVED_UNIT((#1965,#1966));
#2013=DERIVED_UNIT((#1967,#1968));
#2014=DERIVED_UNIT((#1969,#1970));
#2015=DERIVED_UNIT((#1971,#1972));
#2016=DERIVED_UNIT((#1973,#1974));
#2017=DERIVED_UNIT((#1975,#1976));
#2018=DERIVED_UNIT((#1977,#1978));
#2019=DERIVED_UNIT((#1979,#1980));
#2020=DERIVED_UNIT((#1981,#1982));
#2021=DERIVED_UNIT((#1983,#1984));
#2022=DERIVED_UNIT((#1985,#1986));
#2023=DERIVED_UNIT((#1987,#1988));
#2024=DERIVED_UNIT((#1989,#1990));
#2025=DERIVED_UNIT((#1991,#1992));
#2026=DERIVED_UNIT((#1993,#1994));
#2027=DERIVED_UNIT((#1995,#1996));
#2028=DERIVED_UNIT((#1997,#1998));
#2029=DERIVED_UNIT((#1999,#2000));
#2030=DERIVED_UNIT((#2001,#2002));
#2031=DERIVED_UNIT((#2003,#2004));
#2032=DERIVED_UNIT((#2005,#2006));
#2033=DERIVED_UNIT((#2007,#2008));
#2034=DERIVED_UNIT((#2009,#2010));
#2035=MEASURE_REPRESENTATION_ITEM('density measure',
POSITIVE_RATIO_MEASURE(7850.),#2012);
#2036=MEASURE_REPRESENTATION_ITEM('density measure',
POSITIVE_RATIO_MEASURE(7850.),#2013);
#2037=MEASURE_REPRESENTATION_ITEM('density measure',
POSITIVE_RATIO_MEASURE(7850.),#2014);
#2038=MEASURE_REPRESENTATION_ITEM('density measure',
POSITIVE_RATIO_MEASURE(7850.),#2015);
#2039=MEASURE_REPRESENTATION_ITEM('density measure',
POSITIVE_RATIO_MEASURE(7850.),#2016);
#2040=MEASURE_REPRESENTATION_ITEM('density measure',
POSITIVE_RATIO_MEASURE(7850.),#2017);
#2041=MEASURE_REPRESENTATION_ITEM('density measure',
POSITIVE_RATIO_MEASURE(7850.),#2018);
#2042=MEASURE_REPRESENTATION_ITEM('density measure',
POSITIVE_RATIO_MEASURE(7850.),#2019);
#2043=MEASURE_REPRESENTATION_ITEM('density measure',
POSITIVE_RATIO_MEASURE(7850.),#2020);
#2044=MEASURE_REPRESENTATION_ITEM('density measure',
POSITIVE_RATIO_MEASURE(7850.),#2021);
#2045=MEASURE_REPRESENTATION_ITEM('density measure',
POSITIVE_RATIO_MEASURE(7850.),#2022);
#2046=MEASURE_REPRESENTATION_ITEM('density measure',
POSITIVE_RATIO_MEASURE(7850.),#2023);
#2047=MEASURE_REPRESENTATION_ITEM('density measure',
POSITIVE_RATIO_MEASURE(7850.),#2024);
#2048=MEASURE_REPRESENTATION_ITEM('density measure',
POSITIVE_RATIO_MEASURE(7850.),#2025);
#2049=MEASURE_REPRESENTATION_ITEM('density measure',
POSITIVE_RATIO_MEASURE(7850.),#2026);
#2050=MEASURE_REPRESENTATION_ITEM('density measure',
POSITIVE_RATIO_MEASURE(7850.),#2027);
#2051=MEASURE_REPRESENTATION_ITEM('density measure',
POSITIVE_RATIO_MEASURE(7850.),#2028);
#2052=MEASURE_REPRESENTATION_ITEM('density measure',
POSITIVE_RATIO_MEASURE(7850.),#2029);
#2053=MEASURE_REPRESENTATION_ITEM('density measure',
POSITIVE_RATIO_MEASURE(7850.),#2030);
#2054=MEASURE_REPRESENTATION_ITEM('density measure',
POSITIVE_RATIO_MEASURE(7850.),#2031);
#2055=MEASURE_REPRESENTATION_ITEM('density measure',
POSITIVE_RATIO_MEASURE(7850.),#2032);
#2056=MEASURE_REPRESENTATION_ITEM('density measure',
POSITIVE_RATIO_MEASURE(7850.),#2033);
#2057=MEASURE_REPRESENTATION_ITEM('density measure',
POSITIVE_RATIO_MEASURE(7850.),#2034);
#2058=PROPERTY_DEFINITION_REPRESENTATION(#2173,#2104);
#2059=PROPERTY_DEFINITION_REPRESENTATION(#2174,#2105);
#2060=PROPERTY_DEFINITION_REPRESENTATION(#2175,#2106);
#2061=PROPERTY_DEFINITION_REPRESENTATION(#2176,#2107);
#2062=PROPERTY_DEFINITION_REPRESENTATION(#2177,#2108);
#2063=PROPERTY_DEFINITION_REPRESENTATION(#2178,#2109);
#2064=PROPERTY_DEFINITION_REPRESENTATION(#2179,#2110);
#2065=PROPERTY_DEFINITION_REPRESENTATION(#2180,#2111);
#2066=PROPERTY_DEFINITION_REPRESENTATION(#2181,#2112);
#2067=PROPERTY_DEFINITION_REPRESENTATION(#2182,#2113);
#2068=PROPERTY_DEFINITION_REPRESENTATION(#2183,#2114);
#2069=PROPERTY_DEFINITION_REPRESENTATION(#2184,#2115);
#2070=PROPERTY_DEFINITION_REPRESENTATION(#2185,#2116);
#2071=PROPERTY_DEFINITION_REPRESENTATION(#2186,#2117);
#2072=PROPERTY_DEFINITION_REPRESENTATION(#2187,#2118);
#2073=PROPERTY_DEFINITION_REPRESENTATION(#2188,#2119);
#2074=PROPERTY_DEFINITION_REPRESENTATION(#2189,#2120);
#2075=PROPERTY_DEFINITION_REPRESENTATION(#2190,#2121);
#2076=PROPERTY_DEFINITION_REPRESENTATION(#2191,#2122);
#2077=PROPERTY_DEFINITION_REPRESENTATION(#2192,#2123);
#2078=PROPERTY_DEFINITION_REPRESENTATION(#2193,#2124);
#2079=PROPERTY_DEFINITION_REPRESENTATION(#2194,#2125);
#2080=PROPERTY_DEFINITION_REPRESENTATION(#2195,#2126);
#2081=PROPERTY_DEFINITION_REPRESENTATION(#2196,#2127);
#2082=PROPERTY_DEFINITION_REPRESENTATION(#2197,#2128);
#2083=PROPERTY_DEFINITION_REPRESENTATION(#2198,#2129);
#2084=PROPERTY_DEFINITION_REPRESENTATION(#2199,#2130);
#2085=PROPERTY_DEFINITION_REPRESENTATION(#2200,#2131);
#2086=PROPERTY_DEFINITION_REPRESENTATION(#2201,#2132);
#2087=PROPERTY_DEFINITION_REPRESENTATION(#2202,#2133);
#2088=PROPERTY_DEFINITION_REPRESENTATION(#2203,#2134);
#2089=PROPERTY_DEFINITION_REPRESENTATION(#2204,#2135);
#2090=PROPERTY_DEFINITION_REPRESENTATION(#2205,#2136);
#2091=PROPERTY_DEFINITION_REPRESENTATION(#2206,#2137);
#2092=PROPERTY_DEFINITION_REPRESENTATION(#2207,#2138);
#2093=PROPERTY_DEFINITION_REPRESENTATION(#2208,#2139);
#2094=PROPERTY_DEFINITION_REPRESENTATION(#2209,#2140);
#2095=PROPERTY_DEFINITION_REPRESENTATION(#2210,#2141);
#2096=PROPERTY_DEFINITION_REPRESENTATION(#2211,#2142);
#2097=PROPERTY_DEFINITION_REPRESENTATION(#2212,#2143);
#2098=PROPERTY_DEFINITION_REPRESENTATION(#2213,#2144);
#2099=PROPERTY_DEFINITION_REPRESENTATION(#2214,#2145);
#2100=PROPERTY_DEFINITION_REPRESENTATION(#2215,#2146);
#2101=PROPERTY_DEFINITION_REPRESENTATION(#2216,#2147);
#2102=PROPERTY_DEFINITION_REPRESENTATION(#2217,#2148);
#2103=PROPERTY_DEFINITION_REPRESENTATION(#2218,#2149);
#2104=REPRESENTATION('material name',(#2150),#3632);
#2105=REPRESENTATION('density',(#2035),#3632);
#2106=REPRESENTATION('material name',(#2151),#3633);
#2107=REPRESENTATION('density',(#2036),#3633);
#2108=REPRESENTATION('material name',(#2152),#3635);
#2109=REPRESENTATION('density',(#2037),#3635);
#2110=REPRESENTATION('material name',(#2153),#3638);
#2111=REPRESENTATION('density',(#2038),#3638);
#2112=REPRESENTATION('material name',(#2154),#3640);
#2113=REPRESENTATION('density',(#2039),#3640);
#2114=REPRESENTATION('material name',(#2155),#3642);
#2115=REPRESENTATION('density',(#2040),#3642);
#2116=REPRESENTATION('material name',(#2156),#3644);
#2117=REPRESENTATION('density',(#2041),#3644);
#2118=REPRESENTATION('material name',(#2157),#3646);
#2119=REPRESENTATION('density',(#2042),#3646);
#2120=REPRESENTATION('material name',(#2158),#3647);
#2121=REPRESENTATION('density',(#2043),#3647);
#2122=REPRESENTATION('material name',(#2159),#3649);
#2123=REPRESENTATION('density',(#2044),#3649);
#2124=REPRESENTATION('material name',(#2160),#3650);
#2125=REPRESENTATION('density',(#2045),#3650);
#2126=REPRESENTATION('material name',(#2161),#3651);
#2127=REPRESENTATION('density',(#2046),#3651);
#2128=REPRESENTATION('material name',(#2162),#3653);
#2129=REPRESENTATION('density',(#2047),#3653);
#2130=REPRESENTATION('material name',(#2163),#3654);
#2131=REPRESENTATION('density',(#2048),#3654);
#2132=REPRESENTATION('material name',(#2164),#3655);
#2133=REPRESENTATION('density',(#2049),#3655);
#2134=REPRESENTATION('material name',(#2165),#3656);
#2135=REPRESENTATION('density',(#2050),#3656);
#2136=REPRESENTATION('material name',(#2166),#3658);
#2137=REPRESENTATION('density',(#2051),#3658);
#2138=REPRESENTATION('material name',(#2167),#3660);
#2139=REPRESENTATION('density',(#2052),#3660);
#2140=REPRESENTATION('material name',(#2168),#3661);
#2141=REPRESENTATION('density',(#2053),#3661);
#2142=REPRESENTATION('material name',(#2169),#3662);
#2143=REPRESENTATION('density',(#2054),#3662);
#2144=REPRESENTATION('material name',(#2170),#3663);
#2145=REPRESENTATION('density',(#2055),#3663);
#2146=REPRESENTATION('material name',(#2171),#3664);
#2147=REPRESENTATION('density',(#2056),#3664);
#2148=REPRESENTATION('material name',(#2172),#3665);
#2149=REPRESENTATION('density',(#2057),#3665);
#2150=DESCRIPTIVE_REPRESENTATION_ITEM('Steel','Steel');
#2151=DESCRIPTIVE_REPRESENTATION_ITEM('Steel','Steel');
#2152=DESCRIPTIVE_REPRESENTATION_ITEM('Steel','Steel');
#2153=DESCRIPTIVE_REPRESENTATION_ITEM('Steel','Steel');
#2154=DESCRIPTIVE_REPRESENTATION_ITEM('Steel','Steel');
#2155=DESCRIPTIVE_REPRESENTATION_ITEM('Steel','Steel');
#2156=DESCRIPTIVE_REPRESENTATION_ITEM('Steel','Steel');
#2157=DESCRIPTIVE_REPRESENTATION_ITEM('Steel','Steel');
#2158=DESCRIPTIVE_REPRESENTATION_ITEM('Steel','Steel');
#2159=DESCRIPTIVE_REPRESENTATION_ITEM('Steel','Steel');
#2160=DESCRIPTIVE_REPRESENTATION_ITEM('Steel','Steel');
#2161=DESCRIPTIVE_REPRESENTATION_ITEM('Steel','Steel');
#2162=DESCRIPTIVE_REPRESENTATION_ITEM('Steel','Steel');
#2163=DESCRIPTIVE_REPRESENTATION_ITEM('Steel','Steel');
#2164=DESCRIPTIVE_REPRESENTATION_ITEM('Steel','Steel');
#2165=DESCRIPTIVE_REPRESENTATION_ITEM('Steel','Steel');
#2166=DESCRIPTIVE_REPRESENTATION_ITEM('Steel','Steel');
#2167=DESCRIPTIVE_REPRESENTATION_ITEM('Steel','Steel');
#2168=DESCRIPTIVE_REPRESENTATION_ITEM('Steel','Steel');
#2169=DESCRIPTIVE_REPRESENTATION_ITEM('Steel','Steel');
#2170=DESCRIPTIVE_REPRESENTATION_ITEM('Steel','Steel');
#2171=DESCRIPTIVE_REPRESENTATION_ITEM('Steel','Steel');
#2172=DESCRIPTIVE_REPRESENTATION_ITEM('Steel','Steel');
#2173=PROPERTY_DEFINITION('material property','material name',#3846);
#2174=PROPERTY_DEFINITION('material property','density of part',#3846);
#2175=PROPERTY_DEFINITION('material property','material name',#3847);
#2176=PROPERTY_DEFINITION('material property','density of part',#3847);
#2177=PROPERTY_DEFINITION('material property','material name',#3849);
#2178=PROPERTY_DEFINITION('material property','density of part',#3849);
#2179=PROPERTY_DEFINITION('material property','material name',#3852);
#2180=PROPERTY_DEFINITION('material property','density of part',#3852);
#2181=PROPERTY_DEFINITION('material property','material name',#3854);
#2182=PROPERTY_DEFINITION('material property','density of part',#3854);
#2183=PROPERTY_DEFINITION('material property','material name',#3856);
#2184=PROPERTY_DEFINITION('material property','density of part',#3856);
#2185=PROPERTY_DEFINITION('material property','material name',#3858);
#2186=PROPERTY_DEFINITION('material property','density of part',#3858);
#2187=PROPERTY_DEFINITION('material property','material name',#3860);
#2188=PROPERTY_DEFINITION('material property','density of part',#3860);
#2189=PROPERTY_DEFINITION('material property','material name',#3861);
#2190=PROPERTY_DEFINITION('material property','density of part',#3861);
#2191=PROPERTY_DEFINITION('material property','material name',#3863);
#2192=PROPERTY_DEFINITION('material property','density of part',#3863);
#2193=PROPERTY_DEFINITION('material property','material name',#3864);
#2194=PROPERTY_DEFINITION('material property','density of part',#3864);
#2195=PROPERTY_DEFINITION('material property','material name',#3865);
#2196=PROPERTY_DEFINITION('material property','density of part',#3865);
#2197=PROPERTY_DEFINITION('material property','material name',#3867);
#2198=PROPERTY_DEFINITION('material property','density of part',#3867);
#2199=PROPERTY_DEFINITION('material property','material name',#3868);
#2200=PROPERTY_DEFINITION('material property','density of part',#3868);
#2201=PROPERTY_DEFINITION('material property','material name',#3869);
#2202=PROPERTY_DEFINITION('material property','density of part',#3869);
#2203=PROPERTY_DEFINITION('material property','material name',#3870);
#2204=PROPERTY_DEFINITION('material property','density of part',#3870);
#2205=PROPERTY_DEFINITION('material property','material name',#3872);
#2206=PROPERTY_DEFINITION('material property','density of part',#3872);
#2207=PROPERTY_DEFINITION('material property','material name',#3874);
#2208=PROPERTY_DEFINITION('material property','density of part',#3874);
#2209=PROPERTY_DEFINITION('material property','material name',#3875);
#2210=PROPERTY_DEFINITION('material property','density of part',#3875);
#2211=PROPERTY_DEFINITION('material property','material name',#3876);
#2212=PROPERTY_DEFINITION('material property','density of part',#3876);
#2213=PROPERTY_DEFINITION('material property','material name',#3877);
#2214=PROPERTY_DEFINITION('material property','density of part',#3877);
#2215=PROPERTY_DEFINITION('material property','material name',#3878);
#2216=PROPERTY_DEFINITION('material property','density of part',#3878);
#2217=PROPERTY_DEFINITION('material property','material name',#3879);
#2218=PROPERTY_DEFINITION('material property','density of part',#3879);
#2219=AXIS2_PLACEMENT_3D('',#3032,#2418,#2419);
#2220=AXIS2_PLACEMENT_3D('',#3033,#2420,#2421);
#2221=AXIS2_PLACEMENT_3D('',#3034,#2422,#2423);
#2222=AXIS2_PLACEMENT_3D('',#3035,#2424,#2425);
#2223=AXIS2_PLACEMENT_3D('',#3036,#2426,#2427);
#2224=AXIS2_PLACEMENT_3D('',#3045,#2432,#2433);
#2225=AXIS2_PLACEMENT_3D('',#3051,#2437,#2438);
#2226=AXIS2_PLACEMENT_3D('',#3057,#2442,#2443);
#2227=AXIS2_PLACEMENT_3D('',#3060,#2446,#2447);
#2228=AXIS2_PLACEMENT_3D('',#3061,#2448,#2449);
#2229=AXIS2_PLACEMENT_3D('',#3062,#2450,#2451);
#2230=AXIS2_PLACEMENT_3D('',#3063,#2452,#2453);
#2231=AXIS2_PLACEMENT_3D('',#3064,#2454,#2455);
#2232=AXIS2_PLACEMENT_3D('',#3065,#2456,#2457);
#2233=AXIS2_PLACEMENT_3D('',#3074,#2462,#2463);
#2234=AXIS2_PLACEMENT_3D('',#3080,#2467,#2468);
#2235=AXIS2_PLACEMENT_3D('',#3086,#2472,#2473);
#2236=AXIS2_PLACEMENT_3D('',#3096,#2479,#2480);
#2237=AXIS2_PLACEMENT_3D('',#3102,#2484,#2485);
#2238=AXIS2_PLACEMENT_3D('',#3106,#2488,#2489);
#2239=AXIS2_PLACEMENT_3D('',#3110,#2492,#2493);
#2240=AXIS2_PLACEMENT_3D('',#3113,#2496,#2497);
#2241=AXIS2_PLACEMENT_3D('',#3114,#2498,#2499);
#2242=AXIS2_PLACEMENT_3D('',#3115,#2500,#2501);
#2243=AXIS2_PLACEMENT_3D('',#3116,#2502,#2503);
#2244=AXIS2_PLACEMENT_3D('',#3117,#2504,#2505);
#2245=AXIS2_PLACEMENT_3D('',#3126,#2510,#2511);
#2246=AXIS2_PLACEMENT_3D('',#3132,#2515,#2516);
#2247=AXIS2_PLACEMENT_3D('',#3138,#2520,#2521);
#2248=AXIS2_PLACEMENT_3D('',#3141,#2524,#2525);
#2249=AXIS2_PLACEMENT_3D('',#3142,#2526,#2527);
#2250=AXIS2_PLACEMENT_3D('',#3143,#2528,#2529);
#2251=AXIS2_PLACEMENT_3D('',#3144,#2530,#2531);
#2252=AXIS2_PLACEMENT_3D('',#3145,#2532,#2533);
#2253=AXIS2_PLACEMENT_3D('',#3146,#2534,#2535);
#2254=AXIS2_PLACEMENT_3D('',#3147,#2536,#2537);
#2255=AXIS2_PLACEMENT_3D('',#3148,#2538,#2539);
#2256=AXIS2_PLACEMENT_3D('',#3149,#2540,#2541);
#2257=AXIS2_PLACEMENT_3D('',#3150,#2542,#2543);
#2258=AXIS2_PLACEMENT_3D('',#3151,#2544,#2545);
#2259=AXIS2_PLACEMENT_3D('',#3152,#2546,#2547);
#2260=AXIS2_PLACEMENT_3D('',#3153,#2548,#2549);
#2261=AXIS2_PLACEMENT_3D('',#3154,#2550,#2551);
#2262=AXIS2_PLACEMENT_3D('',#3155,#2552,#2553);
#2263=AXIS2_PLACEMENT_3D('',#3164,#2558,#2559);
#2264=AXIS2_PLACEMENT_3D('',#3170,#2563,#2564);
#2265=AXIS2_PLACEMENT_3D('',#3176,#2568,#2569);
#2266=AXIS2_PLACEMENT_3D('',#3179,#2572,#2573);
#2267=AXIS2_PLACEMENT_3D('',#3180,#2574,#2575);
#2268=AXIS2_PLACEMENT_3D('',#3181,#2576,#2577);
#2269=AXIS2_PLACEMENT_3D('',#3182,#2578,#2579);
#2270=AXIS2_PLACEMENT_3D('',#3183,#2580,#2581);
#2271=AXIS2_PLACEMENT_3D('',#3184,#2582,#2583);
#2272=AXIS2_PLACEMENT_3D('',#3193,#2588,#2589);
#2273=AXIS2_PLACEMENT_3D('',#3199,#2593,#2594);
#2274=AXIS2_PLACEMENT_3D('',#3205,#2598,#2599);
#2275=AXIS2_PLACEMENT_3D('',#3208,#2602,#2603);
#2276=AXIS2_PLACEMENT_3D('',#3217,#2608,#2609);
#2277=AXIS2_PLACEMENT_3D('',#3223,#2613,#2614);
#2278=AXIS2_PLACEMENT_3D('',#3227,#2617,#2618);
#2279=AXIS2_PLACEMENT_3D('',#3231,#2621,#2622);
#2280=AXIS2_PLACEMENT_3D('',#3233,#2624,#2625);
#2281=AXIS2_PLACEMENT_3D('',#3234,#2626,#2627);
#2282=AXIS2_PLACEMENT_3D('',#3235,#2628,#2629);
#2283=AXIS2_PLACEMENT_3D('',#3236,#2630,#2631);
#2284=AXIS2_PLACEMENT_3D('',#3237,#2632,#2633);
#2285=AXIS2_PLACEMENT_3D('',#3238,#2634,#2635);
#2286=AXIS2_PLACEMENT_3D('',#3247,#2640,#2641);
#2287=AXIS2_PLACEMENT_3D('',#3253,#2645,#2646);
#2288=AXIS2_PLACEMENT_3D('',#3259,#2650,#2651);
#2289=AXIS2_PLACEMENT_3D('',#3262,#2654,#2655);
#2290=AXIS2_PLACEMENT_3D('',#3263,#2656,#2657);
#2291=AXIS2_PLACEMENT_3D('',#3264,#2658,#2659);
#2292=AXIS2_PLACEMENT_3D('',#3265,#2660,#2661);
#2293=AXIS2_PLACEMENT_3D('',#3266,#2662,#2663);
#2294=AXIS2_PLACEMENT_3D('',#3267,#2664,#2665);
#2295=AXIS2_PLACEMENT_3D('',#3268,#2666,#2667);
#2296=AXIS2_PLACEMENT_3D('',#3277,#2672,#2673);
#2297=AXIS2_PLACEMENT_3D('',#3283,#2677,#2678);
#2298=AXIS2_PLACEMENT_3D('',#3289,#2682,#2683);
#2299=AXIS2_PLACEMENT_3D('',#3292,#2686,#2687);
#2300=AXIS2_PLACEMENT_3D('',#3293,#2688,#2689);
#2301=AXIS2_PLACEMENT_3D('',#3294,#2690,#2691);
#2302=AXIS2_PLACEMENT_3D('',#3295,#2692,#2693);
#2303=AXIS2_PLACEMENT_3D('',#3296,#2694,#2695);
#2304=AXIS2_PLACEMENT_3D('',#3297,#2696,#2697);
#2305=AXIS2_PLACEMENT_3D('',#3306,#2702,#2703);
#2306=AXIS2_PLACEMENT_3D('',#3312,#2707,#2708);
#2307=AXIS2_PLACEMENT_3D('',#3318,#2712,#2713);
#2308=AXIS2_PLACEMENT_3D('',#3321,#2716,#2717);
#2309=AXIS2_PLACEMENT_3D('',#3322,#2718,#2719);
#2310=AXIS2_PLACEMENT_3D('',#3323,#2720,#2721);
#2311=AXIS2_PLACEMENT_3D('',#3324,#2722,#2723);
#2312=AXIS2_PLACEMENT_3D('',#3333,#2728,#2729);
#2313=AXIS2_PLACEMENT_3D('',#3339,#2733,#2734);
#2314=AXIS2_PLACEMENT_3D('',#3345,#2738,#2739);
#2315=AXIS2_PLACEMENT_3D('',#3348,#2742,#2743);
#2316=AXIS2_PLACEMENT_3D('',#3349,#2744,#2745);
#2317=AXIS2_PLACEMENT_3D('',#3350,#2746,#2747);
#2318=AXIS2_PLACEMENT_3D('',#3351,#2748,#2749);
#2319=AXIS2_PLACEMENT_3D('',#3352,#2750,#2751);
#2320=AXIS2_PLACEMENT_3D('',#3353,#2752,#2753);
#2321=AXIS2_PLACEMENT_3D('',#3354,#2754,#2755);
#2322=AXIS2_PLACEMENT_3D('',#3355,#2756,#2757);
#2323=AXIS2_PLACEMENT_3D('',#3356,#2758,#2759);
#2324=AXIS2_PLACEMENT_3D('',#3365,#2764,#2765);
#2325=AXIS2_PLACEMENT_3D('',#3371,#2769,#2770);
#2326=AXIS2_PLACEMENT_3D('',#3377,#2774,#2775);
#2327=AXIS2_PLACEMENT_3D('',#3380,#2778,#2779);
#2328=AXIS2_PLACEMENT_3D('',#3381,#2780,#2781);
#2329=AXIS2_PLACEMENT_3D('',#3382,#2782,#2783);
#2330=AXIS2_PLACEMENT_3D('',#3383,#2784,#2785);
#2331=AXIS2_PLACEMENT_3D('',#3392,#2790,#2791);
#2332=AXIS2_PLACEMENT_3D('',#3398,#2795,#2796);
#2333=AXIS2_PLACEMENT_3D('',#3404,#2800,#2801);
#2334=AXIS2_PLACEMENT_3D('',#3407,#2804,#2805);
#2335=AXIS2_PLACEMENT_3D('',#3408,#2806,#2807);
#2336=AXIS2_PLACEMENT_3D('',#3409,#2808,#2809);
#2337=AXIS2_PLACEMENT_3D('',#3410,#2810,#2811);
#2338=AXIS2_PLACEMENT_3D('',#3419,#2816,#2817);
#2339=AXIS2_PLACEMENT_3D('',#3425,#2821,#2822);
#2340=AXIS2_PLACEMENT_3D('',#3431,#2826,#2827);
#2341=AXIS2_PLACEMENT_3D('',#3434,#2830,#2831);
#2342=AXIS2_PLACEMENT_3D('',#3435,#2832,#2833);
#2343=AXIS2_PLACEMENT_3D('',#3436,#2834,#2835);
#2344=AXIS2_PLACEMENT_3D('',#3437,#2836,#2837);
#2345=AXIS2_PLACEMENT_3D('',#3438,#2838,#2839);
#2346=AXIS2_PLACEMENT_3D('',#3439,#2840,#2841);
#2347=AXIS2_PLACEMENT_3D('',#3440,#2842,#2843);
#2348=AXIS2_PLACEMENT_3D('',#3441,#2844,#2845);
#2349=AXIS2_PLACEMENT_3D('',#3442,#2846,#2847);
#2350=AXIS2_PLACEMENT_3D('',#3443,#2848,#2849);
#2351=AXIS2_PLACEMENT_3D('',#3444,#2850,#2851);
#2352=AXIS2_PLACEMENT_3D('',#3445,#2852,#2853);
#2353=AXIS2_PLACEMENT_3D('',#3446,#2854,#2855);
#2354=AXIS2_PLACEMENT_3D('',#3447,#2856,#2857);
#2355=AXIS2_PLACEMENT_3D('',#3448,#2858,#2859);
#2356=AXIS2_PLACEMENT_3D('',#3449,#2860,#2861);
#2357=AXIS2_PLACEMENT_3D('',#3450,#2862,#2863);
#2358=AXIS2_PLACEMENT_3D('',#3451,#2864,#2865);
#2359=AXIS2_PLACEMENT_3D('',#3452,#2866,#2867);
#2360=AXIS2_PLACEMENT_3D('',#3453,#2868,#2869);
#2361=AXIS2_PLACEMENT_3D('',#3454,#2870,#2871);
#2362=AXIS2_PLACEMENT_3D('',#3455,#2872,#2873);
#2363=AXIS2_PLACEMENT_3D('',#3456,#2874,#2875);
#2364=AXIS2_PLACEMENT_3D('',#3457,#2876,#2877);
#2365=AXIS2_PLACEMENT_3D('',#3466,#2882,#2883);
#2366=AXIS2_PLACEMENT_3D('',#3472,#2887,#2888);
#2367=AXIS2_PLACEMENT_3D('',#3478,#2892,#2893);
#2368=AXIS2_PLACEMENT_3D('',#3481,#2896,#2897);
#2369=AXIS2_PLACEMENT_3D('',#3482,#2898,#2899);
#2370=AXIS2_PLACEMENT_3D('',#3483,#2900,#2901);
#2371=AXIS2_PLACEMENT_3D('',#3484,#2902,#2903);
#2372=AXIS2_PLACEMENT_3D('',#3485,#2904,#2905);
#2373=AXIS2_PLACEMENT_3D('',#3486,#2906,#2907);
#2374=AXIS2_PLACEMENT_3D('',#3487,#2908,#2909);
#2375=AXIS2_PLACEMENT_3D('',#3488,#2910,#2911);
#2376=AXIS2_PLACEMENT_3D('',#3489,#2912,#2913);
#2377=AXIS2_PLACEMENT_3D('',#3490,#2914,#2915);
#2378=AXIS2_PLACEMENT_3D('',#3491,#2916,#2917);
#2379=AXIS2_PLACEMENT_3D('',#3492,#2918,#2919);
#2380=AXIS2_PLACEMENT_3D('',#3493,#2920,#2921);
#2381=AXIS2_PLACEMENT_3D('',#3494,#2922,#2923);
#2382=AXIS2_PLACEMENT_3D('',#3503,#2928,#2929);
#2383=AXIS2_PLACEMENT_3D('',#3509,#2933,#2934);
#2384=AXIS2_PLACEMENT_3D('',#3515,#2938,#2939);
#2385=AXIS2_PLACEMENT_3D('',#3518,#2942,#2943);
#2386=AXIS2_PLACEMENT_3D('',#3519,#2944,#2945);
#2387=AXIS2_PLACEMENT_3D('',#3520,#2946,#2947);
#2388=AXIS2_PLACEMENT_3D('',#3521,#2948,#2949);
#2389=AXIS2_PLACEMENT_3D('',#3530,#2954,#2955);
#2390=AXIS2_PLACEMENT_3D('',#3536,#2959,#2960);
#2391=AXIS2_PLACEMENT_3D('',#3542,#2964,#2965);
#2392=AXIS2_PLACEMENT_3D('',#3545,#2968,#2969);
#2393=AXIS2_PLACEMENT_3D('',#3546,#2970,#2971);
#2394=AXIS2_PLACEMENT_3D('',#3547,#2972,#2973);
#2395=AXIS2_PLACEMENT_3D('',#3548,#2974,#2975);
#2396=AXIS2_PLACEMENT_3D('',#3557,#2980,#2981);
#2397=AXIS2_PLACEMENT_3D('',#3563,#2985,#2986);
#2398=AXIS2_PLACEMENT_3D('',#3569,#2990,#2991);
#2399=AXIS2_PLACEMENT_3D('',#3572,#2994,#2995);
#2400=AXIS2_PLACEMENT_3D('',#3573,#2996,#2997);
#2401=AXIS2_PLACEMENT_3D('',#3574,#2998,#2999);
#2402=AXIS2_PLACEMENT_3D('',#3575,#3000,#3001);
#2403=AXIS2_PLACEMENT_3D('',#3576,#3002,#3003);
#2404=AXIS2_PLACEMENT_3D('',#3577,#3004,#3005);
#2405=AXIS2_PLACEMENT_3D('',#3578,#3006,#3007);
#2406=AXIS2_PLACEMENT_3D('',#3579,#3008,#3009);
#2407=AXIS2_PLACEMENT_3D('',#3580,#3010,#3011);
#2408=AXIS2_PLACEMENT_3D('',#3581,#3012,#3013);
#2409=AXIS2_PLACEMENT_3D('',#3582,#3014,#3015);
#2410=AXIS2_PLACEMENT_3D('',#3583,#3016,#3017);
#2411=AXIS2_PLACEMENT_3D('',#3584,#3018,#3019);
#2412=AXIS2_PLACEMENT_3D('',#3585,#3020,#3021);
#2413=AXIS2_PLACEMENT_3D('',#3586,#3022,#3023);
#2414=AXIS2_PLACEMENT_3D('',#3587,#3024,#3025);
#2415=AXIS2_PLACEMENT_3D('',#3588,#3026,#3027);
#2416=AXIS2_PLACEMENT_3D('',#3589,#3028,#3029);
#2417=AXIS2_PLACEMENT_3D('',#3590,#3030,#3031);
#2418=DIRECTION('axis',(0.,0.,1.));
#2419=DIRECTION('refdir',(1.,0.,0.));
#2420=DIRECTION('axis',(0.,0.,1.));
#2421=DIRECTION('refdir',(1.,0.,0.));
#2422=DIRECTION('axis',(0.,0.,1.));
#2423=DIRECTION('refdir',(1.,0.,0.));
#2424=DIRECTION('axis',(0.,0.,1.));
#2425=DIRECTION('refdir',(1.,0.,0.));
#2426=DIRECTION('center_axis',(-1.,0.,0.));
#2427=DIRECTION('ref_axis',(0.,0.,1.));
#2428=DIRECTION('',(0.,0.,-1.));
#2429=DIRECTION('',(0.,1.,0.));
#2430=DIRECTION('',(0.,0.,1.));
#2431=DIRECTION('',(0.,1.,0.));
#2432=DIRECTION('center_axis',(-4.73437743194865E-34,0.,-1.));
#2433=DIRECTION('ref_axis',(-1.,0.,4.73437743194865E-34));
#2434=DIRECTION('',(1.,0.,-4.73437743194865E-34));
#2435=DIRECTION('',(-1.,0.,4.73437743194865E-34));
#2436=DIRECTION('',(0.,1.,0.));
#2437=DIRECTION('center_axis',(1.,0.,0.));
#2438=DIRECTION('ref_axis',(0.,0.,-1.));
#2439=DIRECTION('',(0.,0.,1.));
#2440=DIRECTION('',(0.,0.,-1.));
#2441=DIRECTION('',(0.,1.,0.));
#2442=DIRECTION('center_axis',(0.,0.,1.));
#2443=DIRECTION('ref_axis',(1.,0.,0.));
#2444=DIRECTION('',(-1.,0.,0.));
#2445=DIRECTION('',(1.,0.,0.));
#2446=DIRECTION('center_axis',(0.,1.,0.));
#2447=DIRECTION('ref_axis',(0.,0.,1.));
#2448=DIRECTION('center_axis',(0.,1.,0.));
#2449=DIRECTION('ref_axis',(1.,0.,0.));
#2450=DIRECTION('',(0.,0.,1.));
#2451=DIRECTION('',(1.,0.,0.));
#2452=DIRECTION('',(0.,0.,1.));
#2453=DIRECTION('',(1.,0.,0.));
#2454=DIRECTION('axis',(0.,0.,1.));
#2455=DIRECTION('refdir',(1.,0.,0.));
#2456=DIRECTION('center_axis',(0.,-1.,0.));
#2457=DIRECTION('ref_axis',(0.,0.,-1.));
#2458=DIRECTION('',(0.,0.,-1.));
#2459=DIRECTION('',(1.,0.,0.));
#2460=DIRECTION('',(0.,0.,-1.));
#2461=DIRECTION('',(1.,0.,0.));
#2462=DIRECTION('center_axis',(0.,0.,1.));
#2463=DIRECTION('ref_axis',(0.,-1.,0.));
#2464=DIRECTION('',(0.,-1.,0.));
#2465=DIRECTION('',(0.,-1.,0.));
#2466=DIRECTION('',(1.,0.,0.));
#2467=DIRECTION('center_axis',(0.,1.,0.));
#2468=DIRECTION('ref_axis',(0.,0.,1.));
#2469=DIRECTION('',(0.,0.,1.));
#2470=DIRECTION('',(0.,0.,1.));
#2471=DIRECTION('',(1.,0.,0.));
#2472=DIRECTION('center_axis',(1.,0.,0.));
#2473=DIRECTION('ref_axis',(0.,0.,-1.));
#2474=DIRECTION('',(0.,1.,0.));
#2475=DIRECTION('',(0.,1.,0.));
#2476=DIRECTION('',(0.,0.,-1.));
#2477=DIRECTION('',(0.,-1.,0.));
#2478=DIRECTION('',(0.,0.,1.));
#2479=DIRECTION('center_axis',(0.,1.,0.));
#2480=DIRECTION('ref_axis',(0.,0.,1.));
#2481=DIRECTION('',(1.,0.,0.));
#2482=DIRECTION('',(0.,0.,1.));
#2483=DIRECTION('',(1.,0.,0.));
#2484=DIRECTION('center_axis',(0.,0.,1.));
#2485=DIRECTION('ref_axis',(0.,-1.,0.));
#2486=DIRECTION('',(1.,0.,0.));
#2487=DIRECTION('',(0.,-1.,0.));
#2488=DIRECTION('center_axis',(0.,-1.,0.));
#2489=DIRECTION('ref_axis',(0.,0.,-1.));
#2490=DIRECTION('',(1.,0.,0.));
#2491=DIRECTION('',(0.,0.,-1.));
#2492=DIRECTION('center_axis',(0.,0.,-1.));
#2493=DIRECTION('ref_axis',(0.,1.,0.));
#2494=DIRECTION('',(0.,1.,0.));
#2495=DIRECTION('',(0.,1.,0.));
#2496=DIRECTION('center_axis',(1.,0.,0.));
#2497=DIRECTION('ref_axis',(0.,0.,-1.));
#2498=DIRECTION('center_axis',(1.,0.,0.));
#2499=DIRECTION('ref_axis',(0.,1.,0.));
#2500=DIRECTION('axis',(0.,0.,1.));
#2501=DIRECTION('refdir',(1.,0.,0.));
#2502=DIRECTION('axis',(0.,0.,1.));
#2503=DIRECTION('refdir',(1.,0.,0.));
#2504=DIRECTION('center_axis',(0.,0.,-1.));
#2505=DIRECTION('ref_axis',(0.,1.,0.));
#2506=DIRECTION('',(0.,1.,0.));
#2507=DIRECTION('',(1.,0.,0.));
#2508=DIRECTION('',(0.,1.,0.));
#2509=DIRECTION('',(1.,0.,0.));
#2510=DIRECTION('center_axis',(0.,-1.,0.));
#2511=DIRECTION('ref_axis',(0.,0.,-1.));
#2512=DIRECTION('',(0.,0.,-1.));
#2513=DIRECTION('',(0.,0.,-1.));
#2514=DIRECTION('',(1.,0.,0.));
#2515=DIRECTION('center_axis',(0.,0.,1.));
#2516=DIRECTION('ref_axis',(0.,-1.,0.));
#2517=DIRECTION('',(0.,-1.,0.));
#2518=DIRECTION('',(0.,-1.,0.));
#2519=DIRECTION('',(1.,0.,0.));
#2520=DIRECTION('center_axis',(0.,1.,0.));
#2521=DIRECTION('ref_axis',(0.,0.,1.));
#2522=DIRECTION('',(0.,0.,1.));
#2523=DIRECTION('',(0.,0.,1.));
#2524=DIRECTION('center_axis',(1.,0.,0.));
#2525=DIRECTION('ref_axis',(0.,0.,-1.));
#2526=DIRECTION('center_axis',(1.,0.,0.));
#2527=DIRECTION('ref_axis',(0.,1.,0.));
#2528=DIRECTION('',(0.,0.,1.));
#2529=DIRECTION('',(1.,0.,0.));
#2530=DIRECTION('',(0.,0.,1.));
#2531=DIRECTION('',(1.,0.,0.));
#2532=DIRECTION('',(0.,0.,1.));
#2533=DIRECTION('',(1.,0.,0.));
#2534=DIRECTION('',(0.,0.,1.));
#2535=DIRECTION('',(1.,0.,0.));
#2536=DIRECTION('',(0.,0.,1.));
#2537=DIRECTION('',(1.,0.,0.));
#2538=DIRECTION('',(0.,0.,1.));
#2539=DIRECTION('',(1.,0.,0.));
#2540=DIRECTION('',(0.,0.,1.));
#2541=DIRECTION('',(1.,0.,0.));
#2542=DIRECTION('',(0.,0.,1.));
#2543=DIRECTION('',(1.,0.,0.));
#2544=DIRECTION('',(0.,0.,1.));
#2545=DIRECTION('',(1.,0.,0.));
#2546=DIRECTION('axis',(0.,0.,1.));
#2547=DIRECTION('refdir',(1.,0.,0.));
#2548=DIRECTION('axis',(0.,0.,1.));
#2549=DIRECTION('refdir',(1.,0.,0.));
#2550=DIRECTION('axis',(0.,0.,1.));
#2551=DIRECTION('refdir',(1.,0.,0.));
#2552=DIRECTION('center_axis',(0.,1.,0.));
#2553=DIRECTION('ref_axis',(-1.,0.,0.));
#2554=DIRECTION('',(-1.,0.,0.));
#2555=DIRECTION('',(6.31541089680849E-15,0.,1.));
#2556=DIRECTION('',(-1.,0.,0.));
#2557=DIRECTION('',(6.31541089680849E-15,0.,1.));
#2558=DIRECTION('center_axis',(1.,0.,-6.31541089680849E-15));
#2559=DIRECTION('ref_axis',(0.,1.,0.));
#2560=DIRECTION('',(0.,1.,0.));
#2561=DIRECTION('',(0.,1.,0.));
#2562=DIRECTION('',(6.31541089680849E-15,0.,1.));
#2563=DIRECTION('center_axis',(0.,-1.,0.));
#2564=DIRECTION('ref_axis',(1.,0.,-6.31541089680849E-15));
#2565=DIRECTION('',(1.,0.,-6.31541089680849E-15));
#2566=DIRECTION('',(1.,0.,-6.31541089680849E-15));
#2567=DIRECTION('',(6.31541089680849E-15,0.,1.));
#2568=DIRECTION('center_axis',(-1.,2.20282867040065E-29,6.31541089680849E-15));
#2569=DIRECTION('ref_axis',(-2.30923340603151E-32,-1.,3.48436463272192E-15));
#2570=DIRECTION('',(-2.30923340603151E-32,-1.,3.48436463272192E-15));
#2571=DIRECTION('',(-2.30923340603151E-32,-1.,3.48436463272192E-15));
#2572=DIRECTION('center_axis',(6.31541089680849E-15,0.,1.));
#2573=DIRECTION('ref_axis',(1.,0.,-6.31541089680849E-15));
#2574=DIRECTION('center_axis',(6.31541089680849E-15,0.,1.));
#2575=DIRECTION('ref_axis',(1.,0.,-6.31541089680849E-15));
#2576=DIRECTION('',(0.,0.,1.));
#2577=DIRECTION('',(1.,0.,0.));
#2578=DIRECTION('axis',(0.,0.,1.));
#2579=DIRECTION('refdir',(1.,0.,0.));
#2580=DIRECTION('axis',(0.,0.,1.));
#2581=DIRECTION('refdir',(1.,0.,0.));
#2582=DIRECTION('center_axis',(0.,1.,0.));
#2583=DIRECTION('ref_axis',(-1.,0.,0.));
#2584=DIRECTION('',(-1.,0.,0.));
#2585=DIRECTION('',(0.,0.,1.));
#2586=DIRECTION('',(-1.,0.,0.));
#2587=DIRECTION('',(0.,0.,1.));
#2588=DIRECTION('center_axis',(1.,0.,0.));
#2589=DIRECTION('ref_axis',(0.,1.,0.));
#2590=DIRECTION('',(0.,1.,0.));
#2591=DIRECTION('',(0.,1.,0.));
#2592=DIRECTION('',(0.,0.,1.));
#2593=DIRECTION('center_axis',(0.,-1.,0.));
#2594=DIRECTION('ref_axis',(1.,0.,0.));
#2595=DIRECTION('',(1.,0.,0.));
#2596=DIRECTION('',(1.,0.,0.));
#2597=DIRECTION('',(0.,0.,1.));
#2598=DIRECTION('center_axis',(-1.,0.,0.));
#2599=DIRECTION('ref_axis',(0.,-1.,0.));
#2600=DIRECTION('',(0.,-1.,0.));
#2601=DIRECTION('',(0.,-1.,0.));
#2602=DIRECTION('center_axis',(0.,0.,1.));
#2603=DIRECTION('ref_axis',(1.,0.,0.));
#2604=DIRECTION('',(1.,-4.66235390918701E-17,0.));
#2605=DIRECTION('',(-1.87326719565549E-17,-1.,0.));
#2606=DIRECTION('',(-1.,0.,0.));
#2607=DIRECTION('',(0.,1.,0.));
#2608=DIRECTION('center_axis',(0.,1.,0.));
#2609=DIRECTION('ref_axis',(-1.,0.,0.));
#2610=DIRECTION('',(0.,0.,1.));
#2611=DIRECTION('',(-1.,0.,0.));
#2612=DIRECTION('',(0.,0.,1.));
#2613=DIRECTION('center_axis',(-1.,1.87326719565549E-17,0.));
#2614=DIRECTION('ref_axis',(-1.87326719565549E-17,-1.,0.));
#2615=DIRECTION('',(0.,0.,1.));
#2616=DIRECTION('',(-1.87326719565549E-17,-1.,0.));
#2617=DIRECTION('center_axis',(1.,0.,0.));
#2618=DIRECTION('ref_axis',(0.,1.,0.));
#2619=DIRECTION('',(0.,1.,0.));
#2620=DIRECTION('',(0.,0.,1.));
#2621=DIRECTION('center_axis',(-4.66235390918701E-17,-1.,0.));
#2622=DIRECTION('ref_axis',(1.,-4.66235390918701E-17,0.));
#2623=DIRECTION('',(1.,-4.66235390918701E-17,0.));
#2624=DIRECTION('center_axis',(0.,0.,1.));
#2625=DIRECTION('ref_axis',(1.,0.,0.));
#2626=DIRECTION('center_axis',(0.,0.,1.));
#2627=DIRECTION('ref_axis',(1.,0.,0.));
#2628=DIRECTION('',(0.,0.,1.));
#2629=DIRECTION('',(1.,0.,0.));
#2630=DIRECTION('axis',(0.,0.,1.));
#2631=DIRECTION('refdir',(1.,0.,0.));
#2632=DIRECTION('axis',(0.,0.,1.));
#2633=DIRECTION('refdir',(1.,0.,0.));
#2634=DIRECTION('center_axis',(-1.,0.,0.));
#2635=DIRECTION('ref_axis',(0.,0.,1.));
#2636=DIRECTION('',(0.,0.,-1.));
#2637=DIRECTION('',(0.,1.,0.));
#2638=DIRECTION('',(0.,0.,1.));
#2639=DIRECTION('',(0.,1.,0.));
#2640=DIRECTION('center_axis',(0.,0.,-1.));
#2641=DIRECTION('ref_axis',(-1.,0.,0.));
#2642=DIRECTION('',(1.,0.,0.));
#2643=DIRECTION('',(-1.,0.,0.));
#2644=DIRECTION('',(0.,1.,0.));
#2645=DIRECTION('center_axis',(1.,0.,0.));
#2646=DIRECTION('ref_axis',(0.,0.,-1.));
#2647=DIRECTION('',(0.,0.,1.));
#2648=DIRECTION('',(0.,0.,-1.));
#2649=DIRECTION('',(0.,1.,0.));
#2650=DIRECTION('center_axis',(0.,0.,1.));
#2651=DIRECTION('ref_axis',(1.,0.,0.));
#2652=DIRECTION('',(-1.,0.,0.));
#2653=DIRECTION('',(1.,0.,0.));
#2654=DIRECTION('center_axis',(0.,1.,0.));
#2655=DIRECTION('ref_axis',(0.,0.,1.));
#2656=DIRECTION('center_axis',(0.,1.,0.));
#2657=DIRECTION('ref_axis',(1.,0.,0.));
#2658=DIRECTION('',(0.,0.,1.));
#2659=DIRECTION('',(1.,0.,0.));
#2660=DIRECTION('',(0.,0.,1.));
#2661=DIRECTION('',(1.,0.,0.));
#2662=DIRECTION('axis',(0.,0.,1.));
#2663=DIRECTION('refdir',(1.,0.,0.));
#2664=DIRECTION('axis',(0.,0.,1.));
#2665=DIRECTION('refdir',(1.,0.,0.));
#2666=DIRECTION('center_axis',(0.,0.,1.));
#2667=DIRECTION('ref_axis',(0.,-1.,0.));
#2668=DIRECTION('',(0.,-1.,0.));
#2669=DIRECTION('',(1.,0.,0.));
#2670=DIRECTION('',(0.,-1.,0.));
#2671=DIRECTION('',(1.,0.,0.));
#2672=DIRECTION('center_axis',(0.,1.,0.));
#2673=DIRECTION('ref_axis',(0.,0.,1.));
#2674=DIRECTION('',(0.,0.,1.));
#2675=DIRECTION('',(0.,0.,1.));
#2676=DIRECTION('',(1.,0.,0.));
#2677=DIRECTION('center_axis',(0.,0.,-1.));
#2678=DIRECTION('ref_axis',(0.,1.,0.));
#2679=DIRECTION('',(0.,1.,0.));
#2680=DIRECTION('',(0.,1.,0.));
#2681=DIRECTION('',(1.,0.,0.));
#2682=DIRECTION('center_axis',(0.,-1.,0.));
#2683=DIRECTION('ref_axis',(0.,0.,-1.));
#2684=DIRECTION('',(0.,0.,-1.));
#2685=DIRECTION('',(0.,0.,-1.));
#2686=DIRECTION('center_axis',(1.,0.,0.));
#2687=DIRECTION('ref_axis',(0.,0.,-1.));
#2688=DIRECTION('center_axis',(1.,0.,0.));
#2689=DIRECTION('ref_axis',(0.,1.,0.));
#2690=DIRECTION('',(0.,0.,1.));
#2691=DIRECTION('',(1.,0.,0.));
#2692=DIRECTION('axis',(0.,0.,1.));
#2693=DIRECTION('refdir',(1.,0.,0.));
#2694=DIRECTION('axis',(0.,0.,1.));
#2695=DIRECTION('refdir',(1.,0.,0.));
#2696=DIRECTION('center_axis',(0.,-1.,1.29406316473263E-32));
#2697=DIRECTION('ref_axis',(0.,-1.29406316473263E-32,-1.));
#2698=DIRECTION('',(0.,1.29406316473263E-32,1.));
#2699=DIRECTION('',(1.,0.,0.));
#2700=DIRECTION('',(0.,-1.29406316473263E-32,-1.));
#2701=DIRECTION('',(1.,0.,0.));
#2702=DIRECTION('center_axis',(0.,0.,1.));
#2703=DIRECTION('ref_axis',(0.,-1.,0.));
#2704=DIRECTION('',(0.,1.,0.));
#2705=DIRECTION('',(0.,-1.,0.));
#2706=DIRECTION('',(1.,0.,0.));
#2707=DIRECTION('center_axis',(0.,1.,0.));
#2708=DIRECTION('ref_axis',(0.,0.,1.));
#2709=DIRECTION('',(0.,0.,-1.));
#2710=DIRECTION('',(0.,0.,1.));
#2711=DIRECTION('',(1.,0.,0.));
#2712=DIRECTION('center_axis',(0.,0.,-1.));
#2713=DIRECTION('ref_axis',(0.,1.,0.));
#2714=DIRECTION('',(0.,-1.,0.));
#2715=DIRECTION('',(0.,1.,0.));
#2716=DIRECTION('center_axis',(1.,0.,0.));
#2717=DIRECTION('ref_axis',(0.,0.,-1.));
#2718=DIRECTION('center_axis',(1.,0.,0.));
#2719=DIRECTION('ref_axis',(0.,1.,0.));
#2720=DIRECTION('axis',(0.,0.,1.));
#2721=DIRECTION('refdir',(1.,0.,0.));
#2722=DIRECTION('center_axis',(0.,-1.,1.63117205638567E-34));
#2723=DIRECTION('ref_axis',(0.,-1.63117205638567E-34,-1.));
#2724=DIRECTION('',(0.,1.63117205638567E-34,1.));
#2725=DIRECTION('',(1.,0.,0.));
#2726=DIRECTION('',(0.,-1.63117205638567E-34,-1.));
#2727=DIRECTION('',(1.,0.,0.));
#2728=DIRECTION('center_axis',(0.,0.,1.));
#2729=DIRECTION('ref_axis',(0.,-1.,0.));
#2730=DIRECTION('',(0.,1.,0.));
#2731=DIRECTION('',(0.,-1.,0.));
#2732=DIRECTION('',(1.,0.,0.));
#2733=DIRECTION('center_axis',(0.,1.,0.));
#2734=DIRECTION('ref_axis',(0.,0.,1.));
#2735=DIRECTION('',(0.,0.,-1.));
#2736=DIRECTION('',(0.,0.,1.));
#2737=DIRECTION('',(1.,0.,0.));
#2738=DIRECTION('center_axis',(0.,0.,-1.));
#2739=DIRECTION('ref_axis',(0.,1.,0.));
#2740=DIRECTION('',(0.,-1.,0.));
#2741=DIRECTION('',(0.,1.,0.));
#2742=DIRECTION('center_axis',(1.,0.,0.));
#2743=DIRECTION('ref_axis',(0.,0.,-1.));
#2744=DIRECTION('center_axis',(1.,0.,0.));
#2745=DIRECTION('ref_axis',(0.,1.,0.));
#2746=DIRECTION('',(0.,0.,1.));
#2747=DIRECTION('',(1.,0.,0.));
#2748=DIRECTION('',(0.,0.,1.));
#2749=DIRECTION('',(1.,0.,0.));
#2750=DIRECTION('',(0.,0.,1.));
#2751=DIRECTION('',(1.,0.,0.));
#2752=DIRECTION('',(0.,0.,1.));
#2753=DIRECTION('',(1.,0.,0.));
#2754=DIRECTION('axis',(0.,0.,1.));
#2755=DIRECTION('refdir',(1.,0.,0.));
#2756=DIRECTION('axis',(0.,0.,1.));
#2757=DIRECTION('refdir',(1.,0.,0.));
#2758=DIRECTION('center_axis',(0.,-1.,0.));
#2759=DIRECTION('ref_axis',(0.,0.,-1.));
#2760=DIRECTION('',(0.,0.,1.));
#2761=DIRECTION('',(1.,0.,0.));
#2762=DIRECTION('',(0.,0.,-1.));
#2763=DIRECTION('',(1.,0.,0.));
#2764=DIRECTION('center_axis',(0.,0.,1.));
#2765=DIRECTION('ref_axis',(0.,-1.,0.));
#2766=DIRECTION('',(0.,1.,0.));
#2767=DIRECTION('',(0.,-1.,0.));
#2768=DIRECTION('',(1.,0.,0.));
#2769=DIRECTION('center_axis',(0.,1.,0.));
#2770=DIRECTION('ref_axis',(0.,0.,1.));
#2771=DIRECTION('',(0.,0.,-1.));
#2772=DIRECTION('',(0.,0.,1.));
#2773=DIRECTION('',(1.,0.,0.));
#2774=DIRECTION('center_axis',(0.,0.,-1.));
#2775=DIRECTION('ref_axis',(0.,1.,0.));
#2776=DIRECTION('',(0.,-1.,0.));
#2777=DIRECTION('',(0.,1.,0.));
#2778=DIRECTION('center_axis',(1.,0.,0.));
#2779=DIRECTION('ref_axis',(0.,0.,-1.));
#2780=DIRECTION('center_axis',(1.,0.,0.));
#2781=DIRECTION('ref_axis',(0.,1.,0.));
#2782=DIRECTION('axis',(0.,0.,1.));
#2783=DIRECTION('refdir',(1.,0.,0.));
#2784=DIRECTION('center_axis',(0.,-1.,0.));
#2785=DIRECTION('ref_axis',(0.,0.,-1.));
#2786=DIRECTION('',(0.,0.,1.));
#2787=DIRECTION('',(1.,0.,0.));
#2788=DIRECTION('',(0.,0.,-1.));
#2789=DIRECTION('',(1.,0.,0.));
#2790=DIRECTION('center_axis',(0.,0.,1.));
#2791=DIRECTION('ref_axis',(0.,-1.,0.));
#2792=DIRECTION('',(0.,1.,0.));
#2793=DIRECTION('',(0.,-1.,0.));
#2794=DIRECTION('',(1.,0.,0.));
#2795=DIRECTION('center_axis',(0.,1.,0.));
#2796=DIRECTION('ref_axis',(0.,0.,1.));
#2797=DIRECTION('',(0.,0.,-1.));
#2798=DIRECTION('',(0.,0.,1.));
#2799=DIRECTION('',(1.,0.,0.));
#2800=DIRECTION('center_axis',(0.,0.,-1.));
#2801=DIRECTION('ref_axis',(0.,1.,0.));
#2802=DIRECTION('',(0.,-1.,0.));
#2803=DIRECTION('',(0.,1.,0.));
#2804=DIRECTION('center_axis',(1.,0.,0.));
#2805=DIRECTION('ref_axis',(0.,0.,-1.));
#2806=DIRECTION('center_axis',(1.,0.,0.));
#2807=DIRECTION('ref_axis',(0.,1.,0.));
#2808=DIRECTION('axis',(0.,0.,1.));
#2809=DIRECTION('refdir',(1.,0.,0.));
#2810=DIRECTION('center_axis',(0.,-1.,0.));
#2811=DIRECTION('ref_axis',(0.,0.,-1.));
#2812=DIRECTION('',(0.,0.,1.));
#2813=DIRECTION('',(1.,0.,0.));
#2814=DIRECTION('',(0.,0.,-1.));
#2815=DIRECTION('',(1.,0.,0.));
#2816=DIRECTION('center_axis',(0.,0.,1.));
#2817=DIRECTION('ref_axis',(0.,-1.,0.));
#2818=DIRECTION('',(0.,1.,0.));
#2819=DIRECTION('',(0.,-1.,0.));
#2820=DIRECTION('',(1.,0.,0.));
#2821=DIRECTION('center_axis',(0.,1.,0.));
#2822=DIRECTION('ref_axis',(0.,0.,1.));
#2823=DIRECTION('',(0.,0.,-1.));
#2824=DIRECTION('',(0.,0.,1.));
#2825=DIRECTION('',(1.,0.,0.));
#2826=DIRECTION('center_axis',(0.,0.,-1.));
#2827=DIRECTION('ref_axis',(0.,1.,0.));
#2828=DIRECTION('',(0.,-1.,0.));
#2829=DIRECTION('',(0.,1.,0.));
#2830=DIRECTION('center_axis',(1.,0.,0.));
#2831=DIRECTION('ref_axis',(0.,0.,-1.));
#2832=DIRECTION('center_axis',(1.,0.,0.));
#2833=DIRECTION('ref_axis',(0.,1.,0.));
#2834=DIRECTION('',(0.,0.,1.));
#2835=DIRECTION('',(1.,0.,0.));
#2836=DIRECTION('',(0.,0.,1.));
#2837=DIRECTION('',(1.,0.,0.));
#2838=DIRECTION('',(0.,0.,1.));
#2839=DIRECTION('',(1.,0.,0.));
#2840=DIRECTION('',(0.,0.,1.));
#2841=DIRECTION('',(1.,0.,0.));
#2842=DIRECTION('',(0.,0.,1.));
#2843=DIRECTION('',(1.,0.,0.));
#2844=DIRECTION('',(0.,0.,1.));
#2845=DIRECTION('',(1.,0.,0.));
#2846=DIRECTION('',(0.,0.,1.));
#2847=DIRECTION('',(1.,0.,0.));
#2848=DIRECTION('',(0.,0.,1.));
#2849=DIRECTION('',(1.,0.,0.));
#2850=DIRECTION('',(0.,0.,1.));
#2851=DIRECTION('',(1.,0.,0.));
#2852=DIRECTION('',(0.,0.,1.));
#2853=DIRECTION('',(1.,0.,0.));
#2854=DIRECTION('axis',(0.,0.,1.));
#2855=DIRECTION('refdir',(1.,0.,0.));
#2856=DIRECTION('axis',(0.,0.,1.));
#2857=DIRECTION('refdir',(1.,0.,0.));
#2858=DIRECTION('axis',(0.,0.,1.));
#2859=DIRECTION('refdir',(1.,0.,0.));
#2860=DIRECTION('axis',(0.,0.,1.));
#2861=DIRECTION('refdir',(1.,0.,0.));
#2862=DIRECTION('axis',(0.,0.,1.));
#2863=DIRECTION('refdir',(1.,0.,0.));
#2864=DIRECTION('',(0.,0.,1.));
#2865=DIRECTION('',(1.,0.,0.));
#2866=DIRECTION('',(0.,0.,1.));
#2867=DIRECTION('',(1.,0.,0.));
#2868=DIRECTION('',(0.,0.,1.));
#2869=DIRECTION('',(1.,0.,0.));
#2870=DIRECTION('',(0.,0.,1.));
#2871=DIRECTION('',(1.,0.,0.));
#2872=DIRECTION('axis',(0.,0.,1.));
#2873=DIRECTION('refdir',(1.,0.,0.));
#2874=DIRECTION('axis',(0.,0.,1.));
#2875=DIRECTION('refdir',(1.,0.,0.));
#2876=DIRECTION('center_axis',(0.,1.,0.));
#2877=DIRECTION('ref_axis',(-1.,0.,0.));
#2878=DIRECTION('',(-1.,0.,0.));
#2879=DIRECTION('',(0.,0.,1.));
#2880=DIRECTION('',(-1.,0.,0.));
#2881=DIRECTION('',(0.,0.,1.));
#2882=DIRECTION('center_axis',(1.,0.,0.));
#2883=DIRECTION('ref_axis',(0.,1.,0.));
#2884=DIRECTION('',(0.,1.,0.));
#2885=DIRECTION('',(0.,1.,0.));
#2886=DIRECTION('',(0.,0.,1.));
#2887=DIRECTION('center_axis',(0.,-1.,0.));
#2888=DIRECTION('ref_axis',(1.,0.,0.));
#2889=DIRECTION('',(1.,0.,0.));
#2890=DIRECTION('',(1.,0.,0.));
#2891=DIRECTION('',(0.,0.,1.));
#2892=DIRECTION('center_axis',(-1.,0.,0.));
#2893=DIRECTION('ref_axis',(0.,-1.,0.));
#2894=DIRECTION('',(0.,-1.,0.));
#2895=DIRECTION('',(0.,-1.,0.));
#2896=DIRECTION('center_axis',(0.,0.,1.));
#2897=DIRECTION('ref_axis',(1.,0.,0.));
#2898=DIRECTION('center_axis',(0.,0.,1.));
#2899=DIRECTION('ref_axis',(1.,0.,0.));
#2900=DIRECTION('',(0.,0.,1.));
#2901=DIRECTION('',(1.,0.,0.));
#2902=DIRECTION('',(0.,0.,1.));
#2903=DIRECTION('',(1.,0.,0.));
#2904=DIRECTION('',(0.,0.,1.));
#2905=DIRECTION('',(1.,0.,0.));
#2906=DIRECTION('',(0.,0.,1.));
#2907=DIRECTION('',(1.,0.,0.));
#2908=DIRECTION('',(0.,0.,1.));
#2909=DIRECTION('',(1.,0.,0.));
#2910=DIRECTION('',(0.,0.,1.));
#2911=DIRECTION('',(1.,0.,0.));
#2912=DIRECTION('',(0.,0.,1.));
#2913=DIRECTION('',(1.,0.,0.));
#2914=DIRECTION('',(0.,0.,1.));
#2915=DIRECTION('',(1.,0.,0.));
#2916=DIRECTION('',(0.,0.,1.));
#2917=DIRECTION('',(1.,0.,0.));
#2918=DIRECTION('axis',(0.,0.,1.));
#2919=DIRECTION('refdir',(1.,0.,0.));
#2920=DIRECTION('axis',(0.,0.,1.));
#2921=DIRECTION('refdir',(1.,0.,0.));
#2922=DIRECTION('center_axis',(0.,-1.,0.));
#2923=DIRECTION('ref_axis',(0.,0.,-1.));
#2924=DIRECTION('',(0.,0.,1.));
#2925=DIRECTION('',(1.,0.,0.));
#2926=DIRECTION('',(0.,0.,-1.));
#2927=DIRECTION('',(1.,0.,0.));
#2928=DIRECTION('center_axis',(0.,0.,1.));
#2929=DIRECTION('ref_axis',(0.,-1.,0.));
#2930=DIRECTION('',(0.,1.,0.));
#2931=DIRECTION('',(0.,-1.,0.));
#2932=DIRECTION('',(1.,0.,0.));
#2933=DIRECTION('center_axis',(0.,1.,0.));
#2934=DIRECTION('ref_axis',(0.,0.,1.));
#2935=DIRECTION('',(0.,0.,-1.));
#2936=DIRECTION('',(0.,0.,1.));
#2937=DIRECTION('',(1.,0.,0.));
#2938=DIRECTION('center_axis',(0.,0.,-1.));
#2939=DIRECTION('ref_axis',(0.,1.,0.));
#2940=DIRECTION('',(0.,-1.,0.));
#2941=DIRECTION('',(0.,1.,0.));
#2942=DIRECTION('center_axis',(1.,0.,0.));
#2943=DIRECTION('ref_axis',(0.,0.,-1.));
#2944=DIRECTION('center_axis',(1.,0.,0.));
#2945=DIRECTION('ref_axis',(0.,1.,0.));
#2946=DIRECTION('axis',(0.,0.,1.));
#2947=DIRECTION('refdir',(1.,0.,0.));
#2948=DIRECTION('center_axis',(0.,0.,-1.));
#2949=DIRECTION('ref_axis',(-1.,0.,0.));
#2950=DIRECTION('',(-1.,0.,0.));
#2951=DIRECTION('',(0.,1.,0.));
#2952=DIRECTION('',(-1.,0.,0.));
#2953=DIRECTION('',(0.,1.,0.));
#2954=DIRECTION('center_axis',(1.,0.,0.));
#2955=DIRECTION('ref_axis',(0.,0.,-1.));
#2956=DIRECTION('',(0.,0.,-1.));
#2957=DIRECTION('',(0.,0.,-1.));
#2958=DIRECTION('',(0.,1.,0.));
#2959=DIRECTION('center_axis',(0.,0.,1.));
#2960=DIRECTION('ref_axis',(1.,0.,0.));
#2961=DIRECTION('',(1.,0.,0.));
#2962=DIRECTION('',(1.,0.,0.));
#2963=DIRECTION('',(0.,1.,0.));
#2964=DIRECTION('center_axis',(-1.,0.,0.));
#2965=DIRECTION('ref_axis',(0.,0.,1.));
#2966=DIRECTION('',(0.,0.,1.));
#2967=DIRECTION('',(0.,0.,1.));
#2968=DIRECTION('center_axis',(0.,1.,0.));
#2969=DIRECTION('ref_axis',(0.,0.,1.));
#2970=DIRECTION('center_axis',(0.,1.,0.));
#2971=DIRECTION('ref_axis',(1.,0.,0.));
#2972=DIRECTION('axis',(0.,0.,1.));
#2973=DIRECTION('refdir',(1.,0.,0.));
#2974=DIRECTION('center_axis',(-1.,-3.49676543189026E-16,0.));
#2975=DIRECTION('ref_axis',(-3.49676543189026E-16,1.,0.));
#2976=DIRECTION('',(3.49676543189026E-16,-1.,0.));
#2977=DIRECTION('',(0.,0.,-1.));
#2978=DIRECTION('',(-3.49676543189026E-16,1.,0.));
#2979=DIRECTION('',(0.,0.,-1.));
#2980=DIRECTION('center_axis',(-0.707106781186547,-0.707106781186548,0.));
#2981=DIRECTION('ref_axis',(-0.707106781186548,0.707106781186547,0.));
#2982=DIRECTION('',(0.707106781186548,-0.707106781186547,0.));
#2983=DIRECTION('',(-0.707106781186548,0.707106781186547,0.));
#2984=DIRECTION('',(0.,0.,-1.));
#2985=DIRECTION('center_axis',(1.16558847729675E-16,-1.,0.));
#2986=DIRECTION('ref_axis',(-1.,-1.16558847729675E-16,0.));
#2987=DIRECTION('',(-1.,-1.16558847729675E-16,0.));
#2988=DIRECTION('',(-1.,-1.16558847729675E-16,0.));
#2989=DIRECTION('',(0.,0.,-1.));
#2990=DIRECTION('center_axis',(0.707106781186547,0.707106781186548,0.));
#2991=DIRECTION('ref_axis',(0.707106781186548,-0.707106781186547,0.));
#2992=DIRECTION('',(0.707106781186548,-0.707106781186547,0.));
#2993=DIRECTION('',(0.707106781186548,-0.707106781186547,0.));
#2994=DIRECTION('center_axis',(0.,0.,1.));
#2995=DIRECTION('ref_axis',(1.,0.,0.));
#2996=DIRECTION('center_axis',(0.,0.,-1.));
#2997=DIRECTION('ref_axis',(-1.,0.,0.));
#2998=DIRECTION('',(0.,0.,1.));
#2999=DIRECTION('',(1.,0.,0.));
#3000=DIRECTION('',(0.,0.,1.));
#3001=DIRECTION('',(1.,0.,0.));
#3002=DIRECTION('',(0.,0.,1.));
#3003=DIRECTION('',(1.,0.,0.));
#3004=DIRECTION('',(0.,0.,1.));
#3005=DIRECTION('',(1.,0.,0.));
#3006=DIRECTION('',(0.,0.,1.));
#3007=DIRECTION('',(1.,0.,0.));
#3008=DIRECTION('',(0.,0.,1.));
#3009=DIRECTION('',(1.37112543541207E-14,1.,0.));
#3010=DIRECTION('',(0.,0.,1.));
#3011=DIRECTION('',(-4.84057238736568E-14,-1.,0.));
#3012=DIRECTION('',(0.,0.,1.));
#3013=DIRECTION('',(-1.,-5.52335954751015E-15,0.));
#3014=DIRECTION('axis',(0.,0.,1.));
#3015=DIRECTION('refdir',(1.,0.,0.));
#3016=DIRECTION('axis',(0.,0.,1.));
#3017=DIRECTION('refdir',(1.,0.,0.));
#3018=DIRECTION('axis',(0.,0.,1.));
#3019=DIRECTION('refdir',(1.,0.,0.));
#3020=DIRECTION('',(0.,0.,1.));
#3021=DIRECTION('',(1.,0.,0.));
#3022=DIRECTION('',(0.,0.,1.));
#3023=DIRECTION('',(1.,0.,0.));
#3024=DIRECTION('',(0.,0.,1.));
#3025=DIRECTION('',(1.,0.,0.));
#3026=DIRECTION('',(0.,0.,1.));
#3027=DIRECTION('',(1.,0.,0.));
#3028=DIRECTION('',(0.,0.,1.));
#3029=DIRECTION('',(1.,0.,0.));
#3030=DIRECTION('',(0.,0.,1.));
#3031=DIRECTION('',(1.,0.,0.));
#3032=CARTESIAN_POINT('',(0.,0.,0.));
#3033=CARTESIAN_POINT('',(0.,0.,0.));
#3034=CARTESIAN_POINT('',(0.,0.,0.));
#3035=CARTESIAN_POINT('',(0.,0.,0.));
#3036=CARTESIAN_POINT('Origin',(0.25,0.,0.));
#3037=CARTESIAN_POINT('',(0.25,0.,68.5));
#3038=CARTESIAN_POINT('',(0.25,0.,0.));
#3039=CARTESIAN_POINT('',(0.25,0.,68.5));
#3040=CARTESIAN_POINT('',(0.250000000000001,0.5,68.5));
#3041=CARTESIAN_POINT('',(0.25,0.,68.5));
#3042=CARTESIAN_POINT('',(0.250000000000001,0.5,0.));
#3043=CARTESIAN_POINT('',(0.25,0.5,68.5));
#3044=CARTESIAN_POINT('',(0.25,0.,0.));
#3045=CARTESIAN_POINT('Origin',(10.5,0.,-4.85273686774737E-33));
#3046=CARTESIAN_POINT('',(10.5,0.,-4.85273686774737E-33));
#3047=CARTESIAN_POINT('',(0.25,0.,0.));
#3048=CARTESIAN_POINT('',(10.5,0.5,0.));
#3049=CARTESIAN_POINT('',(0.25,0.5,0.));
#3050=CARTESIAN_POINT('',(10.5,0.,-4.85273686774737E-33));
#3051=CARTESIAN_POINT('Origin',(10.5,0.,68.5));
#3052=CARTESIAN_POINT('',(10.5,0.,68.5));
#3053=CARTESIAN_POINT('',(10.5,0.,-4.85273686774737E-33));
#3054=CARTESIAN_POINT('',(10.5,0.5,68.5));
#3055=CARTESIAN_POINT('',(10.5,0.5,-4.85273686774737E-33));
#3056=CARTESIAN_POINT('',(10.5,0.,68.5));
#3057=CARTESIAN_POINT('Origin',(0.250000000000001,0.,68.5));
#3058=CARTESIAN_POINT('',(10.5,0.,68.5));
#3059=CARTESIAN_POINT('',(10.5,0.5,68.5));
#3060=CARTESIAN_POINT('Origin',(5.375,0.5,34.25));
#3061=CARTESIAN_POINT('Origin',(5.375,0.,34.25));
#3062=CARTESIAN_POINT('',(0.,0.,0.));
#3063=CARTESIAN_POINT('',(0.,28.5,0.));
#3064=CARTESIAN_POINT('',(0.,0.,0.));
#3065=CARTESIAN_POINT('Origin',(0.,0.,68.5));
#3066=CARTESIAN_POINT('',(0.,0.,68.5));
#3067=CARTESIAN_POINT('',(0.,0.,0.));
#3068=CARTESIAN_POINT('',(0.,0.,68.5));
#3069=CARTESIAN_POINT('',(0.25,0.,0.));
#3070=CARTESIAN_POINT('',(0.,0.,0.));
#3071=CARTESIAN_POINT('',(0.25,0.,68.5));
#3072=CARTESIAN_POINT('',(0.25,0.,68.5));
#3073=CARTESIAN_POINT('',(0.,0.,68.5));
#3074=CARTESIAN_POINT('Origin',(0.,29.,68.5));
#3075=CARTESIAN_POINT('',(0.,29.,68.5));
#3076=CARTESIAN_POINT('',(0.,29.,68.5));
#3077=CARTESIAN_POINT('',(0.25,29.,68.5));
#3078=CARTESIAN_POINT('',(0.25,29.,68.5));
#3079=CARTESIAN_POINT('',(0.,29.,68.5));
#3080=CARTESIAN_POINT('Origin',(0.,29.,0.));
#3081=CARTESIAN_POINT('',(0.,29.,0.));
#3082=CARTESIAN_POINT('',(0.,29.,0.));
#3083=CARTESIAN_POINT('',(0.25,29.,0.));
#3084=CARTESIAN_POINT('',(0.25,29.,0.));
#3085=CARTESIAN_POINT('',(0.,29.,0.));
#3086=CARTESIAN_POINT('Origin',(0.25,14.5,34.25));
#3087=CARTESIAN_POINT('',(0.25,28.5,0.));
#3088=CARTESIAN_POINT('',(0.25,0.,0.));
#3089=CARTESIAN_POINT('',(0.25,0.499999999999998,0.));
#3090=CARTESIAN_POINT('',(0.25,0.,0.));
#3091=CARTESIAN_POINT('',(0.25,0.499999999999998,68.));
#3092=CARTESIAN_POINT('',(0.25,0.5,51.125));
#3093=CARTESIAN_POINT('',(0.25,28.5,68.));
#3094=CARTESIAN_POINT('',(0.25,21.5,68.));
#3095=CARTESIAN_POINT('',(0.25,28.5,17.125));
#3096=CARTESIAN_POINT('Origin',(0.,28.5,0.));
#3097=CARTESIAN_POINT('',(0.5,28.5,68.));
#3098=CARTESIAN_POINT('',(0.,28.5,68.));
#3099=CARTESIAN_POINT('',(0.5,28.5,0.));
#3100=CARTESIAN_POINT('',(0.5,28.5,0.));
#3101=CARTESIAN_POINT('',(0.,28.5,0.));
#3102=CARTESIAN_POINT('Origin',(0.,28.5,68.));
#3103=CARTESIAN_POINT('',(0.5,0.499999999999998,68.));
#3104=CARTESIAN_POINT('',(0.,0.5,68.));
#3105=CARTESIAN_POINT('',(0.5,28.5,68.));
#3106=CARTESIAN_POINT('Origin',(0.,0.5,68.));
#3107=CARTESIAN_POINT('',(0.5,0.499999999999998,0.));
#3108=CARTESIAN_POINT('',(0.,0.5,0.));
#3109=CARTESIAN_POINT('',(0.5,0.5,68.));
#3110=CARTESIAN_POINT('Origin',(0.,0.5,0.));
#3111=CARTESIAN_POINT('',(0.,0.,0.));
#3112=CARTESIAN_POINT('',(0.5,0.5,0.));
#3113=CARTESIAN_POINT('Origin',(0.5,14.5,34.25));
#3114=CARTESIAN_POINT('Origin',(0.,14.5,34.25));
#3115=CARTESIAN_POINT('',(0.,0.,0.));
#3116=CARTESIAN_POINT('',(0.,0.,0.));
#3117=CARTESIAN_POINT('Origin',(0.5,0.5,68.));
#3118=CARTESIAN_POINT('',(0.5,0.5,68.));
#3119=CARTESIAN_POINT('',(0.5,28.5,68.));
#3120=CARTESIAN_POINT('',(0.5,0.5,68.));
#3121=CARTESIAN_POINT('',(10.5,28.5,68.));
#3122=CARTESIAN_POINT('',(0.5,28.5,68.));
#3123=CARTESIAN_POINT('',(10.5,0.499999999999998,68.));
#3124=CARTESIAN_POINT('',(10.5,0.5,68.));
#3125=CARTESIAN_POINT('',(0.5,0.5,68.));
#3126=CARTESIAN_POINT('Origin',(0.5,0.5,68.5));
#3127=CARTESIAN_POINT('',(0.5,0.499999999999998,68.5));
#3128=CARTESIAN_POINT('',(0.5,0.5,68.5));
#3129=CARTESIAN_POINT('',(10.5,0.499999999999998,68.5));
#3130=CARTESIAN_POINT('',(10.5,0.5,68.5));
#3131=CARTESIAN_POINT('',(0.5,0.499999999999998,68.5));
#3132=CARTESIAN_POINT('Origin',(0.5,28.5,68.5));
#3133=CARTESIAN_POINT('',(0.5,28.5,68.5));
#3134=CARTESIAN_POINT('',(0.5,28.5,68.5));
#3135=CARTESIAN_POINT('',(10.5,28.5,68.5));
#3136=CARTESIAN_POINT('',(10.5,28.5,68.5));
#3137=CARTESIAN_POINT('',(0.5,28.5,68.5));
#3138=CARTESIAN_POINT('Origin',(0.5,28.5,68.));
#3139=CARTESIAN_POINT('',(0.5,28.5,68.));
#3140=CARTESIAN_POINT('',(10.5,28.5,68.));
#3141=CARTESIAN_POINT('Origin',(10.5,14.5,68.25));
#3142=CARTESIAN_POINT('Origin',(0.5,14.5,68.25));
#3143=CARTESIAN_POINT('',(0.,0.,0.));
#3144=CARTESIAN_POINT('',(0.,0.,-12.));
#3145=CARTESIAN_POINT('',(0.,0.,-24.));
#3146=CARTESIAN_POINT('',(0.,0.,-36.));
#3147=CARTESIAN_POINT('',(0.,0.,-48.));
#3148=CARTESIAN_POINT('',(0.,0.,-60.));
#3149=CARTESIAN_POINT('',(0.,0.,0.));
#3150=CARTESIAN_POINT('',(0.,0.,0.));
#3151=CARTESIAN_POINT('',(0.,0.,0.));
#3152=CARTESIAN_POINT('',(0.,0.,0.));
#3153=CARTESIAN_POINT('',(0.,0.,0.));
#3154=CARTESIAN_POINT('',(0.,0.,0.));
#3155=CARTESIAN_POINT('Origin',(16.,29.,-0.500000000000101));
#3156=CARTESIAN_POINT('',(16.,29.,-0.500000000000101));
#3157=CARTESIAN_POINT('',(6.69677687749136E-31,29.,-0.500000000000101));
#3158=CARTESIAN_POINT('',(16.,29.,-0.500000000000101));
#3159=CARTESIAN_POINT('',(3.15770544840424E-15,29.,-1.01056520981628E-13));
#3160=CARTESIAN_POINT('',(6.69677687749136E-31,29.,-0.500000000000101));
#3161=CARTESIAN_POINT('',(16.,29.,-1.01056520981628E-13));
#3162=CARTESIAN_POINT('',(16.,29.,-1.01056520981628E-13));
#3163=CARTESIAN_POINT('',(16.,29.,-0.500000000000101));
#3164=CARTESIAN_POINT('Origin',(16.,0.,-0.500000000000101));
#3165=CARTESIAN_POINT('',(16.,0.,-0.500000000000101));
#3166=CARTESIAN_POINT('',(16.,0.,-0.500000000000101));
#3167=CARTESIAN_POINT('',(16.,0.,-1.01056520981628E-13));
#3168=CARTESIAN_POINT('',(16.,0.,-1.01056520981628E-13));
#3169=CARTESIAN_POINT('',(16.,0.,-0.500000000000101));
#3170=CARTESIAN_POINT('Origin',(0.,0.,-0.5));
#3171=CARTESIAN_POINT('',(0.,0.,-0.5));
#3172=CARTESIAN_POINT('',(0.,0.,-0.5));
#3173=CARTESIAN_POINT('',(3.15770544840424E-15,0.,0.));
#3174=CARTESIAN_POINT('',(3.15770544840424E-15,0.,0.));
#3175=CARTESIAN_POINT('',(0.,0.,-0.5));
#3176=CARTESIAN_POINT('Origin',(6.69677687749136E-31,29.,-0.500000000000101));
#3177=CARTESIAN_POINT('',(6.69677687749136E-31,29.,-0.500000000000101));
#3178=CARTESIAN_POINT('',(3.15770544840424E-15,29.,-1.01056520981628E-13));
#3179=CARTESIAN_POINT('Origin',(8.,14.5,-1.51584781472443E-13));
#3180=CARTESIAN_POINT('Origin',(8.,14.5,-0.500000000000051));
#3181=CARTESIAN_POINT('',(0.,0.,0.));
#3182=CARTESIAN_POINT('',(0.,0.,0.));
#3183=CARTESIAN_POINT('',(0.,0.,0.));
#3184=CARTESIAN_POINT('Origin',(16.,29.,-33.5));
#3185=CARTESIAN_POINT('',(16.,29.,-33.5));
#3186=CARTESIAN_POINT('',(0.,29.,-33.5));
#3187=CARTESIAN_POINT('',(16.,29.,-33.5));
#3188=CARTESIAN_POINT('',(0.,29.,-33.25));
#3189=CARTESIAN_POINT('',(0.,29.,-33.5));
#3190=CARTESIAN_POINT('',(16.,29.,-33.25));
#3191=CARTESIAN_POINT('',(16.,29.,-33.25));
#3192=CARTESIAN_POINT('',(16.,29.,-33.5));
#3193=CARTESIAN_POINT('Origin',(16.,0.,-33.5));
#3194=CARTESIAN_POINT('',(16.,0.,-33.5));
#3195=CARTESIAN_POINT('',(16.,0.,-33.5));
#3196=CARTESIAN_POINT('',(16.,0.,-33.25));
#3197=CARTESIAN_POINT('',(16.,0.,-33.25));
#3198=CARTESIAN_POINT('',(16.,0.,-33.5));
#3199=CARTESIAN_POINT('Origin',(0.,0.,-33.5));
#3200=CARTESIAN_POINT('',(0.,0.,-33.5));
#3201=CARTESIAN_POINT('',(0.,0.,-33.5));
#3202=CARTESIAN_POINT('',(0.,0.,-33.25));
#3203=CARTESIAN_POINT('',(0.,0.,-33.25));
#3204=CARTESIAN_POINT('',(0.,0.,-33.5));
#3205=CARTESIAN_POINT('Origin',(0.,29.,-33.5));
#3206=CARTESIAN_POINT('',(0.,29.,-33.5));
#3207=CARTESIAN_POINT('',(0.,29.,-33.25));
#3208=CARTESIAN_POINT('Origin',(8.,14.5,-33.25));
#3209=CARTESIAN_POINT('',(0.500000000000001,0.500000000000001,-33.25));
#3210=CARTESIAN_POINT('',(15.5,0.5,-33.25));
#3211=CARTESIAN_POINT('',(4.25,0.500000000000001,-33.25));
#3212=CARTESIAN_POINT('',(0.500000000000001,28.5,-33.25));
#3213=CARTESIAN_POINT('',(0.5,21.5,-33.25));
#3214=CARTESIAN_POINT('',(15.5,28.5,-33.25));
#3215=CARTESIAN_POINT('',(11.75,28.5,-33.25));
#3216=CARTESIAN_POINT('',(15.5,7.5,-33.25));
#3217=CARTESIAN_POINT('Origin',(15.5,28.5,-33.5));
#3218=CARTESIAN_POINT('',(0.5,28.5,-33.));
#3219=CARTESIAN_POINT('',(0.5,28.5,-33.5));
#3220=CARTESIAN_POINT('',(15.5,28.5,-33.));
#3221=CARTESIAN_POINT('',(15.5,28.5,-33.));
#3222=CARTESIAN_POINT('',(15.5,28.5,-33.5));
#3223=CARTESIAN_POINT('Origin',(0.5,28.5,-33.5));
#3224=CARTESIAN_POINT('',(0.5,0.500000000000001,-33.));
#3225=CARTESIAN_POINT('',(0.5,0.500000000000001,-33.5));
#3226=CARTESIAN_POINT('',(0.5,28.5,-33.));
#3227=CARTESIAN_POINT('Origin',(15.5,0.5,-33.5));
#3228=CARTESIAN_POINT('',(15.5,0.5,-33.));
#3229=CARTESIAN_POINT('',(15.5,0.5,-33.));
#3230=CARTESIAN_POINT('',(15.5,0.5,-33.5));
#3231=CARTESIAN_POINT('Origin',(0.5,0.500000000000001,-33.5));
#3232=CARTESIAN_POINT('',(0.5,0.500000000000001,-33.));
#3233=CARTESIAN_POINT('Origin',(8.,14.5,-33.));
#3234=CARTESIAN_POINT('Origin',(8.,14.5,-33.5));
#3235=CARTESIAN_POINT('',(0.,0.,0.));
#3236=CARTESIAN_POINT('',(0.,0.,0.));
#3237=CARTESIAN_POINT('',(0.,0.,0.));
#3238=CARTESIAN_POINT('Origin',(0.,0.,-33.25));
#3239=CARTESIAN_POINT('',(0.,0.,-0.499999999999998));
#3240=CARTESIAN_POINT('',(0.,0.,-33.25));
#3241=CARTESIAN_POINT('',(0.,0.,-0.499999999999998));
#3242=CARTESIAN_POINT('',(0.,0.5,-0.499999999999998));
#3243=CARTESIAN_POINT('',(0.,0.,-0.499999999999998));
#3244=CARTESIAN_POINT('',(0.,0.5,-33.25));
#3245=CARTESIAN_POINT('',(0.,0.5,-0.499999999999998));
#3246=CARTESIAN_POINT('',(0.,0.,-33.25));
#3247=CARTESIAN_POINT('Origin',(15.5,0.,-33.25));
#3248=CARTESIAN_POINT('',(15.5,0.,-33.25));
#3249=CARTESIAN_POINT('',(0.,0.,-33.25));
#3250=CARTESIAN_POINT('',(15.5,0.5,-33.25));
#3251=CARTESIAN_POINT('',(0.,0.5,-33.25));
#3252=CARTESIAN_POINT('',(15.5,0.,-33.25));
#3253=CARTESIAN_POINT('Origin',(15.5,0.,-0.499999999999998));
#3254=CARTESIAN_POINT('',(15.5,0.,-0.499999999999998));
#3255=CARTESIAN_POINT('',(15.5,0.,-33.25));
#3256=CARTESIAN_POINT('',(15.5,0.5,-0.499999999999998));
#3257=CARTESIAN_POINT('',(15.5,0.5,-33.25));
#3258=CARTESIAN_POINT('',(15.5,0.,-0.499999999999998));
#3259=CARTESIAN_POINT('Origin',(0.,0.,-0.499999999999998));
#3260=CARTESIAN_POINT('',(15.5,0.,-0.499999999999998));
#3261=CARTESIAN_POINT('',(15.5,0.5,-0.499999999999998));
#3262=CARTESIAN_POINT('Origin',(7.75,0.5,-16.875));
#3263=CARTESIAN_POINT('Origin',(7.75,0.,-16.875));
#3264=CARTESIAN_POINT('',(0.,0.,0.));
#3265=CARTESIAN_POINT('',(1.3287708641183E-15,28.5,0.));
#3266=CARTESIAN_POINT('',(0.,0.,0.));
#3267=CARTESIAN_POINT('',(0.,0.,0.));
#3268=CARTESIAN_POINT('Origin',(0.,28.5,-0.499999999999998));
#3269=CARTESIAN_POINT('',(0.,28.5,-0.499999999999998));
#3270=CARTESIAN_POINT('',(0.,0.5,-0.499999999999998));
#3271=CARTESIAN_POINT('',(0.,28.5,-0.499999999999998));
#3272=CARTESIAN_POINT('',(0.5,0.5,-0.499999999999998));
#3273=CARTESIAN_POINT('',(0.,0.5,-0.499999999999998));
#3274=CARTESIAN_POINT('',(0.5,28.5,-0.499999999999998));
#3275=CARTESIAN_POINT('',(0.5,28.5,-0.499999999999998));
#3276=CARTESIAN_POINT('',(0.,28.5,-0.499999999999998));
#3277=CARTESIAN_POINT('Origin',(0.,28.5,-33.25));
#3278=CARTESIAN_POINT('',(0.,28.5,-33.25));
#3279=CARTESIAN_POINT('',(0.,28.5,-33.25));
#3280=CARTESIAN_POINT('',(0.5,28.5,-33.25));
#3281=CARTESIAN_POINT('',(0.5,28.5,-33.25));
#3282=CARTESIAN_POINT('',(0.,28.5,-33.25));
#3283=CARTESIAN_POINT('Origin',(0.,0.5,-33.25));
#3284=CARTESIAN_POINT('',(0.,0.5,-33.25));
#3285=CARTESIAN_POINT('',(0.,0.5,-33.25));
#3286=CARTESIAN_POINT('',(0.5,0.5,-33.25));
#3287=CARTESIAN_POINT('',(0.5,0.5,-33.25));
#3288=CARTESIAN_POINT('',(0.,0.5,-33.25));
#3289=CARTESIAN_POINT('Origin',(0.,0.5,-0.499999999999998));
#3290=CARTESIAN_POINT('',(0.,0.5,-0.499999999999998));
#3291=CARTESIAN_POINT('',(0.5,0.5,-0.499999999999998));
#3292=CARTESIAN_POINT('Origin',(0.5,14.5,-16.875));
#3293=CARTESIAN_POINT('Origin',(0.,14.5,-16.875));
#3294=CARTESIAN_POINT('',(0.,0.,0.));
#3295=CARTESIAN_POINT('',(0.,0.,0.));
#3296=CARTESIAN_POINT('',(0.,0.,0.));
#3297=CARTESIAN_POINT('Origin',(15.5,0.,-0.5));
#3298=CARTESIAN_POINT('',(15.5,-1.94109474709895E-32,-2.));
#3299=CARTESIAN_POINT('',(15.5,0.,-0.5));
#3300=CARTESIAN_POINT('',(15.5,-1.94109474709895E-32,-2.));
#3301=CARTESIAN_POINT('',(16.,0.,-2.));
#3302=CARTESIAN_POINT('',(15.5,-1.94109474709895E-32,-2.));
#3303=CARTESIAN_POINT('',(16.,0.,-0.5));
#3304=CARTESIAN_POINT('',(16.,-1.94109474709895E-32,-2.));
#3305=CARTESIAN_POINT('',(15.5,0.,-0.5));
#3306=CARTESIAN_POINT('Origin',(15.5,29.,-0.5));
#3307=CARTESIAN_POINT('',(15.5,29.,-0.5));
#3308=CARTESIAN_POINT('',(15.5,0.,-0.5));
#3309=CARTESIAN_POINT('',(16.,29.,-0.5));
#3310=CARTESIAN_POINT('',(16.,0.,-0.5));
#3311=CARTESIAN_POINT('',(15.5,29.,-0.5));
#3312=CARTESIAN_POINT('Origin',(15.5,29.,-2.));
#3313=CARTESIAN_POINT('',(15.5,29.,-2.));
#3314=CARTESIAN_POINT('',(15.5,29.,-0.5));
#3315=CARTESIAN_POINT('',(16.,29.,-2.));
#3316=CARTESIAN_POINT('',(16.,29.,-0.5));
#3317=CARTESIAN_POINT('',(15.5,29.,-2.));
#3318=CARTESIAN_POINT('Origin',(15.5,0.,-2.));
#3319=CARTESIAN_POINT('',(15.5,29.,-2.));
#3320=CARTESIAN_POINT('',(16.,29.,-2.));
#3321=CARTESIAN_POINT('Origin',(16.,14.5,-1.25));
#3322=CARTESIAN_POINT('Origin',(15.5,14.5,-1.25));
#3323=CARTESIAN_POINT('',(0.,0.,0.));
#3324=CARTESIAN_POINT('Origin',(15.5,0.,-2.));
#3325=CARTESIAN_POINT('',(15.5,-4.85273686774737E-33,-31.75));
#3326=CARTESIAN_POINT('',(15.5,0.,-2.));
#3327=CARTESIAN_POINT('',(15.5,-4.85273686774737E-33,-31.75));
#3328=CARTESIAN_POINT('',(16.,0.,-31.75));
#3329=CARTESIAN_POINT('',(15.5,-4.85273686774737E-33,-31.75));
#3330=CARTESIAN_POINT('',(16.,0.,-2.));
#3331=CARTESIAN_POINT('',(16.,-4.85273686774737E-33,-31.75));
#3332=CARTESIAN_POINT('',(15.5,0.,-2.));
#3333=CARTESIAN_POINT('Origin',(15.5,1.5,-2.));
#3334=CARTESIAN_POINT('',(15.5,1.5,-2.));
#3335=CARTESIAN_POINT('',(15.5,0.,-2.));
#3336=CARTESIAN_POINT('',(16.,1.5,-2.));
#3337=CARTESIAN_POINT('',(16.,0.,-2.));
#3338=CARTESIAN_POINT('',(15.5,1.5,-2.));
#3339=CARTESIAN_POINT('Origin',(15.5,1.5,-31.75));
#3340=CARTESIAN_POINT('',(15.5,1.5,-31.75));
#3341=CARTESIAN_POINT('',(15.5,1.5,-2.));
#3342=CARTESIAN_POINT('',(16.,1.5,-31.75));
#3343=CARTESIAN_POINT('',(16.,1.5,-2.));
#3344=CARTESIAN_POINT('',(15.5,1.5,-31.75));
#3345=CARTESIAN_POINT('Origin',(15.5,0.,-31.75));
#3346=CARTESIAN_POINT('',(15.5,1.5,-31.75));
#3347=CARTESIAN_POINT('',(16.,1.5,-31.75));
#3348=CARTESIAN_POINT('Origin',(16.,0.75,-16.875));
#3349=CARTESIAN_POINT('Origin',(15.5,0.75,-16.875));
#3350=CARTESIAN_POINT('',(0.,0.,0.));
#3351=CARTESIAN_POINT('',(0.,0.,0.));
#3352=CARTESIAN_POINT('',(0.,0.,-31.25));
#3353=CARTESIAN_POINT('',(0.,27.5,0.));
#3354=CARTESIAN_POINT('',(0.,0.,0.));
#3355=CARTESIAN_POINT('',(0.,0.,0.));
#3356=CARTESIAN_POINT('Origin',(16.25,2.75,-3.));
#3357=CARTESIAN_POINT('',(16.25,2.75,-30.75));
#3358=CARTESIAN_POINT('',(16.25,2.75,-3.));
#3359=CARTESIAN_POINT('',(16.25,2.75,-30.75));
#3360=CARTESIAN_POINT('',(16.5,2.75,-30.75));
#3361=CARTESIAN_POINT('',(16.25,2.75,-30.75));
#3362=CARTESIAN_POINT('',(16.5,2.75,-3.));
#3363=CARTESIAN_POINT('',(16.5,2.75,-30.75));
#3364=CARTESIAN_POINT('',(16.25,2.75,-3.));
#3365=CARTESIAN_POINT('Origin',(16.25,12.6875,-3.));
#3366=CARTESIAN_POINT('',(16.25,12.6875,-3.));
#3367=CARTESIAN_POINT('',(16.25,2.75,-3.));
#3368=CARTESIAN_POINT('',(16.5,12.6875,-3.));
#3369=CARTESIAN_POINT('',(16.5,2.75,-3.));
#3370=CARTESIAN_POINT('',(16.25,12.6875,-3.));
#3371=CARTESIAN_POINT('Origin',(16.25,12.6875,-30.75));
#3372=CARTESIAN_POINT('',(16.25,12.6875,-30.75));
#3373=CARTESIAN_POINT('',(16.25,12.6875,-3.));
#3374=CARTESIAN_POINT('',(16.5,12.6875,-30.75));
#3375=CARTESIAN_POINT('',(16.5,12.6875,-3.));
#3376=CARTESIAN_POINT('',(16.25,12.6875,-30.75));
#3377=CARTESIAN_POINT('Origin',(16.25,2.75,-30.75));
#3378=CARTESIAN_POINT('',(16.25,12.6875,-30.75));
#3379=CARTESIAN_POINT('',(16.5,12.6875,-30.75));
#3380=CARTESIAN_POINT('Origin',(16.5,7.71875,-16.875));
#3381=CARTESIAN_POINT('Origin',(16.25,7.71875,-16.875));
#3382=CARTESIAN_POINT('',(0.,0.,0.));
#3383=CARTESIAN_POINT('Origin',(16.,1.,-1.25));
#3384=CARTESIAN_POINT('',(16.,1.,-3.25));
#3385=CARTESIAN_POINT('',(16.,1.,-1.25));
#3386=CARTESIAN_POINT('',(16.,1.,-3.25));
#3387=CARTESIAN_POINT('',(16.5,1.,-3.25));
#3388=CARTESIAN_POINT('',(16.,1.,-3.25));
#3389=CARTESIAN_POINT('',(16.5,1.,-1.25));
#3390=CARTESIAN_POINT('',(16.5,1.,-3.25));
#3391=CARTESIAN_POINT('',(16.,1.,-1.25));
#3392=CARTESIAN_POINT('Origin',(16.,14.4375,-1.25));
#3393=CARTESIAN_POINT('',(16.,14.4375,-1.25));
#3394=CARTESIAN_POINT('',(16.,1.,-1.25));
#3395=CARTESIAN_POINT('',(16.5,14.4375,-1.25));
#3396=CARTESIAN_POINT('',(16.5,1.,-1.25));
#3397=CARTESIAN_POINT('',(16.,14.4375,-1.25));
#3398=CARTESIAN_POINT('Origin',(16.,14.4375,-3.25));
#3399=CARTESIAN_POINT('',(16.,14.4375,-3.25));
#3400=CARTESIAN_POINT('',(16.,14.4375,-1.25));
#3401=CARTESIAN_POINT('',(16.5,14.4375,-3.25));
#3402=CARTESIAN_POINT('',(16.5,14.4375,-1.25));
#3403=CARTESIAN_POINT('',(16.,14.4375,-3.25));
#3404=CARTESIAN_POINT('Origin',(16.,1.,-3.25));
#3405=CARTESIAN_POINT('',(16.,14.4375,-3.25));
#3406=CARTESIAN_POINT('',(16.5,14.4375,-3.25));
#3407=CARTESIAN_POINT('Origin',(16.5,7.71875,-2.25));
#3408=CARTESIAN_POINT('Origin',(16.,7.71875,-2.25));
#3409=CARTESIAN_POINT('',(0.,0.,0.));
#3410=CARTESIAN_POINT('Origin',(16.,1.,-3.25));
#3411=CARTESIAN_POINT('',(16.,1.,-30.5));
#3412=CARTESIAN_POINT('',(16.,1.,-3.25));
#3413=CARTESIAN_POINT('',(16.,1.,-30.5));
#3414=CARTESIAN_POINT('',(16.5,1.,-30.5));
#3415=CARTESIAN_POINT('',(16.,1.,-30.5));
#3416=CARTESIAN_POINT('',(16.5,1.,-3.25));
#3417=CARTESIAN_POINT('',(16.5,1.,-30.5));
#3418=CARTESIAN_POINT('',(16.,1.,-3.25));
#3419=CARTESIAN_POINT('Origin',(16.,3.,-3.25));
#3420=CARTESIAN_POINT('',(16.,3.,-3.25));
#3421=CARTESIAN_POINT('',(16.,1.,-3.25));
#3422=CARTESIAN_POINT('',(16.5,3.,-3.25));
#3423=CARTESIAN_POINT('',(16.5,1.,-3.25));
#3424=CARTESIAN_POINT('',(16.,3.,-3.25));
#3425=CARTESIAN_POINT('Origin',(16.,3.,-30.5));
#3426=CARTESIAN_POINT('',(16.,3.,-30.5));
#3427=CARTESIAN_POINT('',(16.,3.,-3.25));
#3428=CARTESIAN_POINT('',(16.5,3.,-30.5));
#3429=CARTESIAN_POINT('',(16.5,3.,-3.25));
#3430=CARTESIAN_POINT('',(16.,3.,-30.5));
#3431=CARTESIAN_POINT('Origin',(16.,1.,-30.5));
#3432=CARTESIAN_POINT('',(16.,3.,-30.5));
#3433=CARTESIAN_POINT('',(16.5,3.,-30.5));
#3434=CARTESIAN_POINT('Origin',(16.5,2.,-16.875));
#3435=CARTESIAN_POINT('Origin',(16.,2.,-16.875));
#3436=CARTESIAN_POINT('',(0.,0.,0.));
#3437=CARTESIAN_POINT('',(0.,0.,0.));
#3438=CARTESIAN_POINT('',(0.,0.,0.));
#3439=CARTESIAN_POINT('',(0.,0.,-29.25));
#3440=CARTESIAN_POINT('',(0.,11.4375,0.));
#3441=CARTESIAN_POINT('',(0.,13.5625,0.));
#3442=CARTESIAN_POINT('',(0.,13.5625,0.));
#3443=CARTESIAN_POINT('',(0.,13.5625,0.));
#3444=CARTESIAN_POINT('',(0.,13.5625,-29.25));
#3445=CARTESIAN_POINT('',(0.,25.,0.));
#3446=CARTESIAN_POINT('',(0.,0.,0.));
#3447=CARTESIAN_POINT('',(0.,0.,0.));
#3448=CARTESIAN_POINT('',(0.,0.,0.));
#3449=CARTESIAN_POINT('',(0.,0.,0.));
#3450=CARTESIAN_POINT('',(0.,0.,0.));
#3451=CARTESIAN_POINT('',(0.,0.,0.));
#3452=CARTESIAN_POINT('',(0.,0.,0.));
#3453=CARTESIAN_POINT('',(0.,0.,0.));
#3454=CARTESIAN_POINT('',(0.,0.,0.));
#3455=CARTESIAN_POINT('',(0.,0.,0.));
#3456=CARTESIAN_POINT('',(0.,0.,0.));
#3457=CARTESIAN_POINT('Origin',(15.5,28.5,-16.5));
#3458=CARTESIAN_POINT('',(15.5,28.5,-16.5));
#3459=CARTESIAN_POINT('',(0.5,28.5,-16.5));
#3460=CARTESIAN_POINT('',(15.5,28.5,-16.5));
#3461=CARTESIAN_POINT('',(0.5,28.5,-16.));
#3462=CARTESIAN_POINT('',(0.5,28.5,-16.5));
#3463=CARTESIAN_POINT('',(15.5,28.5,-16.));
#3464=CARTESIAN_POINT('',(15.5,28.5,-16.));
#3465=CARTESIAN_POINT('',(15.5,28.5,-16.5));
#3466=CARTESIAN_POINT('Origin',(15.5,0.5,-16.5));
#3467=CARTESIAN_POINT('',(15.5,0.5,-16.5));
#3468=CARTESIAN_POINT('',(15.5,0.5,-16.5));
#3469=CARTESIAN_POINT('',(15.5,0.499999999999998,-16.));
#3470=CARTESIAN_POINT('',(15.5,0.5,-16.));
#3471=CARTESIAN_POINT('',(15.5,0.5,-16.5));
#3472=CARTESIAN_POINT('Origin',(0.5,0.5,-16.5));
#3473=CARTESIAN_POINT('',(0.5,0.499999999999998,-16.5));
#3474=CARTESIAN_POINT('',(0.5,0.5,-16.5));
#3475=CARTESIAN_POINT('',(0.5,0.499999999999998,-16.));
#3476=CARTESIAN_POINT('',(0.5,0.5,-16.));
#3477=CARTESIAN_POINT('',(0.5,0.499999999999998,-16.5));
#3478=CARTESIAN_POINT('Origin',(0.5,28.5,-16.5));
#3479=CARTESIAN_POINT('',(0.5,28.5,-16.5));
#3480=CARTESIAN_POINT('',(0.5,28.5,-16.));
#3481=CARTESIAN_POINT('Origin',(8.,14.5,-16.));
#3482=CARTESIAN_POINT('Origin',(8.,14.5,-16.5));
#3483=CARTESIAN_POINT('',(0.,0.,0.));
#3484=CARTESIAN_POINT('',(0.,0.,0.));
#3485=CARTESIAN_POINT('',(0.,0.,0.));
#3486=CARTESIAN_POINT('',(0.,0.,0.));
#3487=CARTESIAN_POINT('',(0.,0.,0.));
#3488=CARTESIAN_POINT('',(0.,0.,0.));
#3489=CARTESIAN_POINT('',(0.,0.,0.));
#3490=CARTESIAN_POINT('',(0.,0.,0.));
#3491=CARTESIAN_POINT('',(0.,0.,0.));
#3492=CARTESIAN_POINT('',(0.,0.,0.));
#3493=CARTESIAN_POINT('',(0.,0.,0.));
#3494=CARTESIAN_POINT('Origin',(0.,0.,-33.5));
#3495=CARTESIAN_POINT('',(0.,0.,-37.));
#3496=CARTESIAN_POINT('',(0.,0.,-33.5));
#3497=CARTESIAN_POINT('',(0.,0.,-37.));
#3498=CARTESIAN_POINT('',(0.5,0.,-37.));
#3499=CARTESIAN_POINT('',(0.,0.,-37.));
#3500=CARTESIAN_POINT('',(0.5,0.,-33.5));
#3501=CARTESIAN_POINT('',(0.5,0.,-37.));
#3502=CARTESIAN_POINT('',(0.,0.,-33.5));
#3503=CARTESIAN_POINT('Origin',(0.,29.,-33.5));
#3504=CARTESIAN_POINT('',(0.,29.,-33.5));
#3505=CARTESIAN_POINT('',(0.,0.,-33.5));
#3506=CARTESIAN_POINT('',(0.5,29.,-33.5));
#3507=CARTESIAN_POINT('',(0.5,0.,-33.5));
#3508=CARTESIAN_POINT('',(0.,29.,-33.5));
#3509=CARTESIAN_POINT('Origin',(0.,29.,-37.));
#3510=CARTESIAN_POINT('',(0.,29.,-37.));
#3511=CARTESIAN_POINT('',(0.,29.,-33.5));
#3512=CARTESIAN_POINT('',(0.5,29.,-37.));
#3513=CARTESIAN_POINT('',(0.5,29.,-33.5));
#3514=CARTESIAN_POINT('',(0.,29.,-37.));
#3515=CARTESIAN_POINT('Origin',(0.,0.,-37.));
#3516=CARTESIAN_POINT('',(0.,29.,-37.));
#3517=CARTESIAN_POINT('',(0.5,29.,-37.));
#3518=CARTESIAN_POINT('Origin',(0.5,14.5,-35.25));
#3519=CARTESIAN_POINT('Origin',(0.,14.5,-35.25));
#3520=CARTESIAN_POINT('',(0.,0.,0.));
#3521=CARTESIAN_POINT('Origin',(12.5,0.,-37.));
#3522=CARTESIAN_POINT('',(12.5,0.,-37.));
#3523=CARTESIAN_POINT('',(0.5,0.,-37.));
#3524=CARTESIAN_POINT('',(12.5,0.,-37.));
#3525=CARTESIAN_POINT('',(0.5,0.5,-37.));
#3526=CARTESIAN_POINT('',(0.5,0.,-37.));
#3527=CARTESIAN_POINT('',(12.5,0.5,-37.));
#3528=CARTESIAN_POINT('',(12.5,0.5,-37.));
#3529=CARTESIAN_POINT('',(12.5,0.,-37.));
#3530=CARTESIAN_POINT('Origin',(12.5,0.,-33.5));
#3531=CARTESIAN_POINT('',(12.5,0.,-33.5));
#3532=CARTESIAN_POINT('',(12.5,0.,-33.5));
#3533=CARTESIAN_POINT('',(12.5,0.5,-33.5));
#3534=CARTESIAN_POINT('',(12.5,0.5,-33.5));
#3535=CARTESIAN_POINT('',(12.5,0.,-33.5));
#3536=CARTESIAN_POINT('Origin',(0.5,0.,-33.5));
#3537=CARTESIAN_POINT('',(0.5,0.,-33.5));
#3538=CARTESIAN_POINT('',(0.5,0.,-33.5));
#3539=CARTESIAN_POINT('',(0.5,0.5,-33.5));
#3540=CARTESIAN_POINT('',(0.5,0.5,-33.5));
#3541=CARTESIAN_POINT('',(0.5,0.,-33.5));
#3542=CARTESIAN_POINT('Origin',(0.5,0.,-37.));
#3543=CARTESIAN_POINT('',(0.5,0.,-37.));
#3544=CARTESIAN_POINT('',(0.5,0.5,-37.));
#3545=CARTESIAN_POINT('Origin',(6.5,0.5,-35.25));
#3546=CARTESIAN_POINT('Origin',(6.5,0.,-35.25));
#3547=CARTESIAN_POINT('',(0.,0.,0.));
#3548=CARTESIAN_POINT('Origin',(0.5,2.62867965644036,-33.5));
#3549=CARTESIAN_POINT('',(0.5,4.75,-33.5));
#3550=CARTESIAN_POINT('',(0.5,2.62867965644036,-33.5));
#3551=CARTESIAN_POINT('',(0.5,4.75,-33.5));
#3552=CARTESIAN_POINT('',(0.5,4.75,-37.));
#3553=CARTESIAN_POINT('',(0.5,4.75,-33.5));
#3554=CARTESIAN_POINT('',(0.5,2.62867965644036,-37.));
#3555=CARTESIAN_POINT('',(0.5,4.75,-37.));
#3556=CARTESIAN_POINT('',(0.5,2.62867965644036,-33.5));
#3557=CARTESIAN_POINT('Origin',(2.62132034355965,0.507359312880715,-33.5));
#3558=CARTESIAN_POINT('',(2.62132034355965,0.507359312880715,-33.5));
#3559=CARTESIAN_POINT('',(-0.560660171779821,3.68933982822018,-33.5));
#3560=CARTESIAN_POINT('',(2.62132034355965,0.507359312880715,-37.));
#3561=CARTESIAN_POINT('',(-0.560660171779821,3.68933982822018,-37.));
#3562=CARTESIAN_POINT('',(2.62132034355965,0.507359312880715,-33.5));
#3563=CARTESIAN_POINT('Origin',(4.74264068711929,0.507359312880715,-33.5));
#3564=CARTESIAN_POINT('',(4.74264068711929,0.507359312880715,-33.5));
#3565=CARTESIAN_POINT('',(4.74264068711929,0.507359312880715,-33.5));
#3566=CARTESIAN_POINT('',(4.74264068711929,0.507359312880715,-37.));
#3567=CARTESIAN_POINT('',(4.74264068711929,0.507359312880715,-37.));
#3568=CARTESIAN_POINT('',(4.74264068711929,0.507359312880715,-33.5));
#3569=CARTESIAN_POINT('Origin',(0.5,4.75,-33.5));
#3570=CARTESIAN_POINT('',(0.5,4.75,-33.5));
#3571=CARTESIAN_POINT('',(0.5,4.75,-37.));
#3572=CARTESIAN_POINT('Origin',(2.62132034355964,2.62867965644036,-33.5));
#3573=CARTESIAN_POINT('Origin',(2.62132034355964,2.62867965644036,-37.));
#3574=CARTESIAN_POINT('',(0.,0.,0.));
#3575=CARTESIAN_POINT('',(0.,0.,0.));
#3576=CARTESIAN_POINT('',(0.,0.,0.));
#3577=CARTESIAN_POINT('',(12.5,0.,0.));
#3578=CARTESIAN_POINT('',(0.,28.5,0.));
#3579=CARTESIAN_POINT('',(13.,0.00735931288068134,0.));
#3580=CARTESIAN_POINT('',(-0.00735931288055633,29.0000000000001,0.));
#3581=CARTESIAN_POINT('',(12.9926406871192,29.0073593128807,0.));
#3582=CARTESIAN_POINT('',(0.,0.,0.));
#3583=CARTESIAN_POINT('',(0.,0.,0.));
#3584=CARTESIAN_POINT('',(0.,0.,0.));
#3585=CARTESIAN_POINT('',(0.,0.,0.));
#3586=CARTESIAN_POINT('',(0.,0.,0.));
#3587=CARTESIAN_POINT('',(0.,0.,0.));
#3588=CARTESIAN_POINT('',(0.,0.,0.));
#3589=CARTESIAN_POINT('',(0.,0.,0.));
#3590=CARTESIAN_POINT('',(0.,0.,0.));
#3591=UNCERTAINTY_MEASURE_WITH_UNIT(LENGTH_MEASURE(0.000393700787401575),
#3668,'DISTANCE_ACCURACY_VALUE',
'Maximum model space distance between geometric entities at asserted c
onnectivities');
#3592=UNCERTAINTY_MEASURE_WITH_UNIT(LENGTH_MEASURE(0.000393700787401575),
#3668,'DISTANCE_ACCURACY_VALUE',
'Maximum model space distance between geometric entities at asserted c
onnectivities');
#3593=UNCERTAINTY_MEASURE_WITH_UNIT(LENGTH_MEASURE(0.000393700787401575),
#3668,'DISTANCE_ACCURACY_VALUE',
'Maximum model space distance between geometric entities at asserted c
onnectivities');
#3594=UNCERTAINTY_MEASURE_WITH_UNIT(LENGTH_MEASURE(0.000393700787401575),
#3668,'DISTANCE_ACCURACY_VALUE',
'Maximum model space distance between geometric entities at asserted c
onnectivities');
#3595=UNCERTAINTY_MEASURE_WITH_UNIT(LENGTH_MEASURE(0.000393700787401575),
#3668,'DISTANCE_ACCURACY_VALUE',
'Maximum model space distance between geometric entities at asserted c
onnectivities');
#3596=UNCERTAINTY_MEASURE_WITH_UNIT(LENGTH_MEASURE(0.000393700787401575),
#3668,'DISTANCE_ACCURACY_VALUE',
'Maximum model space distance between geometric entities at asserted c
onnectivities');
#3597=UNCERTAINTY_MEASURE_WITH_UNIT(LENGTH_MEASURE(0.000393700787401575),
#3668,'DISTANCE_ACCURACY_VALUE',
'Maximum model space distance between geometric entities at asserted c
onnectivities');
#3598=UNCERTAINTY_MEASURE_WITH_UNIT(LENGTH_MEASURE(0.000393700787401575),
#3668,'DISTANCE_ACCURACY_VALUE',
'Maximum model space distance between geometric entities at asserted c
onnectivities');
#3599=UNCERTAINTY_MEASURE_WITH_UNIT(LENGTH_MEASURE(0.000393700787401575),
#3668,'DISTANCE_ACCURACY_VALUE',
'Maximum model space distance between geometric entities at asserted c
onnectivities');
#3600=UNCERTAINTY_MEASURE_WITH_UNIT(LENGTH_MEASURE(0.000393700787401575),
#3668,'DISTANCE_ACCURACY_VALUE',
'Maximum model space distance between geometric entities at asserted c
onnectivities');
#3601=UNCERTAINTY_MEASURE_WITH_UNIT(LENGTH_MEASURE(0.000393700787401575),
#3668,'DISTANCE_ACCURACY_VALUE',
'Maximum model space distance between geometric entities at asserted c
onnectivities');
#3602=UNCERTAINTY_MEASURE_WITH_UNIT(LENGTH_MEASURE(0.000393700787401575),
#3668,'DISTANCE_ACCURACY_VALUE',
'Maximum model space distance between geometric entities at asserted c
onnectivities');
#3603=UNCERTAINTY_MEASURE_WITH_UNIT(LENGTH_MEASURE(0.000393700787401575),
#3668,'DISTANCE_ACCURACY_VALUE',
'Maximum model space distance between geometric entities at asserted c
onnectivities');
#3604=UNCERTAINTY_MEASURE_WITH_UNIT(LENGTH_MEASURE(0.000393700787401575),
#3668,'DISTANCE_ACCURACY_VALUE',
'Maximum model space distance between geometric entities at asserted c
onnectivities');
#3605=UNCERTAINTY_MEASURE_WITH_UNIT(LENGTH_MEASURE(0.000393700787401575),
#3668,'DISTANCE_ACCURACY_VALUE',
'Maximum model space distance between geometric entities at asserted c
onnectivities');
#3606=UNCERTAINTY_MEASURE_WITH_UNIT(LENGTH_MEASURE(0.000393700787401575),
#3668,'DISTANCE_ACCURACY_VALUE',
'Maximum model space distance between geometric entities at asserted c
onnectivities');
#3607=UNCERTAINTY_MEASURE_WITH_UNIT(LENGTH_MEASURE(0.000393700787401575),
#3668,'DISTANCE_ACCURACY_VALUE',
'Maximum model space distance between geometric entities at asserted c
onnectivities');
#3608=UNCERTAINTY_MEASURE_WITH_UNIT(LENGTH_MEASURE(0.000393700787401575),
#3668,'DISTANCE_ACCURACY_VALUE',
'Maximum model space distance between geometric entities at asserted c
onnectivities');
#3609=UNCERTAINTY_MEASURE_WITH_UNIT(LENGTH_MEASURE(0.000393700787401575),
#3668,'DISTANCE_ACCURACY_VALUE',
'Maximum model space distance between geometric entities at asserted c
onnectivities');
#3610=UNCERTAINTY_MEASURE_WITH_UNIT(LENGTH_MEASURE(0.000393700787401575),
#3668,'DISTANCE_ACCURACY_VALUE',
'Maximum model space distance between geometric entities at asserted c
onnectivities');
#3611=UNCERTAINTY_MEASURE_WITH_UNIT(LENGTH_MEASURE(0.000393700787401575),
#3668,'DISTANCE_ACCURACY_VALUE',
'Maximum model space distance between geometric entities at asserted c
onnectivities');
#3612=UNCERTAINTY_MEASURE_WITH_UNIT(LENGTH_MEASURE(0.000393700787401575),
#3668,'DISTANCE_ACCURACY_VALUE',
'Maximum model space distance between geometric entities at asserted c
onnectivities');
#3613=UNCERTAINTY_MEASURE_WITH_UNIT(LENGTH_MEASURE(0.000393700787401575),
#3668,'DISTANCE_ACCURACY_VALUE',
'Maximum model space distance between geometric entities at asserted c
onnectivities');
#3614=UNCERTAINTY_MEASURE_WITH_UNIT(LENGTH_MEASURE(0.000393700787401575),
#3668,'DISTANCE_ACCURACY_VALUE',
'Maximum model space distance between geometric entities at asserted c
onnectivities');
#3615=UNCERTAINTY_MEASURE_WITH_UNIT(LENGTH_MEASURE(0.000393700787401575),
#3668,'DISTANCE_ACCURACY_VALUE',
'Maximum model space distance between geometric entities at asserted c
onnectivities');
#3616=UNCERTAINTY_MEASURE_WITH_UNIT(LENGTH_MEASURE(0.000393700787401575),
#3668,'DISTANCE_ACCURACY_VALUE',
'Maximum model space distance between geometric entities at asserted c
onnectivities');
#3617=UNCERTAINTY_MEASURE_WITH_UNIT(LENGTH_MEASURE(0.000393700787401575),
#3668,'DISTANCE_ACCURACY_VALUE',
'Maximum model space distance between geometric entities at asserted c
onnectivities');
#3618=UNCERTAINTY_MEASURE_WITH_UNIT(LENGTH_MEASURE(0.000393700787401575),
#3668,'DISTANCE_ACCURACY_VALUE',
'Maximum model space distance between geometric entities at asserted c
onnectivities');
#3619=UNCERTAINTY_MEASURE_WITH_UNIT(LENGTH_MEASURE(0.000393700787401575),
#3668,'DISTANCE_ACCURACY_VALUE',
'Maximum model space distance between geometric entities at asserted c
onnectivities');
#3620=UNCERTAINTY_MEASURE_WITH_UNIT(LENGTH_MEASURE(0.000393700787401575),
#3668,'DISTANCE_ACCURACY_VALUE',
'Maximum model space distance between geometric entities at asserted c
onnectivities');
#3621=UNCERTAINTY_MEASURE_WITH_UNIT(LENGTH_MEASURE(0.000393700787401575),
#3668,'DISTANCE_ACCURACY_VALUE',
'Maximum model space distance between geometric entities at asserted c
onnectivities');
#3622=UNCERTAINTY_MEASURE_WITH_UNIT(LENGTH_MEASURE(0.000393700787401575),
#3668,'DISTANCE_ACCURACY_VALUE',
'Maximum model space distance between geometric entities at asserted c
onnectivities');
#3623=UNCERTAINTY_MEASURE_WITH_UNIT(LENGTH_MEASURE(0.000393700787401575),
#3668,'DISTANCE_ACCURACY_VALUE',
'Maximum model space distance between geometric entities at asserted c
onnectivities');
#3624=UNCERTAINTY_MEASURE_WITH_UNIT(LENGTH_MEASURE(0.000393700787401575),
#3668,'DISTANCE_ACCURACY_VALUE',
'Maximum model space distance between geometric entities at asserted c
onnectivities');
#3625=UNCERTAINTY_MEASURE_WITH_UNIT(LENGTH_MEASURE(0.000393700787401575),
#3668,'DISTANCE_ACCURACY_VALUE',
'Maximum model space distance between geometric entities at asserted c
onnectivities');
#3626=UNCERTAINTY_MEASURE_WITH_UNIT(LENGTH_MEASURE(0.000393700787401575),
#3668,'DISTANCE_ACCURACY_VALUE',
'Maximum model space distance between geometric entities at asserted c
onnectivities');
#3627=UNCERTAINTY_MEASURE_WITH_UNIT(LENGTH_MEASURE(0.000393700787401575),
#3668,'DISTANCE_ACCURACY_VALUE',
'Maximum model space distance between geometric entities at asserted c
onnectivities');
#3628=UNCERTAINTY_MEASURE_WITH_UNIT(LENGTH_MEASURE(0.000393700787401575),
#3668,'DISTANCE_ACCURACY_VALUE',
'Maximum model space distance between geometric entities at asserted c
onnectivities');
#3629=(
GEOMETRIC_REPRESENTATION_CONTEXT(3)
GLOBAL_UNCERTAINTY_ASSIGNED_CONTEXT((#3591))
GLOBAL_UNIT_ASSIGNED_CONTEXT((#3668,#3672,#3673))
REPRESENTATION_CONTEXT('','3D')
);
#3630=(
GEOMETRIC_REPRESENTATION_CONTEXT(3)
GLOBAL_UNCERTAINTY_ASSIGNED_CONTEXT((#3592))
GLOBAL_UNIT_ASSIGNED_CONTEXT((#3668,#3672,#3673))
REPRESENTATION_CONTEXT('','3D')
);
#3631=(
GEOMETRIC_REPRESENTATION_CONTEXT(3)
GLOBAL_UNCERTAINTY_ASSIGNED_CONTEXT((#3593))
GLOBAL_UNIT_ASSIGNED_CONTEXT((#3668,#3672,#3673))
REPRESENTATION_CONTEXT('','3D')
);
#3632=(
GEOMETRIC_REPRESENTATION_CONTEXT(3)
GLOBAL_UNCERTAINTY_ASSIGNED_CONTEXT((#3594))
GLOBAL_UNIT_ASSIGNED_CONTEXT((#3668,#3672,#3673))
REPRESENTATION_CONTEXT('','3D')
);
#3633=(
GEOMETRIC_REPRESENTATION_CONTEXT(3)
GLOBAL_UNCERTAINTY_ASSIGNED_CONTEXT((#3595))
GLOBAL_UNIT_ASSIGNED_CONTEXT((#3668,#3672,#3673))
REPRESENTATION_CONTEXT('','3D')
);
#3634=(
GEOMETRIC_REPRESENTATION_CONTEXT(3)
GLOBAL_UNCERTAINTY_ASSIGNED_CONTEXT((#3596))
GLOBAL_UNIT_ASSIGNED_CONTEXT((#3668,#3672,#3673))
REPRESENTATION_CONTEXT('','3D')
);
#3635=(
GEOMETRIC_REPRESENTATION_CONTEXT(3)
GLOBAL_UNCERTAINTY_ASSIGNED_CONTEXT((#3597))
GLOBAL_UNIT_ASSIGNED_CONTEXT((#3668,#3672,#3673))
REPRESENTATION_CONTEXT('','3D')
);
#3636=(
GEOMETRIC_REPRESENTATION_CONTEXT(3)
GLOBAL_UNCERTAINTY_ASSIGNED_CONTEXT((#3598))
GLOBAL_UNIT_ASSIGNED_CONTEXT((#3668,#3672,#3673))
REPRESENTATION_CONTEXT('','3D')
);
#3637=(
GEOMETRIC_REPRESENTATION_CONTEXT(3)
GLOBAL_UNCERTAINTY_ASSIGNED_CONTEXT((#3599))
GLOBAL_UNIT_ASSIGNED_CONTEXT((#3668,#3672,#3673))
REPRESENTATION_CONTEXT('','3D')
);
#3638=(
GEOMETRIC_REPRESENTATION_CONTEXT(3)
GLOBAL_UNCERTAINTY_ASSIGNED_CONTEXT((#3600))
GLOBAL_UNIT_ASSIGNED_CONTEXT((#3668,#3672,#3673))
REPRESENTATION_CONTEXT('','3D')
);
#3639=(
GEOMETRIC_REPRESENTATION_CONTEXT(3)
GLOBAL_UNCERTAINTY_ASSIGNED_CONTEXT((#3601))
GLOBAL_UNIT_ASSIGNED_CONTEXT((#3668,#3672,#3673))
REPRESENTATION_CONTEXT('','3D')
);
#3640=(
GEOMETRIC_REPRESENTATION_CONTEXT(3)
GLOBAL_UNCERTAINTY_ASSIGNED_CONTEXT((#3602))
GLOBAL_UNIT_ASSIGNED_CONTEXT((#3668,#3672,#3673))
REPRESENTATION_CONTEXT('','3D')
);
#3641=(
GEOMETRIC_REPRESENTATION_CONTEXT(3)
GLOBAL_UNCERTAINTY_ASSIGNED_CONTEXT((#3603))
GLOBAL_UNIT_ASSIGNED_CONTEXT((#3668,#3672,#3673))
REPRESENTATION_CONTEXT('','3D')
);
#3642=(
GEOMETRIC_REPRESENTATION_CONTEXT(3)
GLOBAL_UNCERTAINTY_ASSIGNED_CONTEXT((#3604))
GLOBAL_UNIT_ASSIGNED_CONTEXT((#3668,#3672,#3673))
REPRESENTATION_CONTEXT('','3D')
);
#3643=(
GEOMETRIC_REPRESENTATION_CONTEXT(3)
GLOBAL_UNCERTAINTY_ASSIGNED_CONTEXT((#3605))
GLOBAL_UNIT_ASSIGNED_CONTEXT((#3668,#3672,#3673))
REPRESENTATION_CONTEXT('','3D')
);
#3644=(
GEOMETRIC_REPRESENTATION_CONTEXT(3)
GLOBAL_UNCERTAINTY_ASSIGNED_CONTEXT((#3606))
GLOBAL_UNIT_ASSIGNED_CONTEXT((#3668,#3672,#3673))
REPRESENTATION_CONTEXT('','3D')
);
#3645=(
GEOMETRIC_REPRESENTATION_CONTEXT(3)
GLOBAL_UNCERTAINTY_ASSIGNED_CONTEXT((#3607))
GLOBAL_UNIT_ASSIGNED_CONTEXT((#3668,#3672,#3673))
REPRESENTATION_CONTEXT('','3D')
);
#3646=(
GEOMETRIC_REPRESENTATION_CONTEXT(3)
GLOBAL_UNCERTAINTY_ASSIGNED_CONTEXT((#3608))
GLOBAL_UNIT_ASSIGNED_CONTEXT((#3668,#3672,#3673))
REPRESENTATION_CONTEXT('','3D')
);
#3647=(
GEOMETRIC_REPRESENTATION_CONTEXT(3)
GLOBAL_UNCERTAINTY_ASSIGNED_CONTEXT((#3609))
GLOBAL_UNIT_ASSIGNED_CONTEXT((#3668,#3672,#3673))
REPRESENTATION_CONTEXT('','3D')
);
#3648=(
GEOMETRIC_REPRESENTATION_CONTEXT(3)
GLOBAL_UNCERTAINTY_ASSIGNED_CONTEXT((#3610))
GLOBAL_UNIT_ASSIGNED_CONTEXT((#3668,#3672,#3673))
REPRESENTATION_CONTEXT('','3D')
);
#3649=(
GEOMETRIC_REPRESENTATION_CONTEXT(3)
GLOBAL_UNCERTAINTY_ASSIGNED_CONTEXT((#3611))
GLOBAL_UNIT_ASSIGNED_CONTEXT((#3668,#3672,#3673))
REPRESENTATION_CONTEXT('','3D')
);
#3650=(
GEOMETRIC_REPRESENTATION_CONTEXT(3)
GLOBAL_UNCERTAINTY_ASSIGNED_CONTEXT((#3612))
GLOBAL_UNIT_ASSIGNED_CONTEXT((#3668,#3672,#3673))
REPRESENTATION_CONTEXT('','3D')
);
#3651=(
GEOMETRIC_REPRESENTATION_CONTEXT(3)
GLOBAL_UNCERTAINTY_ASSIGNED_CONTEXT((#3613))
GLOBAL_UNIT_ASSIGNED_CONTEXT((#3668,#3672,#3673))
REPRESENTATION_CONTEXT('','3D')
);
#3652=(
GEOMETRIC_REPRESENTATION_CONTEXT(3)
GLOBAL_UNCERTAINTY_ASSIGNED_CONTEXT((#3614))
GLOBAL_UNIT_ASSIGNED_CONTEXT((#3668,#3672,#3673))
REPRESENTATION_CONTEXT('','3D')
);
#3653=(
GEOMETRIC_REPRESENTATION_CONTEXT(3)
GLOBAL_UNCERTAINTY_ASSIGNED_CONTEXT((#3615))
GLOBAL_UNIT_ASSIGNED_CONTEXT((#3668,#3672,#3673))
REPRESENTATION_CONTEXT('','3D')
);
#3654=(
GEOMETRIC_REPRESENTATION_CONTEXT(3)
GLOBAL_UNCERTAINTY_ASSIGNED_CONTEXT((#3616))
GLOBAL_UNIT_ASSIGNED_CONTEXT((#3668,#3672,#3673))
REPRESENTATION_CONTEXT('','3D')
);
#3655=(
GEOMETRIC_REPRESENTATION_CONTEXT(3)
GLOBAL_UNCERTAINTY_ASSIGNED_CONTEXT((#3617))
GLOBAL_UNIT_ASSIGNED_CONTEXT((#3668,#3672,#3673))
REPRESENTATION_CONTEXT('','3D')
);
#3656=(
GEOMETRIC_REPRESENTATION_CONTEXT(3)
GLOBAL_UNCERTAINTY_ASSIGNED_CONTEXT((#3618))
GLOBAL_UNIT_ASSIGNED_CONTEXT((#3668,#3672,#3673))
REPRESENTATION_CONTEXT('','3D')
);
#3657=(
GEOMETRIC_REPRESENTATION_CONTEXT(3)
GLOBAL_UNCERTAINTY_ASSIGNED_CONTEXT((#3619))
GLOBAL_UNIT_ASSIGNED_CONTEXT((#3668,#3672,#3673))
REPRESENTATION_CONTEXT('','3D')
);
#3658=(
GEOMETRIC_REPRESENTATION_CONTEXT(3)
GLOBAL_UNCERTAINTY_ASSIGNED_CONTEXT((#3620))
GLOBAL_UNIT_ASSIGNED_CONTEXT((#3668,#3672,#3673))
REPRESENTATION_CONTEXT('','3D')
);
#3659=(
GEOMETRIC_REPRESENTATION_CONTEXT(3)
GLOBAL_UNCERTAINTY_ASSIGNED_CONTEXT((#3621))
GLOBAL_UNIT_ASSIGNED_CONTEXT((#3668,#3672,#3673))
REPRESENTATION_CONTEXT('','3D')
);
#3660=(
GEOMETRIC_REPRESENTATION_CONTEXT(3)
GLOBAL_UNCERTAINTY_ASSIGNED_CONTEXT((#3622))
GLOBAL_UNIT_ASSIGNED_CONTEXT((#3668,#3672,#3673))
REPRESENTATION_CONTEXT('','3D')
);
#3661=(
GEOMETRIC_REPRESENTATION_CONTEXT(3)
GLOBAL_UNCERTAINTY_ASSIGNED_CONTEXT((#3623))
GLOBAL_UNIT_ASSIGNED_CONTEXT((#3668,#3672,#3673))
REPRESENTATION_CONTEXT('','3D')
);
#3662=(
GEOMETRIC_REPRESENTATION_CONTEXT(3)
GLOBAL_UNCERTAINTY_ASSIGNED_CONTEXT((#3624))
GLOBAL_UNIT_ASSIGNED_CONTEXT((#3668,#3672,#3673))
REPRESENTATION_CONTEXT('','3D')
);
#3663=(
GEOMETRIC_REPRESENTATION_CONTEXT(3)
GLOBAL_UNCERTAINTY_ASSIGNED_CONTEXT((#3625))
GLOBAL_UNIT_ASSIGNED_CONTEXT((#3668,#3672,#3673))
REPRESENTATION_CONTEXT('','3D')
);
#3664=(
GEOMETRIC_REPRESENTATION_CONTEXT(3)
GLOBAL_UNCERTAINTY_ASSIGNED_CONTEXT((#3626))
GLOBAL_UNIT_ASSIGNED_CONTEXT((#3668,#3672,#3673))
REPRESENTATION_CONTEXT('','3D')
);
#3665=(
GEOMETRIC_REPRESENTATION_CONTEXT(3)
GLOBAL_UNCERTAINTY_ASSIGNED_CONTEXT((#3627))
GLOBAL_UNIT_ASSIGNED_CONTEXT((#3668,#3672,#3673))
REPRESENTATION_CONTEXT('','3D')
);
#3666=(
GEOMETRIC_REPRESENTATION_CONTEXT(3)
GLOBAL_UNCERTAINTY_ASSIGNED_CONTEXT((#3628))
GLOBAL_UNIT_ASSIGNED_CONTEXT((#3668,#3672,#3673))
REPRESENTATION_CONTEXT('','3D')
);
#3667=DIMENSIONAL_EXPONENTS(1.,0.,0.,0.,0.,0.,0.);
#3668=(
CONVERSION_BASED_UNIT('inch',#3671)
LENGTH_UNIT()
NAMED_UNIT(#3667)
);
#3669=(
LENGTH_UNIT()
NAMED_UNIT(*)
SI_UNIT(.MILLI.,.METRE.)
);
#3670=(
LENGTH_UNIT()
NAMED_UNIT(*)
SI_UNIT($,.METRE.)
);
#3671=LENGTH_MEASURE_WITH_UNIT(LENGTH_MEASURE(25.4),#3669);
#3672=(
NAMED_UNIT(*)
PLANE_ANGLE_UNIT()
SI_UNIT($,.RADIAN.)
);
#3673=(
NAMED_UNIT(*)
SI_UNIT($,.STERADIAN.)
SOLID_ANGLE_UNIT()
);
#3674=SHAPE_DEFINITION_REPRESENTATION(#3711,#3805);
#3675=SHAPE_DEFINITION_REPRESENTATION(#3712,#3806);
#3676=SHAPE_DEFINITION_REPRESENTATION(#3713,#3807);
#3677=SHAPE_DEFINITION_REPRESENTATION(#3714,#3808);
#3678=SHAPE_DEFINITION_REPRESENTATION(#3717,#3809);
#3679=SHAPE_DEFINITION_REPRESENTATION(#3718,#3810);
#3680=SHAPE_DEFINITION_REPRESENTATION(#3719,#3811);
#3681=SHAPE_DEFINITION_REPRESENTATION(#3729,#3812);
#3682=SHAPE_DEFINITION_REPRESENTATION(#3730,#3813);
#3683=SHAPE_DEFINITION_REPRESENTATION(#3731,#3814);
#3684=SHAPE_DEFINITION_REPRESENTATION(#3733,#3815);
#3685=SHAPE_DEFINITION_REPRESENTATION(#3734,#3816);
#3686=SHAPE_DEFINITION_REPRESENTATION(#3736,#3817);
#3687=SHAPE_DEFINITION_REPRESENTATION(#3737,#3818);
#3688=SHAPE_DEFINITION_REPRESENTATION(#3740,#3819);
#3689=SHAPE_DEFINITION_REPRESENTATION(#3741,#3820);
#3690=SHAPE_DEFINITION_REPRESENTATION(#3743,#3821);
#3691=SHAPE_DEFINITION_REPRESENTATION(#3744,#3822);
#3692=SHAPE_DEFINITION_REPRESENTATION(#3745,#3823);
#3693=SHAPE_DEFINITION_REPRESENTATION(#3750,#3824);
#3694=SHAPE_DEFINITION_REPRESENTATION(#3751,#3825);
#3695=SHAPE_DEFINITION_REPRESENTATION(#3752,#3826);
#3696=SHAPE_DEFINITION_REPRESENTATION(#3753,#3827);
#3697=SHAPE_DEFINITION_REPRESENTATION(#3764,#3828);
#3698=SHAPE_DEFINITION_REPRESENTATION(#3765,#3829);
#3699=SHAPE_DEFINITION_REPRESENTATION(#3766,#3830);
#3700=SHAPE_DEFINITION_REPRESENTATION(#3767,#3831);
#3701=SHAPE_DEFINITION_REPRESENTATION(#3768,#3832);
#3702=SHAPE_DEFINITION_REPRESENTATION(#3773,#3833);
#3703=SHAPE_DEFINITION_REPRESENTATION(#3774,#3834);
#3704=SHAPE_DEFINITION_REPRESENTATION(#3784,#3835);
#3705=SHAPE_DEFINITION_REPRESENTATION(#3785,#3836);
#3706=SHAPE_DEFINITION_REPRESENTATION(#3786,#3837);
#3707=SHAPE_DEFINITION_REPRESENTATION(#3787,#3838);
#3708=SHAPE_DEFINITION_REPRESENTATION(#3796,#3839);
#3709=SHAPE_DEFINITION_REPRESENTATION(#3797,#3840);
#3710=SHAPE_DEFINITION_REPRESENTATION(#3798,#3841);
#3711=PRODUCT_DEFINITION_SHAPE('',$,#3843);
#3712=PRODUCT_DEFINITION_SHAPE('',$,#3844);
#3713=PRODUCT_DEFINITION_SHAPE('',$,#3845);
#3714=PRODUCT_DEFINITION_SHAPE('',$,#3846);
#3715=PRODUCT_DEFINITION_SHAPE($,$,#183);
#3716=PRODUCT_DEFINITION_SHAPE($,$,#184);
#3717=PRODUCT_DEFINITION_SHAPE('',$,#3847);
#3718=PRODUCT_DEFINITION_SHAPE('',$,#3848);
#3719=PRODUCT_DEFINITION_SHAPE('',$,#3849);
#3720=PRODUCT_DEFINITION_SHAPE($,$,#185);
#3721=PRODUCT_DEFINITION_SHAPE($,$,#186);
#3722=PRODUCT_DEFINITION_SHAPE($,$,#187);
#3723=PRODUCT_DEFINITION_SHAPE($,$,#188);
#3724=PRODUCT_DEFINITION_SHAPE($,$,#189);
#3725=PRODUCT_DEFINITION_SHAPE($,$,#190);
#3726=PRODUCT_DEFINITION_SHAPE($,$,#191);
#3727=PRODUCT_DEFINITION_SHAPE($,$,#192);
#3728=PRODUCT_DEFINITION_SHAPE($,$,#193);
#3729=PRODUCT_DEFINITION_SHAPE('',$,#3850);
#3730=PRODUCT_DEFINITION_SHAPE('',$,#3851);
#3731=PRODUCT_DEFINITION_SHAPE('',$,#3852);
#3732=PRODUCT_DEFINITION_SHAPE($,$,#194);
#3733=PRODUCT_DEFINITION_SHAPE('',$,#3853);
#3734=PRODUCT_DEFINITION_SHAPE('',$,#3854);
#3735=PRODUCT_DEFINITION_SHAPE($,$,#195);
#3736=PRODUCT_DEFINITION_SHAPE('',$,#3855);
#3737=PRODUCT_DEFINITION_SHAPE('',$,#3856);
#3738=PRODUCT_DEFINITION_SHAPE($,$,#196);
#3739=PRODUCT_DEFINITION_SHAPE($,$,#197);
#3740=PRODUCT_DEFINITION_SHAPE('',$,#3857);
#3741=PRODUCT_DEFINITION_SHAPE('',$,#3858);
#3742=PRODUCT_DEFINITION_SHAPE($,$,#198);
#3743=PRODUCT_DEFINITION_SHAPE('',$,#3859);
#3744=PRODUCT_DEFINITION_SHAPE('',$,#3860);
#3745=PRODUCT_DEFINITION_SHAPE('',$,#3861);
#3746=PRODUCT_DEFINITION_SHAPE($,$,#199);
#3747=PRODUCT_DEFINITION_SHAPE($,$,#200);
#3748=PRODUCT_DEFINITION_SHAPE($,$,#201);
#3749=PRODUCT_DEFINITION_SHAPE($,$,#202);
#3750=PRODUCT_DEFINITION_SHAPE('',$,#3862);
#3751=PRODUCT_DEFINITION_SHAPE('',$,#3863);
#3752=PRODUCT_DEFINITION_SHAPE('',$,#3864);
#3753=PRODUCT_DEFINITION_SHAPE('',$,#3865);
#3754=PRODUCT_DEFINITION_SHAPE($,$,#203);
#3755=PRODUCT_DEFINITION_SHAPE($,$,#204);
#3756=PRODUCT_DEFINITION_SHAPE($,$,#205);
#3757=PRODUCT_DEFINITION_SHAPE($,$,#206);
#3758=PRODUCT_DEFINITION_SHAPE($,$,#207);
#3759=PRODUCT_DEFINITION_SHAPE($,$,#208);
#3760=PRODUCT_DEFINITION_SHAPE($,$,#209);
#3761=PRODUCT_DEFINITION_SHAPE($,$,#210);
#3762=PRODUCT_DEFINITION_SHAPE($,$,#211);
#3763=PRODUCT_DEFINITION_SHAPE($,$,#212);
#3764=PRODUCT_DEFINITION_SHAPE('',$,#3866);
#3765=PRODUCT_DEFINITION_SHAPE('',$,#3867);
#3766=PRODUCT_DEFINITION_SHAPE('',$,#3868);
#3767=PRODUCT_DEFINITION_SHAPE('',$,#3869);
#3768=PRODUCT_DEFINITION_SHAPE('',$,#3870);
#3769=PRODUCT_DEFINITION_SHAPE($,$,#213);
#3770=PRODUCT_DEFINITION_SHAPE($,$,#214);
#3771=PRODUCT_DEFINITION_SHAPE($,$,#215);
#3772=PRODUCT_DEFINITION_SHAPE($,$,#216);
#3773=PRODUCT_DEFINITION_SHAPE('',$,#3871);
#3774=PRODUCT_DEFINITION_SHAPE('',$,#3872);
#3775=PRODUCT_DEFINITION_SHAPE($,$,#217);
#3776=PRODUCT_DEFINITION_SHAPE($,$,#218);
#3777=PRODUCT_DEFINITION_SHAPE($,$,#219);
#3778=PRODUCT_DEFINITION_SHAPE($,$,#220);
#3779=PRODUCT_DEFINITION_SHAPE($,$,#221);
#3780=PRODUCT_DEFINITION_SHAPE($,$,#222);
#3781=PRODUCT_DEFINITION_SHAPE($,$,#223);
#3782=PRODUCT_DEFINITION_SHAPE($,$,#224);
#3783=PRODUCT_DEFINITION_SHAPE($,$,#225);
#3784=PRODUCT_DEFINITION_SHAPE('',$,#3873);
#3785=PRODUCT_DEFINITION_SHAPE('',$,#3874);
#3786=PRODUCT_DEFINITION_SHAPE('',$,#3875);
#3787=PRODUCT_DEFINITION_SHAPE('',$,#3876);
#3788=PRODUCT_DEFINITION_SHAPE($,$,#226);
#3789=PRODUCT_DEFINITION_SHAPE($,$,#227);
#3790=PRODUCT_DEFINITION_SHAPE($,$,#228);
#3791=PRODUCT_DEFINITION_SHAPE($,$,#229);
#3792=PRODUCT_DEFINITION_SHAPE($,$,#230);
#3793=PRODUCT_DEFINITION_SHAPE($,$,#231);
#3794=PRODUCT_DEFINITION_SHAPE($,$,#232);
#3795=PRODUCT_DEFINITION_SHAPE($,$,#233);
#3796=PRODUCT_DEFINITION_SHAPE('',$,#3877);
#3797=PRODUCT_DEFINITION_SHAPE('',$,#3878);
#3798=PRODUCT_DEFINITION_SHAPE('',$,#3879);
#3799=PRODUCT_DEFINITION_SHAPE($,$,#234);
#3800=PRODUCT_DEFINITION_SHAPE($,$,#235);
#3801=PRODUCT_DEFINITION_SHAPE($,$,#236);
#3802=PRODUCT_DEFINITION_SHAPE($,$,#237);
#3803=PRODUCT_DEFINITION_SHAPE($,$,#238);
#3804=PRODUCT_DEFINITION_SHAPE($,$,#239);
#3805=SHAPE_REPRESENTATION('',(#2219,#2412,#2413,#2414,#2415,#2416,#2417),
#3629);
#3806=SHAPE_REPRESENTATION('',(#2220,#2256,#2257,#2258),#3630);
#3807=SHAPE_REPRESENTATION('',(#2221,#2229,#2230),#3631);
#3808=SHAPE_REPRESENTATION('',(#2222),#3632);
#3809=SHAPE_REPRESENTATION('',(#2231),#3633);
#3810=SHAPE_REPRESENTATION('',(#2242,#2250,#2251,#2252,#2253,#2254,#2255),
#3634);
#3811=SHAPE_REPRESENTATION('',(#2243),#3635);
#3812=SHAPE_REPRESENTATION('',(#2259,#2371,#2372,#2373,#2374,#2375,#2376,
#2377,#2378),#3636);
#3813=SHAPE_REPRESENTATION('',(#2260,#2268),#3637);
#3814=SHAPE_REPRESENTATION('',(#2261),#3638);
#3815=SHAPE_REPRESENTATION('',(#2269,#2282),#3639);
#3816=SHAPE_REPRESENTATION('',(#2270),#3640);
#3817=SHAPE_REPRESENTATION('',(#2283,#2291,#2292),#3641);
#3818=SHAPE_REPRESENTATION('',(#2284),#3642);
#3819=SHAPE_REPRESENTATION('',(#2293,#2301),#3643);
#3820=SHAPE_REPRESENTATION('',(#2294),#3644);
#3821=SHAPE_REPRESENTATION('',(#2302,#2317,#2318,#2319,#2320),#3645);
#3822=SHAPE_REPRESENTATION('',(#2303),#3646);
#3823=SHAPE_REPRESENTATION('',(#2310),#3647);
#3824=SHAPE_REPRESENTATION('',(#2321,#2343,#2344,#2345,#2346,#2347,#2348,
#2349,#2350,#2351,#2352),#3648);
#3825=SHAPE_REPRESENTATION('',(#2322),#3649);
#3826=SHAPE_REPRESENTATION('',(#2329),#3650);
#3827=SHAPE_REPRESENTATION('',(#2336),#3651);
#3828=SHAPE_REPRESENTATION('',(#2353,#2358,#2359,#2360,#2361),#3652);
#3829=SHAPE_REPRESENTATION('',(#2354),#3653);
#3830=SHAPE_REPRESENTATION('',(#2355),#3654);
#3831=SHAPE_REPRESENTATION('',(#2356),#3655);
#3832=SHAPE_REPRESENTATION('',(#2357),#3656);
#3833=SHAPE_REPRESENTATION('',(#2362,#2370),#3657);
#3834=SHAPE_REPRESENTATION('',(#2363),#3658);
#3835=SHAPE_REPRESENTATION('',(#2379,#2401,#2402,#2403,#2404,#2405,#2406,
#2407,#2408),#3659);
#3836=SHAPE_REPRESENTATION('',(#2380),#3660);
#3837=SHAPE_REPRESENTATION('',(#2387),#3661);
#3838=SHAPE_REPRESENTATION('',(#2394),#3662);
#3839=SHAPE_REPRESENTATION('',(#2409),#3663);
#3840=SHAPE_REPRESENTATION('',(#2410),#3664);
#3841=SHAPE_REPRESENTATION('',(#2411),#3665);
#3842=PRODUCT_DEFINITION_CONTEXT('part definition',#3955,'design');
#3843=PRODUCT_DEFINITION('MS_BookShelves v2','MS_BookShelves v2 v27',#3880,
#3842);
#3844=PRODUCT_DEFINITION('~~~West Shelves','~~~West Shelves',#3881,#3842);
#3845=PRODUCT_DEFINITION('~~~>WS - Sides','~~~>WS - Sides',#3882,#3842);
#3846=PRODUCT_DEFINITION('>>WSSi_Sides','>>WSSi_Sides',#3883,#3842);
#3847=PRODUCT_DEFINITION('>WS - Back','>WS - Back',#3884,#3842);
#3848=PRODUCT_DEFINITION('~~~>WS - Shelves','~~~>WS - Shelves',#3885,#3842);
#3849=PRODUCT_DEFINITION('WSS_Shelves_','WSS_Shelves_',#3886,#3842);
#3850=PRODUCT_DEFINITION('~~~West Cabinet','~~~West Cabinet',#3887,#3842);
#3851=PRODUCT_DEFINITION('~~~WC - Table Top','~~~WC - Table Top',#3888,
#3842);
#3852=PRODUCT_DEFINITION('>>WCT_TableTop','>>WCT_TableTop',#3889,#3842);
#3853=PRODUCT_DEFINITION('~~~>WC - Bottom','~~~>WC - Bottom',#3890,#3842);
#3854=PRODUCT_DEFINITION('>>WCB_Bottom','>>WCB_Bottom',#3891,#3842);
#3855=PRODUCT_DEFINITION('~~~>WC - Sides','~~~>WC - Sides',#3892,#3842);
#3856=PRODUCT_DEFINITION('>>WCS_Sides','>>WCS_Sides',#3893,#3842);
#3857=PRODUCT_DEFINITION('~~~>WC - Back','~~~>WC - Back',#3894,#3842);
#3858=PRODUCT_DEFINITION('>>WCBa_Back','>>WCBa_Back',#3895,#3842);
#3859=PRODUCT_DEFINITION('~~~>WC - Front','~~~>WC - Front',#3896,#3842);
#3860=PRODUCT_DEFINITION('>>WCF - Top/Bottom','>>WCF - Top/Bottom',#3897,
#3842);
#3861=PRODUCT_DEFINITION('>>WCF - Left/Right','>>WCF - Left/Right',#3898,
#3842);
#3862=PRODUCT_DEFINITION('~~~>WC - Doors','~~~>WC - Doors',#3899,#3842);
#3863=PRODUCT_DEFINITION('>>WCD - Center','>>WCD - Center',#3900,#3842);
#3864=PRODUCT_DEFINITION('>>WCD - Top/Bottom','>>WCD - Top/Bottom',#3901,
#3842);
#3865=PRODUCT_DEFINITION('>>WCD - Left/Right','>>WCD - Left/Right',#3902,
#3842);
#3866=PRODUCT_DEFINITION('>WC - Molding','>WC - Molding',#3903,#3842);
#3867=PRODUCT_DEFINITION('WCM - West Top/Bottom',
'WCM - West Top/Bottom',#3904,#3842);
#3868=PRODUCT_DEFINITION('WC_M - West Left/Right',
'WC_M - West Left/Right',#3905,#3842);
#3869=PRODUCT_DEFINITION('WC_M - North Top/Bottom',
'WC_M - North Top/Bottom',#3906,#3842);
#3870=PRODUCT_DEFINITION('WC_M - North Left/Right',
'WC_M - North Left/Right',#3907,#3842);
#3871=PRODUCT_DEFINITION('~~~>WC - Shelves','~~~>WC - Shelves',#3908,#3842);
#3872=PRODUCT_DEFINITION('WCS_Shelves','WCS_Shelves',#3909,#3842);
#3873=PRODUCT_DEFINITION('~~~West Toe Guard','~~~West Toe Guard',#3910,
#3842);
#3874=PRODUCT_DEFINITION('>WTG - Front/Back','>WTG - Front/Back',#3911,
#3842);
#3875=PRODUCT_DEFINITION('>WTG - Left/Right','>WTG - Left/Right',#3912,
#3842);
#3876=PRODUCT_DEFINITION('>WTG - Brace','>WTG - Brace',#3913,#3842);
#3877=PRODUCT_DEFINITION('North Shelves','North Shelves',#3914,#3842);
#3878=PRODUCT_DEFINITION('North Cabinet','North Cabinet',#3915,#3842);
#3879=PRODUCT_DEFINITION('North Toe Guard','North Toe Guard',#3916,#3842);
#3880=PRODUCT_DEFINITION_FORMATION('',$,#3957);
#3881=PRODUCT_DEFINITION_FORMATION('',$,#3958);
#3882=PRODUCT_DEFINITION_FORMATION('',$,#3959);
#3883=PRODUCT_DEFINITION_FORMATION('',$,#3960);
#3884=PRODUCT_DEFINITION_FORMATION('',$,#3961);
#3885=PRODUCT_DEFINITION_FORMATION('',$,#3962);
#3886=PRODUCT_DEFINITION_FORMATION('',$,#3963);
#3887=PRODUCT_DEFINITION_FORMATION('',$,#3964);
#3888=PRODUCT_DEFINITION_FORMATION('',$,#3965);
#3889=PRODUCT_DEFINITION_FORMATION('',$,#3966);
#3890=PRODUCT_DEFINITION_FORMATION('',$,#3967);
#3891=PRODUCT_DEFINITION_FORMATION('',$,#3968);
#3892=PRODUCT_DEFINITION_FORMATION('',$,#3969);
#3893=PRODUCT_DEFINITION_FORMATION('',$,#3970);
#3894=PRODUCT_DEFINITION_FORMATION('',$,#3971);
#3895=PRODUCT_DEFINITION_FORMATION('',$,#3972);
#3896=PRODUCT_DEFINITION_FORMATION('',$,#3973);
#3897=PRODUCT_DEFINITION_FORMATION('',$,#3974);
#3898=PRODUCT_DEFINITION_FORMATION('',$,#3975);
#3899=PRODUCT_DEFINITION_FORMATION('',$,#3976);
#3900=PRODUCT_DEFINITION_FORMATION('',$,#3977);
#3901=PRODUCT_DEFINITION_FORMATION('',$,#3978);
#3902=PRODUCT_DEFINITION_FORMATION('',$,#3979);
#3903=PRODUCT_DEFINITION_FORMATION('',$,#3980);
#3904=PRODUCT_DEFINITION_FORMATION('',$,#3981);
#3905=PRODUCT_DEFINITION_FORMATION('',$,#3982);
#3906=PRODUCT_DEFINITION_FORMATION('',$,#3983);
#3907=PRODUCT_DEFINITION_FORMATION('',$,#3984);
#3908=PRODUCT_DEFINITION_FORMATION('',$,#3985);
#3909=PRODUCT_DEFINITION_FORMATION('',$,#3986);
#3910=PRODUCT_DEFINITION_FORMATION('',$,#3987);
#3911=PRODUCT_DEFINITION_FORMATION('',$,#3988);
#3912=PRODUCT_DEFINITION_FORMATION('',$,#3989);
#3913=PRODUCT_DEFINITION_FORMATION('',$,#3990);
#3914=PRODUCT_DEFINITION_FORMATION('',$,#3991);
#3915=PRODUCT_DEFINITION_FORMATION('',$,#3992);
#3916=PRODUCT_DEFINITION_FORMATION('',$,#3993);
#3917=PRODUCT_RELATED_PRODUCT_CATEGORY('MS_BookShelves v2 v27',
'MS_BookShelves v2 v27',(#3957));
#3918=PRODUCT_RELATED_PRODUCT_CATEGORY('~~~West Shelves',
'~~~West Shelves',(#3958));
#3919=PRODUCT_RELATED_PRODUCT_CATEGORY('~~~>WS - Sides',
'~~~>WS - Sides',(#3959));
#3920=PRODUCT_RELATED_PRODUCT_CATEGORY('>>WSSi_Sides','>>WSSi_Sides',(#3960));
#3921=PRODUCT_RELATED_PRODUCT_CATEGORY('>WS - Back','>WS - Back',(#3961));
#3922=PRODUCT_RELATED_PRODUCT_CATEGORY('~~~>WS - Shelves',
'~~~>WS - Shelves',(#3962));
#3923=PRODUCT_RELATED_PRODUCT_CATEGORY('WSS_Shelves_','WSS_Shelves_',(#3963));
#3924=PRODUCT_RELATED_PRODUCT_CATEGORY('~~~West Cabinet',
'~~~West Cabinet',(#3964));
#3925=PRODUCT_RELATED_PRODUCT_CATEGORY('~~~WC - Table Top',
'~~~WC - Table Top',(#3965));
#3926=PRODUCT_RELATED_PRODUCT_CATEGORY('>>WCT_TableTop',
'>>WCT_TableTop',(#3966));
#3927=PRODUCT_RELATED_PRODUCT_CATEGORY('~~~>WC - Bottom',
'~~~>WC - Bottom',(#3967));
#3928=PRODUCT_RELATED_PRODUCT_CATEGORY('>>WCB_Bottom','>>WCB_Bottom',(#3968));
#3929=PRODUCT_RELATED_PRODUCT_CATEGORY('~~~>WC - Sides',
'~~~>WC - Sides',(#3969));
#3930=PRODUCT_RELATED_PRODUCT_CATEGORY('>>WCS_Sides','>>WCS_Sides',(#3970));
#3931=PRODUCT_RELATED_PRODUCT_CATEGORY('~~~>WC - Back','~~~>WC - Back',
(#3971));
#3932=PRODUCT_RELATED_PRODUCT_CATEGORY('>>WCBa_Back','>>WCBa_Back',(#3972));
#3933=PRODUCT_RELATED_PRODUCT_CATEGORY('~~~>WC - Front',
'~~~>WC - Front',(#3973));
#3934=PRODUCT_RELATED_PRODUCT_CATEGORY('>>WCF - Top/Bottom',
'>>WCF - Top/Bottom',(#3974));
#3935=PRODUCT_RELATED_PRODUCT_CATEGORY('>>WCF - Left/Right',
'>>WCF - Left/Right',(#3975));
#3936=PRODUCT_RELATED_PRODUCT_CATEGORY('~~~>WC - Doors',
'~~~>WC - Doors',(#3976));
#3937=PRODUCT_RELATED_PRODUCT_CATEGORY('>>WCD - Center',
'>>WCD - Center',(#3977));
#3938=PRODUCT_RELATED_PRODUCT_CATEGORY('>>WCD - Top/Bottom',
'>>WCD - Top/Bottom',(#3978));
#3939=PRODUCT_RELATED_PRODUCT_CATEGORY('>>WCD - Left/Right',
'>>WCD - Left/Right',(#3979));
#3940=PRODUCT_RELATED_PRODUCT_CATEGORY('>WC - Molding','>WC - Molding',
(#3980));
#3941=PRODUCT_RELATED_PRODUCT_CATEGORY('WCM - West Top/Bottom',
'WCM - West Top/Bottom',(#3981));
#3942=PRODUCT_RELATED_PRODUCT_CATEGORY('WC_M - West Left/Right',
'WC_M - West Left/Right',(#3982));
#3943=PRODUCT_RELATED_PRODUCT_CATEGORY('WC_M - North Top/Bottom',
'WC_M - North Top/Bottom',(#3983));
#3944=PRODUCT_RELATED_PRODUCT_CATEGORY('WC_M - North Left/Right',
'WC_M - North Left/Right',(#3984));
#3945=PRODUCT_RELATED_PRODUCT_CATEGORY('~~~>WC - Shelves',
'~~~>WC - Shelves',(#3985));
#3946=PRODUCT_RELATED_PRODUCT_CATEGORY('WCS_Shelves','WCS_Shelves',(#3986));
#3947=PRODUCT_RELATED_PRODUCT_CATEGORY('~~~West Toe Guard',
'~~~West Toe Guard',(#3987));
#3948=PRODUCT_RELATED_PRODUCT_CATEGORY('>WTG - Front/Back',
'>WTG - Front/Back',(#3988));
#3949=PRODUCT_RELATED_PRODUCT_CATEGORY('>WTG - Left/Right',
'>WTG - Left/Right',(#3989));
#3950=PRODUCT_RELATED_PRODUCT_CATEGORY('>WTG - Brace','>WTG - Brace',(#3990));
#3951=PRODUCT_RELATED_PRODUCT_CATEGORY('North Shelves','North Shelves',
(#3991));
#3952=PRODUCT_RELATED_PRODUCT_CATEGORY('North Cabinet','North Cabinet',
(#3992));
#3953=PRODUCT_RELATED_PRODUCT_CATEGORY('North Toe Guard',
'North Toe Guard',(#3993));
#3954=APPLICATION_PROTOCOL_DEFINITION('international standard',
'automotive_design',2009,#3955);
#3955=APPLICATION_CONTEXT(
'Core Data for Automotive Mechanical Design Process');
#3956=PRODUCT_CONTEXT('part definition',#3955,'mechanical');
#3957=PRODUCT('MS_BookShelves v2','MS_BookShelves v2 v27',$,(#3956));
#3958=PRODUCT('~~~West Shelves','~~~West Shelves',$,(#3956));
#3959=PRODUCT('~~~>WS - Sides','~~~>WS - Sides',$,(#3956));
#3960=PRODUCT('>>WSSi_Sides','>>WSSi_Sides',$,(#3956));
#3961=PRODUCT('>WS - Back','>WS - Back',$,(#3956));
#3962=PRODUCT('~~~>WS - Shelves','~~~>WS - Shelves',$,(#3956));
#3963=PRODUCT('WSS_Shelves_','WSS_Shelves_',$,(#3956));
#3964=PRODUCT('~~~West Cabinet','~~~West Cabinet',$,(#3956));
#3965=PRODUCT('~~~WC - Table Top','~~~WC - Table Top',$,(#3956));
#3966=PRODUCT('>>WCT_TableTop','>>WCT_TableTop',$,(#3956));
#3967=PRODUCT('~~~>WC - Bottom','~~~>WC - Bottom',$,(#3956));
#3968=PRODUCT('>>WCB_Bottom','>>WCB_Bottom',$,(#3956));
#3969=PRODUCT('~~~>WC - Sides','~~~>WC - Sides',$,(#3956));
#3970=PRODUCT('>>WCS_Sides','>>WCS_Sides',$,(#3956));
#3971=PRODUCT('~~~>WC - Back','~~~>WC - Back',$,(#3956));
#3972=PRODUCT('>>WCBa_Back','>>WCBa_Back',$,(#3956));
#3973=PRODUCT('~~~>WC - Front','~~~>WC - Front',$,(#3956));
#3974=PRODUCT('>>WCF - Top/Bottom','>>WCF - Top/Bottom',$,(#3956));
#3975=PRODUCT('>>WCF - Left/Right','>>WCF - Left/Right',$,(#3956));
#3976=PRODUCT('~~~>WC - Doors','~~~>WC - Doors',$,(#3956));
#3977=PRODUCT('>>WCD - Center','>>WCD - Center',$,(#3956));
#3978=PRODUCT('>>WCD - Top/Bottom','>>WCD - Top/Bottom',$,(#3956));
#3979=PRODUCT('>>WCD - Left/Right','>>WCD - Left/Right',$,(#3956));
#3980=PRODUCT('>WC - Molding','>WC - Molding',$,(#3956));
#3981=PRODUCT('WCM - West Top/Bottom','WCM - West Top/Bottom',$,(#3956));
#3982=PRODUCT('WC_M - West Left/Right','WC_M - West Left/Right',$,(#3956));
#3983=PRODUCT('WC_M - North Top/Bottom','WC_M - North Top/Bottom',$,(#3956));
#3984=PRODUCT('WC_M - North Left/Right','WC_M - North Left/Right',$,(#3956));
#3985=PRODUCT('~~~>WC - Shelves','~~~>WC - Shelves',$,(#3956));
#3986=PRODUCT('WCS_Shelves','WCS_Shelves',$,(#3956));
#3987=PRODUCT('~~~West Toe Guard','~~~West Toe Guard',$,(#3956));
#3988=PRODUCT('>WTG - Front/Back','>WTG - Front/Back',$,(#3956));
#3989=PRODUCT('>WTG - Left/Right','>WTG - Left/Right',$,(#3956));
#3990=PRODUCT('>WTG - Brace','>WTG - Brace',$,(#3956));
#3991=PRODUCT('North Shelves','North Shelves',$,(#3956));
#3992=PRODUCT('North Cabinet','North Cabinet',$,(#3956));
#3993=PRODUCT('North Toe Guard','North Toe Guard',$,(#3956));
#3994=PRESENTATION_STYLE_ASSIGNMENT((#3995));
#3995=SURFACE_STYLE_USAGE(.BOTH.,#3996);
#3996=SURFACE_SIDE_STYLE('',(#3997));
#3997=SURFACE_STYLE_FILL_AREA(#3998);
#3998=FILL_AREA_STYLE('Steel - Satin',(#3999));
#3999=FILL_AREA_STYLE_COLOUR('Steel - Satin',#4000);
#4000=COLOUR_RGB('Steel - Satin',0.627450980392157,0.627450980392157,0.627450980392157);
ENDSEC;
END-ISO-10303-21;
